-- phpMyAdmin SQL Dump
-- version 4.6.3
-- https://www.phpmyadmin.net/
--
-- Host: localhost
-- Generation Time: Aug 22, 2016 at 11:43 PM
-- Server version: 10.1.13-MariaDB-cll-lve
-- PHP Version: 5.6.24

SET SQL_MODE = "NO_AUTO_VALUE_ON_ZERO";
SET time_zone = "+00:00";


/*!40101 SET @OLD_CHARACTER_SET_CLIENT=@@CHARACTER_SET_CLIENT */;
/*!40101 SET @OLD_CHARACTER_SET_RESULTS=@@CHARACTER_SET_RESULTS */;
/*!40101 SET @OLD_COLLATION_CONNECTION=@@COLLATION_CONNECTION */;
/*!40101 SET NAMES utf8mb4 */;

--
-- Database: `drivsdqw_desy01`
--

-- --------------------------------------------------------

--
-- Table structure for table `child_organizations`
--

CREATE TABLE `child_organizations` (
  `parent_child_organization_id` int(11) NOT NULL,
  `parent_organization_id` int(11) NOT NULL,
  `child_organization_id` int(11) NOT NULL
) ENGINE=InnoDB DEFAULT CHARSET=utf8 COLLATE=utf8_unicode_ci;

--
-- Dumping data for table `child_organizations`
--

INSERT INTO `child_organizations` (`parent_child_organization_id`, `parent_organization_id`, `child_organization_id`) VALUES
(2, 2, 3),
(3, 2, 4),
(4, 2, 1);

-- --------------------------------------------------------

--
-- Table structure for table `courses`
--

CREATE TABLE `courses` (
  `course_id` int(10) UNSIGNED NOT NULL,
  `course_start_date` date NOT NULL,
  `course_end_date` date NOT NULL,
  `organization_id` int(11) NOT NULL,
  `course_notes` text COLLATE utf8_unicode_ci NOT NULL
) ENGINE=InnoDB DEFAULT CHARSET=utf8 COLLATE=utf8_unicode_ci;

--
-- Dumping data for table `courses`
--

INSERT INTO `courses` (`course_id`, `course_start_date`, `course_end_date`, `organization_id`, `course_notes`) VALUES
(3, '2016-04-01', '2016-06-20', 4, 'PCC LHS course spring 2016'),
(4, '2016-05-01', '2016-08-31', 1, 'The course includes 30 hours of classroom instruction, 6 hours of behind-the-wheel instruction, and 6 hours of driving observation.');

-- --------------------------------------------------------

--
-- Table structure for table `course_instructors`
--

CREATE TABLE `course_instructors` (
  `course_instructors_item_id` int(10) UNSIGNED NOT NULL,
  `course_id` int(11) NOT NULL,
  `instructor_id` int(11) NOT NULL
) ENGINE=InnoDB DEFAULT CHARSET=utf8 COLLATE=utf8_unicode_ci;

--
-- Dumping data for table `course_instructors`
--

INSERT INTO `course_instructors` (`course_instructors_item_id`, `course_id`, `instructor_id`) VALUES
(1, 1, 2),
(2, 2, 2),
(3, 3, 2),
(4, 4, 2);

-- --------------------------------------------------------

--
-- Table structure for table `course_students`
--

CREATE TABLE `course_students` (
  `course_students_item_id` int(10) UNSIGNED NOT NULL,
  `course_id` int(11) NOT NULL,
  `student_id` int(11) NOT NULL
) ENGINE=InnoDB DEFAULT CHARSET=utf8 COLLATE=utf8_unicode_ci;

--
-- Dumping data for table `course_students`
--

INSERT INTO `course_students` (`course_students_item_id`, `course_id`, `student_id`) VALUES
(1, 1, 1),
(2, 1, 3),
(3, 4, 4),
(4, 4, 5),
(5, 4, 6),
(6, 4, 7),
(7, 4, 8),
(8, 4, 9),
(9, 2, 10),
(10, 2, 11),
(11, 2, 12),
(12, 3, 14),
(13, 3, 15),
(14, 3, 16),
(15, 3, 17),
(16, 3, 18),
(17, 3, 19),
(18, 3, 20),
(19, 3, 21),
(20, 3, 22),
(21, 3, 23),
(22, 3, 24),
(23, 3, 7),
(24, 3, 1);

-- --------------------------------------------------------

--
-- Table structure for table `course_vehicles`
--

CREATE TABLE `course_vehicles` (
  `course_vehicles_item_id` int(10) UNSIGNED NOT NULL,
  `course_id` int(11) NOT NULL,
  `vehicle_id` int(11) NOT NULL
) ENGINE=InnoDB DEFAULT CHARSET=utf8 COLLATE=utf8_unicode_ci;

--
-- Dumping data for table `course_vehicles`
--

INSERT INTO `course_vehicles` (`course_vehicles_item_id`, `course_id`, `vehicle_id`) VALUES
(1, 1, 1);

-- --------------------------------------------------------

--
-- Table structure for table `drive_templates`
--

CREATE TABLE `drive_templates` (
  `drive_template_id` int(11) NOT NULL,
  `drive_template_sequence_order` int(10) UNSIGNED NOT NULL,
  `drive_template_organization_id` int(11) NOT NULL,
  `drive_template_duration` float NOT NULL,
  `drive_template_notes` text COLLATE utf8_unicode_ci,
  `drive_template_description` tinytext COLLATE utf8_unicode_ci NOT NULL
) ENGINE=InnoDB DEFAULT CHARSET=utf8 COLLATE=utf8_unicode_ci;

--
-- Dumping data for table `drive_templates`
--

INSERT INTO `drive_templates` (`drive_template_id`, `drive_template_sequence_order`, `drive_template_organization_id`, `drive_template_duration`, `drive_template_notes`, `drive_template_description`) VALUES
(1, 1, 3, 0.75, '', 'Parking lot and light residential'),
(2, 2, 3, 0.75, '', 'More parking lot and light residential'),
(3, 3, 3, 0.75, '', 'Light residential/Suburban surface'),
(4, 4, 3, 0.75, '', 'Suburban surface and rural roads'),
(5, 5, 3, 0.75, '', 'Parking lot and main arterials'),
(6, 6, 3, 0.75, '', 'Main arterials and rural roads'),
(7, 7, 3, 0.75, '', 'Parking lot, residential, arterials'),
(8, 8, 3, 0.75, '', 'Freeways'),
(9, 1, 1, 1, 'A description of the drive objectives here.', 'Basic driving skills'),
(10, 2, 1, 1, '', 'Out on the street'),
(11, 3, 1, 1, '', 'Driving in traffic'),
(12, 4, 1, 1, '', 'Judging the drive path'),
(13, 5, 1, 1, '', 'Freeway skills'),
(14, 1, 2, 1, '<h3>Smooth Acceleration</h3><ul><li>Let vehicle "walk"</li><li>Heel pivot to accelerator</li><li>"Press" lightly, don\'t "push" or "shove"</li></ul><h3>Smooth Stopping</h3><ul><li>Steady, even pressure</li><li>Feel the "recoil" of the complete stop</li></ul><h3>Standard Reference Points</h3><ul><li>Right side reference (parking to the right and position 3)&mdash;middle of the hood</li><li>Left side reference (parking on the left, lane position 2, left turn lane)&mdash;1 foot inside left corner of hood</li><li>Front limit reference (stopping before crosswalks, stop lines, safety stops)&mdash;left/right corner posts or side mirrors</li><li>Rear limit reference point (rear point of parking space)&mdash;one foot behind corner post or middle of rear side window</li><li>Center lane position&mdash;optical illusion of steering wheel centered between center and side lane markings</li><li>Right side three foot reference (right-hand turns)&mdash;midway of right half of hood</li></ul><h3>Steering</h3><ul><li>Balanced hand position of 9-3, or 8-4</li><li>Hand-over-hand for sharp turns</li><li>Push-pull for routine turns and curves</li></ul>', 'Basic driving skills'),
(15, 2, 2, 1, '<h3>MSMOG</h3><ul><li>Mirror, Signal, Mirror, Over-the-shoulder, Go if safe</li><li>Chin to shoulder</li><li>At every lane change (even into left and right turn only lanes)</li></ul><h3>LOS/POT Checks</h3><ul><li>Scan intersections carefully while approaching</li><li>Use SIPDE (scan, identify, predict, decide, execute)</li><li>Make speed/direction decision for POT hazards</li><li>Adjust position to compensate for LOS obstructions</li><li>Minimize or separate hazards, compromise space, if necessary</li><li>Respect bike lanes and riders</li></ul><br /><h3>Obey Speed Limit</h3><br /><h3>Backing</h3><ul><li>Steer with your left hand only if backing up in a straight line</li><li>Turn the steering wheeling in the direction you want the back end to go</li><li>Keep maneuvers small so that you don\'t overcorrect</li></ul><h3>Turnabouts</h3><ul><li>Safest&mdash;pull beyond right-hand driveway and back in</li><li>Next safest&mdash;Headfirst into left-hand driveway&mdash;backing tightly into own lane</li><li>Head in on the right&mdash;pull across first lane before turning into proper lane</li><li>U-turn is legal in intersections only and with 500\' clear vision all ways</li><li>Most dangerous is 3-point turnabout&mdash;used when no driveways are available</li><li>MAKE SURE TO CHECK ALL ZONES AT EACH POINT IN TURNABOUT</li></ul>', 'Out on the street'),
(16, 3, 2, 1, '<h4>This is the most important drive of the BTW course. You will spend most of your driving life in city traffic.</h4><br /><h3>Basic Defensive Driving Techniques</h3><ul><li>Act as though you are invisible!</li><li>Expect other drivers to ignore traffic signals</li><li>Cover the brake and check back, left, front, and right before entering intersections</li><li>Scan constantly&mdash;especially your rearview mirror</li><li>Create a "space cushion" around your car for an escape route</li><li>Look ahead of the vehicle ahead of you whenever possible</li><li>Maintain a 3 second following distance&mdash;more, of conditions require it</li></ul><br /><h3>Yellow Lights</h3><ul><li>Glance to you rearview mirror first for tailgaters</li><li>Continue through the light once you are past your point of no return</li></ul><br /><h3>Green Lights</h3><ul><li>When light changes, look left and right to check for stragglers</li><li>Time green lights for smooth travel and fuel savings</li></ul><br /><h3>One-way and Two-way Streets</h3><ul><li>Scan for one-way signs posted at corners and along streets</li><li>Dividing lines are white, showing traffic moving in one direction in one-ways</li><li>Dividing line is yellow to show two-way traffic</li><li>Look for traffic traveling or parking in one or two directions</li><li>Remember to turn into the nearest lane going in your direction (except channel lanes, which have pavement markings)</li></ul>', 'Driving in traffic'),
(17, 4, 2, 1, '<h3>Forward Perpendicular Parking</h3><ul><li>Position your vehicle as far opposite the intended stall as possible</li><li>Signal your turn</li><li>Drive slowly forward until the appropriate side view mirror is even with the first line of the stall</li><li>Turn wheel sharply into the stall and correct steering to center</li><li>When backing from stall wait until the read end of the neighboring vehicle is even with your windshield</li><br /><h3>Curves</h3><ul><li>Get information&mdash;four seconds of roadway ahead</li><li>Check all zones for LOS/POT issues</li><li>Consider the arc of the curve</li><li>Adjust speed for curve. If you can\'t see 4 seconds ahead, YOU\'RE GOING TOO FAST!</li><li>Plan and correct your drive path to maximize traction and safety</li></ul><br /><h3>Hills</h3><ul><li>Determine LOS/POT issues and zones as you approach crest</li><li>At crest, quickly reassess zones to make necessary corrections</li></ul><br /><h3>Being Passed</h3><ul><li>Be aware of vehicles in your rear zone</li><li>Be prepared for being passed</li><li>Pull as far to the right as you safely can</li><li>Take foot off the accelerator to slow slightly and facilitate the passing/return of vehicle</li><li>Accelerate smoothly to previous road speed</li></ul>', 'Judging the drive path'),
(18, 5, 2, 1, '<h3>Entrance Ramp</h3><ul><li>Signal as you enter the gore area</li><li>Search for a gap</li><li>Accelerate to approximate moving traffic</li><li>Do not slow in the merge area unless a hazard occurs</i><li>Stay in the far right lane until your travel speed and place are established</li><li>Remember, you must yield to traffic already on the freeway</li></ul><br /><h3>Freeway Travel</h3><ul><li>Maintain a "high visual horizon" by looking beyond the card ahead to the horizon</li><Li>Try to maintain a space cushion around your car&mdash;don\'t travel side by side with other vehicles</li><li>Check rearview every 7-10 seconds. Be aware of all open zones.</li><li>Maintain a minimum following distance of 4 seconds&mdash;if you can read the license plate of the card ahead of you at 55 mph, you are too close!</li><li>MSMOG for all lane changes&mdash;do not slow after lane change</li><li>Be aware of entering traffic. Facilitate their entrance by maintaining a constant speed in your lane or moving to the lane of least resistance</li><li>When passing a large truck or being passed by one, be aware of their NO ZONES</li><li>Be cautious around cars on the shoulder. Look for the reason for them to be there and give them room</li><li>Pull completely off the freeway onto the shoulder if you must stop on the freeway</li></ul><br /><h3>Exit Ramp</h3><ul><li>Signal well in advance of the exit</li><li>Do not slow down until you are off the freeway and in the deceleration lane</li><li>Slow down to the posted speed before the exit curve, then accelerate very gradually around the curve</li><li>Watch for stop signs at the end of the exit</li><li>Don\'t become "velocitated." Be aware that it is difficult to come down off of highway speeds</li></ul>', 'Freeway skills');

-- --------------------------------------------------------

--
-- Table structure for table `drive_template_behaviors`
--

CREATE TABLE `drive_template_behaviors` (
  `drive_template_behavior_id` int(11) NOT NULL,
  `drive_template_id` int(11) NOT NULL,
  `standard_drive_behavior_id` int(11) NOT NULL,
  `drive_template_objective_id` int(10) NOT NULL,
  `drive_template_behavior_sequence_order` int(10) UNSIGNED NOT NULL,
  `drive_template_behavior_description` text COLLATE utf8_unicode_ci
) ENGINE=InnoDB DEFAULT CHARSET=utf8 COLLATE=utf8_unicode_ci;

--
-- Dumping data for table `drive_template_behaviors`
--

INSERT INTO `drive_template_behaviors` (`drive_template_behavior_id`, `drive_template_id`, `standard_drive_behavior_id`, `drive_template_objective_id`, `drive_template_behavior_sequence_order`, `drive_template_behavior_description`) VALUES
(1, 1, 1, 0, 1, NULL),
(2, 1, 2, 0, 2, NULL),
(3, 1, 3, 0, 3, NULL),
(4, 1, 4, 0, 4, NULL),
(5, 1, 5, 0, 5, NULL),
(6, 1, 6, 0, 6, NULL),
(7, 1, 7, 0, 7, NULL),
(8, 1, 8, 0, 1, NULL),
(9, 1, 9, 0, 2, NULL),
(10, 1, 10, 0, 3, NULL),
(11, 1, 11, 0, 4, NULL),
(12, 1, 12, 0, 1, NULL),
(13, 1, 13, 0, 2, NULL),
(14, 1, 14, 0, 3, NULL),
(15, 1, 15, 0, 1, NULL),
(16, 1, 16, 0, 2, NULL),
(17, 9, 1, 0, 1, NULL),
(18, 9, 2, 0, 2, NULL),
(19, 9, 3, 0, 3, NULL),
(20, 9, 4, 0, 4, NULL),
(21, 9, 5, 0, 5, NULL),
(22, 9, 6, 0, 6, NULL),
(23, 9, 7, 0, 7, NULL),
(24, 9, 8, 0, 1, NULL),
(25, 9, 9, 0, 2, NULL),
(26, 9, 10, 0, 3, NULL),
(27, 9, 11, 0, 4, NULL),
(28, 9, 12, 0, 1, NULL),
(29, 9, 13, 0, 2, NULL),
(30, 9, 14, 0, 3, NULL),
(31, 9, 15, 0, 1, NULL),
(32, 9, 16, 0, 2, NULL),
(33, 10, 17, 0, 1, NULL),
(34, 10, 18, 0, 2, NULL),
(35, 10, 19, 0, 3, NULL),
(36, 10, 25, 0, 1, NULL),
(37, 10, 27, 0, 2, NULL),
(38, 10, 29, 0, 3, NULL),
(39, 10, 30, 0, 4, NULL),
(40, 10, 31, 0, 1, NULL),
(41, 10, 33, 0, 2, NULL),
(42, 10, 35, 0, 3, NULL),
(43, 10, 36, 0, 4, NULL),
(44, 10, 37, 0, 1, NULL),
(45, 10, 38, 0, 2, NULL),
(46, 10, 39, 0, 3, NULL),
(47, 10, 40, 0, 4, NULL),
(48, 10, 41, 0, 5, NULL),
(49, 10, 42, 0, 1, NULL),
(50, 11, 51, 0, 1, NULL),
(51, 11, 52, 0, 2, NULL),
(52, 11, 34, 0, 1, NULL),
(53, 11, 44, 0, 2, NULL),
(54, 11, 45, 0, 3, NULL),
(55, 11, 46, 0, 4, NULL),
(56, 11, 47, 0, 5, NULL),
(57, 11, 48, 0, 6, NULL),
(58, 11, 49, 0, 7, NULL),
(59, 11, 50, 0, 8, NULL),
(60, 11, 53, 0, 1, NULL),
(61, 11, 54, 0, 2, NULL),
(62, 11, 55, 0, 3, NULL),
(63, 11, 56, 0, 4, NULL),
(64, 11, 57, 0, 5, NULL),
(65, 11, 22, 0, 1, NULL),
(66, 11, 58, 0, 2, NULL),
(67, 11, 59, 0, 3, NULL),
(68, 11, 60, 0, 4, NULL),
(69, 11, 26, 0, 1, NULL),
(70, 11, 61, 0, 2, NULL),
(71, 11, 63, 0, 3, NULL),
(72, 11, 64, 0, 4, NULL),
(73, 11, 65, 0, 5, NULL),
(74, 11, 77, 0, 6, NULL),
(75, 11, 20, 0, 1, NULL),
(76, 11, 21, 0, 2, NULL),
(77, 11, 62, 0, 3, NULL),
(78, 11, 69, 0, 4, NULL),
(79, 11, 70, 0, 5, NULL),
(80, 11, 71, 0, 6, NULL),
(81, 11, 72, 0, 7, NULL),
(82, 11, 66, 0, 1, NULL),
(83, 11, 67, 0, 2, NULL),
(84, 11, 75, 0, 3, NULL),
(85, 11, 68, 0, 1, NULL),
(86, 11, 73, 0, 2, NULL),
(87, 11, 74, 0, 3, NULL),
(88, 11, 76, 0, 4, NULL),
(89, 11, 78, 0, 5, NULL),
(90, 11, 79, 0, 6, NULL),
(91, 12, 80, 0, 1, NULL),
(92, 12, 81, 0, 2, NULL),
(93, 12, 82, 0, 3, NULL),
(94, 12, 83, 0, 4, NULL),
(95, 12, 84, 0, 1, NULL),
(96, 12, 85, 0, 1, NULL),
(97, 12, 86, 0, 2, NULL),
(98, 12, 87, 0, 3, NULL),
(99, 12, 88, 0, 4, NULL),
(100, 12, 89, 0, 1, NULL),
(101, 12, 90, 0, 2, NULL),
(102, 12, 91, 0, 3, NULL),
(103, 12, 92, 0, 4, NULL),
(104, 12, 93, 0, 5, NULL),
(105, 12, 94, 0, 6, NULL),
(106, 12, 95, 0, 7, NULL),
(107, 12, 96, 0, 8, NULL),
(108, 12, 97, 0, 1, NULL),
(109, 12, 98, 0, 2, NULL),
(110, 12, 99, 0, 1, NULL),
(111, 12, 117, 0, 1, NULL),
(112, 13, 110, 0, 1, NULL),
(113, 13, 111, 0, 2, NULL),
(114, 13, 112, 0, 3, NULL),
(115, 13, 114, 0, 4, NULL),
(116, 13, 115, 0, 5, NULL),
(117, 13, 116, 0, 1, NULL),
(118, 13, 118, 0, 1, NULL),
(119, 13, 119, 0, 2, NULL),
(120, 13, 120, 0, 3, NULL),
(121, 13, 121, 0, 4, NULL),
(122, 13, 122, 0, 1, NULL),
(123, 13, 123, 0, 2, NULL),
(124, 13, 124, 0, 3, NULL),
(125, 13, 125, 0, 4, NULL),
(126, 13, 126, 0, 5, NULL),
(127, 13, 127, 0, 6, NULL),
(128, 13, 128, 0, 7, NULL),
(129, 13, 129, 0, 8, NULL),
(130, 13, 130, 0, 9, NULL),
(131, 13, 131, 0, 1, NULL),
(132, 13, 132, 0, 2, NULL),
(133, 13, 133, 0, 3, NULL),
(134, 13, 134, 0, 4, NULL),
(135, 13, 135, 0, 1, NULL),
(136, 13, 100, 0, 1, NULL),
(137, 13, 101, 0, 2, NULL),
(138, 13, 102, 0, 3, NULL),
(139, 13, 103, 0, 4, NULL),
(140, 13, 104, 0, 5, NULL),
(141, 13, 105, 0, 6, NULL),
(142, 13, 106, 0, 7, NULL),
(143, 13, 107, 0, 8, NULL),
(144, 13, 108, 0, 9, NULL),
(145, 13, 109, 0, 10, NULL),
(146, 14, 2, 38, 1, 'Outside check with key in hand'),
(147, 14, 3, 38, 2, 'Inside adjustments (seat, mirrors, head)'),
(148, 14, 4, 38, 3, 'Butt in/safety belt properly in place'),
(149, 14, 6, 38, 4, 'Windows up/doors locked'),
(150, 14, 9, 39, 1, 'Accelerates smoothly'),
(151, 14, 8, 39, 2, 'Stops smoothly'),
(152, 14, 10, 39, 3, 'Uses shift evenly'),
(153, 14, 11, 39, 4, 'Appropriate hand position on wheel'),
(154, 14, 15, 39, 5, 'Turns head before moving/steering'),
(155, 14, 11, 39, 6, 'Uses hand-over-hand steering smoothly'),
(156, 14, 11, 39, 7, 'Uses push-pull steering smoothly'),
(157, 14, 17, 40, 1, 'Accurate 6" right side reference'),
(158, 14, 17, 40, 2, 'Accurate 3\' right side reference'),
(159, 14, 17, 40, 3, 'Accurate front/stop line reference'),
(160, 14, 17, 40, 4, 'Accurate centering in lane reference'),
(161, 14, 12, 40, 5, 'Use of central vision'),
(162, 14, 13, 40, 6, 'Use of fringe vision'),
(163, 14, 14, 41, 1, 'Proper targeting of turns'),
(164, 14, 14, 41, 2, 'Proper turn-entering speed'),
(165, 14, 14, 41, 3, 'Proper midpoint acceleration'),
(166, 14, 16, 41, 4, 'Smooth recovery'),
(167, 14, 22, 41, 5, 'Consistent use and timing of signals'),
(168, 15, 37, 42, 1, 'Backing straight'),
(169, 15, 39, 42, 2, 'Accurate steering while backing'),
(170, 15, 40, 42, 3, 'Use of reference points for backing'),
(171, 15, 41, 42, 4, 'Use of pivot point'),
(172, 15, 33, 43, 1, 'Searching target area'),
(173, 15, 34, 43, 2, 'Evaluating target area (open/closed)'),
(174, 15, 25, 43, 3, 'Evaluating target path'),
(175, 15, 35, 43, 4, 'Identifying LOSes (central vision)'),
(176, 15, 36, 43, 5, 'Identifying POTs (central vision)'),
(177, 15, 64, 43, 6, 'Searches intersection LFR'),
(178, 15, 32, 43, 7, 'Use of fringe vision for monitoring'),
(179, 15, 57, 44, 1, 'Hill stops and starts'),
(180, 15, 57, 44, 2, 'Hill parking'),
(181, 15, 92, 45, 1, 'Respects bike lanes'),
(182, 15, 48, 45, 2, 'Maintaining speed limit'),
(183, 15, 66, 45, 3, 'All stops complete'),
(184, 15, 66, 45, 4, 'All stops legal'),
(185, 15, 17, 46, 1, 'Forward perpendicular parking'),
(186, 15, 55, 46, 2, 'Competent angle parking'),
(187, 15, 42, 46, 3, 'Successfully executes driveway turnabouts'),
(188, 15, 42, 46, 4, 'Successfully executes intersection turnabouts'),
(189, 15, 22, 46, 5, 'Uses MSMOG when pulling away from and to curb'),
(190, 16, 58, 47, 1, 'Communicates with other roadway users'),
(191, 16, 59, 47, 2, 'Gets commitment from others'),
(192, 16, 75, 47, 3, 'Sees red light as closed zone'),
(193, 16, 76, 47, 4, 'Adjusts speed to arrive with green'),
(194, 16, 85, 47, 5, 'Responds to traffic signals'),
(195, 16, 85, 47, 6, 'Proper response to street markings'),
(196, 16, 43, 48, 1, 'Judging distance in seconds'),
(197, 16, 50, 48, 2, 'Estimating gaps accurately'),
(198, 16, 97, 48, 3, 'Minimum 4 second following distance'),
(199, 16, 74, 48, 4, 'Begin braking without delay'),
(200, 16, 73, 48, 5, 'Adjust closure rate to front'),
(201, 16, 117, 48, 6, 'Parallel parking between cars'),
(202, 16, 63, 49, 1, 'Separates/minimizes hazards'),
(203, 16, 113, 49, 2, 'Stays within speed limit'),
(204, 16, 88, 49, 3, 'Yields to pedestrians'),
(205, 16, 8, 49, 4, 'Covers the brake'),
(206, 16, 23, 49, 5, 'All stops legal'),
(207, 16, 24, 49, 6, 'All stops complete'),
(208, 16, 20, 50, 1, 'Uses rearview consistently'),
(209, 16, 49, 50, 2, 'Moves by lane position'),
(210, 16, 81, 50, 3, 'MSMOG on all lane changes'),
(211, 16, 82, 50, 4, 'Smooth lane changes'),
(212, 16, 81, 50, 5, 'Enters correct lane'),
(213, 16, 26, 50, 6, 'Scans intersection LFR/45 + 90'),
(214, 16, 65, 51, 1, 'Locate/apply PONR'),
(215, 16, 67, 51, 2, 'Correct stop behind vehicle'),
(216, 16, 68, 51, 3, 'Delays moving 2 seconds'),
(217, 16, 87, 51, 4, 'RR crossings'),
(218, 17, 85, 55, 1, 'Responds/utilizes highway signals'),
(219, 17, 89, 55, 2, 'Adjusts for appropriate curve'),
(220, 17, 94, 55, 3, 'Look into curve as far as possible'),
(221, 17, 90, 55, 4, 'Evaluates traction envelope on curve'),
(222, 17, 92, 55, 5, 'Appropriate lane position on curves'),
(223, 17, 93, 55, 6, 'Appropriate speed on curves'),
(224, 17, 96, 55, 7, 'Proper hill crest lane position'),
(225, 17, 95, 55, 8, 'Evaluates POTs at hill crests'),
(226, 17, 130, 56, 1, 'Proper response to being passed'),
(227, 17, 109, 56, 2, 'Aware of other roadway users'),
(228, 17, 93, 56, 3, 'Uses brakes/accelerator effectively'),
(229, 17, 97, 56, 4, '4 second following distance'),
(230, 17, 103, 56, 5, 'Forward perpendicular parking'),
(231, 17, 102, 57, 1, 'Searching target area to target area'),
(232, 17, 107, 57, 2, 'Consistent use of rearview mirror'),
(233, 17, 113, 57, 3, 'Stays within speed limit'),
(234, 17, 104, 57, 4, 'Keeps eyes moving'),
(235, 17, 108, 57, 5, 'Verbalizes escape paths at various points'),
(236, 18, 113, 62, 1, 'Employs good ramp acceleration'),
(237, 18, 115, 62, 2, 'Uses timely signal at gore'),
(238, 18, 109, 62, 3, 'Chooses appropriate gap using MSMOG'),
(239, 18, 113, 62, 4, 'Doesn\'t slow during lane change'),
(240, 18, 112, 62, 5, 'Times arrival into open zone'),
(241, 18, 111, 62, 6, 'Finds moving side zone changes'),
(242, 18, 114, 62, 7, 'Adjusts for entering traffic'),
(243, 18, 97, 63, 1, 'Minimum 4 second following distance'),
(244, 18, 104, 63, 2, 'Keeps eyes moving'),
(245, 18, 103, 63, 3, 'Backing perpendicular parking'),
(246, 18, 113, 63, 4, 'Observes speed control'),
(247, 18, 113, 63, 5, 'Avoids velocitation'),
(248, 18, 107, 64, 1, 'Uses rearview mirror appropriately'),
(249, 18, 109, 64, 2, 'Is aware of other roadway users'),
(250, 18, 114, 64, 3, 'Uses MSMOG on all lane changes'),
(251, 18, 115, 64, 4, 'Uses signal in timely manner for exit'),
(252, 18, 114, 64, 5, 'Determines rear zone status before exiting'),
(253, 18, 113, 64, 6, 'Maintains speed until deceleration lane');

-- --------------------------------------------------------

--
-- Table structure for table `drive_template_objectives`
--

CREATE TABLE `drive_template_objectives` (
  `drive_template_objective_id` int(11) NOT NULL,
  `drive_template_id` int(11) NOT NULL,
  `standard_drive_objective_id` int(11) NOT NULL,
  `drive_template_objective_sequence_order` int(10) UNSIGNED NOT NULL,
  `drive_template_objective_description` text COLLATE utf8_unicode_ci
) ENGINE=InnoDB DEFAULT CHARSET=utf8 COLLATE=utf8_unicode_ci;

--
-- Dumping data for table `drive_template_objectives`
--

INSERT INTO `drive_template_objectives` (`drive_template_objective_id`, `drive_template_id`, `standard_drive_objective_id`, `drive_template_objective_sequence_order`, `drive_template_objective_description`) VALUES
(1, 1, 1, 1, NULL),
(3, 1, 3, 2, NULL),
(4, 1, 4, 3, NULL),
(5, 1, 5, 4, NULL),
(6, 9, 1, 1, NULL),
(7, 9, 3, 2, NULL),
(9, 9, 4, 3, NULL),
(10, 9, 5, 4, NULL),
(11, 10, 7, 1, NULL),
(12, 10, 10, 2, NULL),
(13, 10, 13, 3, NULL),
(14, 10, 14, 4, NULL),
(15, 10, 15, 5, NULL),
(16, 11, 16, 1, NULL),
(17, 11, 17, 2, NULL),
(18, 11, 18, 3, NULL),
(19, 11, 19, 4, NULL),
(20, 11, 20, 5, NULL),
(21, 11, 21, 6, NULL),
(22, 11, 22, 7, NULL),
(23, 11, 23, 8, NULL),
(24, 12, 24, 1, NULL),
(25, 12, 27, 2, NULL),
(26, 12, 29, 3, NULL),
(27, 12, 30, 4, NULL),
(28, 12, 31, 5, NULL),
(29, 12, 32, 6, NULL),
(30, 12, 33, 7, NULL),
(31, 13, 34, 1, NULL),
(32, 13, 35, 2, NULL),
(33, 13, 37, 3, NULL),
(34, 13, 38, 4, NULL),
(35, 13, 39, 5, NULL),
(36, 13, 40, 6, NULL),
(37, 13, 42, 7, NULL),
(38, 14, 1, 1, NULL),
(39, 14, 3, 2, NULL),
(40, 14, 4, 3, NULL),
(41, 14, 5, 4, NULL),
(42, 15, 14, 1, NULL),
(43, 15, 13, 2, NULL),
(44, 15, 18, 3, NULL),
(45, 15, 11, 4, NULL),
(46, 15, 15, 5, NULL),
(47, 16, 20, 1, NULL),
(48, 16, 21, 2, NULL),
(49, 16, 22, 3, NULL),
(50, 16, 24, 4, NULL),
(51, 16, 23, 5, NULL),
(55, 17, 30, 1, NULL),
(56, 17, 31, 2, NULL),
(57, 17, 32, 3, NULL),
(62, 18, 34, 1, NULL),
(63, 18, 41, 2, NULL),
(64, 18, 42, 3, NULL);

-- --------------------------------------------------------

--
-- Table structure for table `final_drives`
--

CREATE TABLE `final_drives` (
  `final_drive_id` int(11) NOT NULL,
  `student_id` int(11) NOT NULL,
  `course_id` int(11) NOT NULL,
  `has_corrective_lenses` tinyint(1) DEFAULT NULL,
  `has_permit` tinyint(1) DEFAULT NULL,
  `instructor_id` int(11) NOT NULL,
  `final_drive_date` date DEFAULT NULL,
  `final_drive_student_signature` text COLLATE utf8_unicode_ci,
  `gif_code` int(11) DEFAULT NULL,
  `final_drive_instructor_signature` text COLLATE utf8_unicode_ci,
  `final_drive_total_deductions` decimal(10,0) NOT NULL,
  `final_drive_total_score` tinytext COLLATE utf8_unicode_ci,
  `final_drive_template_id` int(10) UNSIGNED NOT NULL,
  `final_drive_comments` text COLLATE utf8_unicode_ci,
  `final_drive_hours_driven` float DEFAULT NULL,
  `final_drive_hours_observed` float DEFAULT NULL,
  `final_drive_status` tinytext COLLATE utf8_unicode_ci,
  `last_updated` timestamp NULL DEFAULT NULL
) ENGINE=InnoDB DEFAULT CHARSET=utf8 COLLATE=utf8_unicode_ci;

--
-- Dumping data for table `final_drives`
--

INSERT INTO `final_drives` (`final_drive_id`, `student_id`, `course_id`, `has_corrective_lenses`, `has_permit`, `instructor_id`, `final_drive_date`, `final_drive_student_signature`, `gif_code`, `final_drive_instructor_signature`, `final_drive_total_deductions`, `final_drive_total_score`, `final_drive_template_id`, `final_drive_comments`, `final_drive_hours_driven`, `final_drive_hours_observed`, `final_drive_status`, `last_updated`) VALUES
(13, 7, 3, 1, 1, 2, '2016-04-20', 'iVBORw0KGgoAAAANSUhEUgAAAcMAAACnCAYAAABtlDcmAAAABGdBTUEAALGPC/xhBQAAIABJ\nREFUeJztnT9y28j270+TjapfNgpvORm+FTTNZj6Y7GWjCV9kOnuZNSswHb7I8gpEr8CeFZjO\nDVpYgankTt3oSjGbPC9QU6bAbhAk8R/fT5XLUgNEt0gCp89/IgAAAKDjiDImUUoNgiC4IaKQ\niOar1ep1HMfLMuYGAAAADtErY5IdQUhEFNrfAQAAgFpQijCkn4LQ9zsAAABQGYULQ611mBxj\n5rui5wUAAACyUoZmeOEYW5YwLwAAAJCJMoTh0DF2W8K8AAAAQCbKEIaD5AAzL0uYFwAAAMhE\nJcJQCAHNEAAAQG0oQxiq5IAxZlnCvAAAAEAmCk26V0pdBEHw3+T4t2/fSkn2BwAAALJQqGYo\npdwLnmHmuMg5AQAAgGMpVBgy88AxfF/knAAAAMCxFCoMhRADx/C8yDkBAACAYylaM3SZSZdF\nzgkAAAAcS9Ga4a+OsWWRcwIAAADHUrQw3NMMjTHIMQQAAFArChOGSqmBazyOYwTQAAAAqBWF\nCUMp5SA5xsxfi5oPAAAAOJXChKEreIbQrQIAAEANKUwYCiHQugkAAEAjKDKAJnSMIXgGAABA\n7ShSGO6lVRCqzwAAAKghRZpJB8mxKIrmRc0HAAAAnEohwlAp5ao881DEXAAAAMC5FCIMpZSu\r\n4Bn4CwEAANSSosykoWMMwhAAAEAtKUoYDhxjCJ4BAABQS8oUhvOC5gIAAADOoihhqJIDxhho\r\nhgAAAGpJIcLQVX0mjmP4DAEAANQSmfcFtdZhcoyZ47znASAvlFIXUso/iOhKCDFk5lsiujbG\r\n/I0uKwA0H3uP3wghLpn5szHmdfLezl0YMvNACJEcxgMF1A6l1FBK+YaILnetGbYP50xKea+1\r\n/myM+QDLBgDNJQiCT2SzHIQQl/1+XxDR5e45uQtDV+UZQvAMqBFKqUEQBDfkTgF6wgrISRAE\r\nE601tEUAmku4+0uv1/sjeULuPkNX6yZmxsMD1IYsgjCJEGIohJhJKX9orW9cVZYAAM0ld2Ho\r\nCp4RQsDEBOpEeOoLhRAXQohJEATfx+PxF5ePHABQf5RSg93fixCGvyXHjDEQhqDWMPMDM39k\r\n5t/t/1lq6YZCiC9WU3SVIAQA1ABXEGe/33/mM8xVGPoeCPCxgLpjjBlEUTSJomgeRdHEGDPY\r\nbDavs0RCCyEmUsof4/H4bRlrBQAcBzPPkmNCiFe7v+cqDKWULn/h1zznAKAIkhu2OI7vF4vF\r\nLIqi4Wq1enlIW7TuganW+gdMpwDUi/V6/Tk5JoQY7ppKcxWGCJ4BTUVr/T7FsnGb0BbvfNcR\r\nQgys6fRT0icBAKiGOI6Xh0yluQpDBM+ApiKEuJJSftdaX/rO2dEWt0IxTVO8DILgx3g8fgt/\r\nIgDVc8hUmncATehYwDLnOQA4C5/p3mp1n7JodYvFYmaMGTDzhwPTTQ8JWQBA8RwyleYtDH9x\r\nTLbMeQ4AzsIYM0kLjBFCXEopv49Gozdp14nj+D6KoivrU/T6xrdCdjwef0F+IgDVcMhUulc3\r\n7RzG4zEnx759+5brHADkxWg0uhJCTIUQe5u4LdayMY2i6OOh61nt71oI8Wvaecx8bYx5hyhr\r\nAMplNBpd9Xq997tjzHwbRdHL3DRD1443Y64WAJWwWCyujTHDzWbzt+8cq9XNtNb/tf6/ge/c\r\nKIo+G2OGzPwubV7rn/yhtX6Vdh4AIF98plKiHDVDrXUohPiyO8bMX6MoCvOaA4CiyKrVEREx\r\n82ci+hBF0dx3jlJq0O/3r101EBPXurUV9BFoBkAJ+CyYefoMQ8fYMsfrA1AYO1rdoYAYEkJc\r\n2vSJH1rrV65o0TiOl4vF4tJWtElLxRhKKVHBBoAKUUpd5CkMXTfzMsfrA1AoWQNitmxNqDvF\r\nuwfJc2xFmwEzv/O5DaxAfO86BgDIF9e9LaUc5ikMXVFy8xyvD0Ap2CT7cFt55tD5O8W7f9ji\r\n3Xum0SiKpjYVw3k9IcRkNBpNclg+AOAE8vQZ/kj2MlytVi/hCwFNx3bJviKiSRafItFjFKoQ\r\nYrZarT4ko0ZtubbPrihW3DMAFIvWep5sKMHMv+cmDJFWAbqADbS5cnVn8cHMM2PMh10hNxqN\r\nJr1e78Zx7tIY8xJpFwAUg08Y5tLp3lWYOC1oAICmEkXRZyL6rJQaSCmnRHSZlqdI9GgCDYJg\r\norW+35YnZOZbZr5PljAUQgyklDdE9GdBfwIAncbed8mxQS7CkBA8AzpGHMdLIpoopS76/f6l\r\nTd5PNaFawRfan8OU8y611t+FEPdk/e7MfCuEuF+tVg8wowJwOnZD+kdiLDdh6AqewQ0LWo81\r\nZ86IaKa1Dpn56lBuYRa2icD0U3gSEVEQBDQej4nop4C0/smlPX9ORLRare6swAbgIDZP/C09\r\nft/mq9Xqdde+P3kJw0FyAAW6QVkopS6CIPhEP2/kP6vwudkk/Lk1oU7o0beYakI9h6fKGWLf\r\nNb8rNLckhOYe5x6HAG4eSqlhEATv6XmeeBgEwQ0R/V7NqqqhMGGI1k2gLHYEIdHjjfyJKryR\r\nrUCYEtF0NBpNhBBXQghV1Xq22GjvQcrxQ69PPe4SwEQ/NVjHz0/CFYK0fGyU9A25LXthycup\r\nnFyEoSuyzhizzOPaAKRhK7eEieHk75WxWCxm9GhGJasxDuyh0P4/sP8u6iAwi2DH5PvMV7or\r\nXBPm391Ao/vExnq+/eHbt28HCyMAP1LK97ufTVewm7Dk2PBsYZjSHXx57rUBSMPubL8cPrMe\r\n2HtiaX+dJ4/bv2fpMq3a6OwlEQ2y5jo2lUSgERGRsxfkru+UiK6NMX8jJSUbWutLIcSk6nVU\r\ngcvUL4S4OFsYSild3Sq8veLqgO0WcLWzK+qkw7jp+Ha2TU3rieP43uYxugT8L8aYye53dJvS\r\nxMxDK0Au6KfJa1ikv7JO2O/ATEp5r7X+nMzpBM+xZQP3cly7ztnCkJkHDpVzee5188YGWbxh\r\n5kmyUg4RhVLK70qp33ETNQOt9U3KznZZ4lJyJYqiudb6nY3se0IIcSGl/EREL3fPtT/OKQMJ\r\nM+0e9l72HqefJl3v8Sq1Vrsh2OZ0Qlv0IKX8lMxvBTkIQ9fNU6fgGfsAeEuPppYLXxCAfdh8\r\ngUCsPzYoZZJySqM/vyiKpqPRaJhM0RBCDLXW11EUXZ1y3YSZtjR2i3LsaLHPfqacBSm0RTda\r\n6+su+gmzkIdmOKyjZmhvwDdCCKe/wQUEYv3xlTFL0HhNYL1eT4QQt0kBIYR4MxqNbm1gTiNI\r\n9H2ce057IqHB7pp+d392Bu4l2dUWx+NxZWk3dcDmEr5JjjPzXdv90LsYY26DIHg2JoT4LQ/N\r\ncO9NTMtFKhIbgPAHPfcHHoUQ4sLm3XQqx6YJKKWGQogsrY7mRa+laOI4vldKXQZB8D15TAjx\r\nXil129YNm0OD3etOvkUpNbRF1A+WxaMapN1UhQ10/OQ6Zoxxfs/aShzH964UoLNbOLmEjjGm\r\n1JtUKTXUWt9IKX8IIWZZBCEzf9xsNq89PeZCV286UB32ofcli6/DGNOKnX8cx7ebzeav5Li1\r\nYCAAgp7abU2MMQN7Px8K3gu72Eg5CAKnn3Cz2fzV1k3VsZwlDH0CowwzhFLqQmv9Smv9PQiC\r\n70KIyaEHJTM/MPOH1Wr1v6IomiwWi5kxJnQJRLvbBDUhCIL3WZ3+bbq5F4vFtasHohBiiP6H\r\nP4nj+H6xWMyiKBpu+1D6milLKcOSl1cpWuspOXJvmfnrYrG4Ln1BNeUsYeiKTMvSIfwcTtQC\r\n7zabzV/GmEEURVe74elxHN8ys0vwnV1fEuSDUmpIGRPp657WcwrGmCvX32XNpZ3Tcg6xqy16\r\nmimHZa+pKqxr4W1ynJkfjDGZ4ym6wFnCkJldgmh5zjV9KKWG4/H4S1YtkOhRMG82m9dRFA0W\r\ni8W1T2Ndr9d7PgkhxMDmfIGKsXU+n8HMd8y893ky86yMNZWJ/d7ubdisuXRa+oIagn3fXP7G\r\nzL0om4yNoXD6CYnosquBRD7OEoaenKTlOdd0sfOhhofOtabQj6vV6mUURWGWqLs4ju89O0gI\r\nw3rwyjH22bUhcm1s2kAURXOPufQN/Nt+jDHz5JgQYtgFjVpKeeN6RjPzu0SEL6DzA2gKb920\r\nLbl1IBmYmDnebDavrSl0coLfyKUdvurCTVNnbNko12fgCgb4u81VhIwxU5cfzHYYAA7sRnfP\r\nxNx2v+FoNLpypZUxcxxF0bSCJdWec4WhKzclN9V7RxA6/YIJLXC4WCxmp6r+URR9dpXx6vf7\r\n0A4rhJknjrGP5DZ1tVIr3GIFvSvgIYRJP5W5YywseQ2lAT/haeRuJs1T/U6pPflwphbow6Ud\r\n7iWpgnJQSl34GuW6vnttNZHuEkXR1FN7NUv+ZVeZO8Za6TfctmXyWFMmbbacnMvJwtBG+D0j\r\nzwLJvtqTdncTnqMF+jDG7O26UbqoOvr9/iQ55vuOWRNpVwICXME0AxtCDxL4/IYVLKVwUhSI\r\nD1EUtX6zeA4nC0NPwd/lySvZwdbPm7iOGWPCovLI4jheuh62u7UVQXkIIZyBM+RIexFCzApf\r\nUE2wJn1XChOCaRxYv+Hefe3a0DcZ6yecJMeZOTbGTMtfUbM4x0xaSPCMLcLsNE1uNpvXRSdU\r\n295oybFW3TRNwPo9XO/7fdIExMwPXdv1GmMmyTGkWqSyTA5IKVsTHKeUGvZ6vT1TubWkTTpk\r\nNTmZc4ThwDF21hueVoR5s9m8LqM4savjRltNKnXGk1sYezYmnRKERE9WjA/JcSHEK1gynLg2\r\n0WHZiyiCtHxCZr5qU0WmIslbGM5PvZjWOvQJQmZ+V2KV/rljTJU0N/jJnomUmWeegJrOCUMi\r\nf6qFK5IQODfqrdAMU/IJPzSpu0nVnCMM9wSEMWZ50oUebfe+nc3HMvNiXEXGoRmWS0pu4R7M\r\nfNc1E+kW6wtzlRIMy15LA5g7xhp/Xx/IJ0R95SM4WRi6HlanhO2mdSOwgnBy2gpPw+dsh+mp\r\nPHy5hdAK91mv1y4fd25R3W3B08mk0T38rDXN5ydEPuGRnCQMXYLh1ALJvm4EdmczOeWa54Ig\r\nmurw5RbazyRMjhtjZiUsq7YUGdXdJlx+s0NVrepMWn9CQj7hSZwkDJl54Bg+OnjGCtXQcf3Y\r\nGLM3XhYIoqmOY3ILmfkOwQHFl0RsC21Kr/D1J0Q+4emcJAw9O6r5CddxlQyKbS5hlaHAc8cY\r\ngmhKwJdb6BmfFbycJjBIDjDzsvxlNIJlcqCJ6RVp/QnhJzydUzVDV4WDo4RXilbobbVUFgii\r\nqQal1MDzPn92jXfdRGoZJAdclg1ARC1Ir9Bah6g7WgynaoZ7u6kTbsBJcoCZ7+oQCmyDaPZC\r\n1ptqUmkK/X4/TI5ZX7QzWg5+ESLKMaq7AzQ6vcJWF0J/woI4VRjuFbl1aVM+rAbgyiObnrKe\r\ngtj7e5poUmkSQojQMTwnR/m1NjbxPRal1EVeUd0dYe4Ya8wGV0rp8xOiP2EOHC0MfbUPj9mV\r\nuEpG1UUr3GGZHEBEaeE4Owl4OlTMCl5L7ZFSutwVJ0V1d4Emp1fYes2uz/sr+hMehy8b4mhh\r\n6Arl9hQNdpKiFbr6tFXJMjmQNREcHI+tRTpwHPI18e28ScgV1Y3gGT9NTa+wRSj26jUz8x38\r\nhMfjiXlZHi0Mzw2ekVLuRTsx80Pddvqeh0pY8jI6g8df+JUcJlLqeKL9FteDHMEz7cJa4pxl\r\nKo0x8BOegEvDFkLcHi0MzwmesYmirhD5yiNIkwghllWvoWOEjrGBq0NFzczpleHb4VawFFAA\r\n2wLcrmfuZrP5Czm2J+NKk5ufEkATOsYyfShSyivXw83VVLdqPOkVreyOXQeOeG+hFVqEEHv+\r\nLmzi2oOvUe9ms/l7sVjU7pnZFDxpWsdrhkT0i2PsoFZntUJXn8LcO9bngW9N9u8AOWJzp1wW\r\nB1dww6z4FTUD301dxVpAvti+rpPkODPfrdfrvXGQDVd6nK1kdX+KmXTvYlnCevv9/sT1wKuj\r\nVrjFFZnniuADZxNmOcl2qJgXu5Rm4IrqZuaHOm4swXHYYDJvAW58xqfT7/ddz+8l0ZGpFR6p\r\nupec7sITDfWx5jlRjU7SbRBhxvNgIrV4CnRDK2w41k9448knRKPeM/FUuJoTHSkMPUnnBz8c\r\nq/IPkuPGmOkx81fA3DEGzTBHbOJ4Jn9hna0IZePJeV2WvQ6QL7YAt0vp+Fhk4FibipgfwFvY\r\n/lgzaegYWx56kaeWXt21Qh+DqhfQJqSUYZbzUH7tOZ78uGW5qwB5orW+IX8Xn6ILcC+TAx7r\r\nQ6NJq552rDB0aYbLtBf4tEJqRiDE3DE2KHkNbSfMchLKr+2B1k0tIiVg5sEYMynBT+j67rRK\r\nM0zxsy+JjheGXnurj16v56o287UJgRBNLt/UIDKZSOtWlKEG7H0PUaC7mSilhr1ez5lYT48F\r\nuAvf5HjyUwdFz1smnuDHp/f2WGHoqpDv3bH42jQR0fTIeSuhqeWbmoL1Fx7cfaL82nNGo9GV\r\n63uI4IrmoZQaSCm/uI5tNpvXZSkNnsIpgzLmLpH8hKGnQn7aDThJDjRFKwTFc0SaCqJILba2\r\nr8sHn7k+MKgHaRVmig6YSeKxKrStoXmYHGDm44Whp9L3XgTSlpSC3LOsc4LWEx46AeXXnmOr\r\nkrjyddHhvGHYFApn55EoiiZlrsUVnCaEuGhZkZE94b5er0/SDI8KnpFSTpJjNWzTBCokY0ss\r\naIUW273A1ej4A0ykzcK2ZHJ9lnfGmLCCJbW6yEhK78+ThGHm4Jm00mtHzAdajhAiixlmVvQ6\r\nmoC9p1xVSe4akK8LdrCRo64iJJVWmHEF0bjahDURT+/PZ66FY4ThwHEx54fW7/cvm1Z6DZSL\r\n3akN0s5B+bWfSCmnnvfrCsFFzcFXas0yqVLDdwXRtChgMHSMLXd/OUsY+lo3pSTZ46YFRJTZ\r\n/AITKT09QPc0ic1m83cURXiPGoINmPnia8lU9Wfp0QxbYSb1tDt7Jr8yC0NP5v4yOWY7EAwc\r\n506zzgU6QXjoBFgSHpFS7uWg2YbYCJppCGmC0EaOVv5dd7X/8nSOaRwul0xSmcskDH0RRa4I\r\nJGZ2dbL/ilJaYJdDO058Zx6xOYWuXe0U789x+Nr3lDG3rzdhSaXWMuHp4dp4zdCXl5t0wWQS\r\nhh7n417kkVJq0Ov1/nBcovJdD6gXh4Jn6vKAqJKUnMK4DppE0/A0GlgWPa/WeppSai2si/so\r\njuN7VxciVxmzpnBMXm4mYeiKKHLZl6WUU8d5d1XbwkG9OBQ8w8zvkCqQmlM4qWA5bSB0jBX6\r\nPbPpMK6Hca0E4Q5770eTC3Yfk5ebSRi6HlxJe6s1pe5phcyMHSx4RlrwjE04npa4nFqCnMJC\r\ncGmGhQkja5Z11hytcW/CZXKgqUE0Nn4l8z2UNYAmdFxwufu7q5O9dfLPMs4BukPoOwCtBzmF\r\nBXJ0o4FTOVBq7V2Ni48skwNNTK+w95Az8Mx3D2UVhr8kB5KRR67QbyKa1dAMACrGt9OEefQR\r\n5BQWhqvTRyHvp40cHSTHbTrMtIg5c6IVrZyklM6gGXrM5XR+5lnNpHtvxm7kkTXp7E2M0HiQ\r\nxLarcZnTYR4l5BQWSVmdPrTW3pqj6/V6kvd8eeIp2N2o9Iq0oJm0e+igMExpiPgkXX03L0K/\r\nQRJXzpyl89GjWutLVzsf5BSeT1lpFTaMf+KYq9JSa1nxta3TWk8rWM5JBEHgfMYccsEcFIae\r\nSKKnN8x+ycLkCUIIaIXgGTbE3GdyaVN1/KPRWr8XQvh8TMgpPJMy0iq01mGv13OWWrORo7nO\r\nVxSutAMhxFvXhqJujEajCbljXN4dev+zmEn3Lkw7XyIppSvJHjUlwTOs+W/PdLFDWNZa6oRS\r\n6mI8Hn8RQjg1P+QU5kboGMvNRGoFxSfXsc1m87pJvnBfjm+KVacW2JQtZ+BZFhdMFmHo3VHZ\r\nyV09Cw9ODLpFhhtpr9xf21FKDaWU38mzEbDVSSalLqq9FJZWYT9HX6m1DzWOHHUSx/EtM79L\r\njgshhnU2l9rAM9fnPMny+izC0KUa39rJXVohmrGCZxwwjxLR443WskaiqYxGo4kv4pDo0edu\r\nTWuN0ShqTiFpFQcE4dcoihrp642iaOqqMlZXc6kN4vQFns2zXENmOMcVjry0P+5phYTSa2CH\r\nDObRJ6SUIXWgU4WNNpz4jm82m79gGs2d3NMqtNaXRHTjEYSxMWYv4btJGGMmQRB8T45bK8/L\r\nCpa0h83nfOtyM9jAs0nWax3UDH3hyLZB5d4xY8ws6+Sg/fjMo5vN5m/HcFjsaqpFKXWhtf7u\r\nE4TM/MDMv0MQ5k/eaRX2+ecLeLozxnjz2ZpC3c2lWutXUsofKf726TGfQaowTAtH9nRq/tiU\r\niClQPD7zKDO/E0LMHC9prd/QmtN++MzFVpMYIvCs/oxGo0mv1/OVWYuNMcO2mLfraC5VSg1s\r\n0NnM4yM8KfAsVRh60iqW1vTleiNmx0wO2ovPPLpNrjfGzJPH2uo3HI1Gb4Ig+J5y435sUuh9\r\nlxmNRm8OCMI6Ft8+C18QV9nRpTby+m0QBD8oxYp0auDZITOpM3hGSrk3kX3IzY9dAGgf26AC\r\n17Htl9S2i9nbcVq/YSuwZtGbXq/n3aFuNpvXURQ13qTWBdI+y7YKQqJ6mEu11qGNvPbOx8wP\r\nm83mryiKTtLMDwnDgWPsnhyBM+hOAYieRUk6CxQnvqRzxyXCotZWJkqpgX0fJq7jzPywWq1e\r\nIvK6GaQFPTHzR/sAbp0g3JJmLh2NRm+KsugopQZa609CCG/kNdFT9PXwHH/7KcLwwvWgW6/X\r\nrY8CBOlsfSm+6DpH4us8eZ4Q4s14PM4UfVpXtrvYA/7BQVv8Sm0ngyB0HmsbPtNjr9e7DoLg\r\nv1rrT1prV4bBSYxGozf2PvJG5TLznQ06uzzXzXAotcLVjTx0LOhjm3dF4DC2nJi3iorrRjLG\r\nzIMgcL1kqrW+NMY0qnIHEZEV5FPfcWb+0NTcs65hw/a/pGxqOiMIiR7NpVrrd75UKSu0LrXW\r\n1/SYIvUxi+tMKTUIguDXzWYzFEIMhBBDZh4cah3FzO+MMdd5yR6RssCLIAj+m+UizPxnWyvq\r\nj8djTo59+/bN+751kQM751RfitZ6LoRIiyKdfvv2bc9fUTfsg/PGt4u1aRNXMItWw7H38SFB\r\n2OVcUK31rRDCpSjtYfvefjbGfAiC4FdmvrDCbmgtSOGx8zPzV5u6sjz2tWl4NcO0buS72Lpv\r\nrRSERI8P8+QHr7UOESz0tGH6RJ4v9Gaz+Xu9XqcGhxhjLqWU85Sbq7ZaovUL/kaPf3/o28na\r\nvLPLuq0fuMkgCF93eVNj79nZgU0sET3ld14FQXBlf6fd/4+h6A2lVxhaNTXLNVorCC0w/zrY\r\nPjDI0/iTmT8uFovJoetYQTm0OYk+88swCILv4/G4Ui1RKTXs9/u/2YekV/jtYnextW/d00XG\r\n4/F2I0MJs1zoe03XBSERkdXIQrsZvCKiSyFEoT0PmfmDMeaoJPpj8QrDLDc6ERr4dhGbOvEp\r\nRRN6d2yj3iiKpkqpz3bHmaYlToQQSyKabzab+16vd7tareIibpLxePyb9WOE9Cj8joqYO+V9\r\nAKUy3/5waOPPzA9ENFksFm3f/GfGCsUrIrrSWof0WBD7UgjxS15z2HZS0zIscWma4TDDFyTu\r\nQKLwLe1XRgkphyK/TSStMDHReTtna0Y8pCUO6DHKOez1HoOhgyAgrfW9EOKWmZdbYblare6O\r\n+X7uaArbf7Sd4xi2D842uw+6hG3Mi6LpKVhhNSd66il42ev1/sj6eiv0lvbfrTFmWfb7naYZ\r\nHtwFdyS3EOYti63H+N6TOpHbzjmjlviMrTN+dwMXBAGNx2Ni5lsiWlpheSuEuF+tVnHC35dL\r\naSlrFr3Cg7MdQBAej90Mz5RSF/1+fyKEmAghlC3luSSiOTPfCyFujTG3dXEhpAnDg85R5BZ2\r\nhwP1GHN/YGTRErNiBd2QHk04RPQoKPPA7mhviWhujJnX5cYGz2Hmr1meacnXYGNzOvZeuKaG\r\ndDJyCkOl1ODQCzuUW+i6EcKyF1ElWXIIi3pg7GiJ18c+zIrACr85Ec0RUdwcbATkZyHEb9aK\r\nsf2+3hLR/VZTsefWRlsB5eEUhp4C3Um6ohV2+qY4J4cwL6ygDe16QnrsWr7NVRpkNaUeiw3l\r\nnhPRfL1ez6EhNBf7HQ2rXgeoL05heCh4pu25hSCfHMIi2NHGnn3/bJj3gB7XO7D/hsdEtlmf\r\nxpyZ5+v1+hbCD4Du4BSGGYJnOiMIjTG3Sf+SEOI3pdRFW00peeUQlomNGl1SIsrX/i3JihcD\r\nIcSvtvDwnJlvrea3LHfVAIC64AugCdNe1KXcwjiO78fj8d64lPI9Eb0uf0XFYs2QN3nmEFaJ\r\n3bDMqaOpMACAbPiSqLzVBDqSW/gMGzTxDCHEZDQatabgsu299z6tVYrtvTctdWEAAFACTmGY\r\nVn2mI7mFzzDGXNkItGf0er33Sqlc8tOqRGv9Skr5IyVi9IGZ/+x6GSoAQHvZE4aHHu5dzC20\r\nnZ6dgkJK+aWoxpZFo5QajsfjL0KImc9PvM0hRMAUAKDN7AlDKaX3wd6h3MI9FovFjJk/JMeF\r\nENuoy8aglLoYj8dvgyD4Tin+4Z3UCURVAgBajctMGqac32ntIIqiKxuBmCS0DS1rj9b6Ukr5\r\nndIb0D5sNpu/oigaQhACALqASxj6zGXILSQiY0zo8h8KId5orZ2NXeuAUmpgTaLebhNEj/mD\r\nxphBVxuXAgC6iUsY+nyGnReERE+h+j6hd1PHgJrxePzWaoOh7xxmvmPm3xeLBXrvAQA6Rz85\r\n8OLFi/dCiP9Jjhtj/s9//vMfPCSJ6J9//ln+61//ehBC/O/dcSHE//T7/f/74sUL+ve//72X\r\njlE2WuvwxYsXX4QQl67PlOip28T/i6Lo8p9//lmWuT4AAKgLezXXxuNzxvMEAAACU0lEQVQx\r\nJ8eYOY6iqHYaT9WMRqPPvp5dzHxrjHldhc/NVl25EUKkmm1tVf5J1/JGAQAgyTMzqa0+sgcz\r\nL8tYTNNYr9cTT0ANCSGGQRB8H4/HZ7UfOpbRaPTG5gx6BaE1if4ZRVEIQQgAAPvl2JzBM9vW\r\nJuA5cRzfK6UmB5rQTsfj8ZRsObDdVjE7XdlptVrFW1+dUmoQBMFTFSBmvnA0nw13f9mpvZkK\r\nM78zxlzDLwgAAD9JCkOfKXRe8DoayxFNaEMiItsN5HLnZyL62ZXdRVoHkaznoFEpAAD4eWYm\r\nZWanMDTG4AF6gCiKpqvV6qXPbFoVNmfwtTWJ4nMEAAAHz4Shy8zGzHcwqWUjjuPbKIqGzPyu\r\n6rUQETHzB5szOKt6LQAAUGeSwvA3xznLcpbSHna0xErSK5j5KzP/HkXRFTYyAABwmCefYUqx\r\n6Xk5S2kX1iQZEv1sMEtExMyDbQWY3aCX3Y2Izf1LmjTnid9viehJ0BljlogMBQCA03gShtuH\r\ntQP4mc5kp8EsAACAGvJkJkXwDAAAgK7yJAw9wTMPML0BAABoO7sBNKHjOLRCAAAArWdXGP7i\r\nOA5hCAAAoPXsmkn3fIbMDGEIAACg9fSIHmthug6u12sIQwAAAK2nR0QkpRy4DqJ8FwAAgC6w\r\nNZOGyQNVVU8BAAAAymYrDF3VZ5YlrgMAAACojK0wRPAMAACAzrIVhr8mD6ChLwAAgK7QIyLa\r\nFo7eJYqieclrAQAAACqhR7QfLIPgGQAAAF2iR0RkjLncCkBm/mqMuax2WQAAAEB5/H8o1P/D\r\nvnJlFQAAAABJRU5ErkJggg==', NULL, 'iVBORw0KGgoAAAANSUhEUgAAAjIAAADoCAYAAAD19g45AAAABGdBTUEAALGPC/xhBQAAIABJ\nREFUeJzt3ct1G8fWt/FdYGNsfhEYJ4LiQWPudgTiiUBwBOIbgeEIJEcgKAJREYicqyF2BAYz\nEMdsYH8DFWSoUY0L0fd+fmudtY6KF5QlEPizatcuEQAAgJYydU8AQPmstZfD4fCjiEQicvf8\n/PxHkiTLemcFAOcb1D0BAOXbCjEiIlEQBF+ttVc1TgkACkGQAfoh2v6DMeYyCILPhBkAbUeQ\nAXqKMAOgCwgyQI8RZgC0HUEG6DljzOVwOHxb9zwA4CUIMgBERKIwDKO6JwEApyLIABAREVW9\nqXsOAHAqggwAEREZDAavrLWjuucBAKcgyAA9paqP2bEgCGbVzwQAXo4gA/SUqs6yY8aY19ba\nyxqmAwAvQpABemq1Wt2q6lN2PAgCamUAtAZBBuipJEm+icg7z4fesCoDoC0IMkCPpWm6E2SM\nMZcXFxfXdcwHAE5FkAF6LEmSb6r6ITtujPmzjvkAwKkIMkDPpWk6y44ZY0bj8Xha/WwA4DQE\nGaDnkiRZrtfrT9nxwWDwuo75AMApCDIAxBjjK/qNqp4HAJyKIANA4ji+q3sOAPASBBkAANBa\nBBkAANBaBBkAANBaBBkAANBaBBkAANBaBBkAANBaBBkAANBaBBkAANBaBBkAANBaBBkAANBa\nBBkAANBaBBkAYq29qnsOAPASBBkAEgTBTXZMVZM65gIApyDIAD1nrb0UkVfZcVV9V8N0AOAk\r\nBBmg5y4uLq6NMZfbY6r6tFqtbuuaEwAciyAD9Jwx5o1n+DZJkm+VTwYATkSQAXrMWntljNkp\r\n9E3TlG0lAK1AkAF6LK/IN0mShzrmAwCnIsgAPUWRL4AuIMgAPUWRL4AuIMgAPWWMeesZpsgX\r\nQKsQZICeyq7GiFDkC6B9CDIAREREVe8p8gXQNgQZAKKqT2ma7pxgAoCmI8gAPedCTMRqDIA2\r\nIsgAHbfvZmtCDIC2I8gAHWatvQqC4LPvY4QYAF1g6p4AgHJsQozvdJKIyPPz838JMQDajiAD\r\ndIy19jIIgj+NMXuLd798+cLPP4DWC+qeAIDihGEYich7Y8yo3pkAQDUIMkAHuFWYt8aYad1z\r\nAYAqEWSAlgvD8Fq+r8J4a2EAoMsIMkBLWWtHbhXmOu9zVPVJRN4ZY/6scGoAUBmOXwMtNB6P\r\n3wRB8PVAiLlP0/QqjuNZhVMDgEqxIgO0iLV2NBwO34tIlPc5qvqkqrPFYsEFkAA6jyADtMRk\r\nMvlTRGb7Pme9Xn9arVbTJEm+VTMrAKgXQQZouDAMX8v3ADPK+xxXCzNdLBa3FU0LABqBIAM0\r\nkLX2cjgcvlHV6aGeMKr6d5qmM1ZhAPQRQQZoEHcS6U8RuRaRS2Pym++q6qOITOM4vqtoegDQ\r\nOAQZoAFcR943+04hbVPVv9I0fccqDIC+I8gANXL1LzfGmKtjPt8dqb455bJHa+3O91bV5IRp\r\nAkBjEWSAip1S/7Khqh9EZP6SbaQgCHwdf1nJQWe4n6mP8r0twd3z8/P/WK3sD4IMUJFT6l9E\r\nfpxEmrstpGUFUwRaaSvEiIhE7s+/1zcjVIkgA5TsBfUvj6r6brVazQv6rZI7mNB10YE/o8MI\r\nMkBJwjB87W6jjo75fFW9V9X5YrGYFzwVX/3NXcGPAQC1IMgABds0sKui/gXoO7fiiR4jyAAF\r\nsNZeXlxcvDbG3BwTYKh/AYrBze4gyKBx2nQCYesE0o0x5mAtSgn1Lwep6lW2sFhVl1U8NlCB\r\nqO4JoF4EGTROG04guBNIb0RkKsedQCqr/uUgX8AyxiyrngdQNLaVIEKQQTNFB/5cm80RalfE\r\ne5Cq3ovIjPoXoHi+1Ub0D0EGOIL7ze/1CQGGAl6gZMd2xEa3EWSAPcIwjFwxYXTM56vqB3cT\r\n9bLUiZ3AGPNbdoyAhY4Y1T0B1I8gA2RYa6+Gw+ErVb0+5jc+TiChTdpUTH+IL6SjfwgygIiE\r\nYfhKvr+wX2+OTx95hcA7bqFGG1hrR8Ph8L38vLrYyGL6Y/guQ0U/EWTQS9bayyAItsPL0W38\r\n6zhC/VLW2lF2zAUw9IwnxGz4xhrv4uKCIAMRIcigR6y1o4uLi1fGmOjYe4+2uQAzq+MI9UsF\r\nQTDyDD9UPQ/UyxWrRzVPo1DHds5G9xFk0ArW2tG++hO3bP6r+2MkIqKqo60Xu+ilj11nDxig\r\nCK5hY93TKFpU9wTQDAQZtMJwOPxnMpmc9DXnvHCv1+tPInK3Wq1uKeBFm1lrR4PB4FXd8yiB\r\nrXsCaAaCDCA/6kZuVXUTXhpd+3KCyDPG1lKPBEEwq3sORbPWjk6pa0O3EWTQW6r6KCK3InIX\r\nx/Ft3fOpUFdCGg6w1l4aY17XPY+i5dR+oacCEW9fgT9YTkcXqWoiIrdpmt4mScLKBDotCIKb\r\nuudQkqjuCaA5ApHdS/qCIPhqrf2dF3q0hdsa2jxfH0Tkm6p+M8Y8iIikafrQoe2iU+wsv6tq\r\nH/8eesdaeykib+qeRxm4YwnbNltL0fagMeYyCILPhBk0xZcvX3jVepmdXhubcIduu7i4OKk/\r\nUpsYYyj0xQ8DkR839P7EhZmPLtUDAFrE3RH2E3eZaau5+89Gdc8DzTEQEUnTdOrr9mmMGbmV\r\nGcIMALTEeDye+t7s0zSdVT6ZgqlqV+t+8EIDEZEkSZZpmkY5YeaKMAO01s4SfJqmyxrmgQoZ\r\nY3ZqY9br9ae2H+LocE8cnGGw+T9JkjwQZoBu8dVItP3NDPuFYTjz3dpujHlXx3yK5OuJ49oo\r\noMcG238gzABAe7lGcb7amPs4ju9qmFJh3HvPzmqMqrY+oOE8g+wAYQboBn5O+8fdcL0jTdPW\r\n15UEQXCTXWFU1afVajWvaUpoiJ0gI0KYAbogCIKd7QXfCUV0w3g8vhFPozhV/asjbTR8HYrn\r\nPe0PhS3eICNCmAGAttizpfSYpmnrt172nMJq/X8bzpcbZEQIMwDQBsPh8H1O87tpF1YsfKew\r\nVPUDhesQORBkRAgzQFup6sgzvKx4GihZGIbX4t9S+rvtBb4iPxrg7WyTisi86rmgmQ4GGRHC\r\nDNBGOd1Pl9XOAmVyr7s7Bb5uS2lW/YyK52uA14VTWCjOUUFGhDADAE0TBEHeltJNF7aU8hrg\r\nqeq8humgoY4OMiKEmaJZay8nk8nnyWSik8mEvzsARwvD8NoYc50dX6/Xn+I4vq1jTkXLa4C3\r\nWCzmlU8GjXVSkBEhzBRpOBx+lH/3tiP3Z6AokWesC8dwe8+9xr7Njru+KtPqZ1Q8GuDhWCcH\r\nGRHCTBHc30+UGc7+GSha67cb8H2lIqcGqhOnlERogIfjvSjIiBBmzuVrVgYAh7hTPL7jyPdd\r\n2VJyaICHo7w4yIgQZs4U1T0BdN6v2YE0TXkTaLE9p5Se0jSdVj+jctAAD6c4K8iIfA8zIjL1\r\nfYwwk09VWZFBqXxvBB1pVd9bbrtllB1X1VmXmsPldCmmAR68zg4yIiJxHN+u1+s/fB8jzPgZ\r\nY2zdcwDQHtbaq7ybrReLRWdWKvJWY4QGeMhRSJAREVksFvMDYWanwr7Pcn5QAcArCIK8m62n\r\nFU+lNNbay7ywRgM85CksyIgcDDPTMAy9P4h9E4ZhVPccALRHGIbvfG363c3WyxqmVIq8rTMR\r\nmVU7E7RJoUFGhDBzDOpjABxrzymlJI7jWQ1TKoW1diQiO/+drsHfXeUTQmsUHmRECDOH5FyA\r\nBgA/yTulJNKtLSWRH71xdmopV6vVzl1LwLZSgowIYeaAUd0TANB87i6lUXZ8vV7/X5dOoLlC\r\n5p2+MV3bOkM5SgsyIoSZPMaY3+qeA7rNV4elqvc1TAUvlHeXUtdOKYmIDIdD73UL9I3BMUoN\r\nMiKEmSxrLdtKAPbqS+M7ke+BTTwNQl1vHBo44qDSg4wIYWbbxcUFQQbAXsPh8KOvXkRVbzq4\r\n1eJbjXns2qoTylNJkBEhzGzQPwbAPuPx+EY8KxTr9frTYrGYVz6hEo3H47zj1tNqZ4I2qyzI\r\niBBmnKjuCQBopj3de59Wq9W0iMdQ1SQ7VkdvK5rfoShB1Q+4WCzm4/FYBoPBTmhxYUbiOPaG\r\nnY7gagIgw1o7Gg6H7+XfoH+nqn/17Q3NnVLyXedyXWC9SCPqTvKOW6dpynFrnKTSFZmNvq7M\r\nWGtHOS9SQG9Za6+CIPgqP69WRsaYz5PJ5LNrlNZ5YRjOcrr3/t21QOdeC31N/j506Vg5qlFL\r\nkBHpZ5gJgmBU9xyAJnEh5vOegB+5lZpO27Ol9Jim6azgh/MFhajgx9jLd/eeO5HFagxOVluQ\r\nEellmInqngDQFEeEmI2oivnUxVp7GQTBR9/H0jQtcktpo9atJXflwk5/HBF5x3FrvEStQUak\r\nX2GGO5aA704IMT8+v+w51cXVioyy466rbWe2Way1l2EYvjXGfM5+zK08cdwaL1J7kBHpT5gx\r\nxlDoC0h+UauqPqnqo+fzO1lb5rr3Vn0hZOVbS2EYRkEQfDXGeLeOaH6HczQiyIh0P8y4o4aj\r\nuueBfshZ/WvEb/fj8XiaU9T6lKZppKo78+ziauaB7r2+rZeiVBYY3CrMe2PM57zXP3flwryq\r\nOaF7GhNkRL6HGVX94PtY28PMxcVFmS9MwE9ytmxq/43XBfq8Qs8oSZIHY8xOkOniab89q1Kz\r\nLnTvDcPwOgiCf4wx07zPUdWka1cuoHqNCjIiInEcTw+EmVbuoxpjorrn0AY5lx3ubDWgnfJ6\r\nh8j3PikPIiKquhO4urYi41alarkQMk1TX1D8rag6JGvtKAzDj8YY7zULIj+2EP+K4/iqC6EN\r\n9WpckBE5GGbejMfjacVTKgI3Xh9BVUee4WXF00AJ9vUO2e6T0vUVGff3kLcqVfrKbV4tynA4\r\n/Hrua+t4PH7jamFy/ztU9T5N06sSa4DQM40MMiL7w8xgMHjfpjDjXrhGdc+jDXL+nu6qnQXK\r\n4OsH4968Z9tjaZr63mg7Uyg/HA7zuvdOqyp4VdV73/hgMHg/mUx2+tkcYq0dTSaTz4PB4N2+\r\nVZj1ev1/cRxHrMKgSI0NMiLdCTMXFxdRdizvhQS7pydUdVn9NFCkMAyvxX8y5l32Tc135NgY\r\nc9mFDr9hGM7E/xz/EMfxbVXzSNN06rtzyZmdUo84mUz+HA6H/8iek0/r9fpTmqYjbrRGGSq/\r\na+lUcRxPwzAUY8zr7MdcmJEWVLz7llnvhO0mn1+zA8aYZQ3zQLF8WymPedsLqppk2xUEQXAj\r\nIq3t/Hqge2+l/11JkiyttVEQBHe+thCuHvEqTdM/hsPhL244cvPdXmGO9j2Oqj6JyHSxWFQW\r\n0tA/jV6R2Wj7yowxxhdY7qqeRxv4tpa6ds9M37g7hEaeD+W+eauq7zf3V0XNqWqbBoA5H65s\r\nS2lbkiTf4ji+2lOPeDUcDr/K99eqOxGZicjMnUKK5HCI+TtN01GVK03op1YEGZH2hhn3W9hP\r\ne8aq+sSb8y5OLHWP2w7yFfje73uDW61WOx8zxozcFlWr7Oti3IQLId1r619FfT9VfVTV3+M4\r\nvqHJHarQ+K2lbW3cZsqpj7nL+3xr7aivhXBuyTo7vKxhKihI3nHrQ71DkiT5FobhB8/P+rWI\r\ntOY3/AMhJonjuBFbZXEcz8bj8XIwGJzVq0tV/0rTlDuTUBh3F9n7nJNwd8/Pz/9rVZARaWWY\r\niTxjdyLdrAM4ByeWusVdDrjzc6qqfx8Z1m9F5KevN8a8tta24jf9AyHmqWmN4BaLxdxa++Dq\r\nZn45/BX/ckeqb7p0NxSqYa29Gg6Hv2xqr1T1ctP5W1V3djQyouFw+LF1QUakXWFmMBjs7Ouv\r\nVqs7ke91AMaY7G9Ar6SnQUY4sVSkUXag6r/LnMLWnePWeeI4vg3D8NEY81MBuOuSPS9kkiU5\r\nIsRETXzTT5LkwRUBvzPG/OaKdTfzfBCRb6r6bdPrJ03ThzaESlTPWns5HA6tiMh6vb4aDAaX\r\nvrCysVmN316V96zQ+0StDDIi7QgzOTUfT5sXsNVqdZtdyt3UAfS0QI4TS8UZZQeq/Lt0XWKj\r\n7LiqnrqaciuZGhvXVG9+zvzK1NYQs+HmFtU9DzSXtXY0HA5/9a2eZE61iYjIYPC9HNcXVs6l\r\nqvetDTIirQgzkWfsR0DpSh1AUTix1B1ui/Qnqvp46s9jmqbvhsNhNsg09rqCtocY9NsmoLg/\r\nRiL7j9v7Vk+KDCmHuC3N61YHGZHGh5koO+Ap9G11HUBROLHUOTtbqqo6O/WbJEmy9G0vhWEY\r\nNS3kEmLQVKcGlG1VBpM87r1gKSJ3qro0xiy3f/5bH2REmhlm3C2/O/1jNvUxG22uAygSJ5a6\r\nw12IuNNywHek+khLyWw75tzJVRtCDOrQ9oAi8m9I2a69EnfII03T5TEHAzoRZESaF2aCIIiy\r\nY6r6mPOP4qsD+FN6FGQ4sdQdg8Fg52dQRG7PWGG8k0wX7CbdXUaIQdG6EFBEfrqKZymZsFLk\r\nimpngoxI48JM5Bm7831iTh3AKAzDWY9uiI2yA5xYah/XAC/Kjqdp+uI7dtxScnZ45zHqQIjB\r\nOSaTyW9bASXyFcpuNCygbJ9mu3NjS2PMMk3Tb1U/5zsVZEQaFWZ87dS9S+uuDuDesxX1xlo7\r\n70mDPE4sdUBeke85L2w5z4Od50vVCDE4xuYY8nq9vjLGjIwxV9v9UV5w3Lg0bT1u37kgI/I9\r\nzIzH40tfD5cqwoyrERhlx9M0vcv7mjRNb9y9Jj8YYy6Hw+F7Efm96Dk2DSeWOsPXAO+sG4/j\r\nOL6bTCY/jdW9tUSIQdbWdlC0OZa8HVg2R5BFqg8sbQ0ox+pkkBERWa1WU2OM92bXssNMTiOw\r\n+31PlCRJHsIw/Nv1yNgWjcfjad09ccrEiaVuCMPw2vfGvlqt5ud+b1VtzMklQky/ZQLLj22h\r\n7c+p6ihy1wPKsTobZJIk+bbvmvrBYPA+DMNl0S+Ee276nR362jRNZ0EQXGdfsI0xb6215xRL\r\nNhonlrpBVafZf0dV/VDQ83YpDTi5RIjpD/dv/etmZUVERnndaItGQDlNZ4OMyOEwIyIfrbW/\r\nF/XCY629lPybfu8Ofb1rkDcVkc/b48aYyyAI3ovI/4qYZ9NwYqkUO3flpGla2guftXbk28qV\r\n4k7e3UnNJ5cIMd20XXBbQ2BJXJHsg7jAwpb66TodZET2hxkXED4XFWZeetPvtjiO78bj8afs\r\nm4Ix5rqJTcAKEmUHOLF0Hl/32zLfZIMgmGbHVPWxqOdr3SeXCDHd4f4tX4tItPk5KXsrSFXv\r\nt1ZUHlx/FJ4vBel8kBGpJsxYa0ee+pbN0vrylO/l6nuWZvcG2vfW2v92cEmRE0vt5+sdMy/q\r\nm9d5cslaexkEwXtCTDu5f7/f5PvVL946rqK4vilL97+7Yxu64TzNOZheAfeE9m4zqeq3NE1f\r\nHGbCMJxnj3y7F7nRS4LHeDyeZi+UdN/z7ziOO3M7tiuc+yc7/uXLl149N4s2mUw0O1bW36kr\r\n8v2YHX9+fv5PkS/ivv+moh/DJwzDr74VLkJMc/ieG+v1+mYwGFxLwSt3W/UrD5ttIQJLvXqx\r\nIrNR1spMGIaRr2+NiLx76erJYrGYh2E4zfaWMcZsest04sXTXcXwE1VN6pgLXmzn33C9Xn8q\r\n+oVdVZPsz63rW1NasA/D8D0hptncTes7BoPBWcf+t+732Q4sFNk2UK+CjEg5YSbnuPXTOd1M\r\nRb7X1gRB8JDdYgqC4L2bY+t/oHwBUFXnNUwFL+DuFNv5NzTGzIt+LFV9Z4zJrlK+kpKCjDuB\r\nOPXMgxDTAG6F/ZXv3+gUhy4kRPP1LsiIFBtmwjD0Ll2q6tm3V7uOv+9E5KegZIy5CoLgrYj8\r\ncc73r5urK9r5beqMywVRsYuLi2l2zBX5Fv5vuFqtbrPbre4qj+uiH881tdz5BUVEhBBTH2vt\r\n1cXFxW/GmKnvteNY6/X6k4jcrlarO7aE2m9w+FO6KUmSb2maRr5tjK0wc8wPytvsgKo+FtXA\r\nLo7jWc4cp+PxeFrEY9Qlb1uJF5bz+J63bl+/cL4Cd8m5iuNcSZJ8U9UPng/tPI/OYa298tWn\r\niYis1+s/CDHVCsPwVRiG78Mw/Gc4HH4dDAbvTg0xqvqoqn+r6v++fPliFovF9WKx6Mv1L53X\r\nyxWZjXNXZvKuIhCRaZHzdFtMd9ktJtco76GtL6xsK5UjCALfqYzCnyOuNmyUHT93S/WAW8mc\r\nkDLGvLbWnr0CKvLvMWvfx1T1ry532G4Ka+1oc8rIGPPikOp6tMzdqksrXyNxnN6uyGy8dGXG\r\n1Qb4VmOOan534hwfVHWnDmDTKM814msVtpXK45p6ZcfKqKeaeh7nvszfcuM4vvVdX+Fb3TvV\r\ngWPWH3p0E30trLVXk8nk83A4/McYMz8zxPwex/HVYrF4R4jpvt4HGZGXhZkgCG5y+hHMypjj\r\nYrGY+5bVt+plWoVtpfL4npeb1uZFceF5p5NvRStqO2E3Z4vrJK7hnS8EJnEcT8/9/si3tRIW\r\nnfJ1eXeypWlKeOkRgoxzSpix1o7EfxXBhzKr3dM0velKvQzbSuWpYkXm4uJip7GYqj5VsfXi\r\n27oyxlz5Lh891p5j1kmapi/+vjhsX9dkn/V6/Wm9Xv/f8/Pzf9I09dbKdOFEJ45HkNlybJjZ\r\ncxXBrIL5TX2Fm65e5sVV/FViW6lcVazI5KyAzIt8jDxJkixdB9Wf5J0yOuTAMespb4rlOSbE\r\nqOqTqn5Q1f89Pz//P1eo+y5JkmUQBL7wufPcQLcRZDKOCTM5qwl/VbEt0oV6GbaVSrfTubrI\r\nCyPzgmiapvOiHuMIM89YdOqqDMes63Po/ipV/ev5+fm/cRxfxnE8jeP4Nhsq67gBHc1DkPE4\r\nFGayY0U0vztFm+tlXJG0b1tuXsN0Osn3HC3yDdl10/2JC6KVvenHcXx37qoMx6zrc8wlnHEc\r\nzw79G+ScGr0rZpZoC4JMjn1hxuPFVxG8VFvrZYIgeOt78WFbqRgV9ZCpq8g3a+YZO2pVJgzD\r\niGPW9Sj4JvGR53uwFdgzBJk9tsJM7huB62I6q3BaItLOehm3jD/Njpd9ZLdPyu4hk9c7ZrVa\r\nzYt6jGO9ZFXGWjsKw/CjMSbvjZRj1iUqOMSIeIJM0fVgaD6CzAGHwoyqziqe0g/76mWGw+HX\r\nMAzfNqVmxlp7ldN35ylN087c5l23Ck4sTbMD7oLIun4LnnnGovF4/Gb7uW+tvZxMJn+6HiXe\r\n/iQcsy5XCSFGpOR6MLQDQeYISZI8+MKMqt7XvQSdVy8jImKMuQmC4Os5x1KLcOAF7IZahOJU\r\ncGJpZ1tJSrqS4Bh5qzKDweBdEAT/uNb2r4Mg+Ef29HjimHW5SgoxpdeDoR0IMkdyYeZq86Kp\r\nqvdpmk5rnpaI5NfLiHwvhjPGfA7D8GMdqzPj8Xi65wXsQ91BsGvKXJEJw9DbO6YB9U0z36Ax\r\n5tJdLjg/cLw34Zh1ecoKMTn1YN4Geei2Xt+1dCpXxxHVPI0d7s6oaRAE8+ydURvGmOsgCKIw\r\nDG/iOPau4BRtPB5P806FuDcPtpQKVuaKjKpOjTHZ4Z0jsVWL4/guDMN7Y8xvp3ydO+J7Q5gu\r\nT1khRiS3Hmz5ku+FdmNFpiOSJHmI4/hKVf/Kq+dxv6HOJ5PJZ9eduDRhGL4/EGL4DbgcpdQM\r\nWGsvB4NBo7aVtrnC96MboanqX2majggx5SkzxDiRZ2x5xvdDSxFkOiaO49n2FliOKAiCr5PJ\r\n5EWdUPex1l66du9T38c3tQjsY5ejrJqBnCaGj3EcNyLIJEmyjOM4en5+/q/rAusN8+v1+tPz\r\n8/N/XI8SgnRJKggxeZYlfE80HFtLHbTZAnPHnd8ZY37Jfo57gZmFYTg1xixF5E5Vl8aY5Zcv\r\nX17U4tvdHuy9eE/ke01MmqY3vIGUo8weMjlXEjQixGxzb45Ta+2luw/qxhhjXbCfLRaLu5qn\r\n2HkVhpjIM8YvSD1EkOmwxWIxt9beXlxczHO2BTadMUciEm3qHyaTiWxCjWQCjrV2NBwOf1XV\r\ny63AEol8LzTNK6p0/TmmBf7nIaOsHjINuZLgJC4sz6Wi+5/wr+Fw+FZEqliJ2fkFTUT4JamH\r\nCDId517Qr90R7Lkx5tdjvi4v4Gx93Pc13u+1Xq//oBahfC5IZsfOfmHP21ZiexA5ouxAGdtJ\r\nOeGa52QPUSPTE3Ec37namb+rekxVfSLEVKesE0s5d2NVdrcY2iNve7PoEJPXSoJt634iyPRI\r\nkiTf4ji+cQWRpV51v3nxIsRUp4weMq4j8yg73oDeMWigvO3NolfvgiDwPddLfU1Dc7G11EPu\r\nRSUS+X53jqqO3JtVJCKjY7ef8rhmgXTsrVgZKzJBEEyzY9yNhTxlbW96HmeUt5WN/iHI9Fwc\r\nx3e+8byA407BbN4cN1/7ICLf0jRd8gZXqzJ6yLzODtR00zVaoIIrMjbfc+QZviv6cdAOBBl4\r\n5QUcNFfRPWR8VxKIsK2EfFWtyIjn1uuSHgctQI0M0AEl9ZDZOa1U803XaLiqVmTEE2RKehy0\r\nAEEG6ICie8i4UyE7vYeMMfOXfk/0QilXZNT4OGgBggzQAUWfWHJdcXduum7KlQRoprKuyKjr\r\ncdAOBBmgA0pY0t/ZVpIGXkmA5ijzioxtrrln9nGSoh8H7UGQATqgyBUZa+3Id6VFmqY0wUOu\r\nsq7IyMp5ri+Lfhy0B0EG6IAiV2S4kgAvUUZDRh/f1QQU+vYbQQbohsKKH40xO71jhG0lHFDh\r\niaWd57rQQ6bXCDJABxRV/BiGYZRzGR/bStirzhUZLovsN4IM0HJFFlkaY/70fC+uJMBBVazI\r\n5BT6PtLbqN8IMkDLFVVk6d4kIs+HWI3BMUrv7aKqI88YqzE9R5ABWq6oJf2c1ZhHesfgGFX0\r\ndqHQFz4EGaDliljSd9tTUXZcVWcvnhh6o6oeMiKy8zhSwhFvtAtBBmi5IlZkgiC48XyPx8Vi\r\nMT9jauiJqnrIGGN+y45R6AuCDNBy567IWGtHviPXrMbgWFWcWMpb9aG+8naOAAAEzElEQVQQ\r\nHQQZoP3OKrIMgmCWHWM1Bqeo4sTSxcUF20rwIsgALXdOkeWe1RhOKuFoVazIGGNGnuG7Ih8D\r\n7USQAVrMWjvKjp1SZJmzGvO0Wq3m58wL/VJRV9/IM8aKDAgyQJsFQTDyDB+7GnOZcx3BOxqM\r\n4USl95DJeYxlwY+BFiLIAO3mOy1ylJyTSk9cR4BTld1Dxm2Blt6nBu1EkAHazVcAeXfoi6y1\r\nlyLyxvMhVmPQOEEQ+Gpw7uuYC5qHIAP0UBAEN9nfcFmNQYNxYgm5CDJAi+WcFlnu+5o9qzG3\r\nrMagoaLsAHcsYYMgA7RYzmmR5b6v8a3GiIikaTorbmZAoX7NDqxWK4IMRIQgA7Tdzgv8EadF\r\nfH1jPtAhFU3kTteNsuMU+mKDIAO02Kkv8OPxeOr7GlZj0FQ5hb5JHXNBMxFkgJZytS4nMcb8\r\nmR1jNQYNF3nGWI3BDwQZoKVOPZLKagzaKKegnSCDHwgyQE/krMbcsxqDJjPG7HT0LeH6A7QY\r\nQQZoKd9vqiKy9H1u3mqMiMyKmxFQLGvtle95G8fxXeWTQWMRZICW8h2hlpwgMxgMfCeV7nlD\r\nQJPlXKNBoS9+QpAB2muUHVDVnaPXYRhG4i+YnBU9IaAoeZeaqirdp/ETggzQXqPsgK92IK82\r\nhtUYNFnepaaLxWJew3TQYAQZoL1+OfQJrMagxXZWY0SE1RjsIMgALWWM2Sn2za6ysBqDNgrD\r\n8DqnVcC88smg8QgyQEexGoO2MsbsXGq6Xq8/0SoAPgQZoIWstb4mYY/bf2Y1Bm1krR2JJ4Ab\r\nY9hWghdBBmihIAj2Hr1mNQZtFQTBLDumqo8EcOQhyAAtpKojz9iPo9esxqCN3P1hr7Ljqjqr\r\nfjZoC4IM0EK+QsjN0WtWY9BWFxcX19lGj6r6tFqtbuuaE5qPIAO0U+7N16zGoK18z10RuU2S\r\nZKfRI7BBkAHayXfP0h2rMWirMAwjbmfHSxBkgA5hNQZtpaq+Tr7czo6DCDJAO9nsgCsAjjyf\r\nOyt5LsBZrLWjwWCwU+QrdPLFEQgyQAv5br7mhmu0VRAE0+yYO3JNkS8OIsgALeOOqPpEnrFZ\r\neTMBCrPTyVdE5lVPAu1EkAFaJggCX6HvDlZjUBVVTbJjrvD8oPF4PPWtMKZpyrYSjkKQAbpr\r\nVvcE0BsvOh5trb0yxrzNjqvqB45c41gEGaBlfF19PZ/DagwazVp7FQTBZ1ZjcC6CDNAyvl4b\r\nWao6L30iwL+W2QFVzd0C3Rdi3JHrh4Lnhw4jyAAdo6qPi8ViXvc80CvL7IAvpIgcDDFPaZru\r\n9JMB9iHIAC2z7zdd93GW5dFIR4SYiNUYnIogA7RM3m+6Ij8u2JtXOB3gp5vXt4y2/0CIQVkI\r\nMkC3zDntgaptbl7PGG3+DyEGZSLIAC1jjPkt72Oc9kDTEGJQNoIM0BGu98ay7nkAzi/j8XhK\r\niEHZCDJAd8zrngD6ydezyBhzNRgM3hNiUDaCDNAyqnrvG6MBHtqAEIOiEWSAlknT9Ho7zKjq\r\nfZqm0xqnBHgDtudzEkIMimbqngAAoP2staMgCB6MMb/4Pq6qH9I0veFUHYpGkAEAFMKdULrb\r\nDjOq+qSqN3SbRlnYWgIAFCJJkoc0Ta8220xu2zMixKBM/x/qXUaun1/ZnAAAAABJRU5ErkJg\r\ngg==', 0, '82', 1, '', 1, 1.5, 'edited', '2016-05-09 18:51:41');
INSERT INTO `final_drives` (`final_drive_id`, `student_id`, `course_id`, `has_corrective_lenses`, `has_permit`, `instructor_id`, `final_drive_date`, `final_drive_student_signature`, `gif_code`, `final_drive_instructor_signature`, `final_drive_total_deductions`, `final_drive_total_score`, `final_drive_template_id`, `final_drive_comments`, `final_drive_hours_driven`, `final_drive_hours_observed`, `final_drive_status`, `last_updated`) VALUES
(15, 1, 3, NULL, 1, 2, '2016-04-29', 'iVBORw0KGgoAAAANSUhEUgAAAbgAAADyCAYAAAA/ftANAAAABGdBTUEAALGPC/xhBQAAIABJ\nREFUeJztnT9228i27neR4Fo3O7rBCc46wWGPADKKwc0aHkGrR2B6BFaPQPQIJI9AVHRDy9EL\nTeUN2hiBqbCjZ2VvLRaxX6CiGgKrQJAs/P9 a911 xRooiSR Kp27f1tIgAAAKCDiLonAABo\nNr7vn49Go2siColosV6v38dxvKp3VgDsBwIHALAymUyuiGiWHmPmn0qpt3Ecf69nVgAUAwIH\nANjB9/1zz/NuhRDnputa5N5gJweazKDuCQAAmsVkMrkajUbfbOJGRCSEOBuNRrdVzguAQ8EO\nDgBARPt3bSbW6/V/x3H8s8x5AXAs2MEBAMj3/bN94sbMT9kxz/MKiyEAVQOBAwCQ53lfc87b\n4vV6/YaI7g2Xw1InBsAJQOAA6DlSyrxkko9RFJ3HcfydmXeyJpkZOzjQWLy6JwAAqI8gCC6F\nENPsODM/KaXCdCnAZrNZDAav18RCiF/LnyUAx4EkEwB6ShAE08FgYMyEZOa3URQtsuOTyYSz\nY v1 heUC4Am0qgdnD7o/o2ILg/J5MqiQyk3URTduZsdAN3B9/1zIcS16VqSJO Xy XCdI2Z\nH7K7Np1osnI SQBOpBECp9OTPxDRhRDi7NT30 I4l1LeENFcKfUJK0wAntELya m7xozf1ou\nl/Ocf/6diLJhyZDMCSgA1EptIUpXu7WiMPM9Ec2jKPpS9r0AaCopcdv5ziVJ8mW5XF7k/Xsp\n5YUQ4nN6jJkfoigKHU8VgJOpfAfnerdWFCHEBRFdSClXzHyz2WzuUKAK oat1o2Z481mM933\n75VS30ej0asxJJqAplLJDq7q3VpRmHkbvoRpLOg8UsobIcSH7LjOmBwXXfBJKX8KIf6RHluv\n12/wPQJNo9Qd3DG7Ne2WcK UujnmC6PveSmEeLfvtUKI6Wg0mk4mE7QAAZ0mCIJpjriFh0Qz\nmHkhhPgtPTYcDkN6Pp8DoDGUInCZ/lGFYOZYhw7vTwkdalGc r5/ORwOp0KISyHEf/b8s1Ab\nx7499r4ANBUpZSiEsJUDXB66kBRCfCei3zJjjYnMALDFeYgy7xA7y6m7taJIKS YeToYDH7L\ne52t9geAtqIjGsaMySRJ/lgulzeHvqcWzK/pMWb HkXRm1PmCoBrnO/gPM 73idurnZrRYmi\n6J6I7n3fH3ued0lE0 wZAhGREOKKiBZlzweAqtBJJaZygLtjxI2ISCm1MiSaYAcHGofTHdwe\nZ4RKdmtFkVLOtKC9AofloCvkJJXEURQdLUiWHdxJ7wlAGTgzW7Y5IzDzU5Ik75VS4yiKpk0R\njyiKZsz8mB3XOzwAWo0WIaO4KaXCE9/e9O8b8b0GII0TgUv1kjKFQi6Xy W8iTVnzDzLjgkh\n3vm P65 NgC4wff9MyL6bLqmlJqe l00dRAwdRoAoG6cCJzt3E3H ecu7lEGy VybtnFzaqf\nDQBusC02kyT5w0UExVTYrTMrAWgUJwucrq ZZsd1KKQN4b55dkDv4ipzWQHAFbr9zY7dFjM/\nHJtUksb3/bFJPJF9DJrISQKXd 7mIhRSBUqpG50A8wqcxYG2ocVnJ3FKfx9zPSaLojsHZN//\nwcV7A CaowVu37lbU5JJ9qFF2LSy/YBdHGgTnud9tjgGuVxsmjIlW/FdB/3jaIFr67mbCaXU\njsAJIc6wiwNtQZe9mL6Pn3QdqCtCwz0gcKCRHCVwHTh3e0Ucxz Z2dQcda fJQB1o0sCTKHJ\nR6XUzOW9TAkmm81m4fIeALjiYIHrwrmbCdODQAgxDoJgWv1sACiGDqMbzRWUUhcuv4  75t2\niE8wKQdN5WCBG41G120/dzMRx/HKtIszrYwBaAr6HHycHWfmj66/j8PhEOdvoFUcJHC6ADrM\njrfx3M2E5SwOuzjQSHR3bWNJQBRFM9f3E0KEhuGF6/sA4IqDBM6UdKHj/K07dzMRx/F3U8rz\nYDDAWRxoFHqxuROa3B4VlHVbwxh2cKCxHBqi3Gk3w8w3bT13szAzjIUVzwGAXEajkbFEh55L\nAlZl3NOUpamUWpRxLwBcUFjgdDhknB3fbDZzh/OpHTgygKYjpZyRYdGVJMkXxyUB6Xvu3I Z\nHzu2uAUd45Ad3E6sP0mSL/iAA1AdOovZWBKw2WymZd0XBsugjRQSOJ2KvBOeFELMXU oCTBz\nnB0zpUgDUCXaPcjYJYDcupWYCA1jixLvB8DJFBK44XB4kY33M/NTWeGQBrDzoPA8D7ZdoFY8\nz5vZSgLKDq0LIXYSTNBBADSdQgJnySLsqrgB0Dj0GbitO/eszHv7vn9mElacV4Oms1fgbLVv\nppoxAIB7bG4lLrsE5OF5Xmi4904YH4Cm4e17wXA4NBWSPrbZtQSANjEajT4Tkck9aFaRTRYc\nTEAr2buDs4RFur57W2UHmHlc/TRA3wmC4JIsJQEuGpgWZOf zLyo6N4AHE2uwOmU5HF2fLPZ\ndP38bZUdMP0eACgT3/fPB4OB0di8zJIA01SyA5vNBjs40HhyBc5izfUA93AAymVPSYDTLgF7\n5jE2OabgiAK0gX0hSpM117ycqQAAiF7E7aulJOBTldmLw EwNMxhx68VgCZiFTidlrxT 9aD\n8CQAtZESN5NzSBxFUaXG5qZ5EAq8QUuwChwzTw3D932w5mJm08 IQm9QOqPR6LNF3MrsEpAH\nMihBazEKnO/7Z4PBYCc8ST0p7rY4NMCqC5SKlPKWzBmLT0qpsI5zLyHEr9kxpRQEDrQCo8AN\nh8NpdoyZHztszQVArUgpb4UQ0 x4neJm6SDwhCQz0BaMAieEgDUXABUhpZyZxI2IiJkv68pY\ntHQQWNQwFQCOwiZwpsaGXS/uBqBygiCYmtrfEBElSfJ uVzOK57SC6bnAAyWQZvYEThTWxht\nzbWqZEYA9IQgCKaDwWDHY5KofnHT7BR4EzIoQYvYEThLW5hV VNpDqY6I9NhOwDHIqW8sIkb\nM3 qW9yklKElkoMdHGgNphBlaBjDhxoAR goiU3c7qqudbMwzQ5oF6POlwmB7mASONMODh9q\nABzg /65LuQ2dQe4i6JoWsO0XqHtuXYSzeBiBNqGSeB671xgSY9 rGEqoEP4vj/OEbe4CeJG\nROR53jQ7xsyPdYdNATgUk8D9JzuglOrVDs7UGoeZEaYFR7M1T7aJm1IqrGFaO jmqjstsoho\nXvFUADiZHYEzGbz2zTnc9DtAejQ4ln3 krqQuxGLyOFwuONBS4QyIdBOXgmcrUSguuk0htAw\nBoEDB7NH3J6aJG5ERKaaPGa a9IcASjKK4FDicALpjDtqoZ5gJbjed51W8RNlwaMs NKqVnl\nkwHAAdkQZWh4Ta92Lr7vnyFMC1zQRH/JPCy7NzQ4Bq0lK3C9LxHwPM94TlLHXEB7sYmb5qJp\n4ub7/pjMC1ycvYHW4mX d 9LBJj5XAiRHVvVMxvgkslk8iszXxCR0aWjCrQF16KOe fhed4s\nO4YOIqDtZAWu9yUCyKDsDr7vnw Hw1 FEKEQ4oKIKLt4qZKG EvuoEsDdvo/MvOs tkA4I5X\nAoezJyJCB PWojMWfyWi7S5tXO M/iZJkj aKG5Ez/0fs6UBzPy02WywewOt5kXgUCLwwo6D\nOjIom8tkMvmViEJmvqgr7LgPZo6Xy2Vjz7KEEMbC7iZleAJwDC8ChxKBlwzKnd9DD3exjUXb\nXb3s0kgnRtUZetyHEML3fX/cxGxE3Y9unB1va2G3lPKdTu4JiWjBzB9N3UFAP0iHKEPD9V49\n2JFB2TxSYceQiC5OCTsy8xMR3TPzYrPZ3LvYoeSZJ6fxPO SiJrQJeAVg8Fgx1Q5SZIvTRTj\nPKSU74holvl8hEKIcDKZQOh6Slrgel8iYMqgpJ6JfBPYJocMBoPtLu1omPmBme83m83C9U68\nqLhp3vm P2tS2E8fS4TZcSFEK3Zvvu fDYfDd0KIyz0LHwhdT0kLXO9LBCxfklW1s gfqbBj\nSM 7tCKCYUSfG98T0aLMFPc9bW9iIcSrs1whxNlwOLygBpkW613lK3RXg0UN0ymM7/tno9Ho\nAzNfHvhZgdD1jLTA9b5EgCDyleL7/vloNLqmE3ZpzPzEzAsi2u7SVo6mZ2WfuCmlQs/zbrI9\n1bRTyLzs RUhp dbY3dveiH0gZ6bsZ6dcO76InTr9foPnLF3lxeBQ4kAESGDsjJ0csM1mUPj\nuehz0Xul1H3Vn9E94vaklJrGcfzT9/3ZaDTKCtxYSnnRhOJpS8 3pyaWMmhhu8pxhnmFDkvP\nhRBTIcSvOS8NPc 7JaI3TiYKGke20Lu36BWtKYNyVcN0Oo2U8loIUTjhQocdF/Qsaou6zrEK\niNuLv2Qcxysp5UP2AatT8msXODL3fGvU7k03Hn53gLDdEdE8FXqc6/eY2YROCHEeBMFlk8s4\nwPFA4DSe542zY8z8UMNUOkte65gsSZJ8IaJttuOq/Nnlc4i4pbghouyDNay7ZEDvnhvb8013\nNbiigqFrZr5TSs1Mv1MtdmGe0Akhrnzfb8TnDLjFI3qx6nmFTqnuE6FhbFXxHDqLfsAYO1oT\nvUoOuW/a4f R4kZRFN1LKR FEK/Ot7Xv47Ss e7DVNjdhJ5vh5zJ6ufTXCl1U0SY0kInhPia\nviaEOPM875qIfj9q4qCxDIjM9V/Uv/T4sWFsVfEcOslkMrkSQljT6fUK/DyKosuuiFvqNbPs\nmBDinWlRWQX6Ab/zfa9797b9PdMecdNJRR VUuMoii4P3XVFUbRg5k/ZcSHEhZTy4qBJg8aT\nbZfTZ8aGsUXFc gUvu fSSk/E9HM9pokSf6Iomha9 7BxKniRkS02WzuTdEQU4p FTCzqTTg\noc6EMinlxb56QmZ TJLkDy1sJ9UTKqVmFhvC67oWHqAcIHAaU2weGZTHo8Xh29bFPwszP63X\n6zdNPdx3IW5ERPpBPDdc2knRLxvf98eDwcDUNWBe9Vy26PPA3NB1kiTvoygaL5fLGxcLIf0e\nO0IvhBib2gaB9gKBo5dmjzvg0Pk4giCYanEYm64z84NSatzUMhRX4rbFFP4TQoyDIJieONWD\nsBR2P9ZVGjCZTK4Gg8Gt6Rozxylhm7u dxRF9zqR6RVCiA8m43nQTiBwhAxKV iQ5O1gMLjN\nWZF/jKIobGJIksi9uBE9L5R0CvsrLC7 paBDb40p7JZS3pIldL0tli9beDebzaUpfKwTXUAH\ngMA9ExrGGrm7aCq6GPerrWZJJwf8HkXRrNqZFacMcUsxzw5U2d4np fbzrzKZLsIyvmcPOjf\nc kLIL3wmBkuhWXfG1TDgIiImceGa6tKZ1Iv4 wAM6 qn0Y70UkC32wPbL0iP2 Cg4eNksWN\n6s4OtewWnXRUKEqqDnJqus7Md1Xv7pt6BgzcMCCCyTAZBE4IgR1cAXQJQF6SwJ0Wh1XFUytM\n2eJWN1JKY5shpdSsqjmkdvi2RdCnKIqmVc0H9AM4mZA1g7K1D7Qq0I7un8kSztEhycsmehum\nqUrcdKF79v0r6TVo2r1V2fNtX1uhJEne1/U5sfxdcP7eEXovcKaMKWZ amoSRBNIFeVaU7uV\nUhdN3/U0YOdW mdMZwiH2fGqer41WdxA9 l9kokpg5KQYGIlCIIPo9HoW84D64tS6hzi1gxM\ndV3M/FjFmWAQBFPbZyVVBzkvex6gv/R B0fmHnCtf7C5RicIXOc5uzPzx VyOatuVsfRF3Hz\nff/M0vNtVva9gyCY5tS4deZ3DJpN7wWOmc zjRORQfkaLQi3OQkCT0R0UXemYBH6Im5E1sLu\np81mU2o2654ygLiqMgAAPCLzQ556sovJOr3rsV787EXYNibNyZJszQOrTnFj5rFhIVX278xk\nB bE7spG28Stz8  PuARPbeLMFxrzIewTCzO6r3/gBcMSX6KoqgW0 BDqXvnZkrTL3MhpRcm\nO/dUSs3LuF BrNo7pdRlk8SNqN/Pvj7Q6xAlMijNFAlJtqEEYEvd4lYHOT3fVq7vtS3gJvN5\n9raAe r6vgDso9dZlMig3CVllJznSlK6T6Ar ihuvu fW/5 8zLuledis22H5Pq ABSh1zs4\nMq84F1VPogkUDEk2MsxkQv88V0IIYwi1q JGROR53jQ7xsyx6yQg1Lj1E915/R9JkpwPBoMz\nfY6Z/v/f6fk5ulBKPdT5vOi1wCGD8pmuhSR1Z brnHY9nRU3TeldA/btjIloulwuG s9mmKc\nHejjMyAPvVj8jYgu08 IweA5ALh9hqb /zk9bx4uR6MRTSaTxXq9/r0Ooeu1wFkyKFc1TKU2\nCmZJTtsgBvqLeGtrskpUq7iFhjHnc9C kzt/S5elAR0L 46zA317BtjQf cPRGT8TB1AqBOQ\n3jqaWmG2WZQ7XoxtqGk6FdOOpQ8/N1H3QpJBEHwQQszyvogNFGvnv1dmnhqiEneu/oZ7xK0V\nFm3Ajm235oDQ4XsVprc7OIvJ6mMNU6mcLoUk9XnANeV8gXTI7KbJvehc4Pv 2WAw M1wycnu\nLW 338QaN1Ach7u1RtFbgTMV3lJPWgRpQcjLkmzSLsfKZDK5IktX6C26gea0ye16XDEcDqfZ\nMe07ebLA7bHegri1kGN3a3rB J2ZfwohXv6/UuonEa08zwuFEJ9Lm/gBWAXO9/2zLn9gLQkI\ni2pnUT165xqarrUlJKl/hlsynJ9s2SY6NLnJqmtMvpPkYPfWcXH7R3ZAP6g7yzG7Nf19uldK\n3RRY/N5PJpOT5 mCrVVXLITwX13wvHPq9gM/zA70JHtqmh1oS0iyyLkhUWOFeiehyeWD1Fb7\nppQ6KXuy4 JmPIdvQ/TiGIqE87Mwc8zMN5vNptLu767Y7uC E5GfuRZStwWudxmUvu PLe7y\njRc3nfp/uyeJ5JGed22LyiZWEFPEwOWD1Fb7dkpotuvi1id01OMzWXo4pjlwt9Zotju4heHB\nF1Y/nWrQD/pxdryJD0aXWB6CT00WN9/3x6PR6Jb2fB6Z WPXk0j24LT2Le98syvWW7oZbOfR\nGcZ7Pwtt362Z8IiINpvN923R3hZT6UBXGA6HYXaMmeMaplI1O/6ERFRJZ djmEwmV8x8STmr\nTp1EctnklabJ89QlrmvfpJS3ZAhlE3VH3Ij68RzI6 5A1K3dmgmP6DlUIqV8EkK8OnD1fb/x\nnZmPQQgRGoYXFU jUnSK985DsCx3 VPQ4ZRrIjK1MiGil3PD2XK5bKxAb7H0ZXP2IHVZ 7an\n3U1nxE1jMgToRFLS1gA7pxTokZlnXdqtmXjJotRhylc1NHqF0zmBIyLT7rQTH2wbVbrLH4vv\n 2OdRGJ1IiEiSpLky2azmbbhi5nTVduJMLusfeuZuJHp96aUav1zQGdJfs6xqnvQBfmN//6c\nyovA6d5Ur/7gjivZG4HONhtnx7t /mb6WzLzooap7KB7iX2g/TVtj0R02RKPQyKy1qY5O/d0\nVfvWN3HTSUuv0K2yWr2g35eM1aYeji5IH7wtDNc7dw5nibs/1DCVSjH9jIPBwFQ3VSlSynee\n5/2g/eL2SSl13ra6NtPOmRy2rTm19s33/bM8cetwu5vOhScnk8mVEOJzXneHPokbUWoHF0XR\nIlucJ4QY 74/blIYywFhdoCZW/3BLsiMiL5mxsIgCD5sNhtnXoVF2Z6z7YsStMlZJYtO/hhn\nx0 tTdtyau3bvnOajre76cwxxbY lOyJQW0zwHbGq9RJ08G3LvjuDKa4 2azWdQwlUqJomhh\n2cXdeJ73Q0p5W3a2H9HzOZuU8rMQwvpgJXr UuoVZ2sTnZh5mh1LkuSLqwXjKbVvfRY32zGF\nUmpR WROJPV3nJqu6wVipd8h3/cb42WZ7ei9MLwmLH8a1WAxWG593P0AZqZBIcSZEGI6Go2 \nSSm/SSnfuf6Q r5/NplMrkaj0Y99SSTM/FEpNW7zA9b3/bFpMSWEmDu8zVHJK30WNyLzMYVe\neLQq6UInk/zI Tt 0Tu3VZXz8jwvzI7VVX6R9aJc0G6tVJd2cJ2Ju vEDJ IQmY p eU rHl\n5Yv1ev0 iqKFlPIhr8ZRf1nmnuf9lFLeK6U nboAkFK o d6u1zR1NmRl10IiVtKA5wYHxMd\nX/vWd3Ejsp5bLqqexykU6OP4cblcziqe1pbQMLaoeA5ElBE4pdT30Wj06gUdK/je VmakkmY\nxz4xs9WKpQi1G8hbpdTU87z5vr r/uJMR6PRtGzjVL26u1wul4tSb1QtpXbVPqb2LU/cWtaF\n 2h02cbOz  yIWzZSCmvhRDGZJGG MqaPl 1RMleCVwcxysp5WO207WUMmx7Gn3OB3tRw3QK\nIaUMhRBXlFoRFRAzG2Hq7xjq8MYlPTuK7ziqV0FDvozOsRXVbzabuYv3P6b2rWNduI9mOBya\nygMe2xA12Nexvil/R9Piua7nbPYMzqa0YflTKRfLB/skM9qy0Knb10KIr T2dz/d/kccx9 j\nKJoqpcZJkryvOkbehXM2GzlF9U7OeI6pfdMPxl6Lm6aVxxTaBOFrjrjFSqlx3X9HWyPpup6z\nOwJHhlipDou1mrbYc23rwmwhiFMQQrzLGszGcfxzuVzOoyg6X6/Xb5j5ToerSiFJki/r9fqX\nKIpmbTvUL0JZbWvSHFr7JqWc2cKSPRM325FLowVO776/5dhu3TWos0NoGFtUPIcXdhqebjab\nRUeNl00/w6LqSdg4tlcTPXfW/S6E J4NI0spV9lwsw5LGsVTP imvu fDYfDCyHEZbZP4LHo\nEoVZx87ZdrD5TroSkUMFVL/ yjCn3ombDvm/2sUy81OTj1/yWhYRPRfiN8yPNcwO1HX RmQQ\nuDiOvxsKvs/aXPCd0x6n9pXbgTZVC5uYWZgTUfbh9s73/dzdk742J4eOG32gbN9JosNr3zzP\nMz4c yZumlaFJ/fYpzU1KWhnQVxnnsOOwBE9r7azuzZdOzKvYE7OsZy/1W7PpX3jrolobHvN\nKa75Sqkbz/Mu00kkQogzfYbTpFVfJyjbd1JTWEBzQpMfeyhuRBmvXaJmZlHrRe9nskRzmPlR\nmyU36m oowU7O Q652k6gyMyhO4sZ1htITSMLSqewwu 748nk8lX7Rs3tr1OF2qOjw1B6J3Y\nzgrP4o8ITqRs38lDat9yQpNxHxvD2qI4TSsP2Ga7kl3cKncmKYrF53dR/Uz xiZwpl ek7OY\nOjCdIdbVFmMymVx5nveNcs7adK mt8vl8uSWFkqpWXZMCDEOgmB6yvuC15TtO0lktv6yZWfm\nhCZ33qMP5GRRNyExg4ieP0N7erjdaeu6xsw5Q5gd0F1qasMocCZPNiHEuSkFtOnYDparXgFJ\nKUMp5Q8imuW4Dzwx88coisauDr7jOF4lSfIlO96ETgJdomzfyUNq3xCa3MWUXs/M8xqmYiQI\ngg8FOgFMK57WQVgS0hZVzyONUeDiOP5pOqNiZuep6xUQZgeq3DbrmratufDY9jrdhPC8jPCR\nEMK0iwhd36evVOE7WbT2DaHJXXTyT2OKj7NIKW8Hg4Fxp68XvW bXi ak8i3qHwyKWwhSuPq\nZjAY/Jato2oBTrodH0MQBB90TZvVXFiHI3 Poqg0U1TdSeAxO97GHXkTKdt3kqh47RtCk7tY\nzH8f697N6sXvtz2dAFrhItXUPptWgVsul3PTQ9HzvFmZE3JJXfZcvu fSym/DQaDG1vIgejF\nzaOqJp4rw/3HFdy3D5RaGqDD7Htr3xCatNK48oB9nQB0RKc1pRxNNdKwChwRETPPsmPaDSPX\nFb4p5KzcVmXdM X5Z3V/YeaH9Xr9pmI3j0V2IC9kCopRtu8kEZEl5PiQ/hwjNJmLKYqzqHoS\nW4IgmNp8QYmeu9friE5Tk0lMmM7fahfnXIHbbDb3JtsmU0imoVS6cssztCV61cSz8pUZM68M\nw2GVc giZftO6jByaLjHPP2/EZo0Y6rNIqrP5EFKeT0YDIy oEQvySRteb6 YIkwLGqYyity\nBU5/SU2hlg8t2cVVZs9VQNw 1WkuLIRYGYb/YxgDBanCd5JSBtlbmPkx/TlCaNKOyfnFlFVc\nNqlkM6N4MfPTer1 0/RkkkNowg40V CIzF9W7YZhTZxoArasnjJWFan6FZNb yMzv42i6LLO\nP7jpoBohytOowHdybLH mqVeg9BkPrWbK7elE0AX2StwumTgLjtu lI1CVtWj2uR0WcwxvqV\nretAU7KgkEnpjop8J2eG93 1e0No0o5th11leYCUMmxRJ4DOsVfgiFrrhmFaLS1c3iDP6Xub\n4tuwD 4qO4BMyuMo23cyZ/f2IqAITeaTs8NeVXF/vfjNO7b4GEXRtGHPiE5RSODa6IZhafGz\ncPX LRQ3ImRSOqNs30nLw/lpm52J0GQhTObKlZiM6 Jt2/PhSde zqqYS58pJHBEdjeMJoa4\nbK7WrkKFLRU3ZFI6omzfSZ3AZVo83mw/VwhN5mMq39ALhFLP3woUbz/q4u1GmTx3lcICp90w\nWmHf5XmeyXdu4eK996zMGh1PRyalG8r2ndQtjnYezlsBRWhyP5bo0n2Z380CnbcfmtoJoKsU\nFjiiVtl3hYaxxalvuqcB4V3T4 nIpDydsn0n9e7NGP6M4/gnQpP70c j0HBpXtY9U5nUY9N1\n/Xxo7OK3qxwkcG2w78oxVj0pJFBE3E55/6pAJuVplO07ORwOjc4o290bQpP7yfkbLcq432Qy\nuWp7J4CucpDAETXfvqsMe66uiJtmlR1AJuVBlFoakOOMskJosjCVJJfo87ZbIpqZrrelE0CX\nOVjgWmDfFRrGFse8Ucp9YGq6rj3jjNcazCI7gDBlMcr2ndTvP86OK6VmCE0Ww5YA5NIblOhV\n8fbUdL1pNbB95WCBa4F9l5P2OL7vn W5D7TVMw6ZlMehQ98mgXHmO2l7fyI68zzvq nfIDT5\nmpwEIGdnX/uSSZIk aKTzVau7gmO42CBI2qufZcre66UuNk wO/bGnYrmw7DAAAPqklEQVRA\nJuXhpD4P4 w1V6UBtt0bEVGODRxCkymqaDwbBMF0NBp9yyveXi6XF0gmaQZHCVxT7bss9lzx\nIR 2LosbETIpj8H2edDWb04ExmaaIIR4Z7OBQ2jyNaYFtssEoG0nANO1VKeQmYt7ATccJXBE\nzbTvsjTd46Kh066LGzgcnWBkErcnpZSTELWtJY4Nfb4zdXHvLlGWu4zv 2eTyeRrXicApVSI\nZ0PzOFrgbPZdlg9ZVZjCE ej0ejzvn Y12G3a9lQplIB3/etDVr7ii17dvtAc7V7OyTykXLK\nQWgyhe56Ps6OK6XmJ77vO8/zvpFlAYJOAHaa8Ew5WuCIzPZdQojzIAgqT76wNTbUhHn/dk 7\nmydtrbNwMM2msMoOeJ7XhAShxhAEwaUtQ46ILlw90A7ZvaWSF3C s8s0O5Dtel4UvWO7klL \nEELM9xRvn PvYcbzvK91i9xJAmez7xJCXFXtbmI6f9vCzLHtmpTyOqfdjdOVOmgH2mv02nRN\nn7MsXN2r6O6Nme QvGAmp3XR/MD3GUspb0ej0f8lolne2XSSJH 0sESoNCw6cFa3yJ0kcJpZ\ndkD/YMYHRFnY0vk1O4fMRePqELd kWek7foMtujubdtWxdV9u4YluaRw6yIp5W TyeTraDT6\nkbNrf3lffVxRSVeCtqCUmprqo sWuZMFTu/iPmXHhRAXVVpAWdrjEBGRUuqVwG3rWCg/rt5l\ncTP9XGHVk2gaOsxtXJjpHdTc5f2K7N6QmbefY5JLtInDOx2GvKdiC42HDh5XOCGO45VSKmya\nyLnYwZFSamb6wYjotoribymldfembbpeHuhBEEzzTFFT5xxdFTciIoS5MuhFj 0ctiw7ttB2\nYdszrCuJTWViyXp Z3qg6jDktU4os56vpWHmO2Z q82Su/xcOIk4jr83TeQ8F28Sx/FPfSj/\nKrQjhBhrC6 Zi/vkEOZcW2z/I89Tkug5ro7QQ/9IlYfsiFuSJF Wy W0jPsy84Mp8oDw GGY\nfo/bB6qUck5/PwMu9oUgU /5REQ3Sqk5HEmKE8fxd9/3Q8/zFkKIf6SvpUTubVWfbSc7OKKX\nTgN1JZxYw5NEdF gCSHi6kS9zKLMEzdmjjebzbSse tzi1ffmW0YDOJWHKXUpW3XIIS4FELc\n6/ b7nsvZn5MkuS9UmocRdEM4nY4TdrJCZdv5vv eDQa/TBcWvz5559vXd5ri65/Mfr0ERGt\n1 s3tgcY0ct520WfPsim3xkzP0RRFNY0pVrIK xvcmd2sIsOMe/sGoqiFxoznK 5I 9vwsw/\nlVKl7 Sc7eCIng8amfmj4VJYosOJ9X2Z ece37htB 5VSXMDDcbzvOsclxKk5LeIvF2DDR25\nuVuv179EUYTkEcc0YSfnVOCIns1nTU4ZQohr1wkntvqX1D2t99s2IcRDrJ8UcClZVT8rcAqp\nB rOUUkaZn5k5o86DDnF37o86hY55wKnBWOaHdc/zMzlvY7pQcfMT v1 k2fs9OUUiZR701H\nASnlje08Budf7SaO4 9RFIXr9fq/mfl3Zv60NXpg5ge9sN2er2FxWwFFRK6skjKnZ3BpgiC4\nN7Wu0Om2Cxf30DUs46Kvx7nK30wmE86O/fnnn6V9HppClYXcAIC/KXBOutCmBgtX93S g9uy\n2WyMmU1E9NnFltTWudeG7r4N37geA3EDoD4KnJOGQoivk8nkq6vM 9IETieczLLjrrakRbsW\npPo0ta77dpmYzkmrdJ6pGt/3z3N6eX2EuAFQPgWTgcLRaPRDSnl7qtCVJnBERMvl8sZkdKzr\nU74em1mpf hw3 uY RF9mqyssgPMPK5 GuWzdSkxXdMuJbOKpwRAbymaDCSEmJ4qdKUKHNFL\nMevOboGIaDAY3B4jckWSVXTB7DkSBqwssgNd7Ozt /64BgsuAEAO22QgnQhk1IctW6GbTCZX\nh2bily5wWq3PbS1rBoPBrZSycOcB/QPuJK k0edtSCbJgZlXhuGw4mmUii7ktrVCil115AYA\nHEcURfdRFI2TJHm/T iIaOZ53kFCV7rAET2XDugtqVHkhBCXUkrj UiW4XB4kVffRkSE87b9\nCCFWhuHOlArApQSA9rBcLudFhE4/ wsLXSUCR/RK5O5M14UQUx1rzZ3wvhYjSZJ8OWWefcGU\nitulEOVoNPqc41ICcQOggSyXy7mO H3MS0RJCd03KaXV7KMygSN6FrkoiqZ5Iqcr240ipz0U\nx3tus9PcFJjpaialjgaE2XGIGwDNR vETCk1LiB0YyHEXEr5wyR0lQrcFi1yO01SiZ57O5lE\nTmfRfN733pvNZuFkkv1glR1oeyZlAQsuJB0B0AKyQpf32ozQvfQHrUXgiJ7PyZIkeW 6pkXu\n27YgPC9ZIA0zx/CVO4hFdqDNYcogCKY5LVGmEDcA2sdW6Nbr9S 26N8WLXSft8XitQkc0XO8\nNUfkxrog/MLzvFtL194sCE8eQJcyKfe5lERRhM8GAC0mjuNVFEXTIkJHz8Xit7UKHNFLo9S3\nOQ0LPwshLkz/NotSCg xA hKJqWUMswRtz9Q6A9Ad8gIXV6xeNgYc10HDQsfoygaO55W5zGZ\nLq/X61/aEurdupSgkBuAfqIT42ZCiF/T48z8UPsObkvKvsVYK1eAhcv59AXT7/uYNkR1AHED\nAERRtNCuKG 3OzrtZHXRmB3cFt/3z4bD4dzUaicPZv4d5yyHEwTB5WAweOUkw8yrKIp qWtO\nRdCZUrc2l5IoikrtFAwAaD6N2cGlEUIcfA4EcTuOzWYzz44JIcZNrocLguCDPpu1WXCFNUwL\nANAwGidwnuddF8yYfAHuJccTx/FPy 9vWvVciiClvB0MBjema7DgAgCk8eqeQBop5SynjikP\n7N5O4552DawPChGXTZ63JNGLuE0hbgCALY3ZwekO3bk kzbgXnIaulTjVZmGEOLs2H59rtHJ\nJD9yxO0BLiUAgCyNEDjtWFKom0D2QczMD21JaW84pl1wofrDMgmCYGrLlCRCayQAgJ3aBa6o\nDRfR81lbuhOsXrlPS59kP5hnBwaDwW HNhh0yWQyuRoMBsZMSaIXh5JWlDQAAKqn9jM4vTof\nF3mtEGKuw1BhmXPqI1EULaSUj9kMVl0TN6tyLnrRc0uWHSSMkwEARah1B6ed3wtlTGqnEiST\nlMvO71cIcbU1Lq1iAr7vj/WixyZusVLqHOIGANhHbQIXBMHlIRmTzGxMDQfuUErZfsfhaDT6\noRvSjsu6v04m ZaTTHKnd26rsuYAAOgOwzpuqs1x/9d0jZk/CSH JzP2tNlspn/99df/q2aG\n/eSvv/76 a9//eutLWQshDgfDAbTf//73//1z3/ M3b599DJJP9HCPFfpuvM/DGKokt8BgAA\nRal8B6czJo2NS3XrnF8Nl 6RJVcNSqlpnkN3qlX8jyAIPri4py7eNmbRMvOTTiaZubgXAKA/\nVO5FOZlMvpIhSUR3 L4XQnzNXluv129w5lItunnobJ9tmu4pN4uiaF9/ph183z8bjUafyZI0\nxMyPSqkL/O0BAMdQqcDZmlIy80MURaGUci6EeGe6VtkkwSv0Wens2DZGxwLbLQDAqVQqcFLK\nH9nznZQ57tloNPqR/TdJkrxHw8p60Wn7l0R0WYXQodUNAMAFlZ3B6Z3A2HDpMo7jn57nTbMX\nmPkR4lY/cRz/jKJoppQ6L9Aq/iSSJPkD4gYAcEElAuf7/pnJZ1KHHxf6f77LXieDuwaojwNa\nxR8MMz8x89vlcolyEACAEyoROM/zLk12S1ubLZ3QMDZcn5c9N3A4WuheddA9ha1ZcmqxAwAA\nJ1O6VZcuDN5JJ2fmu23B7mAw2Nm9pa DZqIFKax5GgAAYKT0HZznebPs7k17Cc6IXuriQsM/\nnZc9NwAAAN2lVIHzfX cTfvX3Gx3Zzo77xXad3JR5twAAAB0m1IFbjQamWrenraeh7oVy07n\naGaelTkvAAAA3ac0gZNShmR2LJlti3eHw HUFL7cbDboGgAAAOAkShM4S1nAYzoNXAhh8jKc\nw70CAADAqZQicEEQTMmye9v t5QytJQGoA4KAADAyZQicLai7rQrCTObkkseUBoAAADABc4F\nLseSa7b9D9/3x4PBYCe5hIiwewMAAOAEpwJX0JIrrzQAySUAAACc4FTg9llypTA5l2D3BgAA\nwBnOBK6IJRfRi /kjghuNpu5q7kAAAAAzgRunyXXFlNpgBZBlAYAAABwhhOBK2LJlXrdefZF\nKA0AAADgGicCt8 Sa8twOLwwvC6O4/i7i3kAAAAAW04WuCKWXFtMuzxmnp86BwAAACDLyQJX\nxJKLyB6ehO8kAACAMjhJ4HTmZJgdN3UDGA6Hptc9wrkEAABAGZwkcBbRitOWXCl2zt ICLs3\nAAAApXCSwAkhQsPwIjvg /6ZyZpLKTU/5f4AAACAjVPP4Ex kju7Mkv25COyJwEAAJTF0QLn\n /65yZEk7TmZAuFJAAAAlXK0wJnO35Ik ZIdQ3gSAABAHRwtcEII065skR3wPC/MjjHzE8KT\nAAAAyuQUgfs1O7bZbBaGlyI8CQAAoHKOEjgp5SFJI4USUQAAAACXHLuDCw1ji yAlPLC1GEA\njU0BAACUzbECtxOeZOaF4XUITwIAAKiFgwXuQE9JhCcBAADUwsECZ7PnynYOkFKGljo5CBwA\nAIDSOVjgitpzkSE8aaqTAwAAAMrgmDO4omFHhCcBAADUxkECV9SeS79unH0der8BAACoioME\nrqg9l d5U9Prsud0AAAAQFkcJHBF7bkI4UkAAAA1c6jA7bXnQngSAABAEygscEXtuYqWEQAA\nAABlcsgOLjSMLbIDQogP2TFmnh9wHwAAAOBkDhG4vfZcQRBcIjwJAACgCRQWuH32XNrC6yr7\nGmZ iON4dfQMAQAAgCMoJHC 7 /UvhERpc/VPM 7NtXIKaUuj58eAAAAcByFBM7zvJ3dGzM/\nbP9b 06aklA oXM3AACAOji6o/cWvbu7zY4z85NSanbq wMAAADHUEjgmHlsGPtJROR5njGx\nhIimKA0AAABQF4UEziRgQojveYklaIsDAACgTk4KUY5Go53QJBGRUmp6yvsCAAAAp1I0RLmT\nZELPhd h4bUfURYAAACgboqGKHfS/02 lMz8GEXRzMG8AAAAgJM4OYsyw9Tx wEAAABH4RV5\nkWm3liVJki/L5XJx8owAAAAABzjZwTHz02azmbp4LwAAAMAFrgRuhpo3AAAATeJkgWPmeLlc\n3riYDAAAAOCKkwSOmWPUvAEAAGgihZJMmPkhm2jCzB9REgAAAKCpFNrBKaUutt0DmPlhvV6/\ngbgBAABoMv8fSbGep3E 42AAAAAASUVORK5CYII=', NULL, 'iVBORw0KGgoAAAANSUhEUgAAAnQAAADICAYAAABh/nzoAAAABGdBTUEAALGPC/xhBQAAIABJ\nREFUeJzt3d11Ikm2t/EdkFwfHQuasSD0EtwXY0FrLCjagtJYUIwFpbagKAtaZUGje0ELCwZZ\ncKRrEvZ7QaBOpTIhgfyE57dWry6lJIhSIfizI2KHCAAAABrNVD0AANlZa7tBEHwzxtyIyGS5\nXP5rPp /VD0uAEC1WlUPAEB2nU7nuw9zIiKDdrs9rnI8AIB6INABzTKIftBqtX6taBwAgBoh\n0AEAADQcgQ4AAKDhCHQAAAANR6ADGkRVn PXrLXdCoYCAKgRAh3QLIv4hSAIuuUPAwBQJwQ6\nAACAhiPQAQAANByBDgAAoOEIdAAAAA1HoAMAAGg4Ah0AAEDDEeiAZlnEL6hqt/xhAADqhEAH\nNMsifsEY0y19FACAWiHQAQAANByBDgAAoOEIdAAAAA1HoAMAAGg4Ah0AAEDDEegAAAAajkAH\nNIiqLhIud0seBgCgZgh0QIMYYxYJl7slDwMAUDMEOgAAgIYj0AEAADQcgQ4AAKDhCHQAAAAN\nR6ADAABoOAIdAABAwxHogAYJw3CRcPmXsscBAKgXAh3QIPP5fBG/Zozplj4QAECtEOgAAAAa\njkAHAADQcAQ6oEGcc4OqxwAAqB8CHdAgxpiv8Wuq lDFWAAA9UGgAxrCV cGCZ8alToQAEDt\nEOiAhkirzk2n00kFwwEA1AiBDmgAqnMAgF0IdEADUJ0DAOxCoANqjuocAGAfAh1Qc1TnAAD7\nEOiAGqM6BwDIgkAH1BjVOQBAFgQ6oKaozgEAsiLQATVFdQ4AkBWBDqghqnMAgEMQ6IAaojoH\nADgEgQ6oGapzAIBDEeiAmqE6BwA4FIEOqBGqcwCAYxDogBqhOgcAOAaBDqgJa 21JFTnVHVc\n mAAAI1CoANqIgiC2/g1VX2ezWbjCoYDAGgQAh1QA9barjHmc/y6qo4qGA4AoGEIdEANBEEw\nil jOgcAyIpAB1TMWnuVVJ0TkXHZYwEANBOBDqhYytq51zAM76oYDwCgeQh0QIWstVci8iXh\nU3fz fyl7PEAAJqJQAdUKAiCW2PMVfw61TkAwCEIdEC1kna2/qA6BwA4BIEOqEiv1xsaY7rx\n62EYjkofDACg0Qh0QEVSjvn6MZ/PFxUMBwDQYAQ6oAI7qnOsnQMAHIxAB1Sg1WolrZ17mM/n\nT1WMBwDQbAQ6oGTOuYGIDBI NSp1IACAs0GgA0qWsnbuYTqdTioYDgDgDBDogBJZa68loTqn\nquPSBwMAOBsEOqBEKcd8Pc9ms3EFwwEAnAkCHVASa23XGJO0GWJUwXAAAGeEQAeUJAiCUfwa\n1TkAQB4IdEAJrLVXSdU5ERmXPRYAwPkh0AElSFk790ojYQBAHgh0QMGstVci8iXhU3fz fyl\n7PEAAM4PgQ4oWBAEt8aYq/h1qnMAgLwQ6IDiJe1s/UF1DgCQFwIdUKBerzc0xnTj18MwHJU \nGADA2SLQAQVKOebrx3w X1QwHADAmSLQAQXZUZ1j7RwAIFcEOqAgrVYrae3cw3w f6piPACA\n80WgAwrgnBuIyCDhU6NSBwIAuAgEOqAAKWvnHqbT6aSC4QAAzhyBDsiZtfZaEqpzqjoufTAA\ngItAoANylnLM1/NsNhtXMBwAwAUg0AE5stZ2jTFJmyFGFQwHAHAhCHRAjoIgGMWvUZ0DABSN\nQAfkxFp7lVSdE5Fx2WMBAFwWAh2Qk5S1c680EgYAFI1AB TAWnslIl8SPnU3n89fyh4PAOCy\nEOiAHARBcGuMuYpfpzoHACgDgQ7IR9LO1h9U5wAAZSDQASfq9XpDY0w3fj0Mw1HpgwEAXCQC\nHXCilGO fszn80UFwwEAXCACHXCCHdU51s4BAEpDoANO0Gq1ktbOPczn86cqxgMAuEwEOuBI\n1tprERkkfGpU7kgAAJeOQAccKaWR8Hw6nU4qGA4A4IIR6IAjpB3zpaqsnQMAlI5ABxyh3W4P\n49dU9XU2m41LHwwA4OIR6IAjGGOSjvkalz0OAABECHTAwZxzA1qVAADqhEAHHEhVkzZDPNBI\nGABQFQIdcABrbbfVav2a8CmqcwCAyhDogAMEQTCMX1PV5 l0el/BcAAAEBGRoOoBAA3zoVWJ\nnOlmCL9W8KtsmidPlsvlv8/9BIx v/8p8uFgz58ny XyN6baAdSBqXoAQFP0er1hq9X6Hr  \nXC7/dz6fv1QxpiLEgtwbVX0Rkd/OqRqZ9nfNar1e/5zNZjf5jgoADkeFDsgo5dzWH cS5qy1\n3SAIvhljEgOKMeZKRP7o9/ujx8fH/5Q8vFydGuS2UtZTAkDpCHRABtbariS/ I9LHUgBfJD7\naowZZvyWkXPuOgzD35oWZvMKcgBQNwQ6IIMgCEbxa34zxKT0weTEWnvlg9yHNiz7GGNugiDo\nWmv/1YQ1ZEUFOVWd53l7AHAsAh2wh7X2SkQ TK2p6qj80ZzOWnvV6XS qOqtn0ZNparPqvqU\nNLVojLnudDrfReSfhQ32RIcGOVV9iHw4if35zhhjY98yEQCoAQIdsEe73b6JBx9VfV2tVo3b\nHNDv97/6xshXxqTvifJBbrQ9m9Y5N/LBKG5grb2q29TrIUHOh7jRvmqrc 6XhMuNewwAOE8E\nOmCPlHNb7 sWYnZxzn0WkZGIdPcEuVcRuZtOp6Po9el0OnLOPYnI2BjzP9HPBUFwLTWpVBUR\n5CK3 yHUN3nKHcB5IdABO/gX8uv49aac27oNcklnz0Ztg1wYhndpQXU6nd475 7lYy  gVQc\n6IoKchFJO3//zzn3l3980JMOQKUIdMBuw/gFf25rrRvsWmuvO53ON8kWcH4Pw3CUpeKoqk/G\nmM xax8Cb1lKCHKpayhjIXlQ9/WEAM4bgQ5IYa29iocXERFVHVcwnMz87tU/RWTfhocfPsgt\nst72arWatFrvTww0xnxK fLClBHktoIg L6vwuntHQsAFIVAB6Rot9vD DVVfd1uFKijbZjb\ntXt1vV7/XK1Wt8dMD87n86d v//umjHmylrbLWO6scwg5 /vLq3RcsL9PR97PwBwKgIdkCJl\nM0Rt185FwlziFOg24Mxms8kp96OqD/GqnN8YsTjldnfxawFv0/5uUXkEOZHNUW8pj4E0i1Pu\nDwBOQaADEjjnbpKm2cIwHJc mAx2hTm/4eEmxx2ZTyISn2YdSM4tPKy1V 12 7Mx5jbLlGde\nQc7f97Ux5tuB33by/QLAsQh0QAJVHcbbe6zX65913cW4K8yFYTjIeRPHRETilavcNkZYa7ud\nTudzlsbHIvkGOX//V0EQ/JHlvmPjWORx/wBwDAIdEGOt7aacjDCuYDh7Oee lxjmJAzDp06n\n8 5aHhsjrLXXQRB82Z4pu6tfnkj QW7Lh Puod9njFnkOQ4AOMTuZ0zgAvmF8O8qUP7c1m5F\nQ0rlw9wwfr2oMBe535d4g Hlcvn/jrm/I4/nyj3I bEk/jxj9/8a/7uLiDw PvJ8CqAyVOiA\nj5JaldRuM8Su8KGqt0X2ylPViTHmXRWz3W4PZLO LpOsTY 31uv1T2PMXVGnM/hNEMNdX PD\n5C8i8j8J1wGgMgQ6IMK/qH9YO7VarcYVDCfVrjC3Xq9/K7q1ijHmSWLNdrPsQLXWXnU6nS9 \njWI3y30d0y/vUNba61ar9X3POOaqet9qtZI2S4yKGRkAZEOgAyJarVZSde5Hnc5t3VVJKiPM\neRMR Rq7ZtO 2FrbDYLgq2yO0LrKsD5u71FkefFj 3PPeOZhGA6DIPgj4XMPnOkKoGoEOsCz\n1l5L8jqucbkjSdfr9YZplaQSw1zaxogPFTrn3EBEPu bytxS1WdVHZX198iyo1VVH8IwvGm3\n22lVxVFR4wOArAh0gBcEwW38mqrO61J92RXmVPX3Mk wmM/nL/ETI6Kcc78aY27lsI0Od9Pp\nNNdedvsEQfBt11Sxqv4 nU5v/TFw8YqkrNfrn6c2agaAPBDoAEk/gL0umyH2hLkf0 n0Qxgt\nmqo G2N iV7r9XpfsjYC9rfxQ0TGVYTmfTtaoxXPIAgSe KtVqvSf 5R1trrTqfzTTbBebJc\nLn ra69EAMUi0AEi0m63b Iv2Kr6ulqtSq0YJdm1YN HuWHJQ9payGbH55tWq7U3APv1cWO/\nPm5RzNDS Y0Zf0hK9TDe8sWH/Q9HgPm1lYsix7pLv9//Ku newdBEPxlrf1nkTucAdQTgQ4Q\nkaTpNBEZV70ZwjfbTVywX3GYO5g/vH5cxkaHNP7n V1STrbwmx8G0fGlVefCMBwVN9J0u/4O\nxpirIAj JNQBl4dGmLh4vrHth9C0XC7/UWUFZhvmksKE31k5qGBY240OX4wxN1m vuyNDmmc\nczci8j1tA4Rvj3IbDXN B xfCdXbSsJ0QlUukaq hGFIqAMuCBU6QGQYv6CqDzUOc/MwDDOF\nqRzGcdXpdKyIDFT1WkSuD1gfV9iJDofya/tSp4P95oZh/HoQBKOkqfgwDEtdO7evshhHpQ44\nnl b j qerXdNKWq3chz38BfexKRiTHm/vHxsfLm4gQ6XDRrbdcYk9R7blzBcN74he5pYW5Q\nxJTlvvC2r3dcZIyFNwLOyrcl bZr84Oqzler1YfPpz02RKTUKeMsVbmk48iMMVf cfTPAocH\nNELk U3W6/V1q9XaPr8ORD4ENhF5/5yX9Pznw961iNz2 31R1XtVnaxWq4cq3kgR6HDRgiAY\nxq p6nOV04PW2q4kLNjPM8zlFd4Sxvif6XQ6OnV8efBh7s89bUnmYRgOk36mQRCMEr7 NQzD\nUnY Z6nKbccvIhIEwSThjNmBtfaq6rWgQFGyVtOiWq3Wh9s59jkvdhs3xpibVqslzrmFbBqw\n34dh FDG7yCBDpcuqQIzLnsQUSn98J6PDXNFhbc62zVlvbUrIFddnctYlXsXnq21g6RQ1263\nb6RGzbGBfYqoppXNj28oIsNOpyPOuSdjzL2ITIqaniXQ4WI5526S1oOFYTgufTDvJfbDyxIk\nygpvfn3cIiH0dBO vFS7evZtrdfrn6vVKrEyJyLS6XQ fH8Z1blDqnLxKZ35fP7knBtLrMWK\nMWYgBDrUlN949Ek2Ye06XlEvqppWtsj0rDjnXuR99W6Rx30Q6HCxjDEfeout1 ufVa79SguZ\nq9VqHL9WYnibi8iTqj4ZY562mxy2x3rFvvzD2MvknPvmT6hIpao/kjZARG5jIMlT3rdFVueO\nqcolmMjHnnmfThoYkCNr7XW73f7k32hk3mRVJt9iaeE/nPhrL8aYJ5HN0Ycib/1LByJyk7Dc\nIZWfObgRkRtfvVuIyL2ITE6ZniXQ4SKlrVPbtROyJB92r67X658iIv1 /5NUFN7qbl z4K31\nev3v2Wy28984qSdhkesqT6nKxU2n0/v4kWzGmK619prdrqjC9nlL/HPXrmUQRfMzCyKbsLbw\nf34SkZcwDF O B0Z / 2QXXg19Ed9CbKP5ffishtp9ORfr8/Wa/X94duriDQ4SKlrVOrMsCk\nHT/WarV bbVa/7f9 NLDW1zWlh7Ro7zS7KjOjY4fYbqcqnLxr3 Iv6C02 2BbF64gML4jUif\nRGTgpxgH0c8XMVWapZpWxrpXH7yeRORO5K3v5UA21btfdnxrkkGr1Rr4zRUv8r56t0j7JgId\nLlVSq5LSq3PRaVP/XyHvXosIb2EYLjqdTvzyoU9cJ9nXLFjk7aixm9lsNtl3e2VV5/KsyiV8\n331ChWAg/oUGyMu 9W nKKCaVqrpdHovmyB2a63t jdVN8aYwRHTs0PxmyviFXiRze98GIa/\nEehwcXq93jDl3NZx0ffd7/c/rdfr7RNfrk AW2VV3ubz SJpeq I 0qyr1mwyMdzWXdJm4aX\nzVRIboqoykWtVqtJfCF5q9X6UPkFDlXU jcf3iYi8hSG4eTc2uz4qtpYItOzQRDcyCbg2VNv\n3xhz0263G7hVBDiRc 6veJAq4ign/0u7rb41Oryl6ff7Gr WZWrzFFmaBYsc3rcvaXesqs6n\n02ku/27bqlzGvngnVR ccy/xKoCq/rOp0 qoRhHr31T1VVUnfkp0cumPSf98NpDN unBEdOz\nb6jQ4aL4/mIfXlBPbUcRmXq4Tlo7koeqw1vKmD6s1/LTluMi7s//nP/YF46PacLsqw5xkwOH\nmKjoqlyCe/m4rOBGcvr75MWfo/xVNr8vk Vy VsdThi5REWtf/Nr3Caq rRarSZ1nyotm3 O\n2k7Pip evZHNOrrMlfX1ev2TQIeL4n9R3lHV SFPMj5U2O2TXlE7t/zu1kldwluKkYj8Gb1g\njOn2er3bfbtJD5WlWbDISdXWpJ1pkyNu502Ra V28RWQeKCrTfuSWJDbGvj fxxVVoKi1r/5\nN57RALfI43Yvhf953cnfmysG8nf1LnF6dttXkylXXJSk6dZdrSwSer0N8g5vqvqcVGZfLpf/\naMKToXNuEq/SqepLGIb/yGstTJZmwf5 f59OpwevefPHB/0Vv/74 Hj0c2QFVbk31tpup9P5\nb/z6KX fPPif8zfZUcGueoznivVv548KHS5G2nTrarW63/45smlhIAX0elPV5 2UqWy2oT8F\nQXAnsekxVc2te3jRwjAcxsODMebKt4YZnXr7zrnv 9bLiZy2ds/vQHsnssvuIFVV5aKSNqxU\nbVthlYJ2cuM91r9dHgIdLkbKdOtLEARfnXNvUw5JR80cw7fLeJLNu9dJWj8k51zSUV/jXAZR\ngvl8vnDO/UiY4vtirR0fG0yzNgv2LzK3J27ESLqPyaE3UmVVrs4OmC4v5IzLc8f6N4gQ6HAh\nrLXXSYetR3r8nCw29fCUJcj4o76SWqjcp31PHYVhOAqC4N3xN75KN5Ijfr4 APwhe44SO6Qt\nyS5Jnd3DMMz8b1CHqlxdHRDmXsMwzLVFzDnzP9fP8neIOxnr35qNQIezE9 0IMXsOH0Qv N0\ntVo9HfsirarDhHfP901bh KrdHci8q4xrzHms7V2dMgLg 8T C1DAMirxceHdZGq pr1dqnK\npcsa5kTezsq9qLB7CF F 1X Pn0gjylU1r dEQIdGm071VDkjtNou5A8px2stVcp29IbVZ3b\nCsPwLgiC23j/s0N2LmYJRyKbzQ9hGI5yegEaJNz ZN83UZXb7cAw96PI3oVNFdnIMDy1Csf6\nt/NHoENjJOw4/bBT69SNC9tNC1JCu5B2uz1Mun9/ZEzjzOfzl16vNzLGfIt9auCcG z6Wfpg\n/l022/NT XWJw5x/RoOEa5Nd30BVbrcDw9ycqdaNyFq4bZuK7rG3xfq3y0OgQ l8S4W3Nh2q\n2o0 ce37WKS4HadlTjkkremThlbntmaz2Z1z7jahDcsfvV5vNJvNfo9/z4HNgm/yXNdjrb1K\nWj XtobROfdZNkGum3abl1yVEzk4zL36n9XFTvX5RrK/ jM d76h2YX1byDQ4WCRSpmIiKjq\nVfTFeN/HcfFwtu/jPPhKWDf3Gz5AESdW1IGqjowx73rGGWOujDF3zrlBGIa/bV/AfdPMPzKs\nlyuk2uWP3Inf13P0xdA/3r/49Y7dXbd3yVU5kcPCnMjlrpvzO9sHslkL1z3mNrZTqCJyT4CD\nSCTQ arJd0leT/KkquPVavVwib9858j3KIoaHPjxmyoC2T7RTQvGmNuEDtu1rISdw5PybDYb\nO eGSZUvY8xNEAQD59y/VNUaY3YGWD/FelPg1Pcg4dpE5K1y FU2019Xux7Hl16VEzkqzF3M\nurnIqQzbqdSj1vn6adR72ayBq VzGKoTiLw92P6SlIaPxphrY8xdq9WSXc0qVfXFT19lMcny\nRf4FeW85frlcPp/Di2FWvuP62 Lz9Xp93Wq13v794psDijqeqg5iUw3vdpz66sqHEwbCMByX\nOcZLE4bhbRAE46Sjavzj8M99QV9VH/wUa5HTcUnHYalz7o s01 XXpUTOSrMnf26ubzaimyP\nAFytVveX9BqHwwUib7vQTn6x97/Mg4xfnunrslZ3Op3OzrB57uLNcOtQJSvCoQfUpzQTfr7k\nSkoZ/M/32jl3Z4z5cuj37zqOLS9 /dyHF9osp1KIvAXOi5wyjHLO3YjI90PeMJ7jurm82ops\nNzOIyD2tRHCI7ZTroMpB4LJETlDYfvyushv/OAzDxQnvTJOqLExVlGQ6nd465 5F5D7eziSJ\nqj77qlzhISkIgqOqJqr6Q0TGtH0Qcc59M8YcVGlbr9f/PpcQnFdbEVWd 2VN7EbF0QKRzTvN\npPUuQJqEI3omaR HYfhSxZPUufV5a6rpdDpJaWfyznq9/rlarcqs3AyyfqF/EzIOw/COaa/s\nx7LFqepD0ZXXIuXVVsQ/nu5VdTuVShUOJwtERMIwvAmC4J5Qdzn81GX0SeRp18dNrEak7GB8\nbeLfpcn2VXFyOov1YH5d6b6veVbVu9VqNeZFd2PfsWyq ppUjd22KCl4eLnLu61IGIZjqnAo\nQiCyaQgqGd5pWWuv/Jqkm5TKRyaqei8iryKyyPC1WRfzdxN6X50tv85iEbm0iH6sqgtjzNvH\nZfdYqwmmWyuUpYpT5Tq0pA0bW34K7O5SdmFm1ev1hq1W68Mmo631ev3TPw8nTT8Om1LdpK0I\nmuigPnQ EIxFZBwNd/6dy971MVvbdzl Yfv9crn8yTsWFIDp1gpE1hXdSnoVZx6G4aDKNxlp\nL9Sq sOHzEt7A7STc 77rg0j6/X63yIiSVPr6/X652w2q 3vHm1FcA6ObiwcDXcibzudtgEv\nU7jzi0ivO53OyDm3EL zZzqd/jx2XIDI5vGYdOA6T7LFiLRo2FvRqEtgiq8drmrqt 72neSx\n7RW4Wq1eOp3OXwmff16tVsOix3mIfr//ab1eX29fg2grgnOQ20kR/oXyXuQt3A1k8 SeaRrU\nvwgMRWTY7/e307L3YRg 8EuCIzDdWrB v/9JVbdv4rpZvqeMdiRZRdcO04Ik2b6TPKLHsfX7\n/T9TbqbSFiWRivG78BZv9ZQVbUVQV4Uc/RUJd7f nftQDgh3Im/TsjedTkecc0zN4lBMtxbA\nry3aVuN3np4Q5as4wzpNu2VdO3yper3el10neajqj l0OhTZrJeU5FOGfi9zE5J/vbHyd3D7\nMKZj0FYETVBqt1n/Tmnge/akLkjeRVUXwtQsdvDTrX9Er/np1lqdlNHv9zV 7fHxsVYdoGNt\nGo5qlkr1qxrHPr78v/n3XTs61 v1b9GpaefcwBjzrkJX9HnJfirYyt8nMQzyum3aiqCJCqnQ\npfFP6E8icue3gg/kwB2zTM0iA6ZbTxDpeH9zbJuGSEWDdUUN4itc33esl0tr/DxI PJJjuPq\nBkFgt8GtiKMMaSuCpis10EX5J/mxfNxUMWBqFidq7HSrc 6/IjIKw/BnmVWB6C6/Y0OcXxx \nT0WjeXyI/7qnX2Dq2bpJPf2MMb845z4bYxaPj4/xRuQ7x9LpdKz44CYJu05PPcrQ9xd88ifS\nTC60rRPOTK2md7b8u8TtFA9Ts8gsabpVpH5TmSLJU2Jb/vizu Vy XtRLzSRhqlHH1tEiKuv\nrFOufuPD910bW/xauNSw55z7b4bdzdvemJPtn5fL5TwW3q6P7fu2435fVXVCeMO5q92LXNyx\nU7NxTM1ehqTD4H0PrKM7vBfFOTfJcjqLqo7DMPzPoY/bfr//yX9/1xjTVdW3w iPnbLari2S\nzRulRlQ9L9W QJdlrdx2M8u f tdb07KFDkneiIiTz68LSodFFCS2ge6uGOnZqNU9cmv7/nJ\nL/t5SaoUxBdw14Wf5hxnPXLPvyn5PQzDRafT2T72B/5z18aYq2hoywshrpl2BTrn3GcRudsV\n6n1LkmGW5StZ35zkzZ8pHa28LcoeA1AXjQt0UTlNzRLuzoS19jqpselyufzfOk xOOcGqnp7\nSgU6b9uO9ywQb66kQLdcLv/R6XS y 7j2F5F5G46nY6y3pev9hV6Hvg2vKnq02q1euJxCbzX\n6EAXlcfULOGu2Zo03ZrEV xGxpjPVdw/Ie68JAU6vzZzV1XuwVflFsfer3 D0vWV8oEccc62\n33G6DW/0fgMyOJtAF3fq1CzhrnmaNN26i6923IrI7SFnJB D9iLn65B1bWUce5YW9KLhzRjz\nVGYjYuCcnG2gizp1apZwV39NnW7dxVp71W63b4wxoyPflMxF5MVXZbYVjomISBiGCx7L5y3r\nurb1ev1ztVpVejwXgNNdRKCL8lOzN8eeVkG4q6emT7fu0 v1hv4x ymyk0/8/18iLSGECgdE\n3qbwn9KqvH6KfcjjBTgPFxfoogh35 NcpluBPPnZiUk81Knq72EYjqjKAefjogNdFOGuuc5x\nuhXIS7Q9DufqAueLQJeAcNcsSdOtqvownU4HFQ0JAIBSEej2INzVn3Pur3gz3fV6/e/ZbHZX\n1ZgAACgTge4AhLv6sdZ2O53Of PXl8vlP/gZAwAuBYHuSIS7euj1eretVutb9JqqzqfTaa7H\nXwEAUGcEuhwQ7qrR6/W  B5t7zrfM90KALg0BLqc5RDu7mVz/NJPdmgm8ycpfDfGJPaYY7oV\nAHBpCHQFyiHcjUXkfjqd/sx/dM3knBuIyPd4z7ktdrcCAC4Rga4kp4Q7VX2RTdXu90vuH9Xv\n97 KyCjt86o6D8NwQGUTAHBpCHQVODHcLeTvcLcoZIA143eyfpfNgd6J6HwPALhkBLqK S7u\ntyJyc gB7JewmcI5dyObKdarpM/7c02H0 n0vtyRAQBQHwS6GvHnLm7DXeKB2mnObTOF3/jw\n1Rhzm/Y1/hij4bmGWQAAsiLQ1ZSvTN0YYz4f r1N30zhnPssIqO0jQ8iIqr6n l0OiprTAAA\n1BmBruastVftdvtGRG5ardavh3xvkzZT KnnLyIyTJteFRFR1WfZTLFOShscAAA1R6BrkHPc\nTOGc 9VPqw72fe16vf65Wq2G5zClDABAngh0DXXiZoqFMWbhN1UsWq2oev9bAAABGElEQVTW\n03K5fC4r6Pldq59VdbhrWnVLVV9VdcTpDwAAJCPQnYFTNlMkmKjqizHmSVWfjDEvj4 PD3mM\n0zcF/myMGWb9Hr/x4bbuU8YAAFSJQHdmTtlMscuxVT2/BvCzMeY2SzXO39erbKaH7whyAADs\nR6A7U6dspjjCh6recrl89ZscbnZtcohS1WdVvVutVmPWyQEAkB2B7gKceqZs0VT1h4iM2bkK\nAMBxCHQXyK 564rItYh0RaRrjPlU5hh8 5FxGIbjOu26BQCgiQh0eONPZ7hW1Ws/TTqQTdg7\naBftLqr6ICJ3HNUFAEB CHTI5JSqnt/kMPabHBaFDRIAgAtFoMNJdlX1VHWuqnez2Wxc7SgB\nADhv/x SJp5nyC6JAwAAAABJRU5ErkJggg==', 0, '100', 1, '', 1, 0, 'submitted', '2016-04-29 19:08:23');
INSERT INTO `final_drives` (`final_drive_id`, `student_id`, `course_id`, `has_corrective_lenses`, `has_permit`, `instructor_id`, `final_drive_date`, `final_drive_student_signature`, `gif_code`, `final_drive_instructor_signature`, `final_drive_total_deductions`, `final_drive_total_score`, `final_drive_template_id`, `final_drive_comments`, `final_drive_hours_driven`, `final_drive_hours_observed`, `final_drive_status`, `last_updated`) VALUES
(17, 14, 3, NULL, 1, 2, '2016-06-03', 'iVBORw0KGgoAAAANSUhEUgAAAeYAAAC5CAYAAAD9PJxZAAAABGdBTUEAALGPC/xhBQAAIABJ\nREFUeJzt3T9w21i2J+BzSKBqN2p1MFPPM1PV7Oy96LJxGbzM6HAja7LNTGcvszrcyHS2G0mO\nNhSddSY52slM5QJFZrNRU5HG0cjZqyKI8wJeuinoAgRI/CP5+6qm3ANKJCSROLjnnnsuEQAA\nADQG130CUC2lVNd13XMi8oloNJ/P30yn01m9ZwUAACutuk8AqrUWlImIfNd1L2s8HQAAiEFg\nPiJaa59+D8or8f8PAAA1QmA+Isz8Ln5MRG7qOBcAALBDYD4SCaNlIqKLas8EAADSIDAfiYTR\n8n0QBNd1nA8AANghMB8BpVSHLKNlERlUfS4AAJAOgfkIOI4ziB8TkfvxeDys/GQAACAVAvOB\nU0p1mPl1/DhGywAAzYTAfOAwWgYA2C8IzAcsabRMRMOqzwUAALJBYD5gjuOcxY+JyNcwDLFE\nCgCgoRCYD5RS6oSIbKPli+l0+lj1+QAAQDYIzAfKcZwzZj5ZP4bRMgBA8yEwHyAzWn5reQij\nZQCAhkNgPkC20TIRURiGwxpOBwAAckBgPkzPRssi8hH7LgMANB8C84HxPK+fMFoe1HA6AACQ\nk1P3CRwjpVTHdd0fRKTDzJ21f7vMfCIiMyKaMPOEiEbz+fw+62g3YbMKjJYBAPYE130Ch6rX\r\n670UkRNm7sb/3eb5RORxFahFZBaG4XQ6nU7Wv8bzvH6r1bqMf+98Pv8RgRkAYD8gMG9JKdV1\r\nXfe7KIq6rVbrhH7fvclP/q5SjERkJiITZj5j5s76g1EUfRqPx6cVnxMAAGwJqewctNavmPmM\r\n1oJvq1X7NL3PzMRsv8diZqxbBgDYIxgxZ6C1fk1Eg/hotOlE5CYIAr/u8wAAgOwwYk5RZkAW\r\nkZvVvPHq3zAMH6fT6URr7ZtCsC4RdZj55ZYvMyjwlAEAoAIYMVsUEZBFZEpEj0Q0Mf+OiIiC\r\nIBht83xKqW673e6ac/KJqMvM36W8PkbLAAB7CIHZUEqdOI7zijIGZBG5J6LZ6n8iMmPmWRiG\r\nk6raXiqlOo7jdIjo2wibmX8QkZswDPuoxAYA2D9HH5iVUieu674VEWsbyzgRuSGiwbYjXwAA\r\ngDRHG5gRkAEAoImOLjAjIAMAQJMdTWA2bTBf5wjIH8MwHGCeFgAAqnTwgdkUSL1j5n6Wr0dA\r\nBgCAOh1sYEZABgCAfXRwgRkBGQAA9tnBBGalVNdxnLdZArKIfCWiizAML6pacwwAAJDF3gdm\r\nrbVv9iD2N30tAjIAADTd3gZmBGQAADhEexeYEZABAOCQ7U1gVkp1Xdc9p2wB+V5EBuPxeFj6\r\niQEAABRoL7Z99Dyvz8znRJTaGAQBGQAA9l2jR8xmx6dLZj5N+zoEZAAAOBSNDcxm+dNV2haM\r\nCMgAAHBoGhmYPc9722q1LpIeF5EpEZ1hYwkAADg0jQrMWVLXplPXGaqsAQDgEDUmMGutfSK6\r\nTEpdm6VP/SAIris8LQAAgEo1IjD3er13RDRIelxEpmEYnqKfNQAAHLpaA7NS6sR13StKWZss\r\nIh+CIDir7qwAAADqU9s6ZpO6vqKEtclIXQMAwDFq1fGivV7vHTN/ZuakoHwThmEXQRkAAI5N\r\npSNms1fyFRF1k75GRN4HQTCo7qwAAACao7I5Zq31KS2rrtNS16dYmwwAAMesksCstT5n5sQC\r\nLpO6PsXaZAAAOHalBuZV6pqZkboGAADIoLTAvNoRKiV1fW9GyZOyzgEAAGDfFB6YTVvNc2bu\r\nJ31NFEWfFotFH6lrAACApwoNzGZHqMu01HUURb+Mx+PEDSoAAACOWWGB2QTltLXJSF0DAABs\r\nUEiDkQxB+WMYhl0EZQAAgHQ7j5g9z+u3Wq1L22Mi8lVEzsbj8XDX1wEAADgGOwXmDUEZqWsA\r\nAICctg7Mnue9bbVa1iIus02jj6prAACAfLYKzFrry6TlUAjKAAAA28td/JUWlKMo+oSgDAAA\r\nsL3Mu0uZxiGXzHxqe1xEPo7H435hZwYAAHCEMqWyTVD+nNQ4REQ+BkHQL/TMAAAAjtDGVPam\r\noBxF0S8IygAAAMVIHTGbxiFXzNyxPR5F0RusUQYAAChOYmDe1M0LQRkAAKB41sCcFpRF5Kup\r\nvEbjEAAAgII9C8wIygAAAPV5EpgRlAEAAOr1LTAjKAPUTynVcRznJRH5RNRl5q6ITIhoxMzX\r\nt7e3N/WeIQCUjYm+XQzuEJQBqtXr9V5GUdRlZp+I/KRiyxUReSSiERFdh2F4M51OZ+WfJQBU\r\niYmIer3eZ1reoT+BoAxQHNMT4KXpCeCT5TOXF0bTAIdnFZgl/gCCMsDulFKddrv9ipn7SU16\r\nioLRNMBhSAzM8/n8JwRlgPzMyPgVEZ0m9ZavgohMRGS4WCxu8FkG2B+Jgfn29nbrvZoBjpHW\r\nehWM+7s8j4jc0HLkOwnDcNZut7vmeX1m/m7L55zRciT9EUEaoNkQmAF2YFYzvKVl4Ewt3LIR\r\nka8iMqLlPPEkCIJR2tdrrX0iOqVloZja4pRXQXpERNdBEHza5jkAoDwIzAA5mVUMq2DcyfO9\r\nIjIloomIjBaLxWiXeWAzf+3TDqNpMy99Tb/PS2MvdYCaITADZKSU6rque045q6lF5J6IhmEY\r\nDsssyFqNppn5bcFPPZrP529QTAZQDSfpAaXUCe6eAZZWDXiIKFO6WkS+0u/BuJQ53V6v91JE\r\nOmbU7q/9d9F813UviejnEp4bAGLSlktNwjD8GcEZjt2mndZWTDC+puXc7XVRr19hAE4lIj9v\r\nmgMHgN05RMsqUGZ+uf4AM3cdx/mslEJwhqOVJShHUfSJiK4Xi8X1Lp8VpVTHdd0faBl8u7Rs\r\nydkhImL+fWZp/b+rxMzvaFk0BgAlcoiIwjA8cxxnFC8eYeau67pXhBQWHKFN/eNFZLBYLIbb\r\nBGPz3Ip+74fdXX+duoLvBn7dJwBwDOKbWDwLzkREIjIMguBNtacGUJ+iNnVRSp24rqvIpKDJ\r\nBOISTnn9/O6JaEZEIxGZMfMsSwra/Mx9WhaQ/WB53psgCPyCTxcAYmzbPiI4w1HbNiib7/th\r\n1Qu77LngbQNwFkqpbrvd9k0rUSUiN2EY9lGZDVC+Z/kyz/P6rVbr0vbFIvIhCIKz8k8LoB5Z\r\ng/LarlCdtU0pSlFmAIbyrDYtIbNhyWoLT9Mm9RNuciCJdSIrLThHUfRmPB4PSz0rgBpsKvQS\r\nkSGVnIo27TgnJgBv7AQGzWOK+C5p880a1oeDVWKFCYIzHJOsS6KKsj4KJtMTGz2s958ZJX/O\r\ncfM2ur29RXEtPJFa+qm1vkjqIoTgDIei7KC8asNJJhCHYTjBEsTDpLW+yrujGNaHQ9zGNRla\r\n6yEzv44fF5FH04AEd/mw13q93mcqYI7YNBiZ0DIVPVksFhN8Po6H1npg1nrnIiIfgyDol3BK\r\nsKcyLZZEcIZDYzaAeGWqjnPPGYvIvYhMmHlCy1HwDHOFx0trfcrMV/Hjq9asZN4jjuP0bVnI\r\n+Xz+I94/sJK5i4HWehTvDkb0bXeaszAMPyE9B01WQDCemoraa1xEYWVDJf9f4+1Ztdaz+Dpx\r\nrHiBdZkDsylqGKXtAWuqVrHHKzQGgjGUaUNQfh8EwSB+3JbyNtnHHzG4AaIcgZkoW3AmWm7E\r\nzszD+Xz+ERczqBqCMVRhw8qVT+Px2FoEZq6js3gjpyiKfhmPxxdlnCvsl9wNec2bamJr2Zdg\r\nJCJDpLqhTLsG4xVUyEIWvV7vHRENbI+JyNQ0okm83tnqdkRkFgTBj8WeKeyjrTrlm/TNhW3O\r\nOYmZi74Ow/ADisWgCEUF4xX0goYstNaXzNy3PWaCcn/TNc40IfktfhzLUIFoy8C8stb0vm/r\r\nr51ERGYicoG2dJBXQWnqWavVemV5DKNlSLSpeUiWkfI6z/OuLe9DNByB3QLzOq31qYj0bRe8\r\nNCJyTURDFIxBEqXUSbvdfl3UnLFt3TJGy5DGDEIuU4Jy7rXIWmufmT/Hj8/n8+/3edrP/Fzv\r\naLmRy4SILjCVmU/hm76aEc0pM5/lmIdepbqHYRh+RKobiIi01q9omY3J1UmJKLmAK+liiNEy\r\nJMnQQ91afZ2F1noSL6bd1/fiekCOP4apzHxK3Y3dvKHPaLm/a55U96ppA4L0kTHvmde0DMi5\r\nWmRmqabGaBny0Fr7RHSV9F7cdU44oQhs60BftS2nlkbz+fwXXNuTlRqYV0wq8tT88TIXjBH9\r\nfqdFy0CNdMgB2mXeOM/SJoyWIY8NW+Am7su962s0/UaxiKJLEZmYrpG4nltUEpjXKaU6awVj\r\nmVPdK2v7md7gjmu/aa1f0zKbkrfp/1brjDFahqw2BOVMlddZKKW6ruvexZ7/MQiC73d97qKZ\r\ncz2n4vYeR6FbgsoD8zqt9SktL8zP+nBnISIzWm6bdx2G4Q3uvprPpKrf0vLvnjlVbbZJvA7D\r\n8GLbSv5eryeW58VoGZ7QWp8zs7U9Zt7K64yv9xif6pvP5z81aeCRdwc2s6/4BRGtrvHWqUwR\r\nGQZB8KbAUz0ItQbmlbVU99mmrmJpRORaREZYhtUsa6mvM2bu5PleEflIyzav1xu/OIUtjS0i\r\n90EQ5DofOGwZ1igXGpTNaz7bh6BJ65nzBGUTkAfrN7tr1/cLW4Bu0s/aFI0IzOvMRdyn5V2W\r\nn6dobJ0ZTV8T0QhLsapn1ny+Mhc5P8/3isjNWqq6kIug53lnrVbrfP1YWttEOC7m/XqeEpRL\r\n25oxoXd2I7aCzBKUs04tJdV4mOdA5mpN4wJznEl3+7QM1LnnpIm+FZCN6PeU96ywE4QnTBXr\r\nau44b6p6GIbhsIy/z75Xv0J5MjQOKTVIJmRzJkEQ/FTWa2axYYOOryIyyFvnkTR3jy2En2p8\r\nYF63WiNNRH7eRiYxKNcvkGkv+FpE+nlS1Wav2lWDmVFJp0dE9nThId6lK6VOXNe9ouXN7Gg+\r\nn7/BjWiyDEG59Js38zf7Z/z47e1tbdfnTUF5l4p0202yeV5Uaht7FZjXmQ+UT8viAj/vaBp3\r\naLtZpaqJ6Czvkokoij4R0XWRqepNbIVfh7g5fbzy3LzPfzq0n7MIJvhcJd1MVjn3aXt/1hmY\r\ntdZ3ts91UcvEbDfKBiq1aY8Dc5xSqttut32zti5TARmCc36mG9dp0lxcEhG5N/3RK99KMWFJ\r\nytcgCHI1MNkHtgs84WL3zKa506oLkpoUmG1z3kTFBWWi9C2EUalN5NR9AkUxb5YJEV2sVQH6\r\nlFKqz8wnjuN8VkohOKcwa89XS5w6Wb9vlao2S5xq+/22223biP4g/94iMrVc7Pw6zqWpqmgc\r\nsq+UUt2ygzIR0XQ6fVRK9U1wfnJ9Zua+53k3x1ypfTCBeZ1Jjw7N/1J3wUJwtisiVd2UD1bC\r\nzcSo2rOohohcMPOzoKOU6iCdvXEf5aMOykREjuNYb1jK+L1Mp9OJKe59VqndarUutdazQ6sB\r\nyapV9wlUYTqdToIgOAvD0DejuCfWgvPOe/ruO6VUV2t96TjOb8w8zBqURWQaRdEv8/n8+/F4\r\nfNqUoGz48QNmOd3BYWbrnL3pWX/UtNaXlByUp8celE0K2zav/L6s30sQBKMoipLS1lfHek0+\r\nisC8Mp1OJwjOdlrr171e77Prundmnj5LM4GvIvJhPp//FARBdzweXzS0ovLZPNZisTjUC7Cf\r\ncPy1Uurg5tSzUEqdmGKmvu1xBOXUFPa07Kr08Xg8NI2EnmDmE9MC9OgcZCo7zXQ6nSil/IS5\r\njaNKa6/NHefaySmKok/MPNy1G1cVlFId2892wH9f6yYxzHxilhoOqz2depWxj/KhMdNWSSns\r\nfhXnEARBX2vdsVRq+1W8ftMc1Yh55dhHzmuj499Mm8wso+NpFEVvVqnqfQjKRESO43Tix0zb\r\nwINjGlUkvm9tI6JDtlZ5nbZGuV/xaTWO4ziVp7BtwjC0duE7xkzPUQZmouMLzkqpjtb6XGv9\r\nT2YeUoY7UZOq/riWqh42NFWdxrccm1V8DlXppz3IzB1TbHPwPM/rm2mZxOVQ6Pq27KzIzG/j\r\nx6tIYcdNp9NH202z4zgHcx3O6uhS2es2pbXN/MZer/806477ebZWNL1vL6psAFIWEekyc/zY\r\nwaWxTcp+4y5t5iK8F9mObaHyOhulVIeIbO0xv1aVwga7ow7MROnBmYh8z/P6Dasw3miHFpkf\r\nqYL2mFWyNTBg5oO7KJvlgFn4h7x0ylRe922PFbmP8iFwXfeSiGwtNwd1/Y5E5NFyI92p41zq\r\ndPSBmWjjyPkd7UnBTHx0HH+D26x15NrHNPVGthuTQ7rxWGNLR76n5fvhSbtax3EGtCHtvW8y\r\n9LwuZcvGfaW1HpBlmsfsuHZR+QkZ5qb5VexYp5aTqRECs5G02J2ZO00eNZsG+G8xOrYTkft4\r\nYNJa+4f0c3ueZ62qD8Nw2G63Z/GGI8z8Wil1dihBCpXX+ZgiQdvSqPvFYtGv4ZQaxWQcLym5\r\nDqf0TZCOtvjLJgiCka34gJnfNa0yUGvta60vza40gyxBWUTuV01AgiDoH1JwSmKbTz601FjC\r\nRfbjdDqdLRaLa1uB46E0HNFa+6i8zs5cx6xLo4ioX/fNmq3xj4hUVvxlbvLuKL041ncc57Pn\r\nef2yzgOB+blB/AAzd5pwIVNKnXie91Zr/Rszf866kUQURZ9E5K9BEHQa3ASkFLb55LwtRptM\r\na32RcFM2JHrSnjZuY6FY05lMQepGFKi8fspkFjrx4+YGZlT5CcUw88xyrJJB0aaNTeLnZNqG\r\nXpYxaENgjjGj5mddaIjobV2j5vXRcavVSroQP2Hmjt/P5/Mf92ndcQls6aaDCMwmJWmbW75Z\r\nv8iGYfhsznA1RVPuGZZHa32ethHFfD7/qanTT3XxPO/MtjrDvF8GNZxSY+QJyuuYuV/G0loE\r\nZoswDAfxY2Ztc2WjZtNG8PUuo+MgCAaHWn2bVRiGM8vhTNuCNllaSjIMwyfv0+l0OktoeXi+\r\nb2v1zefiipmtn0W017TbsGtUv4ZTsgrD0JbhsnazK8qq89m2I3Nm7had2kZgtki6kNFy1Nwp\r\n87Utm0hsfD3TCASjYwvbBZqZT5pWM5BXUkoyiqKkopRh/MC+NdJZq7y2rskXkRsE5ec2BJ5+\r\nk27ek6bZyvy8JhUOrjIvt7e3fHt7y/P5/PuEuFB4ahuBOUEYhoN40Yy5kA3KeD2t9astNpG4\r\nMfNoJxgdJzu0bkKmW5M1JZm01CWlsHEvgrNJNf62ofIay6EsUlpufmjiTbyITOPHyvq8mh21\r\nbJ+lZ41optPpYxAE/SiK3tgKKomKS20jMCcwQc42N/e6yFHzWrr6mrK3yfwwn89/DILAxzxa\r\nJjPLMb/icyjELt2awjA828cWtJ7n9dPm/6Io+gWV13ZpLTdtU3YNYct4+EW/iPndJKX3EzMv\r\n4/F4aNo5P7uBIPo9tb1L+1sE5hRhGF4kLDUZ7PrcawE5a7p6fXR8htFxLjPLsU7F51AI13W3\r\nTknuY394z/Petlot689sblL/WmdDjCZLqkNY3cQ1NbsgIiPLYb/I1zDv87RlY6nTIWufpcTU\r\nNjNfmfawuSEwpzBvXOuoWWvtb/OceQLy2iYSGB3vZmQ51qn4HHbmed4ZJXRrypqS3KfgrLW+\r\nbLVa1qC7GtU0MRXbFK7rXiXc0NTWcjOLhL3SCy3YTJpzN8vGsn6WNqa2iWigtb7KO++MwLyB\r\nGTXfx4/n2UIvVmGdJSBPoyh6E4ZhJwiCRhVn7KM6Kj2LppTqtlqtZ5vGb9OtqenB2Xxe7pJW\r\nIpg0bKfJwaVuaTdxTc8wTKfTia2+p6j3pJlXfvZc5gZ3kPf5MqS2T/N+phCYNzBbkQ0sD/mb\r\nRs1KqZNer/cua4W1iNyIyM97vMViI5m/4bMg1JSR4SarNZYJD2+VkmxicF7dwDqOc5dW5IWe\r\n1+lSbuK+7lHLzWc3Xe12e+f3Y8qysekuv5vV5ymKok+2x/POOyMwZzAej4d5Rs3rAZmW7TJT\r\n0xhrAfmgejg3zLMPuuM4nRrOI5e0xgemqna07XNnCc5a69LXOmddImh+3sbOjTbBamlUwsOn\r\ne/S7G8UPMLO/65Mm/W6KmHOfTqeP4/H41Gwe80yeeWdsYpGRiAzimwFQLFW0tqHEGRGdbNrd\r\nySxfGSAYV2JCRPH0dZcavDfxhqA8DYJg54Y3m/YkJ6Iz13XPtNaPtPxdjcIw/LTrRcwEkFdE\r\ndJalRWoURW9QY7HZhqVRoxpOaVsjIooHsJ3mmZNS2CLyvshpkSAIBlrrCRENLVsJEy3nnbth\r\nGL5J+hxt3hcQvun1ehI/dnt7y2v7H59lXH/8MQxDrDuukOd5/XgLRzPftvWShjJtCMqpyzl2\r\neD3bnuRJRlEUXS8Wi5s852Fe5y0RnWb8rBT+szZR0rUlz3OY5T9X8ePmJm4vpm1WzCDnn/Hj\r\n8/n8x22um0qpruu6d/HjZf5uzHt9yJY94c1rT0xwfvbeRip7R6aHddaU9arCGgVdFUtojt/I\r\n1pxVB2Wi9LR2Ar/Val24rnuntf5Na31u9gN/Zq348S5vA51jCMpF2LQ0qvoz2o2pC3lWTNVu\r\nt/28z5VWo1Hm72aXeWeMmHOw3dVmgRFyM9j+fmZ5xKCG07GqIyhbXv9il6p1EbkmomtmnolI\r\nnzKOjs33fiWi6zAML44pIO86Yu71ep/JXoX9S9OrsJOYndOeNEfJm+UyO5CdpyyNGhRwqhuZ\r\nNHra3PLg9vb229w0AnMOeQMzAnKzaK1HtoAzn89/akIQqDsox86lY0Ynp61WyzoSLpKITEXk\r\nYrFYXO9RgVJhbNeWrGlbz/PObFXYTZ6qycLsnvZkpCsij0EQfJ/l+23TV2vPU3l634yMk+ad\r\nSUSuV/POCMwZrObFsuzwZO74L8wd/9FdYJosZZ5pEgTBT3Wc00qTgrKNuaj4tBz9/lDEcx7r\r\n6NhGaz2JT61kKXhLeU9/NWu99/oapLV+jAcys4JltOH7Ljesg9/Y3asMGeedf25XfWL7RGvt\r\n//nPf75st9v/e1PlqLnI/J8wDP/n3d3d3758+fKfFZ0mZPTly5d/vHjxguPLLpj5X168eMEP\r\nDw+jOs6r6UGZiOjh4eHvDw8Pf3t4eLj4wx/+8ImZ/z8R/fcs7WTjzOj4fy0Wi/+4u7v79cuX\r\nL/8o/IT3zJ/+9Kd/ZeZ/Xz8mIvzw8PBr0vesvW/+m+Xh/3F3d/f3wk+0Yi9evPh3Zv7X2OGv\r\nDw8Pf7N9vVLq5C9/+cv/3RCU/bqymF++fPnHH//4x1+Z+d8sPxcx878w879hxGxhUijvKOOm\r\nEoQR8l6xjU6I6klp70NQTqOUOmm326fmZuc0JU2H0XGKvGnbDXOnH4pYStcEtnS0iDyGYfhz\r\n/H20ti1oWnOas6Zcp9PmnRGY1+QJyCvz+fz7pvyhIZumpLT3PSjbmJ+pT0Q+M6tjnzvOI2va\r\ntmlzp2UyS1F/ix8XkUci6tOyX0SHiHwR6aQ0p/nYxB3IbPPOInKDwEzbBeSVvGsNoRmS7lar\r\nqNQ0y4p8IrIuG9rXoAy78TzvOl5oFx/9NnXutExJRZtZNb05zfpKiCiKPi0Wi/5RBxVzN3ZJ\r\n2VLW97aiFwTm/VVVStuM0FfB2E/7WgTl45WQtp0EQfCTSdOeZ5g7PbisxBbNb4jo2+58Z00O\r\nykmOsiXnpjf5OhG5F5HBeDwebruOGZopDMO+LaVt+ulundI2S41emXlXP88aXgTl47VYLEat\r\n1tOeT8zc3be506KltY1Nsu+fpaMa7a33ss7QpetbQF4dK6JtHjRLESnttb7PPi0DcSfveez7\r\nhQSKsU2vhCbOnZYh68jZdIw72+fP0tEEFa31ayK6yLLTEyVsLIHAfJiSUtpVMRcStGmFXIG5\r\n6XOnZVBKdcw64Jdmx78ZEY1EZMbMsz3bqCPRwaeyzZ7Jlxn2Qn42QobjkJTSLou5oIxEZIRq\r\nZchrn+dOd2VuXv2aT6N0BxuYs1Zar9YhN6lfMlRrOp1OtNbvN/Sy3Zq5kI6IaBWIZ2W8Duw/\r\nEblJq0DGlMdxOLg0rEl1vMtY2PU+a2OQpPV0SGUfjiJT2mZKZBSG4TUuopCVqVe4tgXnQ5g7\r\nhWwOZsS8KuwiosGmr91mcwnHcZ510rFtSwb7KwxDP+miuIl5L4yIaBQEwXXhJwdHwQwS/LrP\r\nA+p1EIG51+u9E5EzItq6sCuDZzvsiMhwi+eBhsJFEQCaYK8Ds6m0HhBRhzk5o2yKbfrbVuyZ\r\n+epO/PhisRhu83wAAABJ9jIw5ynsKqh6sR8/EEXRJ1TTAgBA0fYqMGft2FXCjk+2jeIxjwgA\r\nAIXbm8Dsed5bZh5kaBBSaHs6s73ak9cUka/HuIYQAADK1/jAbBqEnCf1iV0psXvSqeUYRssA\r\nAFCKxgbmHGnrKRGdldGKTSl1Et+GzRgW/VoAAABEDQ3MWdLWprBrMB6PL8o6j3a73be87v2h\r\n9GMFAIDmaVRgzpG2Ln2bM6XUCTO/tTyENDYAAJSmEYG5CWnrONd1r4ioEz8ehmFpI3QAAIDa\r\nA3NT0tbrtNYXZFkjLSI32IAAAADKVFtgNptNXDUhbb3OLI96lsI2u7o865cNAABQpNoCs+u6\r\nl0SUGJSrTFuvKKW6rVbrMuHhPnZ1AQCAstUSmJVSHUpop1l12nrtnE4cx/lseyyKol/G4zGK\r\nvgAAoHS1BOZ2u21r2lF52nplFZRt89wi8rHqmwQAADhetQRmZn4dPyYi74MgGNRwOmQqwp+l\r\n1UVkinllAACoUqvqF1RKdWxBMAzDYdXnQkTked6ZbZmWKfbysYMUAABUqfIRsy2NLSLTOpYh\r\naa1Pmfnc9hiCMgAA1KHyEXNCGntY9XkopbpEZK3AjqLoDSqwAQCgDpUG5qQ09mKxqLTiudfr\r\nvXNd9y6h2OsDtnQEAIC6VJrKrjuNrZTqmPXTvu1xEbkJggDFXgAAUJtKR8x1prE9z3vrOM4d\r\nJQflaRiG1mVcAAAAVal0xLyp/WYZzBrlS2ZODLomKPdR7AUAAHWrdMRvVMT6AAABkElEQVQs\r\nIjfxY8z8TimVuIHFLrTWp47j/LYhKH8IgqCLYi8AAGiCqquyB/EDzHziOE6hnbWUUida60tm\r\nvkratUpE7kXkZ8wpAwBAk7SrfLGHh4fZixcvfoyntJm5++LFi5uHh4fZrq+htfZbrdb/Y2Y/\r\n6WtM68/Tu7u7v+/6egAAAEXiql/QzPnOmPm79eMi8khEb4Ig2HrplNb6nJkTR8Ai8pWI+ru8\r\nBgAAQJkqD8xEyzaYrVbL2nGLiAa3t7fv075fKdV1Xfc7IvJF5ISZuyLSYeZO0vdEUfRpsVig\r\nwAsAABqtlsBMRKS1njCzsj0mItfMvJp3zhx8E56rlm0kAQAAtlFbYFZKdR3HGSYF5yKIyI1Z\r\nBjUr6zUAAACKVFtgJlrON7fb7WGr1XpV9HPXuY0kAADAtiqtyo778uXLfz48PPz64sULTqui\r\nzsOMkv96d3f3axHPBwAAUKVaR8zrtNanRDSMV2vbiMg9Ec2IaEJEj0Q0CsPwEU1CAABg3zUm\r\nMBN9m3e+YOaXCL4AAHCM/gvTdm+iU/c0XQAAAABJRU5ErkJggg==', NULL, 'iVBORw0KGgoAAAANSUhEUgAAAloAAAC4CAYAAAA7SEJKAAAABGdBTUEAALGPC/xhBQAAIABJ\nREFUeJztndt128jShatJ8Pkog+GJoHnYfDccgTURmI7AOhGYjsByBJIjsByBoXdTFiI4VAS/\n9cwm639gQwOBjRuJSwPY31qzxgYvaMlkY6NqVxURAAAAAACoBdH2AkBzSCkvJpPJdyLyiSjY\nbrcfwjDctLsqAAAAoL+M2l4AaI6YyCIi8j3P+y2lnLW4JAAAAKDXQGgNCz/+FyHEhed5P6WU\n03aWAwAAAPQbCK2BkBa5EkJcTCaTm6bXAwAAAAwBCK2B4HneRcbDflPrAAAAAIYEhNZw8NMe\nYOawwXUAAAAAgwFCazikRrSY+brJhQAAAABDAUJrOFg9Wsz8vNvt7ppeDAAAADAEILSGw18p\nx+/CMPzT6EoAAACAgQChNQDm8/lSCDG1Paa1RtoQAAAAqAkIrQEghPhkO87MYRiGj02vBwAA\nABgKEFo9JyuaRUQQWQAAAECNQGj1GCnlhRDiS9rjzBw0uBwAAABgcEBo9RjP866EEKltHXa7\nXdDgcgAAAIDBIdpeAKgHKeWF53n/SxNazPy8Xq+zusUDAAAA4EwQ0eopnuetsqJZSBsCAAAA\n9eO1vQBQPVLKqRDiY87TgibWAgBwExP1fkOH8Vy+EGJGRMF2u/0bvfUAqA4IrR7ied4q7zlC\nCFQcAjBApJSzyWTyhezzT/3JZPKdiN42uyoA+gs8Wj3DbKK/857369cv/NsDMDAWi8UnIlrl\nPQ/7AwDVgYhWzzB3qpkw830TawEAuIGUcuZ53g2lzDyNw8zPDSwJgMEAM3yPUEr5ZE8HJAlq\r\nXQgAwBnm8/nHyWTy23iwigBbAQAVgohWj0gbtWMBGykAPUdKOZ1MJjdU7ObrBWaGER6ACkFE\r\nqydIKWdUcEPVWge1LgYA0Crz+fyj53m/KWNPYObPzPw5eRyFMgBUCyJaPcHzvKsizzODpHHH\r\nCkAPKRLFYuZQa70Mw/BxPp/fCSGSj2N/AKBCENHqAWam4fvkcWZ+sjwdd6sA9JCCUayvWms/\r\nDMNHIiJbU2NEtACoFkS0esB4PF4mj5nKoQ0R/ZU4HjSxJgBAM5jGozdCiMu055ibruV6vQ6S\r\nL08+V2uNiBYAFYKIVg9I6QJ/K4R4kzyIQdIA9Ael1KWZaZolsr5qrWcWkWWNaEXRLgBANSCi\r\n1XGUUpdCiGnyODM/WrwXz2EYbppZGQCgLs6MYkXvcdTuAT20AKgeCK2Ow8zLpKDa7/c/iOjo\r\nThVpQwC6j1LqkohucobGf9NaX2UVvnieZ3s9olkAVAyEVoeRUk5Ho9G75HEhxC0zLy0vCWpf\r\nFACgFgpGsZ7pEMW6y3s/Zp6h4hCA+oFHq8PYWjow89N6vb6z+bNQTQRAN1FK+Z7n/c4SWfv9\r\n/ofWelpEZBGh4hCApkBEq9vYWjpcSymntk00zasBAHATE8X6JIRI7ZMXRbEeHh4KCazY6xDR\r\nAqABILQ6ynw+X9rE1G63ux2Px0d3vRgkDUC3MLNLb2zFLhH7/f7HbrdbntKEGBEtAJoBQquj\r\n2OYaMvO3MAz/mA06SVD7ogAAZ1M0isXMVw8PD7fnnCp5AD20AKgeCK0OMp/Pr2x3uVrra/PH\r\now2UUE0EgPNIKWee533PimIx870ZobM59TxKqRV6aAHQDBBaHcOM27FFs+7DMHw0jx/1x8Eg\r\naQDcZrFYfCKiVdrjJoq1enh4uE57ThGklFMiOmpyDHsBAPUAodUxTHm3rf/Nyjxua0KIQdIA\r\nOIqJYt0Q0dF3N6KKKFaEGTp9tIdorQsNpgcAlANCq0MopXxbeTczf41VFPqWlyIdAICDGD9W\r\naqqwqihWxHw+X5Jlj2Dmr0gbAlAPEFrd4iZ5gJmftdar2N9tJdvYQAFwDCOyfmaIrNBEsSr5\r\n/hpbwRfLeZ7iewgAoFogtDqCMa9Ok8eZ+dWYDSHEkREeJdsAuEVMZFnThcz8eb1er6o8Z4bt\r\n4KT2EACAYkBodYAs82q8vNvcsU6Tz0OjUgDcwvO8LzaRZSLUftVpvDTbwX6///Hw8BBUeS4A\r\nwGswgqcDmE0517yaZoSvc20AgHIopW6EEMvk8bpElpTyglJsB7vd7mgdAIBqgdByHKXUZZoB\r\n3rIh+5a3QNoQAEdIE1lERHWILCIiz/MK2Q4AAPUAoeUw5k60sHmVmW0RraCWxQEASmHGZi1t\r\nj+33+w91iCwp5UwIkWs7AADUB4SWw3ieZ+0AT0TWO1EhxJvksd1uh4gWAC0zn8+Xo9HoKH1H\r\ndBBZdYke05/rFSZFuazjfACAY2CGdxQp5TStA/x6vb5LeT5GagDgGCb9nyay/luXyDKVyraq\r\nxusqGp8CAIqBiJajmO7NR6TdiaYY4TFSA4AWkVLOyGJEJzoMga+qEanlvFOyVyqHVbeNAABk\r\ng4iWgyilLsnevflzxp2o7c4V0SwAWsKM1vlpizQz87f1er2s69wZY3ZqOycAwA4iWo6RUYr9\r\npLXOuvv1La+B0AKgBaSU0wyRdV+nyMKYHQDcAkLLMUwp9indm486wsMID0DzxOYX2kRWqLU+\r\natdS5bkxZgcAt0Dq0CHSSrHzujfDCA+AG2SN1jEiy6+zdxXG7ADgHhBaDjGZTGx3os+73e7K\r\n9vwIGOEBcIPJZPKdLH7JWNf32sQOxuwA4CZIHTpCmq+CipVi214XnLUgAEAplFI3ZPdG1S6y\r\nMGYHAHeB0HKALF9FwVJsVBwC0CJNzy9MgjE7ALgLhJYDeJ53nearKPJ6W0d4rTWEFgANYBqD\r\nLlMeXtYtsjBmBwC3gUerZYyv4n3yuOmzE+S93jRETL72GZ2fAagfM7/waIID0ctonaMpDlWD\r\nMTsAuA2EVvtYDfBa60wDfMR4PEbasGWUUu+J6Cpl3ImNYLvd/o2UTrdpa35hHIzZaQYp5cwU\r\nK/mE7y8oCYRWiyilrlPKwFdFv8Qpm2xw7tpANqYh5UciWqakfbPwTXXa2xqWBhpASjlLE1nM\r\n/LUJkYUxO82wWCw+EdEqdgjfX1AKCK2WMClD6yZZcv4ZIloNopR6RwdxdW7TSb+C5YAWiEbr\r\n2B4zKf9C0ehzwZidelFK+XTIONj2WL/RxYBOA6HVAmml2ETlN0kY4etHSnkxHo/fCyGubJVd\r\nYDi0Ob8wDsbs1IeJVn/JuplCn0JQBgitFsgoxf5cZpNMMcI/wZtRDeai+jGjogwMjLTO66br\r\neyORLIzZqQcp5cVkMvlIr9OER5Tx0AJABKHVOEqpy7RS7LK+ivF47FveB3ezZ3KCuZ2Y+ZsZ\r\n+r2ZTCYfmfkqy7uFO+LukWY8b2K0ThyM2ake852/JksqNk5TfdFAv4DQapCs7s2n+Cpsm74Q\r\nAhvACZxibmfmJ2a+3u12t2EY/jGb9Xcimgohsl53Dx9NtzC9qo7aODQtsjBmp1oiH1bRmyrT\r\nABZ7LCgFhFaDZKQdViem+6TlWHDC+wyWU8zt+/3+hxDidr1e35n38JVSuZu1EWYrNJHsHrZe\r\nVUQHT2VTIgtjdqqjiA8rSVMtO0D/gNBqCNPYMO1OtEyV4Qu2CzuM8PmcYm5n5mciutVav/Qn\r\nMtGFT5RTgWRee42S+26SkTIs5ak8F4zZOZ+iPqwkzPwNIgucSnp+A1SGuXv6nYxmmZTh9JRN\r\n0lzkX5WYm9mI0zOX21tOMbczc8jM1/FNtqjAMq//qrUu3BcNuEXGdzdcr9eFPXwVrGM2mUx+\r\nJ48bb6ff1Dq6TOTDKtv3rslqUtBPENFqgLR+N3SGeZWZZ0kfEIzwdsoIo4jI3B6PWJR5n/1+\r\n/2O3212hArTbZHx3G606w5id0ynrw4rTZDUp6C+DFFrm7vBf+/1+NhqNLoxoif9/I4TYEFHA\r\nzI9a66dTUwTz+fyKLBdmkzI8eQ4ajPD5SCmn5kLpF3l+0tweHS8ZwbonohWMyd0n7bvLzF+L\r\nzCGtch0Ys1OeU3xYcZoudAD9pZdCK09IRc8bjUZERBRFhmL/nxLRlIh8IQRNJhNaLBZRxGhj\r\nBE2w3W4ze1ZlVCo9VWBehRE+BSnlhdlgl0WenzS3R5wisJq8AIP6kFJO0767TfaqMj2zrNWO\r\n8PzZOdWHFSeKFkJkgSrotNBaLBZvmHlqhJEf+zMRpQupUzF3lTMiuiSiFwFGh8jXhpkfR6PR\r\n43a7DcMw/FNXvxuz+R7d4Q79Ih9tsHk9rIjs5vYICCxQR7r/FDzPS/MUIZ1loWg/LHNz9Zgi\r\nYtErC1RK54RWYor6K/F0rpA6A18I8XL+mAA7ooq0g+d5vuV9w3Pes+vEN9icHlZH5vbYe0Bg\r\nAWdShiYi/t6yjm/43L2mqA/L7JNXdOh1lzYUHL2yQKV0SmjFhrmWqhpxjHdKqb9i6cfwhDtk\r\n33IsOHtlHcRssDd5bRpsPaxMivENHX6ffhGzLARWv3ElZUhEZG4ok+vA+JcYRX1YzPzMzFcP\r\nDw+35jpy9LslQq8sUA+dEVpZw1zLYtJGj8z8Rwjx8n+t9Z8wDB+VUvE0pE9EMyHEv849L9Er\r\n/9dL+lEptSGixxLi62iQNA1MaCUjm2nEe1hJKS9Mg1KfCgqr2PtAYA0Ac9FuPWWYMTQarUKo\r\nnA+LmT8bi8CfvKHgEFmgDjrRR6usyMoTUieu4cLzvJkx1E/pIL5sgqcSmHlDFvFlNpj/Sz5/\r\nu93+ewgVSOYO9lMRozszfyOin3Tw1ZUSVrH3gMAaCGYO6ffk8ab7KJm95n9t9+5ylaL9sJIt\r\nVszv9WdK81n0ygK14bzQyrkDeSaiRzJmdCHEpukLornwT+mfKEnd4utPcqMYQqPSspVERlyf\r\nHP2EwBoWGeLm5KbCp6KUuk4ZPP92yJ/Hsj6s+O8qR2ShjQOoFedThyY9ZBVZLlSGmLuljZTy\r\n0fM8m3H1mZkDIcRMCPHXOefK8CHxYrH4RKd7vpxmPp9/FEKsqIQ371SRBYE1TOqqEC6LMcAf\r\niawhD40+xYeVfMy8HiILtILzQovsPgUnRFYcs1FPk8eNAftllqHxf82iVhFCCFs/rFKY866I\r\njisemflRCGHdRKKUatr7Zr12u90+Z/3+F4tFamQv6m+Wcs5XLTqSf68ac/cbEFGgtQ6w4Q4P\r\nkzJMm0N6clPhU0gzwO92u8EZ4E/1YSUfU0rd2KwG6JUFmsL51KFSapOMBDHz38nmkm2S4e0o\r\nNIesDvEF7EBYgTgupQzn8/lyNBrZRu18Hlpz0lN9WEkyfqfO3ayD/uJ8RMtEVZJCa9rSco6Q\r\nUl4Q0VlzyEyaKogfg/iqBggrkIVDKcO0DvBPQxJZZX1YWenUNJFlXo9eWaAxnBdaJrX1LnFs\r\n2spiLEwmk++U3kF6c+r7poivW1sDQ/APEFagKKZBrRMpQ8/zrlL2tWWT62iLKnxYifebCSHQ\r\nKws4gfNCiw5VhUmcKHGua2B0BtPkAWb+bLxWg4x8QViBU8iKRFcwh7TsWqxNUodggK/Kh5V4\r\nT/TKAk7hvNDSWj9OJpNXx+psoVCUjA7StW3Utp9ba32XFQI3m06az+GCMkRrcgh38rVZos5U\r\n76XxSETvikQmmfmJDiMz/pzTB62vpHS3D7bb7Ych9FU7Fc/zVmnFK02LdTNXMbmO3hvgy8wl\r\nzPJhxTHfB2s6GL2yQFs4b4YnIlosFpw81naDzsVi8ZPsFZG1GPVNmuNn4lzP6/W6U+OIjPC7\r\nKeDBOBqZA/6hwFzG4NevX28bXFJnsH2XiIoXr1S8lrRCmt4a4EvsAUf9sHLeF72ygJM4H9Ei\r\nOmyAyWiO53kzItq0sR6l1IrSh87W5e2wnS+o6Vy1ENsIU8VhNDKnSIpgiJjf4SchRF60w29i\r\nPV2jiuKVitdia+fwpLW+tryk0xT97Bb1YSVBryzgKp0QWnRINSXTZjMiarzFgzFZNj501qTx\r\nkoeDus5XNQVF1jet9RU2RDtFS96JXqIBIEFOynDT8FrSDPC9+w4opS7pUE04zXpeUR+W5f3R\r\nKws4SyeElhmvkzzWuCE+yv+nPFzrl9nmz9rtdkFd56uSrJA+0SFiaTbDTcNL6wRFB2jHYebb\r\n2hbUUUzK0Dba5j7eVLgJMjye9y71CDyXotWEZXxYSebz+TJDZKFXFmidTggtW/fypqvrcvL/\r\nn+sc2WKiaEcNFbuwgeT83p6J6BLjbuyUne8YZzQafVksFl/oYIz/G3f0RORIypDokOayHW9j\r\nLXURjc7KiWLn9sPKOQd6ZQHn6YTQWq/XQXysDFHzvbSy8v91m1bH47FvOW9Q5zmrIE9k4W4z\r\nnSjVQpaWHiXxTa+3QRvjlVLOpAzT+ncx8+c+RHWLmN2ND2t1TiQRvbJAV+iE0CI6fDGFEP+K\r\nH5NSzpq4UOfl/+s+P9lTRkED5z0LiKzySCmnptzfr/Btq3yvzpHhqwybThkabJG1zhvgi5rd\r\nz0kTxs6FXlmgM3RGaJHFEJ/RH6oyXMj/2/xZWcOgXcCIU4isEiwWi0/MfEU5fYXKMnRjvG1Q\r\nM1E7abq0yBp13ABfxOwe9cQ7t5kzemWBrtEZoWW6nyePzajGyI4L+X+bP4voZUSPk+REACGy\r\nEpj5bjdENLVUllZBUMebdgHzu/WTx02artHPoZRySkRWM35XDfAlRud81Vqf3Qy2QK+sXjd5\r\nBd2kM0IrZeZhbREtV/L/Kf6srK7rrZImsohgTk0SuzPPvEhVQCcv4lWQljJsoxmoESRHe1ZX\r\nxUFRs7upKK7ke49eWaCLdEZoZUS0Ksel/H+KoTRo6vxlyBJZMKe+pshFqipcjn7WSUY0q3Ev\r\nVIYB/mvXbj6aMrsnQa8s0FU6I7RSWjxUfpFyMP9vm+sYNLyGXCCyilF0/MgpMHOYbHuy3+9/\r\nVH2eDrFMHmDmp5Y+i2mtJVYtrOUkmjS7J3HBKwvAqYzaXkBRtNa2u5VKe2m5lv83TQ2nyeOu\r\nRSjSNkEiiKw48/l8mdW49VSYOdxut/8hItt3JKjyXF3BfHfeJ48z86rptcznc2sHeJNK70QU\r\nRil16Xne7yyRZeaT/v3w8HBZtchq2ysLwDl0RmjZvkxVR7Rcy/93wZ+VtQlCZP2DUurLaDSy\r\nRkrPwTTLnYVh+Njl6QFV43neKnmsjWiWlPIirQN8F74bUsqpUuq7EOJ7TkXhV631rGpTvyte\r\nWQDOoTOpQ6J6e2m5mP8XQviWw0HDy0gl507zKzbBl+7u36niXlZJk7Epr08+52mId/sZ0azG\r\nvVme51lnU3bBAN+G2T2OS15ZAM6hU0KLauql5XD+31l/Vo7I+rZer52/kNRNdKGg6vtifbZU\r\nzfmWpwZVnrcreJ539Nlj5ufdbnfb5DqMAd4m+Jw2wLdldk+swTWvLAAn0ymhVUcvLVfz/2n+\r\nLK116xt0AZG1bHhJzpH1OzqVnOjBkSjvwpimqpFSXhDRkbghouumo9IpKUNnDfBtmt0t63DG\r\nKwvAuXRKaFXdS8vl/H+KPyts2zwrpZxBZKVjLhJf0ooDTiUlihWdc2q7KO12u8H1z/I878o2\r\ngL3p8TZSyhnZW0uc3bSzDprs7J6Ha15ZAM6lU0Kryl5aruf/XeyfFUuFHQGR9dIl+3uVVYVF\r\nPDDj8djmz2pdlDeNiWYddV4notumfxcp6cunlmYrptJ0Z/c8XPTKAnAunRJaVfXS6kj+3yl/\r\nVo4wvXfkd9YaJiJQaVVhVhQrgW85Nrho1ng8XqYYz5uOZl240loii7bN7pb1uOqVBeAsOiW0\r\ntNZ/JpNJ8nCpXlpdyf/b1qe1DlpYSp7ICrXWdY+QcZrFYvGJiFZVvV+Zi5uU8mI0Gr1LHtda\r\nD05oCSFscwS/1eUlSmM8Hi8t63huO0oe4YLZPYmrXlkAqqBTQisMw8fFYvHqmBDiYj6fL4tu\r\nYl3I/5vRIa8wpfqNr62AyHLid9YGUWSUiCoTmiWiWESUmjYcXFsHEw2ZJo+3YTy3CT4ium16\r\nHUlcMbtb1uWsVxaAKuiU0CI6pKmSjRlNdc9t3mu7kv9n5qnFi9bKhTMjxTp0kTUzfqxpFe93\r\naoompdfaoKJZ5kJtq/BrPJplWjpMk8ebTl8mccnsHsd1rywAVdA5oUWHFM0rQ7YQYpoX1epS\r\n/t8WcbP50+pGKbVyPfrXBuaz9KUqP1bZKFaCo7QhDaB/lrlAvyeiywzxIJVSfpMjq5j5ynKT\r\ndN+04ItwzeyepANeWQDOpnNCa71eB0qpUlGtDub/bd6JRteYESV4GrLIyhqeXRbzu7w89fOn\r\nlLq0tTKoegyKKyil3tEhTXv0c9swNwk/F4tFYMRsUOf6pJRTm1+OiFqJZrlmdk9iblic9soC\r\nUAWdE1qGFVmiWkqpVTIy0NH8/5HBX2u9aXIBxnt0hBEGgxNZWUUUp1BRBMG3HOuNyDK/83d0\r\n+DkLiasUfCGEv1gsgu12+6Gu6JLnecvkMWZ+alr4KqXeE9GVS2b3JKYy82hfHnq0HPSTTgqt\r\n9XodzOfzH5a7x49SypcO0F3M/5sN6Gi9Td5xZqQMPzsY/asdU5zwvYpUofHBLCuKrhxFT7re\r\nDT4mri7z0l0n4E8mkxsielvx+0bYOtLf1nSuV8R+b6s832DTZncbtsayhiuILNA3Oim0iIh2\r\nu91VUmgJIS5Mo8BVR3plHeF5njWU3tT5M1KG4Rk+os5i0i+V3PVX6YMx/07T5PEudoOXUk7H\r\n4/E7IYQ1lVQWZn4SQvyV8rB/7vvbyKh6vK3jfBFmaPlH4w3LvBFow+xuw0wysBYvNOmnA6Ap\r\nOiu0wjDcKKW+WRoDfpRS3qZ16HY9/8/Ms6SZlhr0Z2WkDJdNrcEFYkL97KgKMz/TIYpV2QXO\r\n87yjde33+x9diQZUIa6Y+VkI8a/Esaf1ej01UcjbpOBi5vvTV53OaDSyNSitrerRmNw/RX5B\r\ny56RXEsrZncbJqr4CpdnQAJwLp0VWkSHHjmTyeTVBmeiWj9td5ddyP+nXHQ2TZwbKcMDRRo6\r\nFsWkaepoHdK5asNYeivTP5SGEax3RHSntd5MJpPfluesiA6exslkchTVYubb0gvPQUo5JXuk\r\nrPJzGQH5segNADPfa62dKfgx6/ctD123mcoE7bBYLN4w8yUdfJTJPSGwvcaM4rN+npl5I4TY\r\n2B7bbretjSXrtNAyUa2vyQaBKSLLqV5ZGUwtx4K6T4qU4YGq/FhRFKuuNE1Xhkif67ky6a6A\r\niO7iEUGl1K3tuZHv0vO8VdbjVZI217DKNJhS6r2JXvlFnr/f738IIa4dTMXZollPbfcZA80Q\r\n3w/o8Fm+yIjG+raD5vnWvSQrsjuZTCje8Nz0pgyI6FFrXWsLlk4LLaJDVMvzvGUyhRDHxV5Z\r\naSTbVhA1U3GIlOGLz8b6eyhDjVEsIsqcHLCp43ynYCrfzhFXd1rrW9t31nh8bKm6a/P4BdkL\r\nBSq/mJtzpa7l3PcuanCPnfebSRFuzj1/1czn86uUnwMG+B4jpZxNJpN3zHxZVdV2FZi1zIgO\r\nIkwptaGD8AqqFl6dF1phGP5RSl0T0VE0JsLRXllHmBTEEXVvmkgZVtMfq6mSedvkAGoovZxF\r\n2T5XcZg5ZObb3W4X5H3mUiJIz7vd7jZ63NZfLHq8SsbjsbWX2TnnKmNwj85HRNda62tXBYup\r\nprZFzO/72vdtqKS1ZcnzEbaNuQlYEtHSCK8/RBQwc7Db7e7PuRZ2XmgZAkoRWg73yjrC87xp\r\n8lhd5t2IoacMzUXtO51ZjWa8MMsmIgkpUYGg7vPaOFNcPTHz9W63uyv6e0uLINHB4xOJDGub\r\nhTpESMpcw7tTznWCwf2JmVfm9+ekwIrwPM/aONXlwiRQHFejVudgPq+XQojL0Wj0IryMPyz4\r\n9etX4Wtz54WWlHJGRN/THk8zxjmKbzlWa0RpyCnDyPRO9k78hWip8aNvWcemqZMXHH9jJS8t\r\nmEdatCry+GS0Wajl3yflolIqQnOKwZ2Zb7tyA2lu5o4EqanKHETEvG+YqNUbStxklY1amf0z\r\nIKI7E83eRI/ZLBKGC0rfs6dk9zkTEc2yLEZ5RMLL/Bf5vYLovyzh1WmhFevWnXonbaI1QXOr\r\nOh1ba4c6L6BDThlWYXo3VayXLfhhjqrphBC1RjTaFFexNVwQkS2CdB2G4Z+M9FRtbRZShtx/\r\npAJiq0cG90wmk4mtA/wzolndQko5G4/Hb0ajUWRkPwnTFzKgQ4FLkPa8nM/5Welmox18Ovwc\r\nvhDiaBpLQaL3oMViETfYRz6vP0QdFlpFRJbBb3qw7KnYmiymlbGey5BThlWY3s8cBH0WKULn\r\nRkq5qVIgx3pdpZmYU4m3YqjKgzMej5cp6adbopcBxVPLS2+rOH8KK0qMA6OMPadvBvc8lFJp\r\nF2Vn/WTgQCJq5ZfdAyKyolZtYT57dxQTbLHWI76tKK0IMYP9lalyDLbb7YdOCq2yc+e6EtWy\r\n/Txa61qElu0u05xvWcf5XOFc07sLfYlSoigXnuf9lFK+Lbq2xWLxxrzfVAgxZeaL6DNooqtl\r\nPVeVi6s4GemnjaloO0q9GbN1UPVaInKG3L+ct48G94LYollPfb+Z6yoVRq2e6LAXBF0pdjD7\r\nRBD9PRJeZi/0T0w7+pPJ5MbtMgALWSLLbE63KRvyW5ejWsZM+KoBIzM/r9frs/o52VBK+UKI\r\n5F14q1GaujnX9G6KElYufIZMGi+wffGZ+Q8RfRBC/J855JvjMyHERVxMVcV+v/9BRHd1eobm\r\n8/lyNBodRSG32+2/Pc+bpnyeG2nrkvF9equ13sQN7nl0yeCeh7Em2KLmTu/FQ8MUtPh0gi0g\r\njtkHgjLFLV3CiFCfzJD6MsKrU0IrT2RFm6pSKrCE/oJfv37VNUz2bJRSl0KIV6Z+czfuV32u\r\nxWLxkxKCw6QMe1EtkuScTu8uCaw4WWKrCSJx1ZQgUEr9L3kRMCm1K8/z/meLEjHz303dTdv2\r\nHNOlelrk9V0zuOdh9uqjf5e69jRQnJglwD+lz11EF6NWVWJ+j74QwqeD+LLOV2Xm+06lDk1E\r\nIlNkmUMrKuGbcASbCAiqPknGCIzeGVPLpmviuCqwIsIwfJRS+k2KLdOdqo4xAAALV0lEQVTr\r\n6rrpaEtWJWGaT5OZvza8+a8osecUEVldNbjn4XnedYqfbtnCcgYPolbVY37+W/NfXHjNyBjs\r\njdXksjNCSyl1Q/ay9qP0QFHfhGP4yQN1VBxmNA0Mqj5XW8QFFmWPeDjCdYEVpwmxFWsk2trG\r\nmjKw+d5MhLDdeN2v1+tGbxzS9pw0umxwz8OkUm3/Zl/7+PO6SMVRq4AOVcNB19PZdRITXkd0\r\nQmjlGJgvUzwYK+pWVMtWcbip8gQZ0axVledpi6EIrDjniC1TZv0nMaQ1IDqMfXLhopjxmd2k\r\neDGftdYnX1jOZEXHe84LPTK4Z5JyM/estV61sJzBkDOguTAmjX1XZEoDKIbzHq0skZXX9b0r\r\nXq00M+2vX78q/fdJ8Wb1wjMxn88/CiGs3aez6KrASmK6it8KId6YC3q0QT7SQUy9TLXv0s+a\r\n8pn9Q/TSQPAV2+32P21eHFK8Wr0xuOeRVrSw3+//23BT395jvvPx9gsnFU4halU/Tke0zhFZ\r\nhhV1IKqVls6r8hx9jWaZ4cWFexJF9EVgRZjok9/yMiol7TObdkHZ7/f/bfsOXGu9jAneXhnc\r\n88hoGBtCZFWH2fOuzoxaFZ4tCs7HWaFlSoOXtseKzi/sglerKQHUN28WBFb/sX1m02Dmby5c\r\nzPsoeItixiNNLQ/1rtCmaaSU08lk8v6Uwh6if3rcmQHJvY+suoaTQstUGVU1JHpFDke1GhRA\r\nvuU8nSvJhcAaBhk3IEeYUUi4mLeIlHJKlvFI+/3+x8PDQ9D4gnqC+R5Eo5pKzRI0Hsw7rfUd\r\nolbt4pzQSsvxEx0aapYNw7sc1WoynZfSTfyTlPLW1bsb0yvqr6hcNupgXuY9ILA6y7LIk4zJ\r\neunqZ3goeJ73xRZp2e12EMAncEp6EFErd3FKaOWIrG9ndC1fkYNRrYbTeSs67vNz4XneFbXs\r\n0zKmTimEmDHzjIimtg0m727O9CS6iPwxBIHVSaSUU1t7gBSWuFtvF1PMYxt/9NmFytWucEp6\r\nMBrQfO7AdlAvzlQdFhBZy3Pe37UKxKyxHXWJg/l8fjcajd4lj2+32383sSGajeQveh2d8s99\r\nX4iqfqGUui0itExTUkRMWialMvRZaz1FVCWfZHqwCMz8jYhused1AyciWkZ01CayDCtyKKrV\r\nhjl9t9td2YSW53lfiOjvqs5j+lnJ/X4/E0JMo0hV/C6tjNcgDQis/lE0mtVGU1KQip88wMxX\r\nEFnZlE0Pxvqw3SJS2C1aF1pSyhkRfbc9VqHIcsqr1VarhTAMN0qpz0mRJ4S4NLPkNtExZn4U\r\nQsQ3yiD6w3a7fY7C1KZJ3kt0Ki6oRqNR/ByV/RwQWP3F87xV3nNabkoKCjCUlhZlOTU9yMzX\r\n+J12l1ZTh8bsnDarrPJGmm2k62y02TjUDHvdtDWMuAymkd6GiIKo4SbEVX8xF6H/5T2v7aak\r\n4DWLxYKTx6puttx1kB4cNq1FtHJEVljHHWvGPLIvUsq3TYS6224cGobhn/l8fpWWqm2DWCfz\r\nRyOoHrXWj0g9DAtTmJGJC01JwWuY+UkI8WqEmJRyhn8npAfBgVaEVgGR5dd4kV3RcfXdzPO8\r\nG6rQp5SGC41DHx4ebpVSV0II2dQ5I0zab2P+CyCoANEh0kpEmd4sV5qSgiM2lJjV6nneSeNg\r\n+gDSgyBJ40LLpK5uWhJZWV6ty/l8flXnRt52NCuO1voyGhVSx/ubjWNjhhUHrgwpBm5iuoqn\r\nXpTQlBS4zinNRZEeHAaNC63JZPKdiI7CqE2IrAit9ZXneUHSpzQajb4opR7r+tC7EM2KSI4K\r\nMVHG+IXOj/35gl7/m02jVIEZmPtoBNWjEVSDTxmA4pho1lFX8ThoSgpcBelBkEejQkspdUP2\r\nUuDnpkQWEVEYho9KqSXZqx2/Syn/U/UXwKVolg2LOAraWAcYHgWiWV8h3oFLID0IytCY0DLz\r\nC5fJ402LrIj1en2nlPoqhHh1J226pX8nov9UeT6XolkAuEJeNIuZn7TWq+ZWBCqilx4tpAfB\r\nKTQitLIakhLRZVt3q+v1+kopNbP4tWZKqZv1ev2hivO4Hs0CoC3G4/EyJyKAlKH7BESU9HrO\r\niKhzQ+vjRI2XyfQHJKJZ0VmrSA+COLULrayGpPv9/kPbk92NKfwxWZ4shFjO5/P7KsK8iGYB\r\nYCcZUY6z3+9/tL0/gGGQJ6qKNlxGehDYqFVo5VQYfnPhwxiG4R8p5eVkMvmdfGw0Gt1IKR/P\r\nibghmgWAHWMnmNoeY+bn3W63bHRBYBAkZq6eLKriID0IsqhVaGVUGN5XNVqnCsIwfJzP5x9s\r\nQ609z4vM8SelLxDNAsCO7bsRgVl5oAqklFPP86SpCHw1IozovNFgSA+CotQmtDIqDGvp+n4u\r\npomnnxxoK4SYGsH4tux7IpoFgJ2caFYlKXswLPJEFVFlw+yRHgSlqEVo5VQYOmtuXa/XS2OO\r\nT3ZM95VS1+v1ulTDRESzALCTFs2K9oiGlwPOwDQmTh4r1FPqVEzfP2kbZh9Rlaiiw2iwRyFE\r\nbT0WQb+pXGi5WmFYlJg5/lUzUyHER6VUsF6vC1XSIJoFgJ2saBYRXSMN0y2EEBvLscraO0Si\r\nig5eqhlZ9lWIKuAylQot1ysMixCG4UYpdUmJeYiGG6XUnyJfQESzALAzGo2sMw2ZOVyv16uG\r\nlwMcooioqoJo5ipEFWiCyoRWFyoMi7Jer4P5fP7f0Wj0JX7c/Gw/F4tFwMyfbV/OxWLxhpkv\r\nCdEsANLwkweQMhwei8XizX6/nwkhoqo/v47zGFH1yMyPu93urCpyAE6hMqHVlQrDojw8PFzP\r\n53N/NBq9szzsCyF8I7iu6dAFORJXF7YwNqJZABxg5ldD3WPTIXAB7ClxUUX/RKtoNBpVeh6I\r\nKuAiL0LL9Ba5oYOx8E5r/aGoab1rFYZF2e12SyFEYDHHR/hCCL/g262qWRUA3cb4IO+EEG+Y\r\n+d4UyGzaXheolL/MdaEWUWVaKzwSUcDMG4gq4DIvoZfFYvGTYmLJdGXOFUnz+Xxp6z/Vl7tU\r\n4xm4To7pKYOJZvkVLgsAAJxhsVhwXe8dF1VE9Ki1foQwB10injr04w+kpMxe0fUKwyKYn8E3\r\nVYSrsoIrumOvY20AANAnIKpAHznZo9WHCsMyGH9VruBi5mdmDojobrfbBdgkAADgGGZ+iqr+\r\niCjQWm+wX4I+cpLQ6lOFYVlsgsv0XwmI6A6GdwDA0EgWOFgeT4qqR1cbVwNQNR7RQTglHzAh\r\nXCt9qzA8hUhwtbwMAABoHa310vO8W3PjCVEFQAyPiMjzPNu4BKu/qq8VhgAAAE7DpPz8lpcB\r\ngJOUqrft6gxDAAAAAIA2KOzRGkKFIQAAAABAlRQSWkOrMAQAAAAAqIJCqcOhVhgCAAAAAJxD\r\nrtBSSq2iEQpxhlRhCAAAAABwCiMiImaeWh7bSCmnRPQx+QAqDAEAAAAA8vGIiIQQU8tjGzNk\r\n+ihliApDAAAAAIB8sszw74lomjzIzF9RYQgAAAAAkE+qR8sW5WLmJ631qsb1AAAAAAD0hlIN\r\nS4kIKUMAAAAAgIIUbli63+9/oF8WAAAAAEBxCkW0mPl5t9sta14LAAAAAECviNo72IZKv8DM\r\nV0gZAgAAAACUY0REZOv6HsHM9+j+DgAAAABQnszUITM/a62XDa0FAAAAAKBX5Hm0rsMw3DSx\r\nEAAAAACAvpEqtJj5ab1erxpcCwAAAABAr8iKaG2aWgQAAAAAQB/JEloYswMAAAAAcAZR1eEb\r\ny2No5wAAAAAAcAZZEa2gqUUAAAAAAPSRVKGltUZECwAAAADgDFKFVhiG8GgBAAAAAJxBNILn\r\nPn4w+XcAAAAAAFCeERGR1nq53+9/EB1EFrrBAwAAAACcz/8DX4AU0up07JgAAAAASUVORK5C\r\nYII=', 0, '91', 1, 'Very nice drive!', 1, 1, 'submitted', '2016-07-19 21:36:00');
INSERT INTO `final_drives` (`final_drive_id`, `student_id`, `course_id`, `has_corrective_lenses`, `has_permit`, `instructor_id`, `final_drive_date`, `final_drive_student_signature`, `gif_code`, `final_drive_instructor_signature`, `final_drive_total_deductions`, `final_drive_total_score`, `final_drive_template_id`, `final_drive_comments`, `final_drive_hours_driven`, `final_drive_hours_observed`, `final_drive_status`, `last_updated`) VALUES
(18, 15, 3, NULL, 1, 2, '2016-06-03', 'iVBORw0KGgoAAAANSUhEUgAAAeMAAADnCAYAAAAtkT6aAAAABGdBTUEAALGPC/xhBQAAIABJ\nREFUeJztnV122ljWhvcBcd3uEXz0CA6tw31UI4hrBCEjiGsEoUYQZwQmI4g9guD7iJgRlD2C\njq8ttL8LNgkWRz+A/o70Pmv16vIBmx0b9Gr/EwEAAACgUVTTBjSF1vrC87wbpdQlM99GUfR+\nvV7/bNouAAAA/cNr2oCmGI1GX4koICJSSl0Oh0NFRJeNGgUAAKCXDJo2oEGC/S8Gg8HbhuwA\nAADQc/osxgAAAEArgBgDAAAADQMxBgAAABoGYgwAAAA0DMQYAAAAaBiIMQAAANAwve0zBuBU\ntNbj0Wh0Q9v2uOXLy8v79Xr92KxVAACXgWcMwJHsCTERUSBfAwDAyUCMATgCY0xAiYExlq8B\nAOAoIMYAHAEzX1nO7puwBQDQHSDGABREaz22jU1l5kUD5gAAOgTEGICCeJ43T54x89NqtVrU\nbgwAoFNAjAEogNb6gohsXvF1A+YAADoGxBiAAnied6WUutg/Y+bnzWazaMgkAECHgBgDUIwP\nlrPFer3+WbslAIDOATEGIAff92dJr5iIKIoihKgBAKUAMQYgB6XUx+QZM3/B1C0AQFlAjAHI\nwBgTKKXGyXN4xQCAMoEYA5BBild8v16vH5qwBwDQTSDGAKSgtR6TfdQlvGIAQKlAjAFIIW3I\nRxiGt/VbAwDoMhBjACxorcdKqXfJc2aeN2AOAKDjQIwBsOB53ix5JkM+4BUDAEoHYgxAAhl9\naRvycY0hHwCAKoAYA5BgOBxeYsgHAKBOIMYAJMgY8gGvGABQCRBjAPYwxlymDPmY124MAKA3\r\nQIwB2EMpdZArliEfjw2YAwDoCRBjAARjTED2IR/zWg0BAPQOiDEAv5klD2TIx7J+UwAAfaKX\r\nYmyMmTdtA2gXGPIBAGiS3omxzBu25gXrtwa0Bc/zrpJnzPy0Wq0WDZgDAOgZXtMG1M1oNLoh\r\nIlsP6cHFGPQDGfJx4BUT0aJmUwAAPaVXnrHv+zOyFOgw82esxOsvw+FwlhzywczPGPIBAKiL\r\n3njGWusLpdSn5DkzP6GHtN/Y2pmI6BZDPkAf0FpfeJ73loiulFKTkn/88uXl5T1aA/PpjRh7\r\nnndjG3FIRDNcdPvLdDr9SETj5Dlu0EDX0VqPPc/7QEQHkaESCSQ1+EdFP78zqKYNqANjTKCU\r\n+pY8j+P4brVaXTZhE2gWY8w7Iprbpm3hfQG6jDHmnVJqRvae+kp4eXn5L1KB2XTeM5binJvk\r\nuazDm9VvEWgKrfXFaDT6wMxXWZ6AUgq5YtAptNbj0Wj0Lu+9XxXSrTCr+3VdovNi7Hme1fth\r\n5iuEp/vBfjiOiC6USg8IMfM9hnyArmCMeUvbMPQlEVHWe79i3mqtL3DNTafTYqy1nqTNGkb/\r\naPcREf4oIblcmPk+iiKEp4HT7EWAZjZHxAYzPxPRbRRF1+eGk6Ug7FEp9a/dmVLqYjgcXhLa\r\nBVPptBiPRiNb9fRzFEWzBswBNSE1Ah+pYE5MBr7M4REDl5HZ6rt8cCEvmJmfmHm+2WxK6x5Y\r\nr9c/jTG3lOjdF8doUcZrdJHOirFM2gosD12jzL6bHFuYwsxfoiia4/0AXEVrfTEcDt8ppa6K\r\nesFE2/c+ES0qvAFd0KEYl9021Sk6K8Zp4w3DMJw3YA6okKzK6CQSjltIOO6xYtMAqASt9UTq\r\nIC6LFmSJF3y92WwWNeRuD2xi5nXFr+k0nRVjInqbPGBmVMl2hKKV0TtEhK9FhFFEApxEaz2R\r\n9FtQ9HviOL5TSi3CMLytzrIDAsvZssbXd45OirEx5tLmJW02m0XtxoBSOaYymuh3TgwFe8B1\r\nxBv+RhavMwkzP9E2ArRoKAL0xnK2rNsIl+ikGBPRQUVsHMd38Ijc5ZTKaGZeQIRBF5DirK95\r\nUaA2vO9l9PBBfjiKomUD5jhD58RYhnwchKiVUov6rQHngspo0Hd8358ppQ4GF+1oWx2E53lB\r\n8oyZ13CGsumcGA+Hw4OCBmZ+rjlfAs7k2NwYKqNBF/F9fzYYDKxC3OIUTGA5W9Zsg3N0TozJ\r\nEqImIgixI8jAgI9Kqdz90m3zCAAoE2PMTVpahpnXURQFLfU2kS8+gU6JsdZ6PBgMDkLU2Evr\r\nBpIXu8lrUUJlNOg6rgqxpJWQLz6BTomxjFt7BTM/YVtIuxFv+GY3PzeNFoflACiFvM8CM38J\r\nw3BWs1mFkfqOVzDzfRtvHNpGp8Q4ZUn8om47QHFkYMd1VpUoM6+Z+RoiDLqMCPG3tElVbRdi\r\nrfWELPliZl7UboyDdEaMZSnEOHkeRdGidmNALrLS7YYyCrR24WhMTQNdR1r3vqYJcRzHf61W\r\nq1an29KmHuImuhidEWPP82bJMwmPPNZvDchiOp1+ZOYryhheIBuUZvj7ga6zG+aRFh2K4/h9\r\n2wVNaz1WSr1LnjPzvAFznKQzYkyJoeRECI+0Dbno3BDRJG1yFjM/M/NV2y8+AJRBlhC79Fnw\r\nPG+ePINXfBydEGMZf3nwZt5sNmhpagFF25XiOL7bbDYzFHuAPiDDPD6lCbFUTLe++FQmbh04\r\nQ4R6naPohBiTpbeYmb/got48RdqVZI7ubLVaLeuxCoBmyRnm4YwQE6Xmip/RUnoczotxxl0Z\r\nvOIGOaJd6bNMzsKNE+gF0+n0IxHNbY+1uYfYhowftnWxYAbAkTgvxim9xRh/2SBF25WkQMuJ\r\nu38AysAYc0PbjWMHuCbERFuv2PY5h1d8PM6LMXqL2wPalQBIJ2uqlsP1ErbCWaQIT8BpMZZy\r\netvotUUD5vQatCsBYKfIMI/VajWr2ayzkQK0cfI8iqJ57cZ0AKfFOKW3eI3QZ32gXQmAdAoI\r\n8ecwDHOXorSRlNGXX3CzfRpOizGht7gx0K4EQDZyo/o1rZPAhWEeaWR4xcgVn4izYpw2/hK9\r\nxdWDdiUAstnrJhjbHndZiKWD5VPyXCYeIip5Is6Ksa23LY7jO4RIqgPtSgAUIy00LQWMl67e\r\npO6F3W21IfO67ekSzooxER3sLSb0FlcG2pUAKIZUTVuF2KVhHkmy8t/MfB+G4bIBszqDk2Is\r\n+YpXosDMzwhRlw/alQAoju/7V7b2pY4L8XMURU4WobUJJ8WYLOMviegWYdFyQbsSAMWRGfkH\r\nuVThssNC7OxNRptwToy11heDwcAWol7UbUtXkZD0FaFdCYBCaK0nRGSdNS3FWst6LSoPqROB\r\nEFeMc2I8HA5nyTNmfkK+4jy01hfD4fCdUuoqq0qaCO1KAOyTVdTEzJ9dvmGV/Ld15DCEuFyc\r\nE2MshSgXrfXY87wPRHSQh0+CdiUAXpMlxHEc361WK2dzqVnjO8nhsHtbcUqMpb/NNv4SjeZH\r\nIgMJPmR82F6BdiUADvE871NKCHe92WxmDZhUCjlztJ0Ou7cVp8TY87wgeSbjLx/rt8ZNjDFv\r\nZWpWUOT5UqB1hbtgAF5jjJlnVE5funrjWkCIF/Va1A+cEmOyC8iyZhucQ0Jpb4lonpcP3hHH\r\n8Z1S6hq5eAAOkfZK22zmXS71sQGzzkb+XTPbYxDianFNjN9YzpZ1G+EKWuuL0Wj0gZmtO0eT\r\nSL/wrYSjH6u3EAD30FpPBoOBtXKamZ2NIvm+P0v7d0GIq8cZMc7IFy8bMKfVSFHWx90dblp7\r\n0g4pzFpEUXTtamgNgDqQz9Y322PM/LergpUlxK5XhLuCM2KckS+GeAjGmEBCZ0GR5zPzEzPP\r\n8UEDIB9J93xNaWH64uoEuhwh/uLqikfXcEaMCfniVGRIR+F8MDPfE9Ec+WAAipMx/GLt6jhI\r\nmRqWJcSzmk3qLS6JMfLFe+zlg617RW0w8xfkgwE4nozhF09SsOVchC5rahiEuH6cEGPki3+z\r\nywfTdj73RYF88DMRXSMfDMBppFUYu9zCJHMG0qaGQYgbwAkxRr54mw8mog95u4R37PLBm80G\r\nCzQAOBGpw7B6j0Tk5LrQHCF2NuTuOk6IMfU4X6y1noxGo090xJAO2q4zxIhQAM5AwrhfbY/F\r\ncfzXarVy7jNWQIidDLl3AVfEuHf54l1OmIjmRZ4v+eBrF+/UAWgjchNsDeOuVivnRvDu2rIg\r\nxO2k9WLcx3yxhKRviGic9TzJB+/6gx+rtwyAfqC1HpMlGsXM9y7mU3PasiDELaD1YtynfLF8\r\nYD7K7OhUJB98vdlsFl38PQDQNMPhMEieSeV0oZqNNrG3WcrWluVsNXjXaL0YU0/yxTtvOKtN\r\niZnXzHyNIR0AVItSKrAcO1cMmSPEzlaDdxEXxLjT+WL5sFh7GPdh5r9dnfADgIO8tZw5VbBV\r\nQIgD1Ji0h1aLcdfzxcaYS9p6w6lLHGSF4Qw5YQDqQWs9sX0mXZpYByF2j1aLcVfzxUW8YWZ+\r\nlrnRmVWbUnWtiShg5gkRTZRSY2Z+oG0EYRmG4V2p/wAAOowtXxzHsVOfIQixe7RajKmD+WLf\r\n9z8opeaneMNpwrt7fH8al3wQJ0R0NZ1OiYiWcRzfbjabe3wQAUgn5SZ5WbcdpyKjOyHEjtF2\r\nMe5MvlhrPR6NRjeUMbxDvOGr1Wq10FpfTKfTN1RAeAsSDAaDYDAYkDHmJ23zX8soiu4RAgfg\r\nN0qpg+vOZrNZNmDK0YgQz1IevoQQt5ejr+h1IV7g/5LnLy8v/3YtTF3QG36krUCOKSG8VSMh\r\n7esoiu5c+90CUCayxejV1C1mfgrDcNyQSYXJEuI4jt+jC6PdtNYz7kK++JhRliK+jcyElZDW\r\nwvO8n8aY2yiKPuMOGvSUwHK2rNmGo4EQl4tMK3tD2/fDRK6RS+lqWVbxmq0VY3L0Q7FjOp1+\r\npIKjLM+FmddE9MDMD0qphyiKHobD4aX0Sl4qpf5V5OeI5z4bjUYzYwy8ZdBHDkLUzLxswI7C\r\nQIjPR2s9GQ6Hb+SamRaZDJRSwXQ6rUSUWxumNsb8SBYhMPOfbV+AIMM7PtkKKMogKbxF3hDy\r\nRguUUpe2fFjO6/0kInjLoPNIXcc/yfM2p8aMMddKqQ+2xyDE6ezqcUhqcrJSiBmUKsqtFGMX\r\n88XSrvQpo3jiaE4R3iJIf3NA2zs9fcS3Ll9eXv5s698AgHPwfX82GAxerUtk5nUYhpXcWJ+L\r\nzd4dEOLfyLX5DW2vdxMquAHvCEoR5VaGqV3LFxcp0MqjKuG1IdGFW6JfK9WuqFg4OxiNRl+J\r\n6I+qbAOgKVJGYC5rNqMQWULMzH9DiH/tov5I5YtvklLC160UY3IkX3xuSHpv4cNtU+1FEnqe\r\naa0vJM98leMtB1rrMdqhQAdxYgRmjhB/6fvY3LJEWHbDL4lol567yknznSXKrQxTtz1fLN7k\r\nh1NC0sz8RNsc7KKtOdg8b1kWqzu3zxWANKTz4Ufy/Pv37626RhYQ4lnNJrWGc0RYZjwslVIP\r\ntJ1auEx7DSKaF6y9OUqUW/VGI2pvvliKO94x8+zYHuC9vcOtFWAbkmuZJwtEmPkhDMP/NmUX\r\nAGXj+/7VYDD4tH8Wx/HdarVqzcpECLGdU0RYnKIlMz9sNpvlsdflY0X55eXlr7zXaJ0YpzTd\r\nN1ZEUWRylg0R4Fsium2LR38KGRWm/0GoGnQFY8wyeWFtUwTIdl3c0VchPkaEpSZnX3wfy7KB\r\nCogyM/+MouiPLEFuY844sJwta7bhF8cKMTN/IccFeJ/1ev1ojFkn88jD4fCSiFpxoQLgXNo8\r\nAlNrPSEieMTCkSJ8T0Tzqgpi5ecGeaKslLrwPO+b7/t/pRXXtVGM2zaPOsh7gmx0uZVCrFZW\r\nfJ8DMy+UUq9CeEqpdwQxPgpJwXyl7XsKbWItQVr9XsHMT21IKUn9xjdbpwYz3/dJiNskwkmK\r\niLJS6kIpdeP7PtkEeVC5lUfQxv3F8kdNe+zLy8vLv1er1eVqtVp09cK62WwOvHyl1ERrPW7A\r\nHGfZE2Ki321ioHkCy9myZhsOyBHidRRFrclnV4kxJphOp9+UUt8oR4iZ+Z6Z/wjDMGhi/3QY\r\nhsswDANm/kNC4wcMBoMbY8xBpKNVYtzG/uIoii6Tgrz3B591VYD3Wa/Xj7Y3loSqQXGCnK9B\r\nM7RuBGYBIQ66fu1xSYSThGG4jKIoSBNkpdTMGHOjtf71921bmDqwnC1rtuEV8oYPmrShDSBU\r\nDbqKLRpniwbVRd+F+JgFO3WHo49hvV7/1FoHnuddy7XyFUqpmed5E631H+v1+merPGNqX74Y\r\nCAhVg64inQ9JTp6mdw7T6fTjaDT60VchJiLyPC+3aLZtnnAa6/X6ZxiGMynsPUApNfE875vW\r\netIaMZbkfKvyxeA3CFWDDnNQqOV53rhOA7TW4+l0+o1SNr31RYh937/KmmjoiggnCcNwFsfx\r\ne9tjSqnJaDT61BoxJqJZ8qDpfDF4DTMvkme28As4RNpTADjA9/0Pnuf9oBRvkJmf+yDEWuux\r\nVEsf4KoI77NarRZxHL9PicQErRBj+SMcXNSZGfnIFpEWqm7CFtfwPG/WtA0gFVsLU1D1i2qt\r\nL6bT6bfBYHCdtmSmLx4xEZFsvbOF550W4X1Wq9WCmefJc2Zet0KMbRcqZn7G5pF2gYlbZ4EI\r\nQnupXeiMMZee5/1DGaIvc40nbeh3rhpJU9r6vT93QYQTBJazZVuqqW3LseEVg04gowwbKQgC\r\n+TDzo1IqeVZJxEfmvd/YhGfvtZ+IaNZBEbIi7T0HfbcSnp/Xb1G1pEzpum3cM/Z9f2a7UEVR\r\ntGjAHABKh5lnTdsA0lFKPVrOSr95MsYEnuf9yBHiz1EUTfoixEREnuddpSzf6dwcB4kAvHpv\r\nMfNzGIbNe8bJjUBE28lWCImCLqC1vhgMBrY9uaDdHKwOPRXxhj8qpa7SniNFPbOuzLQvSlrR\r\nloz67OLvwhaKXxI1PIErrZ2JiBZ12wJAFQyHw1nTNoBsbF5oWYWJMsDjR5YQx3F8F0XRuKPi\r\nk4ks4jkgiqJZzabUhTVETdT8BK5Z8kDWJS7rNwWA8kHrV3+ZTqcfKaVvmOi3N7xarXonwkTb\r\nFCVZipmY+e8uRkYlCmCb9rYkatAzRjsT6AN5AwzqtAWkYxtoIxt4jkZrPTHG/KBsIb6X3HAv\r\nhViWAn1KnjPzUxiG8wZMqpzhcBgkz2SWxiNRg54x2pkASL9Y9x3LfOKqV06W8nN93/+glJpn\r\n9A0/M/N8tVr12unwPC/tdzSr25YasRXuLXf/0WSYGu1MoNNkeVZxHN+tVqtlfda4g+wXvqHX\r\n86F3Kyf/qOI1mfmnpb1pXPT7tdZjyX8GGa+xjqJo1oe+4SykVujg+t/1z0RaS9PuPxoJU6Od\r\nCfSdzWaTWtDTZ6bT6Uel1NcUrymo6nWVUgcCmdJuc4Dv+7OscZZE/RrgkUdK9fTzZrOZNWBO\r\nLWS1NO2+bsQzRjsT6DPM/Bnv9dfshmGQPZRHRPa8bsVk9hoXHOABb/iQIHnAzPOu9RQnSG1p\r\n2lG7Z4x2JtAX0jyALk4VOoe9/b2ZG8Bsi0pKZGk5Sy2+242zLDDAI4AQ/8a2MEVqhTqbopQJ\r\nY7ZZA6+K95rwjGfJA7Qzga4h+eLA8tCi4x7AUfi+/2EwGBS6ENsWldRNwQEevRpneQye59mi\r\nDZ29WZH3yzdbymPX0rSjVjFGO5Pb2AqS5MIDDjlo2xAgxFSs4Gmf/RaQKoii6HE0GiWP9f4X\r\n8v6/ycolx3F8t9lsOjfGsSyYeWwplOvs70o2UdmiAffJ93OtYWq0M7mNrbqUmTt7V3sqxph5\r\nRn/xsk5b2oiEeDMLnpJUHKK2biRTSl3sbkCNMZ+UUlYPh+hXy9Kfq9XqEkKcju33Zyue6wLG\r\nmGul1Cx5Lqmqg8hK3WFqtDM5jE1guvpBOhWt9Zjs7/PeU7Dg6VkpdTAXuo4QNTPfW9pPPhlj\r\nMoe3wBs+inHTBtSBdAxZrwNpdQS1iTHamTqB7YIEMd5DQq9Yl5igSIiXmT/LOsNPifNKQ9R7\r\nzIno2/5BzgQ1DPA4nrHlbFmzDZUiK1OtM7fjOH6fVtBXW5ga7UydQCcPoih6bMCOVpI2a3ef\r\nPhb1FAjxPjHzH2EYXqXUlCwqNpGItn+boiNKd+MsIcRHU9o2rDYi1eJpQvxXVkq2Fs8Y7Uzu\r\nI7NkDzw+tG1sSZu122ekZemmaIg3Y5B+bVXUzLxImZS0/5y/uzo/uWpsf9+u3KDuVU4fXCeZ\r\n+UvejVtdnvEseYB2JrfwPM9aEdiELW1ERCc3PH3q8gHX2OsdtgqxreBpOBzaBiPUFaLetVlZ\r\nvZqdLS8vL/+FEJ+G9Nt2khwhvg/DcJb3Myr3jNHO1BkCy9ljzTa0Eon8ZA6s2MHME+pYjizJ\r\nnhCnLUu4l6lUj/vnTYWoixSWCXNEgk4n5Ya+7qlqlSBz063/viiKCl0bKveM0c7UGcaWs8ea\r\nbWgdcrd/4E2J5/c5eV7W0vq2kifEcRz/FYZhkBTipkLUYu+PIjdTadWx4Cycr0A3xlj75aWF\r\nKShaZV9HmBrtTN1gbDlb1mxD65BVcOPkOTNfUWLcnXBQBNcVsoSYmZ9fXl7+m5Y3ayJEPZ1O\r\nP45Gox9FF0IQUdCXNENFBJYzpyMNvu9fZfQSFxZioorFGO1M3cFW1BJFkdMfpHPRWk9SugTu\r\nV6vVwvb76apnnCfEeTOa6wxRa60vptPpN8rYJy1tVgc1EbZ54+AsnPWMfd+fDQaDtKLNo5eD\r\nVCrGaGfqBmnD3fs85GBXsJE8F+GZERGt1+uftnGhXfOuzhXiOkPUxpjA87x/KKUFbVdYFobh\r\nFdnFGt7x6QTJA2Z+rN+M89FaT9KK/eI4fh+G4dHv3crEGO1M3cHzvLHluLdecVblJBFd799s\r\n2saFShFXJzhXiInqC1HLruSswrJ1FEWT3YU0re8Y3nF5KKUem7bhWHbvedtjzPz51HqoysQ4\r\nZX3cPdqZnASTt4Q9IbZWTibbXlKW1ndCjMsQYqLqQ9QFw9J/h2E4sdwA2L4H3vFpOD80aK/O\r\nwNpLLBGVk6hEjDPWx82reD1QLTZPro8LInKE+Fd4OsHS9qPKtq1uyhLiqkPUu73DlB2W/iOt\r\ndxjecXnY3ivD4TBowJSj0VpPjDE/KEXDJKpyshATVSTG8Iq7hVLqQDxcDC+dQwEhtopPF4u4\r\nyhJiompD1DKG82tOv/O4wHVpbjmDd3wkrt7U+L7/IWeAzfrYymkbpYsxvOLuYWv96NuNVcZe\r\n0kzx6VoRV5lCTFRNiFprPTbG/FBKpXoqEpYudAGFd1wa8+SBUmosM91bh9Z6PJ1Ovw0Gg+uc\r\nOoNSNnaVLsbwikHXMMbc5PQSZopPV4q4yhbiKkLUu13JOWM4U8PSGdieD+/4CFy6qRFvOHPn\r\n9l6dQSkpu1LFGF5x95D9vK+weXpdJU2IhUK9hF0o4sopXDlaiInKD1HnhaXjOL4rGJY+IGOj\r\n09e2enYtZZ48EO/4rHxrWRT1hquYUV6qGMMr7h4pbU2PNZvRCFlCfGQv4dJy5kQRV4HClZOE\r\nmKi8EPXOxqywtKyvuzwznDhPHiilLgaDwY0x5muXFyGURZZ33PTvbxdVoWxv+POp7/c8ShNj\r\neMWgSxhj5llCfEwvYVoRV9tDnHvecGrI99QLU1khat/3ZznFNU9ZYziPIWvfsVLq0vO8H7YB\r\nOeA1tq4DpdSF53mNeMda6wtjzNecYr9fO7erGnZUmhjDKwZdQca4WvNYxwox0a8iLidyZUT5\r\n3jDRqwrSkzyEc0PUcgG9GQwGqasrJSxdWk6PiCiKoqu0TUNKqfFoNPrh+z4WSmSwXq8fmfmL\r\n5aEPdXvHu9a3rEUh4g1PqtayUsQYXnGnseUIOzsGU+bNpo25++uMbWNzy1nrCoDyvGGicgpX\r\nzglR7xWSzdKeU1JY+oD1ev0QRVGQIiZERDQYDK4Rts4miqJ58qxO77gt3vA+pYgxvOJOc3BR\r\nthUkdYEsIWbmL+eEOtteSVrUGy6jcOWcELV4Mpk9n2WFpdNYr9c/wzCcMfOfzPxse46Erf9p\r\n281WW8jxjsdVvvZuPnmWN7yLqtSpYWeLMbxi0AXyhDgMw1kJLzO3nDXuHdflDe84NUQts6Wz\r\nPJkvVRXX2AjD8DaKoklG2PpCKfVtOp224oarbURRNE/ezIh3PK/i9cQb/pQzn/yZmf+sIqqS\r\nx9liDK8YuI6sQrSuQitRiFvnHdfpDe9zbIh6F1KkjIpuqW4vZfjCMazX68cwDCfM/DnjafPp\r\ndPoNYevXyM3XQQRDKfWubO9YvOG8ivtd61vp28KKcJYYwysGrpMzyKI0Id5jbjmr3Tuu2xve\r\ncWyIeu/vYw0p7grJzsjll0IYhldZYWsiCiRsnRoa7SNRFF3bfmdleccJb3hse06T3vA+Z4kx\r\nvOJeEFjOljXbUAk5QryuQIgb9Y611mPf9z8YY/6hmr3hHceEqPPyw+LJ1BaWzkPC1uOM9qcL\r\npdRXY0zaQvreIeJXiXcsn++8saj3TXrD+5wsxvCKgcvkCXEURUGFLz+3nAVVtMSIZ/DOGPN1\r\nNBr9I5OFxmnPr8IbThBYzg4uhAXyw3837cnYkOKugJn/TnuOUurKGPOj6kIlV0jzjkejkbWG\r\nowh7kZ+x7XFJbfxVdD55HahTv1H2gwb7Z+IVB9ZvAE5ijFkqpd7sn0m5/7Ihk86miBBX/QG1\r\n/V7l9X8S0SKKos/nbC4yxrwlollWxWjidXcD7yvzMrXWF6PR6H/J85eXl//uXle2Y91khKWf\r\niWjWBk8mD3FYbpVS/7I9Ln/rYya5dRbf968Gg8FBxKDotUZrPfY87w1tNSnIueG8l/f648kG\r\nV8BJYmyMCZRS35Lnrl+kwSFdE2MZ6PGpSSEmSv8MJey5JaJFGIZ3BX/mWyK6JKLLNI8y5XX+\r\nriIkncRWsc7MT2EYjol+3STd5Kyqq/SGoWy01hfD4XAxGAzepj2HmRdRFP3VFg+tKYwxj0qp\r\n/0scL79///5H8rla68lwOHyjlApoK76573fJDc+rbHs7h5PEGF5xfzDG/C/5Rn95efm3ixeO\r\nnPalJ5nWVNu/K807TsLMj8x8vdlsviTtEwF7R1sBHh/z+uIhXNUlbsbCnRFTAAALJElEQVSY\r\nRbKSelckJ4VNmdO0NptN7dXSZZHm+e1g5kfa1mIsoyi6b5vXVgdpn884jt8PBoN/SLxeypgd\r\nnYbcyF22+fd6tBjDK+4X0+mUk2ffv38/Ob3RFFlLH5ryuCS0tigiyDuYeaGUWhBRwMyzEwT4\r\nibZh8EXdFybbjR0z/6mU0pRdUFaL5141cuN0a/H+DpAQ9pKZl4PB4OH79+/WorCukeIdn4Ur\r\n75+jL6rwivuF62IsOchPOULcaBGHXKSvbP23ZSACfCsC3EiIN+Mm/rYL+eGiFAlbZ7CkrUA/\r\niPfsZJQgyV7IeUI5+d5jqDvycy5HXVThFfcPY8zPZAHKfsFNmxEhzhqd+EU+rK24qMmFeqaU\r\nujrXOxAhuyWi2zaImTHmWilVuFrcxfzwMUjtwnVacVcRmPmBiB7IsdD2dDp9Q9vIzk58SxmG\r\nIi1lSyJ6iKJo2ZbPdVGOEmN4xf3D1QKuAsVAVQz0KA1jzCUzz471oOI4vlNKLdogwPsYY/4p\r\n6vG4nh8uirxHr49JU2TRxtC23BC/oa3oTuiEfG8Wkmt/3/brUREKizG84n7i+/5tUhBkI04r\r\nKxKJsluXiE5bg9gUkle+om2bktWLiuP4johuN5vNbRsFTGs9GY1GP4o815X8XpmIYAW0XcoS\r\nlCXOwpJSQtvioVqJ43gyGAzSerzHGf27F1lT3apABHkehmHqJi0XKCzG8Ir7iTFmnpwO1eYL\r\nZk7r0jMzX7kixEnk33allNLMvGbmhQjwY9O2ZZFXSUzUzfzwORhj9sO4wTnhbBeR5RtL2t5I\r\njJVS8wK/g6Vcm5aVG1gBhcQYXnF/sV1I4zi+W61WrZuxm9O69Nym0Yl9whiTNwO70/nhMtBa\r\nj4fDYSB9tROpQO8Me/nepU1TJHpwRURXRUT55eXlfdtvUpMUEmN4xf3FdiPWxr99G1uXwDb3\r\nrZT6mvZ4X/LDZVNxaLtSmPlJis+Wm81mecznUtI28yKdBzJM5W9XRDlXjOEV9xtbvo+Zf0ZR\r\n9J82XEBdaF3qK7LHd572eJvTHS7S1tC2hJwfmHknvo/n/syiPfrM/FMpdf3y8vK57deAXDGG\r\nVwxsvcbMvAjD8H0T9uxwrXWpL3RpvrTL5IW207ZLCQ9EZP3cMPOjUurR9lgURT/rjEDJ/O95\r\nEVGWUZhZe6cbJVOM4RUDovSxjU1VJU+n0zfMvJvBPLY9p+2tS10lr6WMaDt1C0IMykSKG+d5\r\n/fltrrzOFGN4xYDo1wV2mQx7SV/jVRRFd1V6n3sbWS6pwJAAl1qXukReSxnR1isOw7CUIQ8A\r\nJPF9/6pI5XUbB6akijG8YrBPVqUy0TZsTdtpT4U2DOWx5/0GWV5WwganW5dcJqulbB9ELEDV\r\nHFl5TUS/B6YopR5ouymq9oEpqWIMrxgksW3dSSJhoNtj9/Ee6/1aXhetSw2Rd6O2D0LUoC6O\r\nqbxOYbmr+q5jFrhVjOEVAxtyx7lsW4+jawPhu4Qx5pNS6qro811dvwnc5ZTtaDZ2ay6Z+WGz\r\n2dyXfb2xijG8YpBG2fN0T0HC0UvajoAspVUCHE9Wb7eNtg6LAf2gaOV1UaRt6oFkWMm5oe0D\r\nMYZXDIqwNzP5suz9ozb2xuPd4n3YLHktZbKsQicr3ds+0xz0gyoHpuzC2rTdHHVUYdiBGMMr\r\nBsdijNm1GZW2jxfebzsp0ttNRAvbDf3Ly8t/8HcEbUR2KgckBaNlORgS2t4NPMkMbb8SY3jF\r\n4BxkH+/lbpnBsd8P77fdFNiG9ddqtbq2bfrCDT1wib2BKTvvucw6mSVZNmm9EmN4xQAAG5Jv\r\n+5q3llJrPR6NRv+kPV6xmQBUhnwGdv+blDhudPny8vL+lxhrrS9Go9H/ks+CVwxAv8nbhkVE\r\nl7trhK39jZmfwjAcV24oADWyC23vec/nhLaX3u6/PM87yAEx8xpCDEB/8X3/w2AwsBZdJXu7\r\ntdYXtroBZp5XbCYAtSPv+1854L3CsIC2nvMxhWGBt/+F5Qno2wSgpxRYS/lqG5ZU1yef97zZ\r\nbDDkA3Qe+Szcyv+I6Hdom5knWZu0mPk+U4ylmhUA0CMKbF06EGKt9QURfbA8/RpDPkBfkcjy\r\ncve1bZOWDC263Bfjg2qxzWYDzxiAHlGkdck2W1qq6A+Ku6IoQl8xAIK09i3kf68YEG0T0ckP\r\nEjM/Y7wgAP1hr3UpTYg/py15UEp9tDz/C7xiAIrhERENh0Pbhw9CDEBPKNBDnNqaJBubxsnz\r\nKIrmZdoIQJcZEBFJ/DrJslZLAACNkCXEzPyc1yM8GAwOKqjjOL7DtC0AirPLGdumiyxrtAMA\r\n0AB5Qpy3lnJvEMIrlFLIFQNwBDvP+CBMHUURwtQAdJhzhVieZ2tnusd8AgCOY0C0nZCTfMA2\r\nBAQA0A3KEGKt9Tg5g1q+f1GiqQD0goH8/2PyAWYe12oJAKAWyhBiIiLP8+aW73/CDGoAjmcn\r\nxsvkA7bqSACA25QlxBh9CUC57MLUj5bHglotAQBUSllCTITRlwCUza6A69HyWCnLlQEAzVOm\r\nEGP0JQDlMyD6NT/zFQhTA9ANyhRiIoy+BKAKdjljYub7/QeSXwMA3KNsISbC6EsAquCXGEdR\r\nNNsJ8G6LRHNmAQDOpQohxuhLAKpBNW0AAKB8qhBiIiJjzI/kkKA4ju9WqxVu3gE4g0H+UwAA\r\nLlGVEPu+f2Wb1ofRlwCcDzxjADpEVUIse47/saxavQ/DMDjDZAAA/V4UAQDoAKPR6BMRlSrE\r\nRESe512nrFecn/LzAACvQZgagI7g+/6MLMN6zhViY0yQMm3rCxZCAFAOEGMAOkJKy9FZQix8\r\nSvm5B1O4AACnATEGoAOktRwR0eU5QpxWtMXMc/QVA1AeKOACwHGqKq7K+LnrMAyxYhWAEoFn\r\nDIDjeJ53lTKe8qwwckbRFsLTAJQMxBgAh0lb2iDjKU8OT6NoC4B6gRgD4DCe581TvOL5mT8a\r\nRVsA1AjEGABH0VqPlVI2r/jzer1+PPXnomgLgPqBGAPgKJ7nzZNn4r0enBdFa32R0iK1Xq1W\r\nGHsJQEVAjAFwEK31xJbTJaLrc7xXFG0B0AwQYwAcRMZevkK84pO9VxRtAdAcEGMAHMMYE5B9\r\n7OXVqV6x1npCRF8tPxNFWwDUAMQYAMdIyek+rVarxSk/zxhzmbHpCUVbANQAtjYB4BBa6zHZ\r\nveL5KT9Pxmje2B5D0RYA9QHPGACHGA6HQfJMRHNx7M/yff/DYDBIFeIoimZHGwgAOAl4xgA4\r\nhFIqsBwvj/05xpgbpdTM9pgIcYDwNAD1Ac8YALd4azm7PeYH5AjxPYQYgPrB1iYAHEFrPRmN\r\nRj+S59+/fy/0OZYtTN9s07WIfrUwzc40EwBwAvCMAXAEW744juO7It8LIQag3UCMAXAEpdSl\r\n5XiZ931a64nneT/ShDiO4/cQYgCaBWIMgCMopd4kzzabzTLre3zf/zAajX4opca2x+M4fn9q\r\nfzIAoDxQTQ2AAxhjDrxiZn5K21mstb4YjUZfydKTLN/7TESXq9VqWaadAIDTgBgD4AaB5Wxp\r\ne6II9w0R2RY+7EZcBmlCDgCoH4gxAG5wEKJm5ldiKkVaH5VSqbOkd8M8IMQAtAu0NgHgANPp\r\nlJNnzPyTiGZKqQkzT4hokpYblud/DsMQSx8AaCHwjAFwAGa+TxZwyWKHW/nvrO99JqJLrEEE\r\noL2gmhoAB4iiaCaiehRxHN9FUTSGEAPQbhCmBsARpF94qZT6V95zmfmZmefYugSAG0CMAXCI\r\nIoIs86WvUKQFgDtAjAFwDBHka6XUG2ZeE9EDMz8opR4QjgbATf4fgR1gK8j4lCoAAAAASUVO\r\nRK5CYII=', NULL, 'iVBORw0KGgoAAAANSUhEUgAAAbYAAADjCAYAAADpPTGAAAAABGdBTUEAALGPC/xhBQAAIABJ\nREFUeJztndt12zj39jck8nr8VTCaCqAIuh+mgtdTQZQK4qkgSgVOKrBSgZ0KLN+HillB7Ar+\n9rUg7u/CkEemAJKSeObzW2vWJKAOiC3xwT4TAQAAAB1C1L0BAMpCSjnyff+KiAJmvtFa/xtF\n0UPd+wIAlItX9wYAKIutqBERCSHOfd8/I6L3tW4KAFA6g7o3AECJBBl/BwB0EAgbAACATgFh\nA51ESjlOrjHzYx17AQBUC4QNdBLP884syw9V7wMAUD0QNgAAAJ0CwgYAAKBTQNhAJ2HmvRgb\nEd1XvhEAQOVA2EAnEULYYmxPlW8EAFA5EDYAAACdAp1HAACgIyilAiHEZyqmGcFyvV7/G0VR\n61z4sNhAVwksa637ggKQBynlmVLqSghxS8V12Ak8z7u11YQ2HQgb6BOIsYHOMZ1OP3ue91sI\nMSv6tYUQZ57n3U4mk8Jfu0zgigQAgBailAqI6IqIRkKUN6hFCHEmhLiaTCa0Wq0Wpb1RgcBi\nAwCAFiGlHCmlroUQt0KIUVXvOxgMrpRSV1W93ylgHhvoJNPplJNrP3/+xOcdtBYp5Znv+5+I\naJ72OGZ+ZuaLY60rKeWZ53lLIYR0vP7CzDZsrGsfFhsAADQcpdS553m/KFvUvmmtR6e4DKMo\netJaB8z83XZdCDEzSSW2WtFGgBMs6CSw2EAXkFKOfd+/pIxMR2a+01pfFJ2ar5RaCCE+ON7z\nXmv9sYnlAEgeAZ2jySdJAPJg3IGfhRAXaY8zo5guwjC8KWMfYRjOJpPJcjAY7MXWhBBb0W3c\r\nVHq4IkHn8DzPNovtro69AHAoSqkPJn0/S9S+aK3HZYnaltVqtYjj+CMzP1suB1LKUZnvfwyw\r\n2AAAoAFIKcee510JIVILouM4/rHZbC6iKHqoaGu0Wq0WUsp7k1Tyx+41z/MuiChVhKsGFhsA\r\nANTMdDr97Pv+rzRRY+ZHZn6/Wq3OqxS1LVEU3TOzTcD+V/VesoCwgS6yF2Nj5samJoP+IqUc\r\nK6VSsx1N+v6XMAxHYRguK9uchc1ms+f2FEKMlFLndezHBYQNdJG9U68QonGZW6Df5LTSvmut\r\nR2EYzivcmpMoip4cZQAQNgAA6Cs5rbSImd+HYThrYCG0zWr70KRsZAgbAABURE4r7UsYhuO6\r\n3Y4uwjC8MWUGbxgOh42x2pAVCbrIKLmAGBuok23GI1nc5FuYOdJaz5pY8Gzhhog+7S4IIT4R\r\n0aKW3SSAxQa6yCi5gBgbqItDrLSWiBqR3R3ZmLltsNgAAKAEOmilvcLMe6NymDmqaTt7QNgA\r\nAKBgptPpZ8puWPylKdmOhyKECCzLy4q34QTCBrrIn8kFrfVDDfsAPaPLVloCW1F2qa29DgHC\r\nBjqDaRx7aRu+WEenBtA/slpitdlK2yKlHAsh9lL7m5TFCWEDnWAymXwSQsxtXzgAqmAymVy4\r\nRK0jVhoREQ2HwyC5Fsfxjxq24qS3wialHPm+f0Uvc46W6/X6nwYWQoIMlFIBEV2mnZKb9qUD\r\n3UNKeSaE+Gy71gUrbRchhK1ebVn1PtLorbDtiBoRUeD7/jU1cK4QsCOlHJl5VbO0xzFztNls\r\nGtV5HHQPz/O+2rwFpnvIsoYtlYYQ4u/k2mazWdawFSe9FTban0ib/DtoKNPp9DMzX6S5HU3j\r\n2Plqtfpa5d5A/1BKBbYp08z8vWuiZmt2zMyPTXOx9lLYpJS2QZS2IXqgQRi34xUR7dXQ7MLM\r\n37TWc7iWQUVcJheY+Vlr3UVPQWBZW1a8h0x6KWye59lO+o06cYD/MG7HS4dv/xVmvtNaXzTt\r\n9Ai6iythhJm7erDaS/Nn5mUN+0ill8LmqJrv4oew9RzgdrxYrVaLCrcGeo4rYYSZoy66wI2I\r\nj5LrthltddNLYbP9ctBLsFnA7QiajithhIg654JMEfG7Jn73eilshO7vjQVuR9AG+pQwQpQq\r\n4vOq95IHCJsBFlu9SCnPfN//BLcjaAm9SRhpo4j3Vdj2egmC+jApxJcEtyNoAT1MGGmdiPdS\r\n2GwxtqaePLpMovuLE+N2nKHfI6ibniaMtE7EeydsUkr0EqyZrduRssd6PBLRRRiGjcu6Av0E\r\nCSPtEPHeCZvnebbTx10de+kju27HtMcx8xet9dcmnwpBv2hjrOkU2izivRM2IoLFVgNwO4IO\r\n0LpY07G0XcT7KGy2LvDLqjfRF+B2BF2grbGmE2i1iPdR2GCxVYRS6gO9CNoo7XFwO4Im0+ZY\r\n0zF0QcT7KGw2iw01bAUipRz7vn9JcDuCDtDmWNOhdEXE+yhsNlpxCmk6UsozMyMt9Qtv3I6z\r\nNvjqQb9pe6zpULoi4r0TNtuQPK01LLYTMW5H15eCiF5HA33t0jRh0G0c1ktrYk2H0CUR752w\r\n2WiL37iJ5HU7xnH8Y7PZXMDtCNqClHJEls91m2JNB9LqhJFdeiVspmP8G5g5qmErredQt+Nq\r\ntVpWszMAimE4HAbJNWZ+bFOsKS9dSBjZpVfC5qB1v7S6gdsR9ATbhIlF1Zsom64kjOzSC2HL\r\nKA5+qHY37cX44D8T3I6gBwwGg71p0VrrztVZdiVhZJdeCFtGx4uH6nbSTozb8VIIMUt7HNyO\r\noCuY1m9vYObnrs3/61LCyC6dFzYTVwtc15n5oaq9tJHJZPJJCDHPMSNt3la3BQAWAstap6w1\r\n0xC+Mwkju3Re2Gy+48T1h4q20irMgeDSFlDehZm/m0nWiFWCLrHnhqSOCZvxwnQmYWSXTgtb\r\nlrVGRKS1fqhiL21BSjky2Y6ztMeZbNKLNrsrALAhpRzbZjZqrZeVb6YkTBbkLLne5oSRXTot\r\nbFnWGhEREhxe2DYrZuYLuB1Bn3Gk+d+13YrZIqUcDwYDlwtyVsOWCqezwpbHWovj+Eclm2k4\r\nuzPShBDOx8HtCPqAEMKWONIJN6RJBLu2XWPmi64kx3RW2Bx1GXfm2t/MfLfZbGaVb6xBHNCs\r\nGG5H0AtMTdde273NZtMJYfN9/5os0zaY+dtqtVpUvqGS6KSwpVhrc9ycD0rff2bmiy594AFI\r\nYzgc2qy1xy6ELJRSc7K3CIvCMGx1FmSSTgqby1qDqOVL3yfCjDTQT4QQgWW59dbaTnOFN5i4\r\nmq3DSqvpnLClWWuVbqRhmJ/LlS3baxfMSAM9x5bmv6x6E0Vimjlb42pEdN7F73rnhA3W2lsy\r\n2om9ghlpoO+YNP83ngxmfg7DsNUWm+d51zYPDTN/6er3vVPCBmvtP7bp+5Txb0f6PgAveJ43\r\nS64x87L6nRSHUuqrowj7rssNyjslbLDWXth23yeirDga0vcB+I+9bEhqcXxtMpnMhBCfkuvM\r\n/NjFuNounRE2WGsHtcG6M4LWiZoVAIrA9r3ZbDbLGrZyMsatuleETUSktT7v+mG2M8LWZ2vt\r\ngDZYj/RSj9baUygAZeAYQtzKNH9TznNli6vFcfxvHw60nRC2vlprh7TBIqKvSN8HwInt+/NQ\r\n9SaKIKW58fe+xNI7IWzmxp5c67S1dmAbrHkbT54AVIjNfb+sehOnktbcuO2jaA6h9cImpRzZ\r\nJt0y86KG7ZQO2mABUDzMPLYcjlvl3chqbtwnb03rhc3zvHlyjZkfu9YGCm2wACgPIcSflrXW\r\nxKL60tw4L60WNtOw1DbWvFN+ZLTBAqBcbDEprXVrxKAvzY3z0mph8zxvz2fMzM+bzWZRw3YK\r\nB22wACgf03LqDcz83JYDYp+aG+eltcImpTwjor3iQyJqvcWCNljtJPF7W67X6484bDQfz/NG\r\nluVWWGt9a26cl9YK23A4PLe55rTWixq2Uwhog9VuEoeRwPz9fX07AjkJLGsPFe/hYPrY3Dgv\r\nrRU2xynle1t/mWiD1QmCjL+DZjKyrD1UvIeD6WNz47y0UtiUUue2uJPWel75Zk5ESjk2XQLQ\r\nBguAehhZ1pYV7+Eg+trcOC+tFDZHY8+7tllrk8nk02AwSHUnog1WO3AkIDzWsBVwODK5oLV+\r\nqGEfuehzc+O8tE7YutA+y8TSrinFVYU2WO3CkYDwUPE2wIGYkqE9d15TD8l9b26cl9YJGxHN\r\nkgvM/NgWn7JphXVFKbE0tMECoBo8z7O586I69pKFCVvc9rm5cV5aJWxSypGjIHtew3YOIk/n\r\nELTBAqBaHK20HurZjRvjfrx0JIv0prlxXlolbG1tn2VOWtdphdbM/K2vxZRdgJn3mlG3rddg\r\nH7EJRdNaaU0mk9lgMLiyXetbc+O8tEbYTEH2XrNjIlpUvJWDmE6nnykl/mdiaeew0tqN7dDS\r\ntBsksBJY1hrze1NKXbm8PEbUetXcOC+tETbP8/Zmjpnq+kaa4Gb45zXZx2EQEVEcxz82mw0+\r\nmADUx17zYyKq/fuYFbowohbg3mGnNcJGRHuxNSJaNPEXm+YPJ0IHfgCags3Srtt7YkTt1lXb\r\niiYN2bRC2IxQjJLrTbPWdkayO2tJzEmr1+1uOootqI8bDziIrIYNzPw9DMNZxdtqHa0Qtja0\r\nzzL1ddYWN1tMq5t5ZZsCVbJ3I0KMDRxCWjo/0UtKP7If8zGoewNZmO7VI8ulRbU7caOUuhRC\r\nOD+QzPy4Xq/fQdQAaBa27jBSytT2dmWglDrPELWPELX8NN5ic1hrd3X7wYny9XmEPxyARvNA\r\niQQSz/NSG5EXjQm1uNL5n02SCKz/A2i0sJmTU2C5VPvJJavPo0njn6HHY2/4o+4NgPZhvD3W\r\nOrRt70eI2uE0WtgcE7If6xSLnH0e79C3rV/YrPYmeBVAc8lRo4Z0/iNprLA1sX1Wnj6PCPAC\r\nANLISudHfevpNFbYPM+bJdeY+bmO2q+8fR5NFwC4DQBoN6XF2LaNG9LS+Ver1ays9+8LjcyK\r\nNO2z9uYNUQ2xNZMg8itD1L6FYTiGqAHQOpaWtVKyInfuJS5R+4IatWJopMU2HA5ntrTXqguy\r\n0ecR5MHUML6Bme9q2ApoKFl1riadf1HppjpMI4XNMR32e1U+Z/R5BAAURVY6PxGdr1arZbW7\r\n6jaNE7aU9lnzCt8ffR4BACeT5vVBjVp5NE7YbNZaHMc/ym6fhT6PAIAiUUpdEdHMdg3p/OXS\r\nKGEz1pKt516psTX0eQQnEljWcApvAcz8YBkQe1LySFatK+pcy6dRwlZH+6y0yn/z/qj+B8eA\r\nm1YLEEI8WNaOTvff1qiRIz6P7vzV0Bhhc8XWKCUr8RTQ5xEAUCRZ3flNWZDzEA2KozHCVqW1\r\nlidBhNDnEQCQkxwjZ5DOXyGNELaqrLWcCSLwf4ODYOZxMk5DiLH1hslkMhsMBmnp/LPVatXJ\r\nQ7KUcuz7/iURBcx8T0RLIcTNz58/a63jbISwVWGtmRPVtUNAiQh9HsFxOE7pOBi1l9yTGtKm\r\nfHQ9nX+bdEemBZkJ64yJ6EIp9UQvXV1utNZ3VWeS195SazKZXJRtrU0mk0++7/9yiRozR+v1\r\n+h1EDYB+YTs8p8Xdd1FKXaWIWqS17mybPeNlc7pehRBnQohzIcTC9/3f0+n0tsoBrrVabFLK\r\nM5u1FsfxjyIq8XO6HpEgAgDITdZ9pes1amnjdlIIPM+7lVK+r0LsaxU2z/MubIq/2WxOzhzK\r\nqk1DgggoEJlc0Fo/1LAPUDJZI2e6nM6fZxZlGkKIs6rErTZXpKuDv+kJ+XDKa0+n089pZvLW\r\nTQBRA0Vg+5yhO017YObH5JqtsbVSKsjozt9lURub+rzAdp2Z7+I4/hjH8Q9jNFjZEbdS3ZK1\r\nWWwua+2UnpA5p1ujlgQURpVxA1AaD0T05+4CM4+2f1ZKBSZkErheoMvp/Duu1zyCviB6PRic\r\nE9FMCPEmGacKy60Wi60Ma00pde553m9ynyiemfkfiBooEs/z9j5PzBzVsRdwNMvkghBipJQK\r\nptPprRAizVJ57oGopU37/mizUsMwXIZheKG1DmwWXNmWWy3CVrS1ZtpipcXT7rTWI7geQZGY\r\n5KcPyXVmRnZti2DmB8vypzRBM8971loHXRU1IiLP8y5tomYMhfdZ//Yoiu5ziNuouB2/ULmw\r\nmX9EIdaalHKklPqV0evxSxiGnc1QAvUxHA5nyTVmfu7yja6LHNMv0hyWO1ujRuTOftwKet46\r\n4yxx833fWtx+CpULm+d58+SHxvygDnIRGtdjWiD3mZnfoyM/KAvbiCUyMQbQHg7JYGXmRxPS\r\n6LSomTq1WXL92KLzNHGjI7Ms06g0eURKObK5bojoa16Lyvh8L9PqKDDdGpSNUurcMRAXbsiW\r\nYJLNPjFz5qHaCNq8D9Z4Rouwi2MFPYqieyll4Pv+r9N2mE2lwuZ53jy5Zk4AzpvBdDr9m5lH\r\n5iYS7PzZCtpigSpg5lmyP2QVA3HB6SQE7czS5/OVPgka0UuWrxDi0natiCSZKIrup9PpKS+R\r\ni8qELa+1ZkvZ3/3guT6EmJsGqkJKORoMBv9LrgshFjVsB+TkEEEjeu2A5Oxa1DXSJhQw8/c2\r\niXtlwpbXWjumsh2uR1AljhT/R2TdNhel1Ad66T87yhK0LacMHG0jpku/VdTaVnheibAdGFsL\r\nDn39wWDwPyHE7XQ6fSJ6Hff+QEQUx/HTYDB4teLqHqcAOgFS/FvCVtDSwhcp/Jn9kE4RJBdM\r\nl6bW1f5WImy2dE5XbI2Z74QQfx/6HrvZkbsnssHgbeLnrn93VwDN3++FELtCu9z+Yb1eP8PN\r\nCUy2mK2/6aKG7QAHhwjathG67/v/t7t+pBi2ElsLMRPeaWWpVOnCZn5gQXLdZNfYfmBzIrot\r\nd1cvmA/uaOfvgeuxvu+/iqIZqHfPzPebzeYOgtcfbCn+pgazdV/+LpKn/dUWI2jzbcKPUupR\r\nCPHGSlNK5a7XajMmKS+5/NDWz3XpwuYYIvroCkSGYbhUSh1ltVXFdqCeEIIGg8FW8JbbCbJa\r\n6wjZcd3EVjeJFP/6yVMGtCUpaDs8UErPyC7jsE6XRb9PGV1GbJQqbCnW2jzteVrrmed5iyaL\r\nm4XAWHwXvu/TdoKsEOKeiJbr9Tpq6+kHpAOLvV6M2/Frzm4haXVYSyJ6c8/pkTsySC44Wo2d\r\nxHA43MsyLaO3aqnCdqi1tsWcpIJD3mvXR8zM450P+Yj+czeeCSH2ZmeVgXn/c/MfGbF7IKL7\r\nHbF7hGXXHkzzbtAQpJRjk8kXpD2Ome+IaJ7lUjQx9+Ry6mt3iL1EGVursVNx9FZdFP0+pQnb\r\nsdbasSQ+tEvHw95g6jZ2b1bBzp/PiGjX7TRK+t8PZSemtyt2T1uhY+YH48aEBdBAPM+zNYNF\r\nlm3FGLfj57QesUSvlsBF3hiZ40bei8xIm2VadGzRZMfvfYc2m03hZTKlCdux1lqVWARkmfUc\r\n86Ua00sXlLEQIkjOGzoEY9kF9OLK3E1SWTLzAzPfDwaDe5QpAJDP7Wj6xM4P7UAUhuEy2RVj\r\nO76mywkkrozIot/H5YYsw2tVirCZGTuB5VLr6iGSmDjZknZEUEo52oodvSSVFBEbDIQQr6UL\r\n0+l0m435VWv9A/E60CeklCNTNhSkPW6bun/s94OZI0u4YkYlJFI0BVdGZNHvU5UbkqgkYfM8\r\nb5ZcY+aoq50ZzInjgYhe/31SyvFwOAx2MihPju2Z11oYF+aCiL53+SQJwLYNFr2UATk51O2Y\r\n8jpfhRBv6m6FEB+klLYsyk5QRUZklW5IovJckb3vzGDcnG9cnUqprftyTC8xu6MtO5PWPFNK\r\nPQghFuv1+ujp4yAftpMtM3fGck5YRcv1ev1PnZ4BpdQ5EV3STq1pEjMG5WtR46lWq9VCKTVP\r\nxtNNG7XWe5wcBMmFojMiq3RDEpUgbGach60zQyettUMwp8nl7pqx7Mbb6QX0Yt3ljtmZ5819\r\n358rpW6I6CYMw+/F7BjsYjvZmsSfTpBw9QWmb+v7qveR1+1oesRelHBzXBBRMkdga7V15iCz\r\nQ6kZkWbSvK2xwaKo90hSuLDZxnmgM4Mbm2VnYnYj+i9BZZwnI1MIcU5E50qpr0S00Fp/R4Yl\r\nyIMpnA0Sy8m/l850Ov1M2W7HRyKarVarZRl70Fp/9TzvYveAKYQ4MxPTO+d5Kjsj0kwM2HuP\r\nMo2dQoVNSnlmG+dBO7EnkM1OzG65XTOlCTMimmVZdMZivvB9/2I6nS7X6/W/EDiQxnA4DOp8\r\nf5OZd0UVuh1dRFH0ZLwfb0IqxurolLCVnRGplLqyxdaY+a7M0Mkg+yH5MSeaN2CcRzFEUXQf\r\nhuFFGIZncRx/jOP4R86nBp7n3ZpMVQBc1DJ3TEo5UkpdCyGsp/otpmvIuGxR26K13nsfIcRo\r\nMpnMqnj/qnC0DHso4rVNrHJmec/nsicGFCpsjtE0ELWCWa1Wi9Vqdb5er/9i5i9ZJywhxBnE\r\n7XSY2XbyfKhhK4VipiZX3r5uOp1+9jzvl3GhWzETrP8JwzCoMjkqiqIH2+FxMBjY7nGtpayM\r\nSDMFY6+WmYjITAwo1YNUmLCZLwcaxFZIFEUPYRjOwzAcMfN7ZnYmjUDcTseWFFVG26EqyZia\r\nXEpTAKVUoJT6TS9jZdIKrb8YK62Ww7EQwnbvCmzuuxYTJBdOPaxJKceDwWBvVBkRURzHH6sI\r\nixQmbK7aNaSgV0MYhsswDGfr9fr/xXH80cQj3gBxA7uYLjpXDlF71lrPin4/E3PJdDuu1+u/\r\nwjCsNQsxDMOlo0HvrOq9lEihGZHbg5LtGjN/qarzVJGuyN7XrjWBKIqeVqvVQmsdQNxAGkbU\r\nrJ8DMy/xoaj3mkwmnzzP+502Vsa0wqrc7ZiG7R5mCrZHNWyncIrMiMw4KH2vKj5KVJCwoXat\r\neURRdA9xAy4mk8lFWmxrs9ksi3gfKeVYKfVrMBhk9Xf8prUeNS3RbLVaLWwxbFOwDXYwLm1b\r\nHDoKw3BW5V4KETZmnlnWULtWMxC3YrElWGitW1dGoZQKBoPBpet6USEEpdS562a381536/X6\r\nXRiGR/d3rICFZe0Dxhj9R0paf6S1Dqrez8nChtq1ZgNxK5cG34ytmJvxdcbDlqe+z3Q6/SyE\r\nuHZZacz8HMfxR+N2bPThQGv9Nfn92SnY7j0Zaf2zOr4jJwsbateaT5a4mWGNoAe4MiB3MVMk\r\njsIkiFxTSveQrduxSSOs0jA35r37ma1NVN+oO63fxcnChtq1dpAmbkQUdCUYXia2n12bfm5K\r\nqa9pbsEtx8bXdkoHrLE7Zo6Y+X3D3Y5W+lKwfQhNSOt3cZKwoXatXaSJG4Lhudj7opqeno3H\r\nnKwzLQxmfjwmvpYVT4vj+IfWurUDO10F20KIyz6KW1PS+l2cJGyoXWsfURTdM/PccskWJwXZ\r\nND6BwBxA87qbl4e+fo542pfVanXeNistia1gWwhxNhgMrpRSV31JJmlSWr+LU12RqF1rIZvN\r\nZpFcE0KMOtZRoQyWlrVGJ96k3YRsMPPykNdOi6ft1KVZr7cNU7Bt7cYihJh5nverD4lYTUrr\r\nd3G0sKF2rb1EUfTkaKI8q3ovoFw8z7t03ISs7dc2m02uuEieeJpxPXbqfqC1vnB0IyEhxMj3\r\n/V+TyaSzSSVNS+t3cbSwoXat9dhuOHBHpmO76QdVbyIvpgh7llw3N+a93z8zP+cJ+OeNpzU9\r\njf8YduLUzr6sg8Hgq1LqumuuySam9bs4SthQu9Z+TEeFvdqcPgbCD6AxX9wsTMbaXlxtexOy\r\njSvJ44bsSzwtjSiKnsIwnLl6shK9DP3tkmuyqWn9Lo4SNtSudQbb76uWuVxtQGv9YFmWVe8j\r\nCxNXsxZhmx6Q92S3NJdpr9mneFoeTE/WcZZr0kwFby1NTut3cZSwoXatMyySC4PB4H9dc6EU\r\nhS3bN29SRpX4vn9ta27LzN+2adi29mCu+rW+xtPyYEZHjZn5W8rD5tPp9LaN3yul1Icmp/W7\r\nOFjYULvWHUyW116DV7QKctP0Im2l1JzsM7aiMAwviF6/w3s3WdvJu8/xtEMIw/CCmf9xuSbp\r\nZZL97zZkHkspzyaTySel1G8hxKLJaf0uDhY21K51DluroE5NCS6YxhZpK6UCWxzExNVera3h\r\ncBhYHrOXxo542mGEYXiT4Zo8E0LcNt016XnebzONYWS73qS0fhfHuCJRu9YhbJa2EGLchpNl\r\ng6jdxWSsRldz4/Pdg6fD+lruvBbiaUey45r8kvKwrWtyVNW+DiFjvFCj0vpdHCRsqF3rHlEU\r\nPdhO664MKNDMIm3P86yWFTN/sbSx2ouvkfl3IZ5WDGEYzpn5fYZr8pdSqrZkrUMPr8x817S0\r\nfhcHCRtq1zrL3LIWwGprB67mxsx8l7SqpJQj19TkyWQyQzytOMIwXGqtRyndSs6EENdKqUqn\r\nayilPpj4mTUpJEkcxz9M8+rW/O69vA9E7Vp3CcNwqZS6S2bKGattWc+uGkujirRdzY2Z+XE3\r\nrrbFEV+LlFLXaRO1TTxtfup++4Y59AemuNnqBRFCXCilAq31P2XlKkgpz3zf/8TMF3kyeY2l\r\neaO1nrcxfyK3xYbatc4zt6zBatunMd6JtObGWmtrUocQIrCsyRTXI+JpBbDjmtzLQiZ6iXuW\r\n4ZqUUo6UUlee5/0monlOUbvTWo/CMJy1UdSIDhA21K51G1eDV8Ta3uIq0q66w8R0Ov3s+/4v\r\n240qjuN/U1xGuQvKEU8rFuOaHDv6tO66Jk+eFKCUCpRS177v/xZCzA6ptzSem9oTok5B5HmQ\r\nlHLs+/6v5Pp6vf6rrYoO9jHp4nt+d+NfX9awpUYynU45ucbMT1rr92XHIExyh7URrdnHd1cq\r\n9mQymbk6SNheR2vduoGgbWEymVzYWp5VDTPvhSAMy58/f76vfEMFkctisw2hRO1a94DVlg/H\r\nz+jM87zbMi23HSvNJWqR1to5MDbP73HH9diK7Le2slqtvq7X63cu12TZMPP39Xr9LgzDwFGa\r\nEEwmk9YOH84UNinlmc0Nidq1zjK3rAVNrbmpA9NEeC+Nuyxxk1KOlVK/yFFXRvQqak4xMkkm\r\no7T3Ma8xhuuxGsykAKdrsmjMoeXLer3+yxxc7olealltAiuE+NzW730AiI93AAALH0lEQVSm\r\nsDmsteem9ggDp2Gstr3OCcPhEM2RDVEUPZjRJaWLW5aVRvRaqzZ2uUHN4TTV7cXM38xrPJy4\r\nZXAAURQ9rVar87RJAafCzI9xHP9rEkL2shzNYWiWfJ4Q4sz3/Vyu66aRxxVpSxqBtdZhmHmR\r\nXEObrbfszOUqRdzyWmnGneR8jOn1+DulLdbW9dhat1MXMJMCAlfN2zEw810cxx/DMBytVquv\r\naa5lc6C1NXIO6iwiP5bU5BHTaWSvTQ+SRrqNlHLk+/7v5Dp+7/uYZI6lEOKP5DVmfmLm+Waz\r\n+XHIz830EpynPcZYaamPUUpdCiGcgmXSutHrERDR67ijeyHEn7vrJjHqrzZ9TlKFbTqd3lKi\r\n+DSO4x+r1ap1Cg4OQyl1L4R4kxoex/G/q9UK1nqCNHHbwsz3zLzYbDY/iIh83/+Tmc92XIyB\r\neZy18/7O62xjac7sSynlyLTYynJfzjP+aaBnuIwZZr4Jw/CfOvZ0DE5hc53akfrdD2zpyMx8\r\nH4bhu7r21GTyiNup5LTSzonoKkMcv8H1CFxMJpMbW5cp47JuRWKRM8bmed48uWY6jSxL3A9o\r\nCLbG1kKIcVuzpMomLeZ2KnliaaYj/1XamBnzWs9aa+frALDZbKxZv0R02ZZhqVZhM5u3Kfa8\r\n7A2BZmC6/iM78gB2xK3IBIDUjEeiNx35ZzleMjWJAICULMmRzeBpIlZhGw6He+NpmPkZ42n6\r\nBbIjDyeKovswDIP1ev1XHMf/uoZOZsHMd1lWGtEbUcvMwDTWGmKkIJMwDG8cjQg+taF/rDXG\r\nZkYajHbX0lr1gG7iirP+/PkzVys28IKUcmQOizMhhDRunq0FtjT/vyeiJ631Q94MykNaZBER\r\nxXH8EfWnIC8mCek+GTdm5get9bsmW/57NyhXv0CkevcTpdRT8oO9Xq/ftWUuU1fJUxKwi4mP\r\nj0rbEOgkrp6WTc+q3XNFMrOt08gdRK237AmY53mtCCB3FaXUFR0gakSIj4PjWK1WX139Y6ue\r\naHEIb4RNSjlyDBOFX76nMPOeu4GZG/uB7jIm8/GXK0mEmSNm3juIMPMdXJDgWLTWM9u653m3\r\nk8lkb8htE3gjbJ7nzZIPwDDRfiOE2LtRHjLbCRRDVpIIM38nogvHdRxMwdGYDOm9CQBCiLPB\r\nYPBVKXXdtDKApCvSpr6LCvYBGgostvrJIWpfwjCc2cbS4GAKisBMALdm+Aohzj3P+92kbMlX\r\nYTNjLfZUF+nB/QYWW71MJpOZa1I20UumYxiGc1M4HySvI7YGisKMa3KJ25kQ4tYkNdXOq7AJ\r\nIfasNWb+3uSUTlA+Wmvb719a1kDBTKfTz650fmZ+Xq/X77axM1enIMTWQFHsNCCwTQHYMldK\r\n/aq7Q9GusO25OWCtAVtaPyy28knLfDSNkIPt70ZKOXIMA7Y+H4BjiaLoKQzDC2b+x9U+Tggx\r\n9jzv12QymVW8vVdS57GhVgkQvVgHybUmp/q2mTyZj7uiRgRrDVRPGIY3WuuRq32cSSy5Ukpd\r\n1ZFYMiB6OfElL5Q1zRW0EtSyVUCezEfTN/Jp5zlWa42Q9AVKxlhvgS1jcosQYuZ53q+qD8ID\r\nIiLP80aWa7DWABEhM7IqfN+/zMp8TK57nmdrqICekKAywjCcr9frd8z8aLsuhBj5vv+rysSS\r\nVFckAETIjKwCkyod2K5tMx+T68bFY7PW0MEfVIpJLBmbekoX8+l0eluFaxLCBjKBxVY+jlZ2\r\nbzIfk3ied2GbwgFrDdSBcU3O4jj+mBLKCkzNW6njryBsIBNYbOXiamXHzBeuBC5z6rU1VIC1\r\nBmpltVotjPWWVvN2rZQqbXDpVtgCyzXE2AARuWvZmtZGp60ck9Vos9aIiLTWzucAUBVRFD2E\r\nYTjOSCy58Dzv13Q6LbyhcprFhlMfICJ3LZvneXvjjcBhSCnPHDVoWe5EV0OFh6L2BsCpmFZc\r\n71Nq3kZENPd9/5dS6rdS6kopZWvEfxBwRYJcOEZXjE0hMTgSV1bjZrNZuJ6T0v5uXuzuADid\r\nMAyXWutRHMc/0h4nhBiZYbw30+mUlVLXSqkPx3QxgbCBXGitL2ynLiHETCk1r2FLXeHgOJmj\r\n2TGsNdBYoih6Wq1W53Ec/5u3RloIcS6EWPi+/1spdZDLcitso+QFWyYc6C/bPnG2a0KIz3W2\r\nz2krKZbXIuM5I8tz5kXuDYAyWK1WX02/SWvHEhemvjO3y1IQESmllkKIv3cvMPP7MAyXx2we\r\ndJfJZDJzNeZdr9fv0IYtP0qp30mRMt1FZoc8J47jH6vVqtT0aQCKRko5Gg6HARGdOwZc54KZ\r\nb4joRmt9t/VaQNjAwSil5g532JMQ4n77/ziOnwaDwf16vX6G4L1FKXUuhLhOrqcdDlyHCnxX\r\nQRcwtW3nRBQIIf488mWW6/X6HwgbOAql1MLRozCN5Xq9/gd1VkTT6fSWEmU2zHwXhmFgfcKR\r\nzwGgjZi+qedEdC6EOHRM1hLJI+AowjB0Dh1MIfB9f89K6RsmAB5YLs2LfA4AbSWKovswDOdh\r\nGI7X6/VfcRx/zMqq3CHwiIiS1hoRkdYariOQitY68DxveeCJKihrP23BkeL/mOYhcTwnglcF\r\ndB0TN1uY/zJdlsx857TY4C4CWURR9KS1Pj8kw+nQbKiuccxQUNPhxdZyCz0hQe8Iw/AmDMNZ\r\nGIYjM1Xgy9Z7xMx3Wutzz/VkKeUZxA1kYU5TAdGrX/yMmcdCiNf/E9FYCPGH+dDNatxu7bgK\r\nstPaZw2Hw3Nbs+PNZnNTwhYBaA0m0eqeEi55j+jFpZF0J3meFxARvjggNzvZfMs699FU0sbM\r\npD1PCGEr4r7BwRMAO1tX5NJyLahuGwB0n+FwuFeQnTVmRko5tg0fxWgaANykCdteQgkA4HiO\r\nsbxcSSOoCwTAzYCISGu9TF4QQowxlgSAYjimFRaSRgA4jgHRS3abrSbJxNkAACdis9biOP6R\r\n1rgYSSMAHMduuv8yeVEI8enYsQEAgBeUUoEtTiaEQNIIACWwm+6/pP0RGoEQIvB9n5RST0S0\r\nZOblYDC4//nzZ6/rkQA4gFlyIau4GkkjABzPq7BprZe+7zsfaFwi50KIcyKi6XRK9CKGS2a+\r\nN52VcZIEYIeUguxUgULSCADH8+qKNHG2Q62wgIjmQogb3/f/bzqd3iLhBID/8DxvllzLKshG\r\n0ggAp/Gmpdah7ZEsoMktAG+xTshOewKSRgA4jTcttYwrMZBSnpmMyDG9xNkOqWkLitseAO3l\r\nmAnZUsoz26w7QtIIALmx9oo0X6Ab2mmppZQKmHkrdIEQ4g/bc/ve5BaALbasRmb+npbi73ne\r\npaPeDW5IAHLibIKcxGRwLcm4UbZjvYUQAb00uZXbzsplbBSANuFK8SczesOGsfBmyXVmvkPS\r\nCAD5EXVvAIAuYpswblL8bWK3nYxw6+glGUDYAMgPJmgDUDCHpvibmPaVLR7HzBcQNQAOA8IG\r\nQMEcmuJv4mp7lhwzf08rCwAA2IGwAVA8uVP8U+JqkdZ6r0gbAJBN7uQRAEA2h6T4K6UCIrpM\r\nrpu42gzp/QAcB4QNgALJk+JvYmqXNkvNPB5xNQBOAK5IAArEEStbbv88mUw+eZ73O0XUEFcD\r\n4ERgsQFQIMx8l+zUMxgMPkwmkz+EEBe24uud5yKuBkABoI4NgAIxhdm3hz7PiNoMLkgATgfC\r\nBkDBKKWWefurMvMzM89XqxVaZgFQEIixAVA88zwPYubvWusRRA2AYoHFBkAJpFltplH4PG2C\r\nNgDgeJA8AkAJaK1nnucttuLGzBEzLzabzU1ad38AwOn8f7n8eSa18ji0AAAAAElFTkSuQmCC\r\n', 0, '91', 1, 'Very nice drive!', 1, 1, 'submitted', '2016-06-05 18:30:05');
INSERT INTO `final_drives` (`final_drive_id`, `student_id`, `course_id`, `has_corrective_lenses`, `has_permit`, `instructor_id`, `final_drive_date`, `final_drive_student_signature`, `gif_code`, `final_drive_instructor_signature`, `final_drive_total_deductions`, `final_drive_total_score`, `final_drive_template_id`, `final_drive_comments`, `final_drive_hours_driven`, `final_drive_hours_observed`, `final_drive_status`, `last_updated`) VALUES
(19, 16, 3, NULL, 1, 2, '2016-06-04', 'iVBORw0KGgoAAAANSUhEUgAAAh8AAADUCAYAAAA87UGPAAAABGdBTUEAALGPC/xhBQAAIABJ\nREFUeJztnd1127j29jck8nr8VnD0rwA+gu4Pp4J4KhilgvhUEKWCOBVEqSB2BZHvh0pYwdgV\nnPG1Ie33wpCjUAD1RYIA+fzWmrXGkCLBsiQ+2B/PJgIAAAAA8IhoewNtI6UcpWn6mYgyIlo8\nPz//URTFPy1vCwAAAOgsg7Y30DZbwoOIKEvT9GuL2wEAAAA6T6/Fh5Tygn4Kjw3lnwEAAABQ\nI70WH0mSZG3vAQAAAOgbvRYfZIlyMHPRwj4AAACA3tB38fEfy9rC9yYAAACAPtFb8SGlvBBC\nXFpuWvjeCwAAANAneis+XPUeeZ7fet4KAAAA0Ct6Kz7IXu9x38I+AAAAgF7RZ/GBeg8AAACg\nBXopPlz1HlprpFwAAACAhuml+LDVezDzU1EUP1rYDgAAANArkrY30BJZeYGZF/63ETZSygtj\nN58RETHzrdb6LWbfAAAAOIe+ig/UexzAtvAgIhJCXA2HQ0FEV61tCgAAQPT0Lu3iqvdYrVao\n99glKy8MBoM3LewDAABAh+id+HDUezwWRfHgfzfxsV6v79reAwAAgLjpnfgg+9TaB897iJbV\najVtew8AAADipo/iA/UeZ4BiUwAAAOfSO/Fhq/dgZlxQAQAAAE/0SnwopTLbuhAC/h4AAACA\nJ3olPph5ZFvXWkN8AAAAAJ7olfgQQoxs66hjAAAAAPzRK/FBmGQLAAAAtE7fxMe/LGsPvjcR\nA1LKUXmNmZ9a2AoAAICO0Svx4Ui7PPjdRRwkSTKyLKM2BgAAwNn0Rny4Ol0IF1QAAADAK70R\nHxWdLg9+dxINmWUNQg0AAMDZ9EZ8VHS64IJ6OOgKAgAAcDa9ER9k73R5bGEfsTAqL8AJFgAA\r\nQB30SXyg0+U4RuUFOMECAACog96ID0faZeF3FwAAAADohfhwdbogjeBGCLEz/Rc29AAAAOqg\r\nF+LD1emCNIKd8Xg8ta3Dhh4AAEAd9EJ8uDpdcJK3I4R4X16DDT0AAIC66IX4ILtnBU7yFpRS\r\nM4dYm/ndCQAAgK7SF/Gx0+mCk/wuUsoLInpXXmfm+zzPF/53BAAAoIt0XnxIKUeY6XIYSZLM\r\nhBAX5XWt9bSF7QAAAOgonRcfw+Ewc9z04HEbwWNEmi3q8aUoiocWtgQAAKCjdF58ENGVYx3F\r\nplskSTIrrzHzk9b62v9uAAAAdJnOiw+bXwURBspto5TKhBB/Wm66QVEuAACAuum0+JBSXtpq\r\nGIgwUG4bR2vtk9b6po39AAAA6DadFh9JklhTLhgo9xOl1BXZh+5dI+oBAACgCTotPojojWP9\r\nwecmAudjeYGZH5fL5byFvQAAAOgBSdsbaAop5YUQ4tJxM1Iu9GKj7mhDnvrdCQAAgBCQUo7S\r\nNP1MLxHxxfPz8x9NRME7G/kYDoeuLhciot6nE4w4s0U9YCgGAAA9ZUt4EBFlaZp+beJ5Ois+\r\nhBBZxc29j3wkSXLtKMad+d4LAACAYMj2/FwLnRUfRGRtsTX0OvIhpRyR3Ub9C6IeAADQT5RS\r\nWXmtqQaNTooP02I7ct3e9wtshY36rIXtAAAACANbNPyhiSfqpPiosFQnZn7yuJXgMDbqO4Zi\r\nzPwBNuoAANBrbE0aiyaeqJPiQwhRVWza63oPU0z0CzAUAwAAwMw74oOZGylT6Jz4MF0cVfUe\r\nD772Ehomn5dZboKNOgAA9BxbOl4I0ciBvXPiI0mSbM9dHjxsI0gcNuqPeZ7PWtgOAACAgLAd\r\n3LXWEB8HklXdyMwPfrYRFlLKS7LbqM+8bwYAAEBQmC7IHZqKindRfLgs1YmISAjx4GkfQZEk\r\nybS8xswFbNQBAAAkSTIqrzHzfVPP1ynxYTo5RlX3aSqEFAG2DhcUmQIAACCyZw0emnqyTomP\r\nPZbqRNRcCClkzAyXnUKi1Wp128Z+AAAABIc3jw+ijokP2l/v0VgIKXB2RBkzf+mjEAMAAGDF\r\nm8cHUcfEx2AwqKz3aKpfOWSklCPH6zL3vRcAAADBIssLWuvGrpmdER82T/oyTfUrh4yj0PSx\r\n7xbzAAAAfmJLzRdF0dg1szPigyyphTJ9jHyQpdCUEPUAAABgcAyUK5p8zi6JjypXUyLqX+RD\r\nKZXZun+01nPvmwEAABAkzDyyLDd6WO+E+DBTbG3FMr+gtX7wsJ2QmJYX1uv1HQbIAQAA2OCw\r\nqFg0+ZydEB9Jklwfcr8+XXTNjBtbygXttQAAALbJygtNu4FHLz6klBe0x9WUqPn8VWjYPE+Y\r\n+QmOpgAAAEr8Vl5o2g08evExHA6vbFW6FnpVbCqEeGdZnvveBwAAgLCxlS003REZvfhwXGRt\r\nLJrcR0i4amBQaAoAAGAbM3T0F5j5qennjVp8mG4O2wvXVydTInIPkWuyZxsAAEB8JEliyxw0\r\nfq1Imn6ChpmWFyqEx6LRnYQFhsgBAMCBmIPse9ozoqMKZr7VWr+NcGxFZlmD+HDh6uZg5rl5\r\nE/1CkzaxIYEhcgAAcBhSylGSJB+FEHtNKvchhLgaDoeCDjC8DIyRZa3x62W0aZfhcDgtr226\r\nOWw9yz1KOWCIHAAAVCClvJhMJu/TNP27DuGxYd98sUAZWdYWTT9ptJEPVzeHlHJUXvRRPBMC\r\nGCIHAADVKKX+JKIbso+QP4v1en1X92M2jRBixx3chyFnlOKjwjb8JkmSnXXykL8KAQyRAyA8\r\npJSjNE0/E1Fm6gL+2yfDw1CQUl4mSfL5EDfsU1iv13er1WraxGM3hfHJ2sHH+zNK8UGOQtOi\r\nKB6UUo28sSIBQ+QACIyN8CB6qQtI0/SCiH5vdVM9Qkp5kSTJeyFEpRM2Mz8x83WfjBiTJGmt\r\nWzQ68VFhG77p5rCJj0VzOwoDDJEDIFiyPT+DhlBKXRHRR8fskleY+YPW+qZvtXHMfCmEKK95\r\neQ2iEx+2OS4mtdD3bo5peQFD5ABolz7XoLXJoV0sJlVy3dfvSVtnpK/p79GJD9qfWsgst3e6\r\n5gND5AAIk7Zq0EoX38Xz8/Pbvlxgx+PxOyHErGrshpn1db1cLhf+duYPKeVlmqYf6bQoG8RH\r\nGaXU1YmphU6H0jBEDgCwzXadCRFlw+HwhuLznziKQwpKTV3HbLlcdtZ00aSaPtPp3TxerpdR\r\n+Xww87S8ZkktyPJ9fLQNtQmGyAEQLJllzcfJ8pfnjdR/4ij2CY/1en2ntb7ssvCYTCbvhRBf\r\nDxy2asVXd2Q0kQ+Xh4UQYl76eedF73K40TXfBoWmAARLK5FYKeVFVwsqlVIzl/Bg5kd6SbF0\r\nNg1tOno+05nRLZ9z0aKJfFR4WLy+oXpa3DUtL2CIHADBMCov+OgmsF1EbG2VXUBKObKN1CAi\r\nYuZPWuvLLjckmHTTt3OdWpn5XmvtLTUXTeSDDvCw6JvBmPnQYYgcAOEyKi/46iboC6a+ZYfn\r\n5+d/d/0QtqnvcKVZNsZnIUa8ohAfFYWm5Yts7Xa5IeOIBqHQFICew8z/WPwbRu3spjnG4/E1\r\nWepqmPlD14XHZDJ5T0Qz1+3M/GG5XDpvb5soxIetoNIxLK1vBmO2QlNEPQAIBMfcjMYviia6\r\n8qa0Nmr6eX3iSrcw86PlYNoZ9tV3mFKDaeippuDFh6njyCw3zb1uJDDG4/HUFmpDoSkAYRNi\r\nCDxGTLrFFu0OMs1QB/vaiZm50FpPY4j6BC8+KhxNF5a7Z5a14P8Ip1ARDXpoYTsAgBJtFsAz\r\n84Ml7dKZglNT65CV15n5U1cHacZc32EjePFBlkLTIwsqo/hDHIOrvZZ6Hg0CICTaLIAXQjxY\r\n1jpRE2cmse4UmZp0y8z/jpon9voOG0GLD1dqYbVazR3/pC8GY9PyAjMXXVX8AACwwaQdbELq\r\nOpZT/6F0pb7DRtA+H4PBwBb1sBWaElE/DMbQXgtANGSWNS+RD1tRq634NTZM5+POhXi9Xt/F\r\neAGuYp9/h6nvyGL9vYMVH8cWmvbFYAzttQBEjZeTedciAESv6ZaP5XVmflqtVlP/O2oOE/H4\r\n6iosNVbxWQyFpS6CFR+OQlNnaqFHBmNorwUgDkblBR/uplWYC3iUJEkyc7QLR1NkeQhGeHxz\r\ntUab+o6r2H/nIMWH+YAcm1qI9kN1KGivBSAqRuUFn+6mXbJYN0X2tg6/+1jTDi6M8Nj5O5mJ\r\nvH/keT5rYVu1E2TB6XA4vCpfZE1orepN1nmDMbTXAgD6RkV3y5PWeup/R82hlLJ6eJjfNeo0\r\nS5kgIx+OEfG3sYeZzgHttQDERVvuphtsKZ4YLdaTJLm2pSCYedalg5cRHtPyeheFB1GAkY+K\r\nEfH76hoyy1qX/ljT8gLaawGoj8lk8ioW1uv15WAwuCB6uWBvLn7MfLH1/bRg5g/HfAZ9HqC6\r\nYLEupbx0WKjfL5fLztS6KaVmNuFhuOqa8CAKUHyQ/SJ7f+KL34lICdprAagfc9B5T5aDy2Dw\r\nMyi87RRacg3NhBDZZDLZESF96b5rmjRNd7pbiIi6lG4xtXw7AouIaL1ev10ulwvPW/JCUOKj\r\n4iI7P+Sflxe6YjCG9loA6kNKOUqS5H3FSfNYdkRICN13sVusK6Uyck+sffC9nyYYj8fTwWCw\r\nU89C9Co85p635I2gxIdrjsshf4COG4yhvRaAGphMJu+Z+bohq/FXEUIBFLvHbrHuSLcUXen2\r\nMCkla2SHmT91WXgQBSQ+XO211POCSrTXAnA+ZijXRyIalaMBDZBR92vQGsVlMtmVVPOWe+nO\r\ndzszf8nzfOcg3jWCER/D4XDnImuqfDvxZjsVtNcCcDpSypEZvZ7tuy8zF/SzTuzB/EfM/M+2\r\nP0ee5wuTEpgdaVnutQZNa/0jTdNf1mKxWE+SZFZeOzQKHjom7WcVHuv1+m65XE5b2JZ3ghEf\r\n57TXOoq7HuvYV5ugvRaA0zAuke+FEJUnSGPcdH3sRc0Ul2bHiBDf7qZFUfwzmUx8PmUtVNT+\r\nzVrYTq1s2abbIh5FEzbxUsqLNE2/0osAXzw/P78N4fAahM+HSS2MyuuHjkd2FHc9nLOnQJiW\r\nF9BeC0A1Sqk/kyT5+wDh8UlrPTrnNJ3n+SLP84yZf7c5im7j0920itAt1rtaYL9lm24zESuM\r\nl0ftAnVLeBARZSYS2DpBiA/b9Nr1en0XgjprC7TXAnAcUspLpdR3IcS8qrCSme+fn5//L8/z\r\n2kawb4mQP+p4vLqIzWLdCKNOFtgnSbLPvbSpyFhW/tmWLfBN6+JDSnlJlnysECL6N9s5dFX9\r\nA9AEWwV8zgsrMz+a2RhZUwebPM9vXREQn+6msWLcTDtX+2fcS6/K6x6EhxVbZ6lvWhcfx06v\r\n7RGdVP8A1I1S6spVwEf0WtfxIc/zkachZDPbYhvjISK0WLd1PEY9WqNN23RTk2TjjWPdG62K\r\nD6QW7KC9FoDDMJ8VawEf0UtnmNb60qc3RJ7ni3L0Y71e3/l6/m1sdSahWqyfW/sXIuZ3mtpu\r\nY+brpm3TXc6pQohRhTDxQqvio8bUgq1yOFqljPZaAPYzHo/fudwhmblg5t/zPJ+28bnRWk83\r\ngoOZ71erVeth7tBxmIpF+73XtnupyyF2i2mTz7+P1lptay4s2snzhlJZfizG9Q7ttQBU4Apl\r\nEzXbOXAo5oK5k+P3TSwW68ZWYFRej7XWw/w+LuHxX0+1e1b31C1aTb20FvkYDodXjtRClG+2\r\nukANDADV7BEe920Lj5CIxWLdNbk2xmmuponiq+02Zv7iYxqvmZJbKTKFEBfj8Xja9F5ctBb5\r\nqAix9f1LY0eN9r0GBgCiap8Eoldb6qnnbcXIb1LKi1C+ayvSAzOvG6mBA2zTpz724Kr1sHBF\r\nLUXVW4l8KKWuulZYVAe2QlNmflqtVj4q9AEIFgiP07C19wohLpMk+Vsp9dmc0ttmWl5g5sfY\r\nor3mPfrZ5V7q6/2ZJIkz3VNeGwwGb9oynWtFfDgKKu9jLSyqC5vZGkXeZgbAuZjT5HeX8Fiv\r\n128hPOy4vjuEEBdCiGmapt8nk8m3tkynumSlvs+91MceXOkWZv6wXC5vbGNHhsPh1MfeyngX\r\nH65phRRhiK1OXK9L32tgQL8Zj8dT86U+st3uo2sgdvbZvhNRliSJtUahaboyQM7UIXm1TS/j\r\nSreYqMvM/LgTRXfMVWsc7+LD9WY7M8SWWdbOeTzvuApNYyy4AuBcpJQXSqnPg8HAFcZ+Yubf\r\nY7tItYHWenrA3JlLpdTM05aI6LXjMfoat/F4fF1hIjb1Fbl2pVu01tOt/995bY3nh/fX3Kv4\r\nkFJedCXE1gC212Xewj4AaJWtor2p7faNM2RsNQFtURTFQ57n2fPz87+Z+QszP9nuJ4R477MG\r\nxGWlvlqt5r72cC7Gy8PV0nrl6/BYlW7Z3kNRFA82ISqEeOfbdMyr+HCc7ntfUOlyNI3pQwhA\r\nHWylWVyFpUXTltRdpSiKH3meT7XWo/V6/dZ2H9fpuW6qfJ5iqXEzaQ6r8DB1SAuP+9iXbnlF\r\na+0yvPvss/jUd9ol6jdbg9gGDqHtGPSGfWkWolerdAiPMymK4p/lcjln5g/l23ylXyp8nuZN\r\nP3cdbHVf2VKCn3ylA80+rPU62+mWbYqi+GHrfBFCjHyJTyKP4gPzSuxIKUeDwcDmNDf3vRcA\r\n2uCQNMumowWCvD7yPJ8xc1Fe95F+idlKvUp4rNfruzzPvVjpb+1jVL6tnG4pYzpfbOmXK6WU\r\nF2deb+Ij5jdbkzjm20TX4w7AqaRp+nFfmgWFpc3gOh2nabrPmvtkYh8gZ7w8rJ0tq9Vq6mMP\r\nVb43rnRLGVOIbKv/+eyj9dqL+PDg2y8tjx1LaBZTfUFvqRp+hTRL8xRF8cOWfqHqgWRnYfMz\r\nWq/XdzEcRJVSN0IIW5r8yaetf5IkVsG+6bA55DHM671zXyHERZqmjadfvIgPZrYVmtbm228L\r\nf8UQnnU5vaLQFPQFR0QUaRaPmPTLzgm4idSLecysvC6ECP7AZSI2NoNMr8LDNdtoax8HX1fz\r\nPL/dTF8ukY3H40bTR42Lj4qahuDfbE3DzNPymjkB4AsXdJ6KqMcV0ize2blgJUlSe+dDrIMz\r\nlVLZYDCwRgOY+dpjS+2Nqzbq1CjharWa2pxPB4PBxyZrfxoXHxWmYr1ur3WJMiHEvIXtAOCd\r\nivbARQvb6TXMvHPgYeYmLjzRmYpVTaldr9f/9SWUXZEXs4+3pwogc9id2m5rsvanUfHRFQe7\r\nJhgOh7a8Ye9FGegVWXlBCCHNwLPgxr53GSGEbQBdrX+DWAdnmoJo65Ta5XLp5VpmzMxcA+PO\r\nHjGQ5/mCmT9ZbsqaMh9rVHx0wcGuKRwKdu57H8A/xtPi62QyYaXU175eaF2W30KIaZIk3wKZ\r\nuNoLfEQ+Yhyc6Zq55XNK7Z6Uz4e6Ii95nl+7Wq/rePwyTaddbG+2echvNh9UdP/MvW8GeCdN\r\n06+binkhxNVwOJy3vKVW0Fpbv+yIXse+fxuPx1PP2+olTUc+Yh2cORwOs/IaMz/6mlJblfJh\r\n5i+HtNQeia3ItJHoR2Pio6KXu9Y3m+105PpCC4hpeSGWVjNQC9n2D46C7M5TFMUPrXXGzF9s\r\ntwshLgaDwWekYZpHa207EO5YGJyKo9D0MfQ2aiFEZln2Eq3ZMt+zpnyaiLyY9IvNfKz26Edj\r\n4sPRklS7qZijIjvYyIpruB4KTUEfKYrinzzPp+v1+m3FwDOkYRrGJgJqrvmI1c/IdjBovEZF\r\nKZVVCI+mUz4zy1rt0Y9GxIeUcuRwLJw38XwxMRwOp+U1Zn5CoSnoM8vlcm6iIEjDtERTXh/G\r\nzyi6wZlmYNvOvpvuxjJZA6fwaDrl4yv60Yj4iLWX2wcoNAXADtIwrdOI14fNzyiGwZm2eg+H\r\nIVdtbIYr2m7bmujs43WbWdZqjX40lXaxtdfOG3quaDBKelReD73oCgBfIA3THk10vMQ8ONNm\r\no05EiyaeS0p5MZlMqoYrFlprb46/PqIftYsPVydH6CE2HzgiQvcoNAXgVw5Nw0CA1EcTHS8x\r\nD84UQvynvLZarRZ1P8+msJTcM47uW5pxNLOs1Rb9aCLyMS0vwDK80nBt7n83AITPIWkYCJD6\r\naMjrw2q3cOZjNo5trHwT3TlbhaWuqc5f8jz3Njdmm6ajH0kdD1Kilerg0BkOhztFV8z8hBkW\r\ncWNGW78homshxCUz/6CX0OxCa33fd9F9Lhvr5/F4vBBC3Aghftu+fUuA/B5622bo1B35cA3O\r\njMTPKLOsLep8AlNY6pweW4dzaQ3MiOhbaS1TSmXnRq9qjXy47HMbfgEzy9qiwec7CRSadgul\r\n1Bul1Oc0Tf8nhJhvTi5CiEshxLUQ4jZN0/8ppb4rpT4qpd6gSPJ0ttIwO3UgiIDUQwNeHzvR\r\ng4j8jHZSLsy8qOvB9xSWPjHz7wEIj0ajH3WnXWwFOr2PerhajyM5AQCDlHI0mUzeK6X+FkLc\r\nuorDtimLkclkUj5FgAPZSsNAgDRAnV4fsfsZ2b6v65hBc2Bh6dlRhZqZWdbOrv2oTXxIKS9i\r\nrWpuGscQuQJh4vAxc1j+nEwm39I0/ZuIZrZQ8hFktWysp0CANEedkTmHn1EUgzONFfwvMPPT\r\nuSnUgAtLK2kq+lGb+Kh4sy3qeo5Ycbi9zlvYCjgQKeWlUupzkiR/m9Na1vKWgAECpBmSJLGN\r\nqrAO/9uHI80cvPAgIkqSZGRZPksQhFxYeiAzy9pZ0Y/axIctxEaRvNmaxOXtEfoY6T4ipRyN\r\nx+N3Sqm/0zT9LoTYqWGyYXK0n5j5d2b+w/x/6POFogYCJFwqBmf20s+oyrGU6KWw1NeE3FNp\r\nIvpRS7dLRU1DL99s2zj63ItIiq56gVLqDRFNHaZCTtbr9Z0QYm4JJd8SvXbCZER05RDn4AyK\r\novghpcySJFmgC+Z8mHkkhCivnXISn1oeOyY/o8yydtJ7SCn1uaK+44mIrpbL5eKUx26BGdXY\r\n+VKL+HDZqUf0ZmsSm7dH70VZ25j865/0IjoOznUz8yMz36xWq9t9728TQr2VUi7SNIX4aAAI\r\nkPqwRSts7bdVdNjP6CgRJqW8SNP0K7nrOzaOpdG8L/M8Xyil7i3max+J6N/HPl5daZc232y2\r\n4TtB5M2QcgkPKeWlKR79brpQDk2rfHl+fv53nuej5XJ5c4ywLoriH5dRFjgfpGDCoSN+RqPy\r\nwjHXlFgLSw9kVl4QQlyeMvDxbPERgJ36zpfKsWq9KWwpF7i9todJgzhPI2WY+X69Xr/VWo/y\r\nPD/3lALB2SD7BEiaph/b2FdM2NxMmfnhmMfoiJ/RqLxw6DVlMpm8NwebWAtLK6mo/fh4bLdU\r\nHZGPaXkBF9hX4PYaCEZ4fNvXJmvSKh+en5//L8/zbLlczut4L+d5fsvMj+c+DnBTJUCIKDvl\r\ndNYnbFFAIcTDof/eRHp76WdkPIC+kb0rhIjiKCw9kFl5wUQYd8ovqqhDfOACa6EiItT716YN\r\nkiT57DqNEL2cSJj5jzzPR3mezxqqV8LfvmH2REBqm8gJdqmo/QsiEn0otoFyWmvn7zAej98l\r\nSfKd3GmWYBxL68BEP3bSyEKI9zaPFBdniY+W7NRjYVpeQESoHUzFuc3o7Wm9Xr99fn7+f3me\r\nT5s2QEL3lx/MxW7n7y2EGCH64ebYi+42FYWmnXjP2zxQjAHh18FgcOOqHQvUsfRstNYzm8BP\r\n09Q5q6bMuZEP2Km7QUQoAJRSM1urGzM/aa1rS6scQlEUD0i9+KHO3HSfOfSz4So0jTHS6/Do\r\nmW7/oJS6MgaEzvZ8Zv6U5/llbJGfQzCRYZuwPNh47GTxATt1N2aaYyc+iDFjInPWUDszX7f0\r\npfDQwnP2Eq31ThrglNx0HzhXkLkcTWOM9NqiNUKIP6WUIxPt+CyE+FoR7Xhk5t/zPO/0+0xr\r\nfeM4TB0U/ThZfMBOvRJrRCjGD2KsKKUy19TIlkdVd+4UFCpFUfxwtDi/Q/TjV86xVq8oNI0y\r\n5bJcLue2lEKSJO+TJPleNVCSmb9orS/7cB001zObwB+Nx+O9wutk8RGQnfq/ygta64cW9rEN\r\nUi4tYjwdvtpuY+ZPLdckQYB6RGs9K6+Z6MfOOjiNrhSalrBFP6aubjlTVPqHacnvzWfcdPFZ\r\nbdf3CfyTxEdIduq2N0ObzqqulEsM0xy7gJRyZFpqbeZzXwIIhS5afv5eYepsPpXXhRDvjqnM\r\n7zrMPLKs7b2IdrXQ9Jj24PV6fWe8gHr5HV+R3qx8D5wkPmCnXgmKcFtiYyLmEB5FCD32Wuve\r\nnIpCwVWZj+jHT061Vu9Soek2RrRWuhKbbrn/LpfLqz5FO8q40pumTsZpb3Bq2qWL3v1nI6W8\r\nCCgd1TtcI6s37W4tbGmHyEPRUWIuDK4iQtiun0GXCk0tzF03GIv0y+VyGXWEpy601teO1lun\r\ns/DR4iMAO/VgGQ6HVi+JvobjfGIq0G3C48nMUejClyE4EVOZf9SXY584xVq9a4WmZVzt2sz8\r\nwVikP7SwrSAx86tmlpsypZS1HfmUyMe0vADzrFeQcmkB19hqCA+wwXw52up9DvYl6DKnWKt3\r\ntND0F7TW040AYeZ7M1xy1vK2gmS5XLpab63eOskJz4FODgsu35OunAJCxXh5TB03X8XyRTiZ\r\nTJiIFs/Pz39ALDXDcrmcG9O5cofcSSPB+0xXC03LmOhG1vI2YmJKRN+2F4QQIyNUZ9vrR0U+\r\nYKfuxpFyeYzl4hcj4/F4WuXlEWGvfZamqbVFGNSDLTRsRoK33QXVKsdaq3e10BSchytVRS/e\r\nOqPthWPTLkgruMFr4xGTb7bm600F+tzzlg5mj3lT5msffcQYSLl8CUYtbClYqiJwHS80BWeg\r\ntZ6W12zeOgeLD9ipu6lIucxb2E7nkVJeVnl5hF6BrrW+csyPIKJXkzTQEBW+BCg+PYCuF5qC\r\n8zBtyh/K60KIPyeTCSulvkopLw4WH7BTd+N6bZByqZ8qL4/1en0XgpfHgbDrhiRJYP3dIMaX\r\nwGY8duWqzAc/6UOhKTgPV3cZ0cvnbDgczg8WH/CvcIPXxg9GeHyztXpkI7SyAAALtklEQVQz\r\nc7FarabeN3UCSZJY24I32NoeQb0Y47GDK/PBC30pNAXnUdFdRkREg8HgzUHiIyQ79dCoeG3m\r\nLWyns2wJD6eJWAz5ZtNtUXm6dk3LBPVRNRQLzqduUGgKDsXUV1nTy+v1+u4X8SGlHE0mk29b\r\neZkREezUq3B0uSAEWTOuaIHx8ohimJOZ+/P+gLtmTe8FvAzFWq/Xd+V1M/cF0ScLKDQFx2Dq\r\n234p8F6v13er1Wr6i89HmqafyXzxCSGu0jS9IKLfCXbqTmwpF7w29WJMxKzusSbiEbzQMxcz\r\na1swaI/VanUthMiEEL9trxvn099b2laQoNAUHEuVT0o57VK+U2ZOa6PyP4Sd+qvV/M6HESHI\r\n+jjAvTQG4XFhIje27hxb4eOO5wJoBlOZP7PclKH241dQaArq5JCaj50TJ+zUX7AV1DDzPdJR\r\n9TAej69d7qXMfB3Ll16SJDObSDXdOdaiLFz4/OGyhU6SJGthO0GCQlNQN6/iw5bjNB/InTec\r\nEGLe7LbCR0o5snl7IOVSD8a91GUi9jZkE7FtTORwJ0++3Z1jK8pKkgQ1B36xRSsz35sIFRSa\r\ngrp5FR82bwEhxL9sbzhMaX05zZbXmPkxlotiyOyzTY/lNTanxZ3fw1Ika4siIvLhl4VlDekv\r\nenkfOwqlUWgKTuaUqba9Fx7mw2grNEUI8kyklJcu4WHcS+eet3QyaZpazdCYeVZKGS0s/xyR\r\nD49orRfltSovlj6wiYabtOGofDsKTcE5bIuPg05aeMM5C6+eUIR7HhvbdNttzPwlIvdSMoPK\r\nsvL6er2+O9D+fVT3noCbvp/gHam/64q04X0sNVcgTLbFx16VD8vwV2y97jd9/wI7h33zWmIS\r\nHiZ6s1OvYgTq1PJPFpa1Uc3bAsCJI2r7htxpw15PAQbnc1TaBWmFl3oE2wUSjqbnkabpR4fw\r\nKGL6oquK3hDRlU2gaq1tovVf9e4MADer1eq2PItDCHFxYNoQgKM5Snygsvll9HZ5jZm/oL32\r\ndIyTblZej8k2nWhv9OaTawij7YtcCDFSSs3q3yUAu5jP2N7v9yPShgBUsi0+RlV3hH/Fa9vk\r\nqLyOOpjzGA6HWXmNmR87JDwKl5/H1n3uLcvvNiMOQLOMx+Np23tom33fYxVpQwCO5hjxMW90\r\nJxGAwqtmEEJkluVo2vjG4/E0TdPvDuHxqLWe7nsMW2pJCHFhRh6ABjHda7YaHZsg7CxFUfzY\r\n8ztb04YAnMJBaReYyby2nWWWm2Z+d9JJbH4KC9+bOIUqTxKTNro8RJyaL/4dq3UiynAqb5Yk\r\nSa4dk4RnvvcSADPbYlXaEIBTOLTmI5pTaFM42msf8YE8DzOsalRej8HI7gDhcVTaSGs9s9l8\r\nCyE+wm69GaSUI1sdl7G+X7SwpVbJ83xRjn4ckjYE4FhexceeYVbBXgjKFdpErwWMtWG+oGym\r\nYrM6n6ePOOo9gg931y08iF6L/qbldSHERZIkSL80QJIkVgv/1WrV24ut1nq6+Qwy873Weme+\r\nFwDnkuy7gzndBys+iOgHlcL2SZKMiOihridwmYrF5LYZMJllbeF5D0fhmrRL9PPL+tRIYZ7n\r\ni/F4fFeeGySEuFJKZX08jTeFmUq9c2Fl5g99Lq6vGoMOQF0cknYJWXgQM+98yTPzqK7HN+Hu\r\nnagHEaHDpQZsETetdbDvuT3C40ue52d36KxWq6ktokdEn5F+qRWrERy61wBongFR9fju0D+I\r\nQgirR0Jdjz8cDndMxfAFVQ/m5Lnz2obaPXSA8LDedixFUfzDzLbul5FtoCE4HmMWaJvkfd33\r\n+jYAfDAgco/vNnbqD153VA+1nQ5t7bWEAty6yMoLzLzwv439+BIeG5bL5dxW+yKEeKeU+qiU\r\neoMoyGlUtNYWSKUC4Id9NR8PPjZxJgsiKler1zKN0pyORuV1rfWsjscH4dd7SCkvjHmYS6B/\r\naqoTQGs9TZLkhxDit+11IcQ1EV2naUqTyWRBL6/Z4q+//gq+UDcEKlpre1tkCoBv9omPhY9N\r\nNMBv+++yH1cLXqTRoKAwp8+deo+Q/GT2CY/1ev22yZNyURQPSqkb2hXX22TmP5pMJsTMt8y8\r\nWK1WML+zUNVau1wuFy1sCYBeMiAiYmbXqS741IKt+t91sTgGV9RDCIFajxpIkiQrr4WU5mtb\r\neGzI83xmG3fuQghxNRgMbtI0/a6U+p9S6qtS6k/YtL+A1loAwiAhevERsN1oK+bsA1V2y2h1\r\nrI3MsrbwvAcroQiPDVrrLEmS2z1ePDuYz/UVEV2laUpKqQcyKRqt9d2mbklKOUrTdGeKLjNf\r\nVAj5zLbIzJel75PF8/PzHyHUSKG1FoBwqEy7aK2jEB/MXAgh5PbaOZ4ISZLMYLfcODsX0hCK\r\nTfcMiHti5mvfRYnmwp1JKS+Gw+GVmYWTCSF2BEMVJpI3JaKpqRfZd/+j92r5N9lwOJzTiwhq\r\nG7TWAhAIleIjhNPKgdS2T2P3bRsg9wVRj/qwnajbrvfYJzyMa2lrgtx8HufmP5JSjoxD7JUQ\r\nIisXpoZC2TCtDdBaC0BYbMRHVr4hBovrLXZcTunld1oc+0BpmrpOR8gJN0ybFwFzcfoYqvCw\r\nYVIFc/opRi6NGMlCuOBvWK/Xd20+P1prAQiPqsjHg69N1EAtFy2l1BXZc9k3OB11lz1zWoIU\r\nHjbMHn+Qcd9VSmVkumGOrRepi/V6fbdaraZtPPcGtNYCEB6dEB/M/FDONbs6eFwYwybb6egx\r\nz/PZWRsEwbLHPKzQWk9jEB42TJpwQfRaRJvRTzHyWiNlrNxdv+PCsf6DLKJfa/0QUvEmWmsB\r\nCJON+LAVrkXzhSuEeLCsHeX+aE5HI8tN05M2BYLGXIw/7hEeZ89pCQXze9xS4LOa6gattQCE\r\nyYDIPgtFa/3geS8n49irtKxZqTodoci0e2y10k5ttzPzly4Jj76C1loAwsU51TamULPti0QI\r\ncTEejw863eB01B+2Olpcxnpf8jyfQnjEjZTykoi+ltfRWgtAGGwcTn/pbIms04WI7HsWQrzf\r\n5+yI01F/2Cc81uv127oHxAH/7GmZRmstAAEwIHoZYLVph2Pme631tNVdnYCtFVYIceGKamyx\r\n0+XAzI84HXWL8Xg8rfLw8O1aCpphj/BAay0AgXC8hWHAKKVuHAZhf+R5vlNop5Sa2Wo9XPcH\r\n9TGZTLi89tdffzXyfuxKKy2oJnSTOADAT5w1HzGitZ4x86Plpo+mlfYV87NNqNxDeHQHpdTn\r\nCuFR4ILUDSA8AIiLTokPk8u1pV9GSZLMtteSJLmxfVHBybQbSCkvDvDwwAWpA0B4ABAfnRIf\r\nRER5nt/a7JyFEO9MBTwppa6EEH+W78PMn/AlFT9ope0PEB4AxEnnxAfRS4uscW38hSRJvk0m\r\nk29CCFcL3szLBoEVYwd+Fmil7Q9KqT8hPACIk04VnG4zHo+vB4PBvk6XV9Dt4BdbwSnReX+H\r\nqlPwuY8N2kdKeWkGP2bM/I/r7wzhAUD4dDLyQUS0XC5vmLk45L5owfOPy0tmMBh8VkpZC0Sr\r\nQCttt5lMJu/TNP1OZvAjhAcAcVM1WC56tNbTJEkWQojfXPeJ1dckdszf5nZ7wNkGIcR0MpmM\r\nnp+f/zgkPYJW2u4ipRwlSfKViPYOisTfGoB46GzaZYMJxe8IEHPynmF2S3uYwtBb17h3Zn4g\r\nopnW+s4lQro8lRYQTSaTb2SiHVWYQ8Q1/tYAxEHnxQfR6+lpLoT4D0RHeCil5rbuo22YeU5E\r\nt3me3xH1byptX3HVBm1g5i9ENMfnGYC46IX4AOFTlTrZxkRDbokoq+poMadgCI/IUUotypEx\r\n08l2o7WeY/4SAHEC8QGCwbTa3lbV6Oxj00pb26ZAq5SilgUz36BwGID4gfgAQWFqdG5cdSBV\r\noKMFAADiAOIDBIk58V4T0ZUQ4l9V92XmJ2a+hvAAAIA4gPgAwaOUuqIXEWKzxEd7JQAARAbE\r\nB4gGKeXFcDi8EkJcCyEk2isBACBO/j/3MhjqQDiZpQAAAABJRU5ErkJggg==', NULL, 'iVBORw0KGgoAAAANSUhEUgAAAnIAAADPCAYAAABx5TwXAAAABGdBTUEAALGPC/xhBQAAIABJ\nREFUeJztnV162sj29XdhcX38jqA5I5APxX3oEbTPCJoeQXxGEDKCOCMIGUGcEQTft2hrBI1H\n8I+vEez3gi23LKpKEvpG6/c8/aQjYahgkFbtj7WJAAAAAABAL1FtLwAAANrC9/3JeDz+QkRz\nZn6Iouh/YRhu214XAADkxWt7AQAA0BaxiCMiUkrdjsfjayL6tdVFAQBAAUZtLwAAAFpknvF3\nAADoNBByAAAAAAA9BUIOADBIfN+/SR9j5uc21gIAAOcCIQcAGCSe510bDm+bXgcAAJQBQg4A\nAAAAoKdAyAEAAAAA9BQIOQDAUJkbjj01vQgAACgDhBwAAPzDz7YXAAAARYCQAwAAAADoKRBy\nAIChYupaBQCAXgEhBwAYKic+ckS0bnoRAABQBgg5AAAAAICeAiEHAAAAANBTIOQAAEPll/SB\nKIrQtQoA6BUQcgCAQaKUmqSPhWEIHzkAQK+AkAMAAAAA6CkQcgAAAAAAPQVCDgAwOHzfP7Ee\nYebnNtYCAABlgJADAAwOz/NMZsDbptcBAABlgZADAAAAAOgpEHIAAAAAAD0FQg4AMETmhmOw\nHgEA9A4IOQAAOAIzYABA74CQAwAAAADoKRByAIAhYupaBQCA3uG1vQAAAGiBEx85Ilq7fsD3\n/cl4PI7ns86JiJh5khj1FR97YubVfr//HobhtoK1AgCAFdX2AgAAoGm01mul1LvkscPhcDca\nja6JzALtHCDqAAB1AyEHABgcJiFXNxB1AIA6gJADAAwOrfXfiYhb40DUAQCqAkIOADA4ZrMZ\nt72GGIg6AEAZIOQAAIPjHCHHzC/0j2nwExH9ZOafSqknIqIoip6I6Prq6upWKbVQSvlnvAZE\nHQCgEBByAIDBka6RY+ZnItqSRaCFYVjYLNj3/UlZUUdE90EQfC36swCA4QAhB2pBrBq+0LHj\nb73b7f57zs0QgDoQkXU/Go1+Y+bHKIoWdUbAyog6Zt4qpVa73e4zvkMAgDQQcqByfN+/8Tzv\r\nh1Iqabq6/vPPP39tbVEAdISSom4VRdFHpF0BADEQcqBSLCKOiIj+/PNPfN4ASFBC1K2Z+T4I\r\ngu+1LQ4A0AtwYwWV4RJxzPwYBMG8hWUB0AvOEXXMvCWiZRRF35F2BWCYQMiBSnCJOCKiw+Hw\r\nx2azWTW8LAB6idZ6TkQLpdTveR7PzD+JaBVF0WekXQEYFhByoDRZIo6Zn4MgmDS8LAB6j+/7\r\nE8/z7ugo6v6V52eYeUVEX4MgWNe5NgBAN4CQA6XIEnFERMz8MQiCZYPLAuCi8H0/9qdbKqV+\r\nyflj691u9wcidABcNhBy4GxyiriXKIomqN8BoBq01rdEdJdzViy6xQuitZ4rpT7QP9ZJEMOg\r\n00DIgbPII+KIiJj5axAEi4aWBcBgkLTrMquODt3i+UgJuCQQw6DT4AsOCpNXxBER7Xa7f2M3\r\nC0B9+L5/naijO0m77na7/4Rh+GT4UUBOAfcKxDDoMl7bCwD9ooiIOxwOmBcJQM1I2cKSiJZa\r\n66e0dYnneRP6Z0YsEPIIOKKjdVIzKwLgPCDkQCE8z/uSR8QRESml7uteDwDgDWsiSnvQ3RDR\r\nQ/NL6SaSkv6klLrN+SPLOtcDQFkg5EBuptPpnVLqJs9jmTmE/QEAzSJzWdOHJy0spXNICvqD\r\nUuou78+Ikfm6xmUBUBoIOZAL3/evJQ2RC2ZGNA6AhlFKmVKok6bX0TWm0+l7sW7JlU1IsKxj\r\nPQBUCYQcyIV0xxlHb6VtEJj5BVMcAGieKIq24/E4fbjIDNeLQqxaPimlJkV/FtE40BdGbS8A\r\ndB/f92+UUu/Txw+Hw3cy3yQQjQOgBUzNRUqpa9/3i0aieo3v+zez2eyHUuqbS8Qx8zMzP1tO\r\nL+tYGwBVAyEHMhmPx5/Sx5j5hYjWpihdFEUQcgC0BDOH6WOe5+Wqbe07vu9PtNZfxuPxX+To\r\nRmXmF2b+SBbLFvG/XNe3UgCqA6lV4GQ6nS7IcEFk5qUpSsfMXzHFAYD2kIYHP3Vs0tJyGsH3\r\n/evxePyeme/ymJRHUXQXhuHP2Wz2w3D+JYqi3A0RALQNhBywIg0Opmjcs1Jqa0pZRFG0bGBp\r\nAAAL0vDwW+rYpJXFNIDW+nc6pkEnho7dV5j5UQTcE5F7k4rNKOgTEHLAiud5tt3twtTBysyP\r\nMAAGoF1MFiTMfHGpVTEn/5JliSQ1cItkqtS1Sd1sNigNAb0CQg4Y8X1/YhJrh8Ph+36/347H\r\n47nhx5a1LwwA4EQptTUcO6kD6zNa6zkRfXOlUaUObmkSZq5NanWrBKAZ0OwAjIzH4y/pY8z8\r\nst/v7zzPWxrOPaM4GID2iaLoxEsur5F3H5hOpwullHNMIDN/jKJoYhJxrk0qrmGgj0DIgRPE\r\ne2luOHVPRD+VUr+nTzDzsuZlAQByEIbhT+kqf4Pv+5MWllMpWutPo9HoZJMZczgcvu92u38H\r\nQWCtc3NtUqtcKwBNgdQqeIP4TRlrR4IgWGqtl4ZzL/v9HrMcAegOT0T0xqjb87wJEW3bWExZ\r\nZLzWF9t8VLFcudtsNmvX87g2qajvBX0FETnwBqkdmRhOxbvVE8sROl4E0eUFQHfYpg/0teFB\r\nRNwPh4h7jKJonpUWzdqkVrJYAFoAETnwiqReTN5wj0EQPEhtiskAeNXA8gAA+dmmD/TRgkQ6\r\nU631cGLcu8jzXDk2qQD0EkTkwCue532yCLUFEZHFcuQrUhIAdI6Thgci6lVEbjqdLlwi7nA4\r\n/C+viMvapJZaKAAtg4gcIKJjO78pdcHMH8Mw3Mr5Sfo8xnEB0D2iKNqOx+P04d5YkEyn0/ej\r\n0ch4bZFGjsVms8ktwLI2qQD0GQg5EGPq5HqOhZqMvkmff4xd0gEA3aYvqVWt9Rel1MJ0TsZn\r\nzYtcd7I2qeevFIBuACEHSGu9NF3k41E1vu9PRqPRb6c/SYjGAdBBPM87qfuSzs7OkmhqMKaA\r\nmTkUEVe0scq5SQWg76BGbuBIJ5exdmSz2ayIiBwGwKgtAaCbnGy8mLmzwiXR1GATcV/PEXFZ\r\nm9TzVgtAt0BEbuB4nndvqR25I3oVer26KQAwZEzd5V32eswat8XMn4MgKNxZmmeTCsAlACE3\r\nYKR2xDSl4XNcg2KaSSg3hVVDywQAFGA0Gp18p4nooYsRKBGdrkkNf5wrurI2qQBcChByA8Vh\r\njvkSRdEycch0U1h18aYAwNARm4254dSq0YXkQGv9SSllFFXnNDWknjtzkwrApQAhN1CkHf+k\r\nHoWZ72KRJrvlSfoxKBIGoJtYmhyeuzQMPs+4rSiKFiUFV55NKgAXAYTcABGBtkgfZ+YwmcZQ\r\nSpnqS2AADEB36XQ9a47O1Mcoim7LRPyn0+ld1iYVgEsCQm5g+L5/o5Sy7VYX8d8lNWG62K5q\r\nXB4A4Ey01remCHpX6lmrHLfleI1rywSaEA0O4FKB/ciASKQ0Ti6kslt9TWVYLoaPXUrRAAD+\r\ngZkX6WOHw+F7F6JQVY7bcmFrcCDMUwUXDCJyA8JRF/c1uVv1ff+GDAXTzLxKHwMAtI/NtFsp\r\ntWphOW+oetyWDck2mBocvmIDCi4ZCLmB4KqLS7fj2wqmkZoAoJtcXV2ZRlC1btpd9bgtF+Px\r\n2FYygmgcuGgg5AZAVl1cMvXi+/7Esqtd1rxMAMCZmBqTqMV61hrHbRmZTqcLMmcRMMEBXDyo\r\nkbtwitTFEdnHcSEaB0A3kcakSfp4FEWrxhdD9Y3bcrzetWWjGm42m8507AJQF4jIXTh56+KI\r\nXi+IRgPgmpYHACjPIn2AmR/bsAnK0Zl61rgtF57nLdHgAIYMInIXTJG6OCJrbdwLDIAB6Ca2\r\nzVcbjUk5OlP/qFrESdmI0e8SDQ5gKCAid6EUqYuTxxsHTBPRPWpMAOgmliaHl6ZLIabT6WI0\r\nGhlnplbd1JAEDQ4AICJ3kRStiyM6RuMsA6YRjQOgo5j8HqnhUgit9SeHiAvrEnG2BgfC5hMM\r\nDETkLpAidXEJjP5LuCAC0E0cs5BXTa0hw16k0s7UJI4Gh+cgCJZVvx4AXQZC7sIoWheX+JlJ\r\n+jgGTAPQTRxC5rGO6Jfp9cfj8TcyR8TocDh83+/3JyUcVWHLIJCh8QOASwdC7oIoWhcXYxnH\r\n9bWNrjcAQDaOTs1l3a8de8QRkdVeZLPZLGp8/YnpmnU4HL5vNpt1Xa8LQFdBjdyFcE5dHJEz\r\nGofaOAA6iAiZVjo1xV7kL4dH3McqZqa6GI/HJ/V4zPyy3+/R4AAGCSJyF8KZdXE0Go1MtXGN\r\npGcAAMWxCZm6SyGyPOIOh8MfdXfLaq1vyd7gsK3ztQHoKojIXQDn1MURHR3hyXxRXFa1NgBA\r\ndTi+s7UKGZdHHDO/MPN/6xZxYpGEBgcAUiAi13POrYsjstbGPcJIE4DOYorG1Spk2vKISyMN\r\nDhPDqUXdrw3qRWv9Gx03KHNb2j7Ferfb/YEo7BEIuR5zbl2c/OwNmYdMrypdJACgErTWS4uQ\r\nqa02TGv9SSllfH6J+C8a6pJFg8MF4fv+zXg8fhVvZzzF3PO8v3zf/xVlQBByvUba/wvXxRFZ\r\nx3E9N+0IDwDIxjZ5RSLoD3W8ZlsecSZMdYFERGhw6Ae+70+urq5+U0rN6Rh1M9ZZFkEpde15\r\n3g+IOQi53qK1vidzRM1ZF0f0urs1NTksK1sgAKAyPM+7t0xeqVzItO0Rl8bW4MDMH5Fa6yaS\r\nLUqmSyd1vE5CzP1nyJ+Fzgo53/cn4/H4l8PhcKOUmiilbph5opSaMPNWKbVN/PmklPr5559/\r\nPra97iaQ5gbT7jyzLo7o6EFl+FlE4zrCbDZ7x8y39E+9COpBBozWem7ZeH2uOhLRtkecBWOD\r\nAyySuoekTD/ReenSs1BKXUvE9temXrNrtCrkZOfnJwTaDRFNksWOo9E/jbVKqfjPiTzuzfHZ\r\nbEbM/FMp9ZT4c6uU2u52u/ASxk3ZmhuEzHoVcYQ/uSlQw/MZwT/4vj/xPO8dEcWRh+v4My3M\r\nh36hGjKWpqTK7UbEXuSbLXoiHnGVvmYWrrrAS7ieXwqyAfhgq6fMgpmfiWjNzOv9fv9g+93K\r\nZ3StlPpX6tT8nNe9FBoRcvLm/5KKqt3EqYK0ICuDPOdcnus2fs7xeEyz2YyIaC0PXR8Oh5+j\r\n0ehpt9s99yHaEe+WTSmWw+Hwv81mk1krY6mNe8Hutnm01r9LDdI8x8PzPAZcGLbB8My8rFLI\r\ndMEjzrCmCTVcFwiKI6nvT0XSp2JZsyaiWLht8/xcGIZPWusVpT4XzBzmfe1LpDYhZwuxVina\r\nzmQe/xlH+2KRF6do4z/pmNJ66UohpcPH6etms8kUYraCaTp6UGF32wC+719fXV39rpSyWSkY\r\nYeZBlA2Af5DouSkaF+b5vudFSjU+2TziiGiRZ5NYNWJybqoLXDS9FnCKZBI+KaVu8zxermHr\r\nKIoeSt5TTWUGgw5E1CLkptPp+9Fo1Ls3Nk7pSmcNEb0VeUT0RMcP4mPTETzpIDN1qGY2N8TY\r\nBk0jGlc/UvP5OzPbhn1nsax6TaDbOHzTKmtw6IpHXBqpCzwRCGhw6AbT6fS9Uso275eIXtOl\r\nD0S0riqCqrW+Nb3mfr8fdIS2UiEnN6svVEEaSHaCT0S0lf+eoijahmH4JGmAa3mdazoW5l4r\r\npfyyr2tDRNQNES3G4zFprX8S0Vop9URE6zobLabT6Z1lcsNLQQsA007mK6Jx9SGf1ffx7++c\r\nSDRMmodHE75pXfGIs2A0Psams13yNDNI2nRZZdQ48dyL9DUU97AKhZzkyb/QUVjlhplDaUh4\r\nbUyIoujJ9YtJXFzW6XMS7k3W4M2JiJRS74qsKwt57lv577X+TiJ3cdSu9IdLdqbG5oYiIk7S\r\nJxPDcyxLLRAYkd/bB6qmtm1ZwXOAHuF5nvE7X5VvWpc84tLYGhyqrgsE+ZHGxPeUcS1i5kfZ\r\nAGzrWMNoNPrNcGrQ0TgiotKFaonpAtY8uYRYt0QUi7U4urYt+/pFkLWaGi5uDF0wpWHmLYm4\r\n2+/3hQfRiyj9y9LcUKj4WGv9d/riyMxfgyBYFFkTcKO1/p2IbJ12hZFo3LyK5wL9QDYBP9LH\r\nq+ga7ZpHXBrbNQ/fg/aQ+b5fXNe0uJayziaU6XR6NxqN3mxwZDyddV1DoVRELucv+HMQBJ1w\r\n35aL09p2Xv49cap2Ev+nlPrlnNeT92WhlKLRaERa659xKpYy0rEiOr85mhtWedfhiMYhTVEB\r\n8W61RP2bkXh3W9Xzgd5QS1qxox5xb3A0OHTiHjIk8gRpiI73+CiKao+WWmyzBh+NIyoh5Fz1\r\nFUSvUbhFn2p7Emt98+GQD/ScjhfA+blp2kSqd05EySaKNR1rAF+bKOQLZGpueCwaRRuNRqba\r\nuMIRQvAWiR58oGN6Pe39dhZxgXAURfco6h4eUg87SR8vm1bsokdcGkeDQ+XGx8CNZBaM00Ri\r\nxPLjrol7vPinntwPEYw4UljIyQXBKDJi2g7PV438Ox4oIfB837+5urqak7jvl4jaxU0UJE0U\r\nWyL6aRFxz1EU5Wr1TqxzQuY0yrLoWsERidy+z9t2n4WkJR6IaNWnjQ+oFofdyGMZD7cuesRZ\r\nME1wqNz4GNjJ27DYtPD3PG9hWEOIze6RwkJOOlZsofnWPIeaRnaIT0R0T/Q6FDgeqTQ/t4PW\r\nlaZWShltAlxcXV2ZdrghBENxKm5goMPh8J2IHqq+iSaNhpn5iZlX+/3+Oy563cbzPKOdQ5m0\r\nYlc94tJIJNK0ecUEh4aYzWYfqMVmhgzgHeegUC5IWo//Mp1r8RfcWSRyE/9XWUOFGBY/7Ha7\r\n71kpB631Op0K7kIapU9UbKsTirBaVX2DytFogZmtHcV2bS3TkNRVj7g0UrryNxoc2iFvMwMz\r\n37URuRXvuG/p47vd7v9B5B8pFJEzhTeJXsdDQR2nkKjXOv57nI5NRO1KpWPH4/FSUrFrInoI\r\nguB78nGSqjmp54uiqPUdeB+Ia+BsNg1FEFfzZdWR0IKNFpjZ2lEk0/EGEVtnReM67hH3Bs/z\r\njLVYaHCol7zzUZn5axRFrUVG4R2XTdHU6kl4s0P1FZ0nkY4lojdNFHOllGl0ViZxZywRLaR5\r\n4oGOxfKPUsP3BmZ+7soFvKtU2YVao4CbeJ73no6/+yKNFvMq1wHKIx6cc8Ops0bnddkjLo2U\r\nK5jSZmhwqJHY9zXHZIZWGxbhHZeP3EIOozGqJ26i0FqbPqhnIQX4t+PxmJjZdLHG78tBPHqG\r\nSnah1izgzo4SDn24dNeQ+cemaNxz0fKHrnvEWUCDQ4MUaWaQzvlWPytXV1eL9DH5buA+liC3\r\nkEN4sx6kGHmRPi4XsxsiIknHzulYZ5e7icJS4Px3ieVeLFUZ+dYl4Io2Wsg6TB6IuAB2CMc8\r\n1UWR5+mDR1waufaZGhwwwaEGZrPZB2a+I8f0Jal1v+tKNNSSqcI1LEWukIPs9P4vfZyZ/wtl\r\nfD4ZzSO/msRA3B1LRLeWkHMukinYIRe/V9WJ2iEB91WiGT9N39ndbvefrlykh05VUwz64BGX\r\nxtHgEAZBYLW2AsWRZoZPLsuwOuejnotpkgMR0W63+/eQ71kmckXkEN6sHrmIn4zhIXqtO1yb\r\nzskHeCX/xbUOt1SweSKZgtVa5+6CvRSq6kStM4Wad31iI7FKmgjL5yL9ONRHdgiH3cgi73Nk\r\n1Tp1tYZZIpGmNaPBoSLyXkO6mHJ3eSpCxJ2SS8hhNEa1VDl+S8T0gzzvjed5t0R0WzAFm6sL\r\nto/IxewXOnqqTSRqMS/7vF2ogRMBd2+pZTGZFa8rWCKoAEeR/8e8Nyqp5zRGULrkEZfG9/2J\r\n5Sb9Ff6W5ZH7y6esa4g0M9x18TNi62QmGNkbySvkTKMxVpWvZiDIl8xUGxKWGWIfd8X6vv9g\r\nS9lm4eqC7fJOSNL//uFwuFFKTZRSN8x8k7wYVDRCq3UbEWZ+ljTIyvEwdHp1FEeDw0vekUMZ\r\nnamd8YgzIVGiN6DBoTwFryGNzEc9B8cmB0LfQi4hx8xhOsJzdXV1QwkrDZAPcTBfpI/HF98q\r\nXsM2zoSOv6+zU7Cz2Sz5fD+VUs7fvxgXWy8Uh8Ph52g0cj7HbrcL0xeb2Wz2LhldSwq20WiU\r\nXLvrqQtRl4Ajyt8py8yPzLzKitjKXMKTC3mRUgjZ1b8jMbS21Nesd7vdf7t4M+gyklI9a4pB\r\n3NRgq3fqmkdcmoRJehrMFi5B3KxFxwYn6+O61sxgoVJPxSGQt2t1TURvhJx0Ua6qXc5lIxYu\r\ntg9pld5OJ9EYZr6PBcC5KdgkIhTmGY9xnk+KLhtpAZl4buP/l0XSDVsiWjPzVim1rWsXmLdT\r\nNmcE7hWTkJdxYJlIA84nypd+novdBQyGcyLXgJNOPGYO8wh018xUuUnfdlxYm6Jxzxh+fh55\r\nGhmIil9D2sIxqq2T0cOuUETIpS8+JxMDgB3f92/IcBEjet2JV7JDkvqTSfp40u8vYUy8rKoL\r\nto/ETQIi2J6iKHpq4mKRtxO1RCeZ6buZGY1LRgYLvNa8wGMHje/7EzILmZesBgfXzFR5js9B\r\nEHQ6YiE36Un6OG7SxSngB/dCRPdd61o24WhwCLvUTdtFcgm5IAge0lERpdTE9/2bjodoO4Fr\r\nJ83Mn6vcJV1dXZm6FU/SkzFVdcH2iYwmgdooevE9Z302b679fr92rOva87wvkkYvBAyG8yO/\r\ne9M1YOm6jrrGbRF1tzM1iasLsetr7xJ5GxmIul0HZ8LR4NDpDUoXKGII/Jie2ymRHAg5By57\r\ngMPh8H2z2VT6IbUUia7y/nwVXbBdJvZZa7Iep2Anaqn1FW3ZzzMw2wUzY6ecA631kgwCXq4B\r\nxvcwS2B3vakhicNqBTfpHBRpZBA7kbs+1RyiwaEcRYTcg2EA+5yIcCG3INERWzo13O/3iypf\r\nT9KqpmjMWd2KyRSs4bWuPc/LqsswFt0nuCaLE32CG6XUv1LP+yyNFFsiepdVHyI/8yhF4Nus\r\nx1ZFwS6y0uuTz9vEcGppevxsNvtgOydreqajqF/T8ffwIXX+BdGUbBKp9Dcw87PtGiCbqC8Z\r\nTQ2dmZnqQppvTHWBX/sgQtumSCMDES1tHqQdBw0OJcgt5Pb7/TpdnD60mqoiuG6Sic6ySi/C\r\nEiFNv9ZzHeJF1r7OeFjW+bOZTqfv6dgokCmQqKZuUxdFOlGpovXZonHp586T4k2nZbTWJxda\r\nQrNTJmI1YtzMEZHxGiBRUqPPJNFr1Dazw7UrSPPMG3CTzubSGhlsoMGhPLmFXBiGT1rrl3R0\r\nRGs9R+jzLVrrL2SZlVjzTtqUgrko77C6Oj2roq315Y3Gxal+sjQ0xEaySasS6bQ8eW50GmYj\r\nUbVJ+riMzVqnj7ui+EREh8Phf30q/JbP29xwqvWB7F3lEhsZbKDBoRpyCznhgYjSeexbgmM8\r\nEeWqaanNHsD3/WtThPRSjJvz2mK0NTNQBJxxZ5mkrvVlRePks/nBVTRvS+8y8yIdVTwcDt/7\r\nVIPTBhJpMDUfPZpuvlkmv9TRSQ0ZmKJxz30WH3VxyY0MNtDgUA2FhBwzrw0FibAhoVxGnV/L\r\nTG3IwvO8ueE1L2K2ZlYtF1E7naiJGjhbNKyR9WmtbRHApazTWW8l6zMOVvd9f2LaICilVueu\r\ndwhIXZhJXJ9YjeS4djzLBrBX32XH5xI36QSX3shgAw0O1VFIyJnq5JRSN0O3IZGuxG+OC3ET\r\nHk+mKOC65teslQIphkY7UeMuVDq+584auLrXJzVYxkLyIAjWiSixVSTQMZW6Np33PO/kcysR\r\nlb5Fhhoj8Z6bbspvIp4isr/ZNgI9Mfk9wfG5fMRn5x8G0shgxLHRgdAvSCEhF4bhVmt9Mq5L\r\nLvaLKhfWF7Lc1hv0eLqo2Zp5zGmb7kSV4uP3ef3Wmlif53nGXXw8t9I215fodXef1XRj2jGj\r\ndsWBYwTX56SIyWHyW2sUv05sKbMs4+OhMJRGBhtikD9PH0eDw3kUrZEjZr5PF+MqpX73fb83\r\nXVRV4eouk1qouya+gFKM/mYNzPzSx51vHnNaMaG9ayr8nrf+LaapTllXNC4Mw60IhYXhfK46\r\nPfn5k8/2fr9flVj2ReMawZUcCp9VLtAHk18bjpTZ50tICZZhSI0MLmyRfjQ4nEdhIbfZbFZa\r\n6/t09+rV1dWCBuQpl+ER17RR59ywhnVDr10ZLvPkmKZGERWpf4th5q9EtGpKYLqicVKj5Zrr\r\nm/nZdHh/DWrDlpesEVxhGP6MNypkLoXolcmvDUfKbNnCcjrBEBsZbMgG1DQPfNn8ai6DwkJO\r\nWFEqEiAX/UEIuel0+n40Ghn/rS1diHudVs1zkcuq5apwLUXr316IaCVNDNs615bEFY0jop9S\r\nd2WKFOea6ytRlZMIJCxH7GSN4MpRSxtKPdy27rXWxXQ6XRBSZq8MtZHBxdXVlTGDdK5xPThT\r\nyEVRdD8ej9NCbqK1vu1jOq8IGRYBjbutS+Rlkj7ely9FnhFRTRignlH/9szM9/v9ftXGDcox\r\n8mhpq4tj5q9503WOUV+9jRTVSdYIrqxa2r6Z/JpweIINMmU25EYGF6ZIPxE99Pmz3zZnCTmp\r\nv/metiVg5gX1KBJUlK6JOCIimYX6BvH46vyXImsYuMmctoY1FK5/Y+ZVm/VLMorNFI37eHV1\r\nNbfUxYV5u8Echcir4qu9fLJGcE2n08VoNLKa/NqsX/qGpPonhlOLZlfSLkNvZHAhgQdE+ivm\r\n3NRq7CP1RsiNRqPffN+fXFpouG2PuAxMadV104soQh5fs5wdlee+fufr31x4nrdMHxPRu1ZK\r\nfTOdKzISzlGIvCq+2ssmawSXq2SgyYaoupH6wJPNhUQk140vqAUSgn7uetylNzK4sFxbQkT6\r\ny3G2kAuC4EFr/ayU+uXNEx5/URfjA9NlEWfb3XQ5rZpjUHttkxn6Uv/mQqJxJx2BdKxbNVpZ\r\n5K2Lcz0/CpHNOEZwfXbd1Ptq8mtDBKupw/li7gU28k6dIbr8RgYXjia2Lcf8AAAUHUlEQVQH\r\nRONKcraQI3q1Ikl3xv1OFyLkOuQRZ8TzvEX6mOxuts2vxk3OQe21+K71rf7NhSMa90vZujjH\r\n8yMaZ8AxguuFjjesienn2irDqAuJRJneh49dvBZVRbwxzNOJOpRGBhdocqiPUkJuv9+vRqPR\r\nGyGnlLqeTqeLvl/4uy7ihF6YteY09628TqiP9W8uHNG4n5Ybae66OHn+a0e0DySwjeAiIhJr\r\npn+ZzvXZ5NeGw26kc9eiKigi4IbWyOACTQ71UUrIhWH4U2v9NX3xl1/Yqsxzt4mrOFl227dt\r\nfzFNJsBE3Uqr5jX3lShcJSmmvte/ufA878QXjogoXd5AVLwuTp7fVL9ysTfkc8kYwWWlI5u/\r\nSnE0xvS6A9dEQS+4Zzqalnfmetw2aHIoh+/7N1dXV+/kfYzLqta73e6PUkKO6NWKJC3kbrTW\r\n867fGE1kibiumHWKUEkf64xZa9PmvpdQ/+bClr6yUaQujsjuS0dE9135THUF19gzE13Z/NXB\r\nEBpjinjBDbETNS/MbKqpL7QZGgpyP/OJKPbznFseOh+Px19KC7kwDJ9M81fp2HK+Lvv8TeKy\r\nw+iSWafv+5O09YuwanotaZo2972k+jcXtjSeiaJ1cUTOKRHYMSewjT2z0aXrRtXYUvGX0hiT\r\nFHCUsTmEgMuGmZ/SQo6Zb6hnOqFq5HPmE9Fc3o95wWj/vLSQI3LOX1325QLWRY84G1dXV6Z6\r\nqOe2I6BNmvvmbfVPvG6n699cyPs6z/PYonVxCUw35M5EeLuAbeyZjTotdLqAjGV8AzO/9PE7\r\nliZZ15sh4F6I6F4i+xf5e64KpdQTpbpWlVLvfN/v1ab6HGaz2Tv53znRUcAqpa7jP+PHZWWS\r\nTDDzYyVCzjZ/Vboql1W8Rl2IGv5GdpuAzjmuW4pGV02vI0lT5r5FCo3ldXtR/+YibzTunLo4\r\notco0yR9fMizMdMUrYtj5s+bzeYiuvdtdPE6VJZ4GkNWfS0E3FmsiejNtUwpdTsej2+11isi\r\negiC4HsbCyuDODL8wswTpdSEma+VUjfxn6afiQXbOcItSez0UImQE+4p9UuiY83NssLXqJTY\r\nI46IOucRZ0MiUZP08SiKVo0vhpoz9y1Yp9Kr+jcXBaNxheriYixdh1/7/t5VSd66uEsy+XXh\r\nuA71MhUPAVc/URQ9jcdj4znZmC+01lsieoii6HNXrj9Fo2lVibQ0cm1ZS2RzHUXRU/wZrEzI\r\nRVG0Go/HabXdWSsSESDfbF/cDo/NWaQPyEiubdMLyTE/shJzX2mc+ETZMwt7Wf+WQa5U3jl1\r\ncUTOaFwvb8h1kLcurkvNUHUjG6r0sceu3HzzkqccJEayM70pF+oa4nLxqJR6Z3uM/B7uxuPx\r\nndb6iY6iubaRk21G07IQ65qkaNvaHluZkAvDcNsXK5JEmmRiOt9VmwCbMza1MN82h4grbe6b\r\n1zGdmUNmvu/i76wMWutlzijQuXVxNBqNTLVxj0MQI3nIWxfXtTraOnE0W/VG/BepsYWAq44o\r\nim49z3twibkYufatxuMxnZt67Uo0LQtmDonoiZmf9vv9uuj1t9LVypfjR/o4M//apRql2Wz2\r\ng8zeR7UPaS+DyRqFmV+CIGi0hVt2sd8cIq5UNFOE9gdXzZ28zsWmsUTE/pX1uDJRIElX/5/h\r\nOTv1fW2LrPF8MV0swagT2WC8yb5Is9WkpSXlpoiAwzSG+pBa5zsiujX5YNpg5i1J6pWIqGg0\r\nrS1EqP2kY4TtJzNvlVLbKIq2VXy+qqyRoyAI1l23ItFaG8dE9SEtYoqeUMPROEkz2Xz2Ss+P\r\njLvFctTBfbzUOhUREN/yPPbcujgiIs/z5obnCyHijuSpizscDv+rYy5wx+nd9A8RDp/y2BRh\r\nGkP9iHi5I6I7KZ25NVnZpEmmXhPHjH82hQSAnpj5p9SvEYneaepaWqmQI+q2FYmt1qUPIs73\r\n/QkZBGiTtUwZZsmlUksS5cu8cVaRsu06nudlFl0TnV8Xl2BuOLYu8XwXQ1Zd3CWb/Lpw1FSu\r\nGl9MDs4Zp4WNTLNIBuzB9/07mcd6ZwgGtUbd0bQqqFzIddWKRELqRhFCRKWiSE1gcVAPm1p3\r\nXSIu7065ShPhLiOfU5OtwxvK1MUlMNWprEs+Z+/Jqovrw8avLiw1lZ3rcC4o4EI6jtNa174w\r\nYEXuHysiWp2bei1KF6JpVVC5kBM6ZUUi8wCNqSppbFg3u6KzOCkuZuZVEy88m80+kOV3d66I\r\ni+1EbM+beP4XIrrvaAdxpUgzi22z8cq5fnHp1zJFP6MoWp/7nJdAll/ckEWcLStAHUqr5r2u\r\nEGEaQ5c5N/Wapg/RtCqoRch1yYrEdWGuIDXVCFrrW1M6Y7/frxp47S9ksDwhOt8fLvZsIqKJ\r\n63FdNGOukwIp1bPr4hKvNTc8bziU99qGqy5uyCKOyD5XtQuRi/Q4LddjIeD6hS31einRtCqo\r\nRch1yYrEZlYrRd2LJtdyLsy8MHg21T4+KWNs2dfNZmM8Z6OAncjgalUKpFSr2nzMDcfWFTxv\r\nb3HVxQ1dxEm02JRWbbXRo+A81Ep8LUE7JFOv7a6ke9SVWiU6vtlpIXejtZ43dYOWWj3jXNIo\r\niuZNrKEsvu9fWzybau1WzRJxRUSwREU/ZdWrDHWnLDfJzC7ViuriYlAfl8BVFzd0EUd0nO+c\r\nzmow80sTWQEbych+loAjTGMAF0xtQq5tKxLZXZ9EOOSifNuXL7RlMPVzXV53eWbPFhFxsBPJ\r\nJs8Mzyrq4mJQH3eKRIpN5ReDF3FE1rmqD218XzFOC4C31BmRa82KxPf9G1uHJREt+nRRthR4\r\n1ibiXLNni3hm5R19M3TTTal/zONtVbouLgb1cUbm6QMQcf9gqRv8zff9m6ben7wCjoiImT/L\r\nNIYhf6bBQKhVyLVhRSJtyyfTJYhehUgnpzaYkHSPKXJSeY1Hlot93rFlMrvOaLqcJLYT6UnH\r\ncC0U6FKtuilnbji2rvD5ewczv5kBCRH3lvT7Q3RsYPM874fv+79W/T7NZrN3sWM/Ec0T/5+1\r\nTozTAoOjViEnNGZFEjviOzpUe1XkaukSq3wwdRUiroidCAqOj+RMqVZZFxeD+rgUyRmQQzCd\r\nLkoURXee563Tm/KyYs4l2JJ1b1lu/RBwYMjUPstCIjR/p4/XMZhea/3N0twQBkHQqdlredBa\r\n/1/6Rl/1++b7/o2IOKOgyPN6kvK4zyFKBmUn4kJSqs4Gh7qiQrPZjNPHdrvdfxB9Ai7kWnEi\r\n5oiImPlnFEVWMXduhC0LEd2VlR0A0EcaGUqmtV6la72YeRtF0X+quqmbBjnL67xEUTTpm3gw\r\nTVKo+t/iisTlERF5B1DjYvsWSf//lSV869jsEBFprZ/STUgDnRkKCpIl5ujYzHZdtWAzvNbg\r\nLIoAsNFEapXIbEUy8TzvExH9UfbJpUPVJuLOnv/ZJqZROFRhl1gZEVfEToSOo296U5fYBFJD\r\nmBm9rMuGhZlXaasN2WhByAEnYRg++b4/t6VZKdWIVfUAcwg4AE5pJCJHRKS1XqeLZYnKRx1c\r\nqcG6Ihp1Y0tHV5n+svnEZYm42Wz2gZnvXNEktP3bmU6nd6PRyDrHk6jc7No8OD5f/0aNEciD\r\nKzJXBbIJ3BLROh6rBPEGgJnGhJzti59VW5HxnNee5/1taW742Nf5nKY0sXjHTSp6/sIiTubd\r\nfYKdyPnkSak21S2J9CooSxViDoINgPI0JuSIzHVfRETM/CRiLncEIiM1WMi0tmtorf9OC6aq\r\nbrKO34FRQBSwEwnpmEZdl13jpTKbzX5QxvvYVBTZFBkss6kCwySvmINgA6A+mqqRI6JXX7m5\r\nYQbrTdF6Odtw65rsGhpD3p9J+vh+vy9dZ2YTcUSnhrMilD8opZzvJexE8jGdTu8oWwzXVheX\r\nZr/fP6SFXJ2+YOAykZq5G8/zVmLdAsEGQMM0GpEjehUIa8PortzRiEvrUE1i6vA9HA7fN5tN\r\npvu/iyK1hAXsROCenoMsixei+uviTNjqVhGZAwCA/tC4kCMqVy/n8t/quxeWmOr+X/o4M/+3\r\nTOenS0iIZcA6cW6e9XwwTC2G1vovm9kyUXtTBMr4ggEAAOgGrQg5ovPq5S6xQzWJzTsuCAJn\r\nZMxFXs+yPMBOpDi26HGSNj+7OXzB1kqpJyJa73a7oc9jBQCAztGakCMypxGJjj5XQRC8qZeT\r\nlOxfpvoxZv4cBEFv6+KI7P++sv+2PAX2WcR2In3tAm4L3/dvxuPxX67HdKExp0j3ITNviegJ\r\n4g4AALpBq0KuSL2cLT1VRf1Y27g6cMt6e5nGMRUBMwzPJ0dKtfG6OBtlrCQg7gAAoD1aFXJE\r\n+erlHL5nnbkRlsHx73sMgmBe8rmNBe1ZwEG9HK4OYaL26uJc1G3yWhZmfoii6I++f98BAKBK\r\nWhdyRO56OSL67uhQvel7pEhrfa+Uep8+XtWNXqJ9D7GYE4FGzPxTIigU2wQQEUVR9IQbZTlc\r\nRtUxXa3plJrK1TnivwkuIQIPAABV0gkhR2Svl7PR9w5VInfU5hL+fUMlq8GhC3VxedBaz5n5\r\nRtLDN6YSiDb4888/O3PdAgCAtmnUENhFFEV3nuflulkcDoc/+i5yxEbFKOIu4d83VHzfn2SI\r\nuN4YVktafZ081ra4OxwO35t8PQAA6Dqd2tnmqdHpSzTDRYaNCuZd9hit9TellDH118W6uCpo\r\nStzJHN8FUv8AAPAPXRNyVosRomqK/9vGVT91CSJ1yMh4tR+2812tiwMAANBfRm0vIEZrfSsC\r\nZ+J42N8NLacWEjYjJhH3CBHXez7ZTjQ5RxUAAMBwaF3I+b5/rbX+pJT6ljV9QCm1mE6ni4aW\r\nVjnj8fibyVdM6qbQiddjptPpwuYZ16e6OAAAAP2ibUPgG8/zvrhMU9P0dQakwyvuJYqiCep+\r\n+ktGuvwi6+IAAAB0g9YictPp9P14PLY63zPzCzN/TB9XSl17nvfN9/3Ss0ObYjqd3jlEXO8N\r\njYeO53l3tmgyM99BxAEAAKiLxiNyvu9fj8fjb+SY/5nsTnPMY32SyFynRZDLK46Z/4sB9P3G\r\n9/3JeDw21m6ieQUAAEDdeESvN6MvdBRX691u90cdExO01rdE9IWIbNGLF2ZeJu03bP5ySqkb\r\nz/N++L7fWTHn+/6NTcRJByNEXM/xPM/Y4IC6OAAAAE0wIiJKiDgiorn8vTLyNDTEc1PTHmph\r\nGP6MomjBzC/pn0mIuc6lWWOvONM5Zv6MDsb+I3YjJ00qkjKH3xkAAIDaiWvk5qnj6b+fTcL8\r\n1hqdYObPQRDc2GqJwjB8iqJo7hBzlQrPKpAmDptXHCI1Pcf3/QkRfTOdQ10cAACAphgRHSMI\r\n6RNyoypFzoaGX/MImwwxd6u17oyYs1lRIN12OYzHY6tQR7QVAABAU8QRuZPoged5k3Of1Pf9\r\n69ls9mM0GllHTR0Oh+9RFE1knmMuYjFnOqeUWnRBzPm+f62UOqmbilPHSLddDPP0AQh1AAAA\r\nTeOyHzmr7iye0ECW9Cwzv8g80dtzRE0Yhk+Hw+EP07kuiDnP85aWOsA7iLjLgZkfU39HXRwA\r\nAIDGiYXc2nAut0kvUbmGhqJsNpuVS8xNp9NWoiK+798opd6nj0td3LqFJYGaiKLoNhZzzPwY\r\nRZG1xhMAAACoC89xLndELs+EBmloqExgbTab1XQ6JZO9x2g0+jSdTn82Xas0Ho9NKdUXpNsu\r\nD4m8zdteBwAAgGFTSUTOJeKKNDQURSJz/zOdG41GX5qcyyoeeXPDqXuk2wAAAABQB6VHdGmt\r\nlzYRd05DQ1E2m809M381nWtKzImPnSka9xwEwbLu1wcAAADAMBkREUVRdFLbo5R6l/XDYoj6\r\nIX28bENDUYIgWLjEnO/7her9iiKzNieGU4s6XxcAAAAAw2ZE9FrvUwiJQhk7RKtoaCiKS8zJ\r\n9IdaxJzv+xOTmD0cDt/R4AAAAACAOnlNrTLzc/qkS/yIzcYkfZyZP7bVvRcEweJwOHxPH1dK\r\nXdcl5myzNvf7PRocAAAAAFAryRq5bfqk53nGzlVJqZpsNh7brgnb7/cLZg7Tx+sQc45Zmx/D\r\nMNxW9ToAAAAAACacQo6ZT0SPLaUaG6JWubhzCMPwp4zyakLMmd6H5yiKGk0rAwAAAGCYOIWc\r\nydhXrEYm6ePMvOxKFKoJMSfduhPDKUxwAAAAAEAjJGvkTOJjkvyL1vrWkkp8bLq5IYuEmDup\r\n/Ssr5iQqaUstP5zznAAAAAAARXkVckopU4PCJP6frqdUTYiYu2Xml/S5MmLO87x7U7QSExwA\r\nAAAA0CRZhsD/iv9HUqqm5odFV1KqJsIwfJLIXCViThocfk8fZ+bPmLUJAAAAgCZ5FXImz7N4\r\nYsN0Ol2YUqrildb5VGLFYs42T3VZdp0AAAAAAEXIHNHl+/6NUsooXvb7/aKWVdVAFWJuOp3e\r\nmcaRMTMaHAAAAADQOG+EHDM/ph/ged4PR0q1V+KljJizTXBg5nCz2axqWC4AAAAAgJPMiJxJ\r\nxDHz1z6kVE2cK+Y8z/tkaXBY1LRUAAAAAAAnaSGXWawvhre97s4sKuYctitocAAAAABAa6SF\r\nXJ5Uae9SqibyiDmt9VxsV0w1gs9ocAAAAABAm6Rr5LauBzPzZ1N3a1/JEnNKqR+e5/2FCQ4A\r\nAAAA6CJvhJxSamt74KVGoFxijojIJOL6YrsCAAAAgMvmjZCLomhre2AURbeXGoHKEnNJxHal\r\n1zWCAAAAALgM3gg524QGZv546UX9CTF3YsGShJmXXZ5kAQAAAIDhoNIHtNZrpdS7+O/MHAZB\r\ncNZw+b6itZ4T0TL5PhAN870AAAAAQHc58ZGLomgRR6UOh8P3KIrmja+qZYIgWAdBMGfmX+P3\r\ngpkfh/heAAAAAKC7/H9AiSrnVZbzdQAAAABJRU5ErkJggg==', 0, '91', 1, 'Very nice drive!', 1, 1, 'submitted', '2016-06-05 18:25:55');
INSERT INTO `final_drives` (`final_drive_id`, `student_id`, `course_id`, `has_corrective_lenses`, `has_permit`, `instructor_id`, `final_drive_date`, `final_drive_student_signature`, `gif_code`, `final_drive_instructor_signature`, `final_drive_total_deductions`, `final_drive_total_score`, `final_drive_template_id`, `final_drive_comments`, `final_drive_hours_driven`, `final_drive_hours_observed`, `final_drive_status`, `last_updated`) VALUES
(20, 17, 3, NULL, 1, 2, '2016-06-04', 'iVBORw0KGgoAAAANSUhEUgAAAXwAAADiCAYAAABN/HxNAAAABGdBTUEAALGPC/xhBQAAIABJ\nREFUeJztnb9y28i27tcigaqTjU629yTDk92stdkMbmZMdjJzwhuZjk5ozROYfgLLT2A6u5ml\n6N7MUD6gxSfYUrRrR9vKThVBrBOw6aHBBghSQOPf96tyjachii0Z/LD6W6tXEwEAAOgFXPcE\nAACgKSilLjzP+8jMUxG5ieP49Wq1+lb3vMrCq3sCAADQFDzPu2HmF0REzDwdDodMRNOap1Ua\ng7onAAAATWEn9jsGg8HLuuZSBRB8AADoCbB0QC0opUa+738kooCIwvV6/VuXvFIAmggifFAL\ne2JPRBT4vv+5xukA0Asg+MA5SqkL+lPsd6T/HwBQMhB84BzP84L0mIisapgKAL0Cgg/qILCM\nhY7nAEDvgOCDOnhhGQtdTwKAvgHBB05RSl0w82V6PI7jsIbpANArIPjAKVn+PUoyAageCD5w\nTWAZCx3PAYBeAsEHroF/D0BNQPCBM+DfA1AvEHzgDPj3ANQLBB+4JLCMhY7nAEBvgeADl8C/\nB6BGIPjACfDvAagfCD5wAvx7AOoHgg9cEVjGQsdzAKDX4ACUhqOUuvB9X9muJUlyORgMLtLj\nImK1T8y1S2ZOvyY01x6Y+cH8/Z6Zv63X66fVanX/rB9iC/x7AGoGgt8QlFKXnue9IqIgS6zT\nDAb2BRozZ74m41qQvrb7u+/7NJlMiOjHBwIZsU6S5NtgMLgnIlqv11aLBv49AM0Agl8TSqkL\r\nz/NeENGUiKaWqLtxMPOIiEbmfwOiHx86ew+HcL1e/75bGcC/B6AZQPAdopQaDYfDl8wcMPO0\r\n7vlUSOB53het9W9RFIUE/x6ARgDBr5hzrJouYFYsX8bj8WuCfw9AI4Dgl0zZVo2IPBFRVtL0\r\nnogObBER+cbM1tfEcXy/b6WY+V6a1+0ndAPz3xEz/3Lu/AeDwceMeYTnfk8AwHlA8EugLKsm\r\nSZJbIrrZbDbharV6KG+G2RjxD83/htlf+X21ckFEF0S0W62MzB9iZlskfwD8ewDqAYJ/Jnsi\r\nPzvXqhGRR9qK7E0URTelTrACUuWZB/M1q4WbAsIfljqxFqOUGvm+/0uqlDYg+nPFJSL3RHQd\r\nRdGn2iYKOkF2/R44oCSRXxHRTRzHNyXVtzcOrfWCmV9lXReR39rwgKsKpdSl7/vvyZ7MzkRE\r\nvhHRIo7jD65WgH1jMplIeuyPP/7ojE525gepijJEvg6rpm7G4/Esy79fr9f/3ldLR2s9JaKP\r\nJeR2bohoEUXRbTkzA0QQ/F7yXJFvm1VTFVrrgIhumPmn3ZiI3EVRFNQ2qRqZTCZviWhe5vcU\r\nkQcRud5sNp/6+hAtEwh+TyhB5Dtv1ZyDSfReM/MLEbmL43jaN2EyuY2PVe+9EJGd3YP770wg\r\n+B2mDJEXkcVms7npi1UDTsM88D7m9DbaL7sNzX/viehbHMcPRHThed5VXk7EQigi78ymN3AC\r\nEPwOcm7SjAgiD4pzzK9PkuR2s9nMiqx4lFIXw+FwxsxXJ+yLgPCfCAS/Y4zH4xkzvz8laQaR\r\nB6dyzK83Qpx5PQ+t9VREZoPB4GXBl0D4CwLB7xBa6/fMfFXkayHy4ByO+fXGwpmVkcxXSo08\r\nz7siotl+YjwHCP8RIPgdwHwIvxzz6SHy4DkU8OtXcRzPqkiqmpXrFTNbz05IAeHPAILfckxp\r\n4OcsC0dEHk1ZG0QePAut9dcssT/Fr3/mHAIimhdscxGu1+vXuO//pOuC3+nWCuPx+A0zX2dd\r\nF5FPcRxf9a1MEJSP1vo6J7J/t1wu5y7msWtHXVD4g+FweE3bRn+gB3RS8IvUPSdJ8vtyucx8\r\nGABQFK11wMxv0uNl+vWnUlT4T0j89gIRudv/XZld8p2hc4eYGx/1S17SbL1e/w1iD8pAKXVB\r\nRJ9t1+I4DureaR1FURhFUSAiv4rIXZ1zaQNxHE93Ir+z4WqeUql0xpsiOl5y2dednqA6tNaf\r\nbcFFU1eQWuv7dGJXRH5FArcfdMbSOVZyKSIfoigqVJIJQBFMgHEg9iJy10SxNyDY6TGtF/xj\r\nJZd1+qiguyilRsz8Pj0uIk9xHCMJChpJqz18rXXged7fj9Q91+6jgu7heV5WqW/lpZfP5CE9\r\nICK9OWu577RW8E3J5Zccv/5THMcBOgeCstFaz21Bhoh8akFw8ZAeeG5vftAeWmfpoOQS1IlS\r\n6pKZ36bHReQxjmPkiECjaZXgF2k1i6geVIUJNrJKMFtR/SUi35gPivNGNUwF1EBrBH+vvh4l\r\nl6AWPM97z8yj9LiIvGtLkMHMtnmOXM8D1EMrBL+A2KPkElSK1nrKzLP0uIiszm1zDIBrGp+0\r\nHY/HsyyxF5EnEfkNYg+qxOymPTiQvUMlmEVaK4MO0GjBH4/Hs8FgYD0xyCTJUHIJKsf3fWsJ\r\npohcta3TpG1H7TnHe4J20lhLZyf2tmu7+nr49aBqxuPxFVmOwkyS5Ha5XC6cTwiAZ9DICF9r\r\n/R5iD+pGKXU5GAysu2m71lQL9IPGCb7W+mNWTxxTiQOxB07wPM8adBBRa6vBlFK2DWOPdcwF\r\nuKdRlo4R+5ntmtnFaL0GQNmYxmg2cfzQ5s6SnufZKt0eXM8D1EMjBF8pdeH7/meyeKVEEHvg\r\nnozdtCtUhIE2U7uls+t2Sdli/wFiD1xieuWMLJcg9qDV1BrhH2ttnCTJa1RCAJeYmnvbcYV3\r\nbbZy9ggsY63YJQyeT20Rvtk9+xViD5qE53lzW819HMezGqbjilYmoMHp1Cb4vu9n9SV5gtiD\r\nOjCHmtii+09t22AFgI1aLB2tdUCWpSW6XYI68Txvnh4z92SXvHv0vu8xtUT4GRUQEHtQG1rr\r\ngJlfWS5dt7XmPgObhRq6ngSoB+eCnxXd03YzC8Qe1EJOEIKDdEBncC74GR+srlRAgBaitZ6S\r\n3WK86lh0D3qOU8HPie7nLucBQApbv5zHjhYO/JIeiOMYD7We4FTwEd2DpmFaKIwsl2ZuZ+IG\r\n288KK7U/OBN8RPegaSilLpjZFt13MghRSo3qngOoF2eCj+geNA3P864yjs2cu56LC4bD4cHp\r\nXCKyqmMuoB6cCD6ie9A0TLRr3WTV4SAksIzhxLge4UTwEd2DppHTQmFew3QqRyl1MRgMXqbH\r\n4ziG4PeIygUf0T1oGqaFwsEmKxF519UWChl2ziMStv2icsFHdA+ahu/7BydZdX2TFTMHlmFE\r\n9z2jUsFHdA+aRs492bUWCmkO7BxCS4XeUangI7oHTSPjnnyMomhew3ScoLWepvMVIvIURREi\r\n/J5RmeCbKojAcmle1XsCkEfWPSkic9dzcUxgGYPY95DKBD+r5hfRPaiLrHuyoy0U9jmwc0Qk\r\nrGEeoGaqtHQCyxiiClAngWWs0/ekUurS1k5hs9l0+ucGdioRfNT8gqbR13vS87yDVU2SJLcd\r\nT1CDDCoRfM/zgvQYan5BnfSxDt0cyG471CV0PBXQEKqydA4+XISbDNRIRh166HgaTvE8z3pu\r\nNOyc/lKV4NtqfnGTgTrp1T1p2j7P0uMictfV3cTgOKULvkkSHfQoQc0vqAtzXm1v6tDNZ9DW\r\n9rlrB7KDEyld8D3Pm6XHkiS5Lft9ADgBm38f1jCPylFKXXie99EWdJkjGzubswDH8Sr4ni8s\r\nY52MpEBr6I2dY3z7y/S4iHzqwX6DAyaTyQsRGZlcRrD7u4g8MPODiNwz8zciCtfr9VPXH4il\r\nCr7pQnhws202m7DM9wGgKH2qQ8/x7Vd9snKUUpe+778ns++Cmb9f2/3d3BOj/WS+7/s0mUyI\r\ntuL/WxdLV0u1dLJ2MiJJBOpiOBwG6TFzT3bqw3zEt5917efNYjKZvPV9/yvZN9kVJfB9/3NJ\r\nU2oUZVs6gWWsc5EUaA8Zfe8XNUylMuDbbx94nud9JKIDh+FMAqXURdcelKVF+H3dyQiaizmk\r\n3GYxduqe7Ltvv4vqbb+D52DbQNp2SovwsbsWNI2c3bUPNUynEvrs2xeJ6kXkkYgeiCjcJWqj\r\nKArNay9o60pcENGUmX9JvTygjjkUZVo62F0LmobtnuzMB7jPvv1kMnlLR1qti8i7rHMO9gLR\r\nkIhIax0SUdq3t1UctpoyBb83pW+gHdgsRurIPdlX375gVL8yD7zCv4M4jkPf938YK9siagKl\r\nePjYXQuahtbaZuc8deU8hj769kbsv+QJsYnqL0994HV5NbRPKRE+dteCBtJZO6ePvv2e2B8E\r\nlkTnRfV9pCxLB7trQdPo5D3ZR9++gNhnevXgR0oRfOyuBU0ia3dtHMeh88mUSB99+zyxNw+5\r\noIs/d1VUdsRhl0rfQLvIshjbHv32zbeH2JdPlWfaAlAXNjsndD2JMumbbw+xrwYIPugcXdtd\r\n2zffHmJfHRB80AvaajH2zbevS+yVUjar7LHs96kbCD4ADaZPvn2dkb1ps5DmoYr3qhMIPgAN\r\npU++fQNsnMAy1qnVExEEH4BG0iffvgFiT7RtoJamM7/jHRB8ABpGn3x787N+bkCC1tauIXTw\r\nvk6B4APQMPri2xux/2LbJOdS7JVSF0SUbo1McRx3LsKv4hBzAMCZ9Mm3N8cI2h5sTksvzTxG\r\n6fEuraR2IMIHoCH0ybfXWn8kS6LUtdhrra8z5nHn4v1dA8EHoAH0ybfXWl9nrGKcir1ZTb3J\r\nmEenVlM7IPgANAAj9p337bNE1uCsvbFS6nIwGHysex6ugYcPQM1orefMbDuwpVO+/Xg8nmWJ\r\nbJIkr5fLpZP2F7tkccY8fnc1jzpAhA9AjWitp8z8Nj3eNd8+Kz9BtO1n72oVs1cZZLPOPi2X\r\ny2sX86iLygTfdsQcAOBPlFIjIuq8rXBkY9Unl4eX5JS8dmo1lUVlgs/Mn83J8gCAFEc2HL3r\r\n0nnQWcnoJEluoyiauZrHeDy+OpIs7sRqKo9SBD+nhGmutf5sNjYAAAxZkaYRwXkNU6oEk5+w\r\nRtSbzWbmcB7TwWBgtZT6IvZEJQl+HMczEVnZrjHz1PO8L7b2owD0kZxI89GlCFaNUmqUkZ9Y\r\nuRRZoz2ZyeKuWGdFKEXwV6vVQxzHQZIkt7brzHzped4X+Pqg72itA1ukaWyFaZciTd/3rSLr\r\nOhmds7/hQ5dKXotQmoe/Wq2+LZfLqYi8s11n5gv4+qDPmCTtZ9u1rm2uGo/HV2TfwfrO5c+Z\r\nYyndRVHU+SRtmtKTtlEUzUXkNxF5yvgS+Pqgl+QkaTsVaeZYOY9xHDsre9RaBzmWUi/dBq7q\r\nG5tSrAUzK9t1EXkgohsiCuM4vuvSUnaHUmo0HA5fMvPMRBnher1+3dbj9trCZDKR9Nh6vf73\r\nOu8xrfXHDN/+LoqiwP2MqkNr/TljI9mvURSFLuZgqqC+2jpxrtfrv3VpNXUKlZVlrlar+yO+\r\n/oiZr5j5xvf9f00mky+TyeTtZDJ5UdWcXKG1fjWZTL74vv/3wWBwvbekDLJ8TVAetqoxz/Nq\r\nKxrI6YD52LVI02wks4n9B1diT0Tked48o+2yU0upaVTaWsFEVFPjox3z7gPzhyaTCYnIjYiE\r\nm83mrg3/QFrrgIheEdHUtmzfI3AyIdAI8nq2dC1Ja2zag5/VJKTnruZhrBxbU7S7LpW8noOT\r\nXjpRFM211vdEtGDmn4q8hpmnzDwdDAaktf5G29Nnboz981DhdAujlBp5nveGtiI/KvKarrZd\r\nBYcc6dnSuXJAz/OuM4IdZ1U55qFzkBjftapwMYcm46x5WhRFN0qpwNwUJ9k25iaaEtHU933S\r\nWj/Q9gEQxnF8W/bNpJS69H3/JyIiEbnYz/KLyCUzX6THiyAid7jp+sORni2LGqZUGSaqfpUe\r\nT5Lk1mUzspwSzHlTAsU6qSxpm4dS6mI4HE6ZOSCigJkPjhfrCiLySNuVyTVuODdorRdp8TFd\r\nEF1WiFxn2AqrKIo6tQkxK0FqouqRq+je5A9s0X3nEuPnUkt7ZHMDLMyfXTVLQFtrJChq+zQZ\r\nY93MXSaqwHce0gNH8iqlcuRgjcDVPFyRkyCdO7ZysvIHnUqMP4dG9MM3ke+C/nwAXJoHQDAY\r\nDF7WNrEzgND3m7w2wF3s2WJ+XmuC1OWKypxLW2v+oA00QvDTmGTWPRFdE32vgAloa/80smwT\r\nQg/yOmAmSfJ715K0RES+72eewetqDlm7el3nD9pAIwU/jRHRkOj7hyqgPx8A1o1dVbLnyy+6\r\n+CHuKJVbOibKHKXHu3qwhmkVEVguOctX5ezqfepSI7qyaIXg72OWZzfmz8mcUC//A6ZVxA0R\r\nLRDFN56QiNIiUGmiVGt9TfbeMZ09WMPYrj8gIo8ua93NRkbb57hTexzKonWCfw7n1MvvMDuF\r\nb7pWRgfKw1SHZCVpOys8psoujTMLRWs9J/tD1umu3jbRacE39fTv6cTdrSKyEpHFZrNZdPXD\r\nCsohr9c6baPMB4fTcY0tnxa6eGOTLM5q0DZ3MYc20lnBN9ZNVub+ANTLg1PJO6vV1P2HNUzL\r\nCUZwR+lxF0czmjxe3lnACNIy6KTgmzroo03K4Mt3kziOH3zfTw+Xmtw/Iva3XUzS7pPh3ztp\r\nG2J+77Ye9+/wOc6nc4KvtX7PzLlJMvjy3Wa1Wj1MJpMfxsrceJUn9q7Paq2RwDIWVv2mps20\r\n9YzcvjdGK0JnBN8s897b2tASbS0bEbmGL99fxuPx1XMj7yNi/+T6+L66sO2HieO4Ujsn5yxg\r\nNEYrSC29dMpm15Uwq5mZ60OTQf1orcO0KInItziO/+Pc++BYZG8qch7OnHJrMI3SfugCKiJP\r\nURRVttchq0+OeW9nB6u0ncoOQHGF+RD+PUfsP0VRdAmx7x3z9AAzX3ied1aEr7UOjoh90Aex\r\nNwTpAREJq3qzvEqoJEleQ+yL02rB11pPsz6ERNtKiSiKZo6nBRpAFEWhiHxKjzPzK1PBVRhT\r\nBHBM7PsUUASWsbCKN9pbvXf+LGAXtFbwzYcw61DopyRJXne9UgLkE8fxlanESmNtbmZjPB7P\r\nsk6s6qPYK6UubP79ZrMp3b/PE/skSW6jKOrkDuYqaaXga60/5nwIn+I4DvDkB6vV6puIzNPj\r\nzHxpGm7lArE/xPSx+gEReazCzjJFGNaKnJ5UQpVOqwRfKXUxmUy+5FTirOI4vkRDM7BjuVxe\r\ni8gqPc7Mb00PdSsQ+0wCy1hY9puYc7Bn6fGut6uomtYIvumH84Uy2iQkSXLbs8QZKM5BNJ+X\r\nwIXY53Jg55SdsDV2rbUDJj7jz6MVgm8qcb7mVeIsl0s89YGVUxK4eWK/F1T09j6zfQY3m01Y\r\n1vdXSl3mPGyvsHp/Ho0X/PF4PDtSifMalTjgGEUSuEciewQVtF3hpMc8zyul9fTeKt72vu+Q\r\nl3s+w7onkMdkMnnLzNfM/G/pa+bD+3+Wy+X/rWFqoGX885///O+//vWv/83M/7k/zsx/+ctf\r\n/vL0888//9dgMJjbXmv2csxczLPp/Pzzz/+Lmf93avif//jHP/7/c76vqcj5fxln435CRU45\r\nNDbC11p/JMvmGaLvLVADF535QHfISuAOBoO8lhwQ+x8JLWPPPnbU87zMHjldPUCmDhon+Eqp\r\nC631V1TigIooLB4Q+0PiOA7TY8x8mVfxdAzTEG2aHt8Fdn230cqkUYK/16skMzmLGwA8h6wE\r\nbhqIvR2zt8Hm4wfnfD9TkTNLj6P8shoaI/gFxP5DFEW96EQIquWYRQCxP0poGQtO/SZa6yAr\r\nSU7bg0ywii+ZRrRHzquOINpW4iBDD8rC87zc1gpxHKMlRz4hEaXP8D3Jx987ke4Ac1oY8nNn\r\nopS68H3/M20fwuF6vX6927tQe4Q/mUze5rVJWK/Xf4PYg7IwfvEs72s8z/tiOjQCC8/x8bXW\r\ngdktn9UQ7RN6YD2PPbEnIgo8z/u6u59r7Yef9+EzyVks60AppKKeo5je+b/i/rOjtb5n5h+O\r\njRSR37Iq50wP/beU8/sXkbsoijKvg2JMJhNJj+3u51oi/IKVOAE+bKAMdl0XKUNsbBuyTOsF\r\nRPrZhJaxID2wH9Hbru/YHSBT2ux6jO1sYWa+8H3/vXPBL1KJgwNLQFkcOw0tSZLXcRwHEP2T\r\nCS1jL3e2TlGhJ9oKVF+OhnQBMx9E+IbAqaWTd0Qc0fdT5+cu5wS6SxGx3+WHzL0ZMvNP6a+D\r\nvXOIscj+lR4XkRvz+Q6OfQ8Tic5xYlV5KKVGvu//3XZNRO6cRfjj8Xjm+/7XIz1x5q7mA7rN\r\nKWJPRLRare4R6RfH1OPbrIMpFYjozTm0AcS+XDzPm9nGd6soJxH+ZDJ5S9ltEp7g14MyOVXs\r\nU6/NjfRFZL5cLj+UPOVWkve7soGIvjpM47n3GTuWvzsnlQs+KnGAS/LEvmhwcUzIROQmjuPX\r\nffaci1Td7IDQV4ex1t5QRkBNRLRer/9jV4dfmeAfi7JwkAQoGyPUWU24TlpJFhD9ByJ63TcR\r\nO1HovxHRb337HblCa/2KiK6zbHKiw1LXSjx8VOIA12itg+dG9vvsefoHfWOIiJh5xMxfjF3Z\r\neU6putnBzBciMqp0Yj1Ea/3KlLUvjoj9Ko7j2f5Y6RF+gcgelTigNPK8S6Ln54jM/Txn5nQr\r\ngX1+2L7eFZRSF8Ph8BUzz7I+z8dAhVM5mPvwJRHNbWcG7CMiTyJyZctTlS74WuvPWR8+9MQB\r\nZVHEuyyzIEBrPSWiRY7F8422Fk/re8BorV8S0Szrc5xm59GLyCjneMgrJLtPZ3efi8hVXjS/\r\nQ0TexXF8neWelCr4WutrWySEShxQJgW9y9LvObOaWDBzZqMwEbmO4/hd2+xKY8O+IaJpEWEh\r\nsidjtdYLZn6V8ZJOroSqwNxrb4/1fdqRJMntZrO5Ova7LU3wszpeQuxBWZgOi++P2QtVV39p\r\nrecmcZn1/g9EdENEYRRFt1XMoQyUUqPhcPiSma+O2QT75FXdGOshTPfZ2XttZ1ZCVWDu8Ten\r\nrq6KJsZLEfy8HbR5DZUAKMIxn35HnndZNuaDuWDmXwp8eUjb6Pa27sBn5wWbyDE45bVFxcXo\r\nwSJL9M336n1p6449f/6qaK4kSZJbZr4+tQLq2YJvJvvVFiGYvtZodQrOoohPv+OYd1kFJqm5\r\nGAwGL4u+xkS4oYiEm83m1pW9YXz5KZ1g2RBtjxkkohvzu3048T2tFu/e936gHpa27jjTRvsU\r\nx/H83Pvm2YJvyoNspXA4NQicTRGfnqi4d1kl4/H4ipnnRXec7mNELySiMI7j2zIfWGZltBOU\r\n0QlzeqKtJXXz3NV5kZWQiFxHUfT7c96nLZwTzZt/j+syAppnCX7WLlpsqgLncopPT0RXTYkO\r\nTbR2nZfQbTqmx81is9nclPzgOboS2uU9mPnmjz/+OOjR03bOjOYfRWRe5r/H2YJ/JEl7iUw8\r\nOIUm+vTnYMRtyswBEQUFPf7aMKJybUTlocr3Olbaujenb7Rd9dzEcXzXVi05J5on+vPBW8U9\r\nfpbgK6Uufd//aru2Xq//VndiCrSHpvv0z8VUwkxpK/7BObZP2ewsG/O7dPpZLVLamkZE7oko\r\nbEv0f2Y07+Tf5GTBN/9g1jbH2FgFTqFNPn1ZGDHYPQCc2j+msmPRhKq58Xh8NRgMcg+Tt9G0\r\n6N8ELIqIAhG5JKLLE/Mlq70VVuWBzEmCf6QTIZK0oBBt9emrwNgcAW0fAJlljOdiBGWx2WwW\r\nTVsZlZH3EJEHZn6gbeXTAzM/VLUKeK6476hzhXWS4OclaaMowuEQIJeu+PSgXIztFdDWAinF\r\n9nrug6AscU/NyWk0b6Ow4GctwUTk0SRpGxU9gObQdZ8elItZAe5sr1JXPbYHwXq9XpUt7nvv\r\nV1s0b6OQ4Gutp8z8OT2OtgngGH306UF5VBH9u6AJ0byNo4Kf1zYBSVqQBXx6UAVVRv/nYu7h\r\nexG5Z+b7Jt/LRwV/MplYDzwQkQ9RFF1VMSnQXuDTA5dorQMRGRkLJiCiUZV7H9ok7jZyBT+r\r\n3j5JktvlclmomxvoB/DpQZMo40HQdnG34eVe9LyDCF5EHjebzayyGYHWsfPpiQg+PWgEWeKc\r\n9SDoorjbyI3wtdb/Snv38O3BDvj0ALSLzAh/PB7P0mIvIk+bzab2XXqgXswGvLfMnJvDgU8P\r\nQLPIFPzBYGA7pqxRJUbAPUXLLOHTA9A8rIKvlBqR/TScRYVzAQ3GJPDf05FTkuDTA9BcrIKf\r\nlayFB9s/ilbf7Hz65XIZupgXAOB0siydg4MKRARHFfYM09jrPRGNsr7G+PRzHGUJQPM5EHzT\r\nRmGUHt9sNgsH8wENQCk18n3/IxWzb2bw6QFoBweCLyIz5h+rNZMkKfWsTdBcJpPJWxG5opya\r\nenOw9Qz2DQDt4gfBV0qNbOdOMvPC2YxALZia+o+03Yhi/ZrdYcpRFM3dzQwAUBY/CL45iu0H\r\nTLIWtfcdxdTUfyzQ++YujuMZqm8AaC8/CD4zv7F8zcLNVIBrxuPxG2ae59XUG/vmCg99ANrP\r\nd8HXWge2ZG0cxwuH8wEOOKElAjZPAdAh9iP8WfqiiNR+SDAojxNaItzFcXyFg20A6BYe0VYI\r\nmPmglYKILJzPCFRCkZYI6H0DQLfxiDKTtU/44Lefoi0RRORDHMdz2DcAdBePCMnaLnJqSwS0\r\nzQCg++wE/yB5h2Rte0FLBACAjcz2yEjYtQ+0RAAA5JF7xCFoD2iJAAA4BgS/5aAlAgCgKBD8\r\nloKWCACAU4HgtxC0RAAAnAMEvyUopUbD4fAlM1/ZWmDsg5YIAAAbEPwGsyfys2N9b4jQEgEA\r\nkA8Ev2EYb/4lEU2P+fM70BIBAFAECH4DOEfkd6AlAgCgKBD8GjENzU4WeaKtfUNEc7REAAAU\r\nJVPwtdYBxKR8tNYviWhKW6HPrLKxISIrEVlsNpsblFkCAE7FI9pGi8z8Yv8CM78lorCOSXWN\r\nZ4r8IxHdxHG8QDIWAPAcmOj7aVdf0hdF5FdE+eehlLr0PO8NQeQBAA3h+158rXWYjvKJKPzj\r\njz9+dTyn1mJEfufLj055rWl/sIDIAwCqYl/wEeWfQQkif0NEN9gRCwArBhOVAAABtklEQVSo\r\nmh+6bSHKL8Ypu17TQOQBAHWRFnxrlJ8kydVyufzgblrNQik18jzvBW37zF8W2fWaJkmSW2Ze\r\nQOQBAHVx0E83I8onEXmgbd33JxcTqxOl1OVwOHzBzAERBacmXXckSXJLRDemjBIbowAAtWIT\r\nfGuUv0NEHph5sV6vP3RBxMzZr4q20fvuz9lA5AEATcV6YkZWlL+PiHxj5uu2Cb+xZ74L/Dn2\r\nTJq9DVGLNv0uAAD9wir4RhQXx0R/h4gs4jh+18Tdn3v2zCVtBX5UxvfFrlcAQNuwn4lnMMfn\r\nzU8U/g911pFPJpMXRBSIyE7gz/Lf05jeNSER3cdxHCKSBwC0jVzB32Fqza+Y+VXB7xuKyLuq\r\n6/dNl8kX9Kc1E5TxfU274ZCZ74koxD4EAEAXKCT4O4zVMz9B+FuBaWUQiki42WzusdMVANBF\r\nThL8HSayviKiK2b+qeQ5VY6IrGhrz4RxHN/DgwcA9IGzBH/HnvDPmPmXkuZUOnv+O+wZAEBv\r\neZbg7zMej2fMPK9b+EXkUUTuiSjcbDYh7BkAANhSmuDvMMI/K1rZ81yMPXNv/PcQ9gwAANj5\r\nHzkcF+KyIUzGAAAAAElFTkSuQmCC', NULL, 'iVBORw0KGgoAAAANSUhEUgAAAqYAAADMCAYAAAChi2GKAAAABGdBTUEAALGPC/xhBQAAIABJ\nREFUeJztndt120jWhU9R4HNrIhhOBMVm8b3REVgdgekILEdgOgLJEYiOQHIEpt4NWozAVAS/\n9Mwiz/+gghoCCzcSlwKwv7Vm9bh4K0kgsHEu+xABAAAAAADgAKLpDQAAAGgPUspzz/PeEdGl\nEGJc8tsvmflLEATLkt8XANASIEwBAABkIqUce573kYguhBDnVX4WMy+01p/W6/VTlZ8DAHAP\nCFMAAABWKo6OpsLMT0KI658/f36p83MBAM0CYQoAAOANdUZHs2DmDRF9QHofgH4AYQoAAKDR\n6GgemPnOpPc3Te8FAFAdEKYAANBjjomOMvMzEd1pra/X6/VDGfuYTCYzIcS1EOKPjKfOt9vt\nV9SfAtBNIEwBAKBnHBsdZeY1M1/vdru7KoSh2ddcCPExYx8bIvoUBMFd2XsAADQLhCkAAPQE\nV6KjWZh9Xgsh/sp46nK73X6qa18AgOqBMAUAgI4jpRwPh8MrIvLzvqbq6GgelFIXRHQthPhv\n2vOY+Vpr/QXpfQDaD4QpAAB0GFO7eZUnQtpEdDQLk96/FEJ8TnseMz8R0WUQBN9q2hoAoAIg\nTEGnkVKOhsPhDb1Eipbb7fYDunpBHzCC7kYIcZH1XBeio1lIKUdnZ2fXg8HgXdrzmPlBa/23\nqz8HACAdCFPQWUyd2o9opIiZn8xFy4loEABVYI79WyHEKOk5LkZH86CU8olokZHeX/78+fPv\nmrYEACgRCFPQSWyiNMSI0z8ROQVdZDKZfBwMBtdJjzPzIzPPXY6O5kEpNacXVwGrvdR2u/1P\nm38+APrKoOkNAFA2aaKUiEgIcW7S+wB0BinluVLqNkOUftNaj1er1aLtoi0IgrnWesTM1ppS\nz/P8mrcEACgBr+kNAFAmWaI0gl/HfgCoA5PevklK3Zu0/axrvp9GXM+UUk8W79MLIurUzwtA\nH0DEFHSGAqKUmPmxjj0BUDXT6fSzEOJHiihda63HXROlMZaWtSwPVACAgyBiCjpBpAM5l2k4\r\nEW2q3A8AVSOlPB8Oh7eUEv1n5q9BEFzWt6tm0Fovh8PhmzUhxEhKOUItOQDtAhFT0Ak8z7uy\r\njVZk5uf9fv/d8pJN9bsCoBqUUr7neb8pQZQy8zMz/9MHUUr0ktJn5vv4+tnZmd/AdgAAJwBh\r\nClqPUupCCDGLrzPzs9baF0LYrHA2lW8MgAqIpO6t2QFmvu9B6t7GMr4ghPDr3wYA4BQgTEGr\r\nkVKOiOigwz4Upcaf0be8tDW+jQAQvRzrSqlfRDRPeg4zfwmCwO9p+nppWUs14wcAuAeEKWg1\r\nxkTc5lV6GTENt/kcttoqB/QLpdSF53m/bOUqRK+p+7+DIJjXvDVnCIJgGV8TQpxLKa2/MwCA\r\nm0CYgtailLq2Xaj3+/331Wq1CP9te47WGhFT0AqUUldCCOsNGNFr6n5kE2Z9w1ZPjjpTANoF\r\nuvJBK1FK+RbfQmLmx91uNwv/LaW0Xszbbi4Ouo+UcmQyAokRP5O6n9e4LddZ0mH63ieixKED\r\nAAC3gDAFrcOIzVvbY1rri6jo9DzP1ql/0L0LgEtMJpOZEOIqJUr6aI51RP4j7Ha75WDwNhEo\r\nhICfKQAtAql80DqGw6E1rbnf7z/FL9TMPKptYwCciBkrejMYDBI9eff7/Xet9Rii9JD1ev1g\r\nply9IoQ4N5OxAAAtAMIUtAql1JwsXfbMfL9arQ7SdQnTcJYlbwuAk4lMLpslPWe/339arVYX\r\nKEVJhpmXlmW/5m0AAI4EwhS0BinlWAjxOb5urKEuEl42sjwfF3XgFJHJZUld94/b7fZP280X\r\nOMDm3+rXvQkAwHFAmIJWYC7c1rpSIkqLII3iCwmG+wA0RtLkMiIiZv6G1H1+drvdMr6GOlMA\r\n2gOEKWgFJpo0iq+bruRlyktlfEFrjYgpcIa0yWX7/f5DEAQzpO7zs16vN8z8GF9XSiVlVQAA\r\nDgFhCpxnMplcCiEOLirMvM6yyrE1kCDyBFwha3JZ1I8XFGJpWfNr3gMA4AggTIHTHFlXSkQv\r\nXqeW1x1EUgBoipyTy0BBEhqgkM4HoAVAmAJnMXWlPxJsc2ZZ88ATrKJSXwNAXeSdXAaKs9vt\r\nDhqg0gYVAADcAcIUOEmaKGXmr0EQ2Dpv3wCrKOAqpq40c3IZOI6EwRrIlgDQAiBMgXNERKnt\r\n4rLWWs9zvpVvef3mtN0BcBpmctlBXSnR4eQycDS2LMum7k0AAIqDkaTAKTJE6bPWukiH8n/j\r\nC0KIzal7BOAUhsPhLVmEk21yGTgaW9oev1sAWgAipsAZcohSv8iF25bKz7CWAqBSkiaXmbpS\r\nmOeXx8iyhkg0AC0AwhQ4Q5LJ+DGiFB35wDWUUn6SwwTqSktnZFlb1rwHAMARQJgCJ1BK3SSZ\r\njBcVpeZ1I8vy5rjdAXAapq70mMll4DhsgzU2DewDAFAQCFPQOEmi1DA7pu4OHfnAJczkMpvD\r\nRNbkMlAQKeV5wmCNTQPbAQAUBM1PoFHSROl+v/+wWq0ybaES8OML6MgHTZAyuew+a3IZKE6C\r\nVdS6ib0AAIqDiCloDKXUPEOULk54e3Tkg8aRUo4Hg8FVfD3P5DJwHAllPCiVAKAlQJiCRphM\r\nJjNbIwhRKaIUHfmgcYzLRFJdaRHbM1AAlPEA0G4gTEHtTCaT2WAwsBqM7/f7T6eKUnTkAxcw\r\ndaWj+HreyWXgOJjZlsrHTQAALQHCFNRKmihl5m9leDmiIx80jckI2OpK10EQXDaxp75ga3wS\r\nQsBcH4CWAGEKaiNLlAZBMCvjc5DKA00ipRwLIVBX2hBCiL/ia1prCFMAWgK68kEtJF2sicoV\r\npQbf8hmbEt8fgESGw+EV2We1z2BZVC1SypFtHfW8ALQHRExB5Ugpx2bUqM3HsWxRSoSOfNAQ\r\nRhj58XVznKOutGI8zxvF15j5voGtAACOBMIUVEqGKF1XIErRkQ8a4+zszFZX+qi1Rl1pDaDx\r\nCYD2A2EKKiNLlGqt/bI/Ex35oEmEEO/ja8x8jVRyPaDxCYD2A2EKKiH0cEwTpVVcrNGRD5pC\r\nSjkSQhxE7Ha7HVL49eHHF1BfDkC7gDAFpWNE6Y8ED8fKRCkROvJBcySk8ddoeKqVP+ILqC8H\r\noF1AmILSMaLUVuv1WKUoNfiWz91U+HkAEFFiGn/RwFZ6i+28g/pyANoFhCkoFaXUTYIofdZa\r\nX9RQa4eOfFA7SOM3j5TSet5pYi8AgOOBMAWlYUTpLL5uRKm/Xq8rbUIw4mAUX0fEBFQN0vjN\r\n43mezTsWjU8AtAwIU1AKk8nk0iZKDRdVi1KiZHFQ9ecCgDS+E/iWtU3NewAAnAgmP4GTMaNG\r\nrVOd9vv9h9VqtaxjHxAHoAmQxncGW8R0U/cmAACnAWEKTsKI0hvbY0aULurYB8QBaAqk8Z3h\r\n4PtPJ6bypZRjM2LWN0vL7Xb7D3xpAagOpPLB0Ugpx0IIa6SUmb/VJUqJIA5AcyBS7wwHjY9a\r\n682xb6aUuvA87we9LRHwh8Ph7bHvCQDIBsIUHEXGVKdvVYwaTQPiADQBIvVuoJTybY2Px9a2\r\nT6fTz0II64AQsteyAgBKAql8UJiIgf7BSXu/339frVazmvcDcQAaAZF6NxBCfI6vMfN90fcx\r\n57YbIjr4u57yvgCA/CBiCgqRJkqZeb3b7WZ17wniADQFIvXNo5TyyR7FnBd5n0gWKFGUHvO+\r\nAIBiIGIKchMRpTYj60pHjaYBcQCaApH65kmIlj4W8S9WSl0Q0U1C6j76vvfwRQagWhAxBbnx\r\nPO+q4alOByCND5oiYdLQIyL19ZEULWXmed73yKgnjZP7fQEAx4GIKchFjqlOm/p3hTQ+aI6E\r\nSUObuvfRc2bxBWZ+zOMIkqeeNPa+iJYCUAOImIJMlFLXSVOd6hg1mgbS+KBBfMvapuY99BaT\r\nLbF9/+c5Xpu3njRK5vsCAE4HwhSkMplMZkKIj7bH9vv9hyZFKdL4wEE2TW+gL3ieN4+v5YmW\r\nTiaTWVKtfBKIlgJQHxCmIBFXpjolgTQ+aBjfstbYjVqfODZaqpS6GgwGiU1OKVZQqe8LACgP\r\n1JgCK1LKcZIoZeYvTYtSIqTxQeP8YVnDqMoaKBotTXMUMa99ZuZLW3YI0VIA6gURU3BAWH9l\r\ne8xMdZrXvKUDkMYHTWM7/rTWiJhWTFK0lIgWtucrpXzP836niNK11toXQrxLeM78+N0CAIoC\r\nYQreIKUcuTRqNAmk8UGTSCmtqeAmLNP6RkK09FlrfR1fN1ZQ1vOZed03rbXved6FrREK0VIA\r\n6gepfPCKSXdZ/fxMVOGyiX3ZQBofNInneTYPU4yqrBhzQ/DO8tB19KYgjxXUfr//tFqtrk2D\r\np82k/9mlcx4AfQHCFBCRu1OdbCCND5qGmUdCiKa30Ts8z7uM3zjHo6WmFOlWCDGyvUfEe/lB\r\nSjkWQlwlfNysSdcRAPoKUvmAiIiGw+FtylQnZ0QpEdL4oHkSRM+y3l30CxMttVnXvUZLI1ZQ\r\nI9t7MPO91npkRGlahuhLEAS40QWgARAxBaSUuiH7WD/nRCkR0vjACUbxBWZ26nvSNdKipUZk\r\nXiUNAjHP/RJt3BwOh7dk/zs60eAJQF+BMO05OUaNOpXKQhofOMIoviCEcOq70iVSoqULIgoj\r\nn4lWUEQ0i0ZAlVLXZL8Zd6qWHoA+AmHaY0zR/yzhYSfrq5DGB44g4wtaa0RMK8IWLSUiYuaN\r\n53m/Urru11rri+j5IWmanbkZv3AtQwRA30CNaU/Jmurkan0V0vjABWxCyMUbuQ5hE5JPg8Hg\r\nKssKKipKM5qdLnCDC0DzQJj2EKWUnyJKP7kw1ckG0vjAFZj5Mb6mlPIb2ErnMRHOA/GZIkif\r\nzc31zGIhZW122u/3n+BXCoAbQJj2DCnlmIhubY8x87fVanVgUu0KSOMDV2Dmg+goM1trHMFp\r\n2DxGk2DmR621b7u5Ns4jI8trnD7vAdA3IEx7RDhq1PWpTkkk1IUtGtgK6Dm2Rqek5htwPCZa\r\nOsrz3P1+/11rPbaVVKQ4j6DZCQDHgDDtCREDfetUJ9dFadIFCml80BBLy9pBQxQ4jbzRUmb+\r\nslqtrI1LSU2eaHYCwE3Qld8DskSp1tpvYFu5kVKeJ4wMvEcaHzSB1vphOBy+WUPEtFzyREuN\r\nFdRFUn2olHKcVE9PaHYCwEkQMe04bRo1moSxihlZHprXuxMAXliv109ogKqWrGipOX+NUkTp\r\nued5P2yPmeYo6+sAAM0CYdphMkTps9Z65roolVKOyGIVs9/vv+PCApoEDVDVoZS6SIuWMvPX\r\nIAjGaeevtHp6V51HAAAQpp0lhyh1bqqTDc/z5raLy263Q8MCaBQ0QFWDSeEnOYeEVlCp338z\r\n0c6aJXK9nh6AvoMa047ieV7Sibk1olQp5ScY6n/pe22YlHI0HA7/G19n5vMUceTbFpl5HBX/\r\nzLwRQmyY+UEI8UREy+12+9yGY6ZmlkQUTzejAeoE0gZ/GCuoi6zjMKPZyS9npwCAqoAw7SAm\r\nWmDz/GyNKCWy15iZn6E3noMm8v2OiC7zROOEEIU/I/4ak0IdCSH8cG04HNJ0OiV6Ean/uF4C\r\nUgdogCqX6XT6mRLqxvPWw6c1O7Whnh4AgFR+5zCidJbwcGa0wRWUUhdk9x287MPFRSnlK6Vu\r\nhsPh/wkhFg4JHn84HFrTrH0DDVDlYXxG57bH8tbDZzU7teXcB0DfQcS0Q6SJ0v1+/2G1Wi3r\r\n3dFJHMyzZubHLjctmPT8e2bObSreEH7TG3AFU+7w39jamOw+p8BC2nkrb5YnwxIPzU4AtAgI\r\n046QQ5Qu6t3R8Sil5gnCbFbvTupBKfWeiC7C8otj0vF1wsz3Te/BFUwD1LvYmivRbaeRUp6b\r\n6Ltve7xI6ZHneVdodgKgG0CYdoCkYn+i9olSKeU5WeyhmPm+S/ZQZjzseyKa2aI8WRhj8aQL\r\n9jJh/YGIDtKhWutNtJnM7O2ciG5te8MIxzcsCQ1QhYmk3a0ivogonUwml2h2AqA7QJi2nLQu\r\n1raJUiIiz/OuE8TQrIHtlErRRqYQI0IXWutFHXVy6/X6wTgi2NKiX1Cr9y9ogCpOmpUdUTFR\r\nao5TW9nPM5qdAGgnbucMS0ZKOR4Oh3/s9/vxYDA4D21yIv99oJcIyIPW2vlxlxnWKl+zvP5c\r\nw9RY/o6vt/FniWKaYd6nNKVZ2e/334norombi+l0+oNiKVaTFoXoiqGU2ljqTP/uUoS/LEw0\r\n3loLGpL3hlpKOfI875ftvdp4Uw5OJ7zGE5EfWucx88iUhi232+0n3Fi7T+cjpuZAvaLIRXYw\r\neDEjCGv5Iv8dk0ktDYdDUkpt6EWoLrXWa5cO6AxR+q2NQm44HB78PCbyMW9gOydxbCOT6fIO\r\no6ObqvaXhhHSvuWh1h1TNbEhorgwHTWyE4cpWZSee55nLTVh5q8Qpd0lQ3y+Er++E5Hved4P\r\nKeWfrged+k6nhampvbwiosI1fESvfo4zIpoZofpEREtmXu52u/umhKoZ15cmSmc1b+lkUsTQ\r\ndZvSccc2MjHzNyJaNB1lk1KOiejADqprNb4lsySiv6ILjrsq1I6xf7spQ5QSpTY73bfxphwk\r\nk1YCZRGfqQghzk0A5O+y9wnKo5PC1BzIV0VTp1mYk+qFEOJiMBi8Go6H//v582fl3cpGOHRK\r\nlBps0dLHIAjmDeylEMc2MjHzmpmvd7vdnQviO0M8zGveTmswk7Liy34DW3ESEyCwnrNCiojS\r\nlGanR631wWAR0E6UUu/o5Xo7K/mt/ZLfD5RM54SpEQnWcZwV4Zv/vQrVsFbV1KmWJjjSUmFt\r\nFqXmQjOyPOR05MM0XnymAie6uhuZ8pImHhAtTUcIsbEsH4yL7SNpJUchRURpRrPThQs3eOB4\r\nTN3wR3oRpKMqPgN2d+7TOWFq6kkTuz2J6IGZn4QQr//VWj8R0cbzPJ9eRMZYCPGX7T1y4JtR\r\njpdmjOOSmRdBEHw78v2IKFOUrttq4SOlPE8YPXofBMFdE3vKwkTkPwshcv/Om2xkymIymXwc\r\nDAbWMa9tPrbqIgiCpbkpfQWpfCKl1FXWd6RIPWhSmYl5n0uXbvRAfsJUvYmM+lV+ljmfzar8\r\nDHA6nevKn06nbFtn5ietdaGi50jdo3+CUA0/f0NE82MEag5R2lpbFGOmfyBMt9vtny5eaEwN\r\nqdXSKo4LjUxZZEzdcfrYUkq9j1zMltvt9kODDWPozI+QMRqZiIpledIsptru2tFXQrcSeomO\r\nFimBeqSXhsPQl3lpmp8+pmVKcZy0h85FTJn53iYijyl6NheVZfhvKeX47OzMJxMVFUL8kfe9\r\nTARloZSaUwGBmjFqz2nhkIWUcpQQLf3mmig1XfY3lOOO3pVGpiwyROm9q6lRc3MQnw7mN9zU\r\nsCF05hNR+aKUiCipPAvNTu3iBLeSsATqOn7zaa6RN0nvZ1574fr5GPxL54Sp1vrC87ylEMI2\r\nfcWXUo6OjaoYsfRARNdEr0J1bFL3fjxiYiMqUIUQi+12+zXp4t9lUUr00lkbX3PNHsqMTfxI\r\nGc0/zPzIzHNXGpnSyGFw7ly9cvh3yLig+fXt6IAl9bwzP+u4Cil6fJlz5UFTkzkHotmpBRzr\r\nVrLf778LIRZJZV2RY26U9Prdbjdz/ZwM3tI5YWoOwHFSithEPBclfVYoVBdEL3eDZ2dnvjkx\r\n+wnimIheL1pzz/Mup9PpdVygZqSuHtsuSk0Tg+2icnBH3BQm1XRDRKOk5zDzMzPPV6uVtUbT\r\nNdomSiOC9JKIztMuaE02NfS9M79CUXqRkFV51lpDcDiMKUELG5mKupUsdrvdIu3vm3GNbNV5\r\nGbylc8I0JAiCuVLqXAgRn7t+QSUJ0zhGUL2+txE287T6VPOFfSNQiYjSvnCuplgLYouWPmqt\r\nGz+RmM7QqwTh/Iq5G790RUhnYS4UtynRBWem5Zi/wecwJZwVYTGlB7Matmalz535eZ1QTNp9\r\nVuR9KcEaj4hmrpX7gBexeHZ29l4IkeS0YsWk2+9Mqj7X33U4HN6SpdG5yEhb4CadFaaGOyJ6\r\nI0xPbWIqgqlp8YsI1OFwODfRl1H8OV35whlrItsJZd604J5MJh+FEPO0O3xTfD9brVbL+nZ2\r\nGllTd1wRpWGUJa93oYmSzpuuH+trZ36eaU5Ex6XdjcOKrYzpi6uOHX3FeI7Osm7m4xzrVqKU\r\nstb7d+Ua2Xc615UfRyn1FG9Saqpb1pzEL4UQ74u+titfOJN++RW/aJtoit/Ipug1um2dJhOF\r\nmb+Yu/rWRKzTjPNdaQwo6gnLzGsiumx631H61plfUJQWKj1K8j/d7/ffV6sV6kod4ITBIo+R\r\nwSKbop+b1FzXlWsk6H7ElJh5KYR4F1u+oEi3fV2YL8xMSjn3PG9eRKB2xafPCPOR5aF5vTt5\r\nIa8naZgqbkvaPiTDOL/xE7mZe31F+QWpy7VjG+pJZ3447rkKUUpElFBXut7tdrOCWwUlc8Jg\r\nkTs60a1EKXWd4iTSiWsk6IEwpZcvQ1yY1pbOt2HETSGBOhgMbqbT6XuTxlpWvskKkFKeU6y0\r\ngug1CrKsez95PEmNELp0Ic1dlBzG+Y3W6YURN7Kka220oKZ3ST3ozM8zzYnoeFFqRO/I8tBl\r\nmzIVXeOYwSLMfG8amU52KzHHxcH1g8idUiRQDp0XprvdbjkYDN6sCSHGUspx03dXoUBVSnHO\r\nmjpfCOGbaVKtE6ie51lF4G63q9WHMK8nKTN/1Vo3Xvd6DK4b5+cVN0SvNb2Xq9XK6brCPnTm\r\nFxClRzuHpEyCWxZ9L1AOaeVAcaoYLJJ23EGUdo/OC9P1er1RSq3j1k2e583IgVnsecyoLbwK\r\n1O12+6lpgZ0HY6Z/EBlm5q91RcAKeJI6V79YBNeN86fT6WfKWbrRppuDrnfm5z1XneIckhIt\r\nnRd9L3A6RwwWuSu7MS1NlBYZaQvaQ+eFKRERM19b6uzeU8PC1JyEZ7bHzJc8y7Tf9zzvx2Qy\r\n+eT6l9Oc3N5Qp5l+Fz1J47TBo9R002buwYVSg6J0uTO/oCg9um4Z0VJ3yHMDWfVgESnlWAhx\r\nYC1oPvsbpn51k14I091udyeEuI525wshzieTyawpQZc3NWHE6zxJoAohzoUQN0qpv7TWn1yM\r\nLBlR6Fseqry7vauepHFcF6V5DdiJMK3FJSLjHvN2wh99M4FoqRu4chOf5vrQ9PkMVMsg+ynt\r\nx1zgDtILg8GgsG1TGRRJTaxWq0UQBKP9fv/B1O5YEULMPM/7YUypXcNqph8EwbzKD51MJh+N\r\nNVXiRdXc8f+9Wq0u2ipKlVK++Tmtf/v9fv+hYVE6zitKmfmL+VtAlDZM5GYilyg1x9lRaVwp\r\n5bktMoZoaX1IKc9NZDxxxCfRy42j1nrcoCgtNKgBtI9eCFPDwrLmSylHdW4iQ5QmpiZiAnVt\r\ne44QYmxS+7MSt3wSaWb6VX2mlHKslPo1GAyyOu6/aK3Hbb3w5bmQNN0YkFeUMvOzETbzmrYG\r\nUigS4SZ6vaFYHPt5xkbu4Lva5DSvPmFu4n+nlWvUdRNvjr3bBFFaeFADaB+9EaZBECxtEUfT\r\nBFULSqmLDFGauZfVarXQWvumBvUAIcT5YDC4UUrdGHumxjBREGvNWJViKWs8IjPfb7fb/wVB\r\n0IqmGhtZFxKTavu7SVE6mUxmw+HwVw6vy0ette96nXRfMDcTiRH4OObcNT/h86w2csz8ra1Z\r\njLYgpRxPp9MfrtzER26IRpY9NO4mAuqhFzWmIaYJKp4uek811DClzX0uWi9jvpizyWSyjNfO\r\nhpjU/lhK+aGpBpImzPQnk8llSp1laz1JQ8L6r7RUmwvG+Xk7711wCQD/EqkpHeV5vvEgnp3y\r\nmSnR0vkp7wuSKeBQcq+1rsW4Pi1Kf4r9GGgfvYmYEhHtdrtFfE0IMTIebZVRVRF3JHrqXGo/\r\nzUy/qrvupAgt0avt0KitolRKOVJK3WbVf0WiCo2JUtN5P896HjN/DYIAFxuHKJi+P3kSE6Kl\r\n9aOUuvA87xelfEcjpTW1nUuGw+Ftgig92n4MtJNeRUzX6/XTZDL5PhgM3kyCYuYZWZqjyiBD\r\nlK611ifZXazX6wcppW/M6w+auZrq2m/CTD/pM5n5n7K99epkOp1+ZmZrVCnEBaurgp33MMV2\r\nDFOvnFuUlhHBQrS0PvI6lDDzNxMlrU0ImptZ37KXxrM/oH4OxpR0HaXUhRDiNr6+3W7/U/YX\r\nMYcoLTVaZBqNrKl985kPWuvKU/vGlPm35fO/VuU7Z+Y3/7B8ZmttRfKk7YncMKE3x3qmsDnl\r\nQmNGyIalGsvtdvuPa1GU6XTK8bWfP386f55VSs2Tsg1xyhIL5kbmd/z82ObvrKtMJpOPxnYw\r\n7eb2kYhmdTeDJnnkQpT2l15FTImIgiC4U0o9xn1Bz87OZkRUWrSpblFK9JLal1I+eJ63iE+6\r\nInqT2q/UkL8hM32b1czzqRHpJigQ2ait/iuNtGM9yjHHvbnJeW+JGPvD4fCWiP4+dt/gBXND\r\nW6soJSLyPM8qlBAtLQ9zc3uV0Qz6TETXTThiKKWuUxo4Gz+3gWbonTA1LIjozYlYCPGRShKm\r\nGZZQlXYWNp3ab8JMP6nhiZlb1XVfoCHBmSauArPTC0XBzHH0PrxoWWbQE3VsDn0TSCnHef5+\r\nEUqZxmVGFNtqS7+gtvR0TDT6sxAi9cbc3NzOmvidmxuig2OACKU+fadXzU8hWutFfM00Qfmn\r\nvvdkMvmYIkqf6+gsXK/XT0EQzIzn6bPtORUa8tdqpp9iSbVu02jRPA0JRG41cU2n0895RE1e\r\ng3/jy/peKfXLNHllvgYcTxjpzvv8Uwz043ieN4+vmfNja76zrmLOJb/TRKm5uf3HNDdtatwe\r\nEeWffAj6SS+F6Xq93jDzveWh2Snvq5S6GQwG1hNrEx5sdXftN2Gmn9TwREStSOFLKUfT6fSH\r\nEOI2o9v+frvd/hkEQa1NCUnk6bzP66VqBiLcmIvpIm8DjnntKO9zwb+gxKhRAAAXHklEQVRE\r\nbKFyeR2faqAf++yRLZtDNYwo7jKxc0laLelXrfWoqYbQIpMPQT/payqfmHkhhPgrtvxOSnle\r\n9OSYNU+6SWPgulL7TZjpm4ang5/JpI2XVXxmWRRI2z8S0aUrrgJ5O+/DCS1J0RjzPu/o32am\r\nozg7O7ugEmvD+0JBW6iTDPQtn33wXoiWnkYe32DznSylFONYpJRj2+hZovTJh6Bf9DJiSvQS\r\nTYynuYUQ5+ZCl5usedLGeqNRr8Yiqf1jyxmaMNOnljY8KaXe50zbh9NWXBGleceLhsf8xvYe\r\nRaOjJvL6hZm/xh9LiLyBFIrYQhnf4VlZn41oabkopXyl1G/K9iT9FATBuGlRWoWfN+gevY2Y\r\nGhYUM3c2xdiLPC/O6kau0h7pGPJ07RPRj+l0umTmL3mjjmlm+qvVKtd7FKWNDU9SyvFwOLyi\r\njKadJhsSkjA3LKkpQiKi/X7/yVbbG7N6ygUzr5n5Ooy4K6Xm8eecEm0tmzaUFRhbqFme55Zh\r\noB8H0dJyMAGRq6y/5X6//77b7S6bPpdkiNJ7iFIQpdfCVGu9MOnUV4QQYyll5p1l1oXa1QLu\r\nrNS+wRdC+HkFat1m+m1reCrQIetU2p6okJh+JqLZarV63XtYrsDMs7wjLs373Gmtr6PfQZMC\r\ntJaK5PtJqseWbUmq726CgrZQpZcfmb8hoqUnUsSTtKrAQBFyWCcWylKC7tNrYbperx+UUut4\r\n9NDzvEtKaYQyJ/jEznuKXaBdw1wEZpPJZJlmyE85BGpSao6Zv1Z1l96mhicTKUzaLxH96yNo\r\nxJgTF2jjpfo5T3Qt7qcaf22C1VP8PdbMfL3b7e5svwPP86zfN8fKNnzLmhPngSK2UJG/Z6nH\r\nornBiX/WI6Kl+Shwk/jFlXNJWgCnyd4L4Da9FqZERMx8bRGZiU1QaUXmbZtUEUntX1sawaIk\r\nCtS6zfTb0vCU9yLiSqotpKAgfRPhVUq9M1FhP89nJUVH45j0s61s44sr3zUp5Xl81DERkda6\r\ncWGa1xaKmR/NWNtF2XtI8jd2ufTGFQo0SjoxcCMkI4DzCFEKkui9MN3tdnfxqGGkCWoRfa6x\r\nyJnZ3ierC9lVzEnMNxeOeRGBGq5ZnlfZ3XpCOteZhqe8tV8updqIigvSUMCE3qP0cuyM8nxW\r\nVnQ0tq+kFP66iUk1SSSk8R9dEAnmBikzYl/l7zPhb/joYrmTSyilLuilyXOU9ByXBm6E5Bgy\r\nM4MoBUn0Xpiu1+snpdQdEb2JwkWboLIscsyd6kWbv2gm2lhIoDLzwc9bsZn+mByOuuSs/Wps\r\n/J+NvPWvIWH3rJRypJS6IqJZAS/Mb0S0KBLZtqV/iYi01rO871EHQgjfstx4tNTgJz1gPC0r\r\n/f6kRUur+sy2U2As8bcqyi5Owbg+zGyPIX0P8tB7YUpEpLW+Hg6HcWE6NkLoyfO82xRR2imb\r\niyICNaFuaF7V3kztb/zzHutseDIp+j/2+/14MBicM/NYCPH637TXupS2jzQmxWfQJ7Lf7z8J\r\nIR7SLjxxIvWzi6I/d4qgcSaFH+EgjU9Ey7o3YYOZ7+Pf4zqPRURLi1Gkucml8iUiiFIXkVKO\r\nhsPhf8N/M/Momt1K+zczb4QQGyJahv9/u92uq/4bZncl9ASl1IPFQmmZJjhMveW8+t01R84I\r\nKhERmQjqP1WcLE1k73f8b1G2+8EpwjMJ05l96cJF5BhBGtaCCiH+S/nrRx+ZeZ4nXZ/EZDK5\r\ni9dtmhS+MxZRRC/pViHEbXSNmZ+DIDjqeCkbE31bCCH+Mi4G87qORVMTflDf6qprSZPkKYlx\r\nLeMSkmPITKcCOHVyirCsCmZ+EkI8MPMDM28Gg8HDdrt9LOtGFxFTQ0ITlJ/UUdyXE+sREdTC\r\nPqh5ODs7u4gLKWZ+3u12hdKleYXnYPAyeyL8++fpLI9jar/mLlhYRQUpEZ0X/Hl+5zWyL0v4\r\nSClHtmYiZm78d2nBt6y5ksYnc7Hwm/hsREvTKXKj6KK/MVGuUjeI0gym0+lfEUHpp4nL+Lk7\r\n699VYI5VXwjxqpGGwyFNp1OiSHSViJbb7fa5aIYLwtRga4KyYe5YL1xpWqmLUKBOJpPLwWBg\r\nrfuLUMgHNQ+m5jfOQTSuTuGZhku1X6FlFRUXpESUbWIf6a6fl3bHbDdid1XQ2AT0soF9OIUZ\r\nOOBbHnKiUbFJjFPCxzyWaqEFoUv+xiEmGp9Y6pY0cKOvpAnQ6DFQh7iskDcBvVCwMvMDEW3C\r\nSKsQ4unnz59WH+pW//Rlo5RapEWGjMXFhYP1bbWhlPpddZqgzdSdKk2jaLd8UUyd26Jsz8SU\r\nsg3nLnLmRuhXfH273f7HhZuSJrF1ZrtYilEnSqn3Roz6eZ5fR3PasWRNPuxLVtFGkQgo+Bdm\r\nvtNaf0DE1GDGanLS4yjcfvWTHMXXmfnR1B92HhO9eIjU2DwJIR601k+u3LDUIEjfjAotG8/z\r\nDtKapmyjks87Bc/zDmrq9vv99z6fJ0ISnAqWNW+jcY6cgOaUJ2mcjGlOztlXVUUbIqAmgLCJ\r\nLG2i/46k3YmISGu9CTNfpoTvnIjGJus4svTilIYQ4uLs7ExAmFKuGpnemwGbtNxBOp1f5hzn\r\ntZlynjYIzyRqEKR1XXBsWYuFa98/49phKzFZ1rwVV7GdC5Z1b6IpiqTrQ46xVKsbY5x/lSRK\r\n2zRkJi9NCtBThOWpRI7DN2Uk5tg+p5fI/4iIRmVd+weDwbveC1PzC77JqKNLrTvtA2bC08GJ\r\nKDS2L+iD2hhtFp5xzA3VX/RycvCzakFPoa6UornojeLrro2tTLs4F23I6yJmMMIovu5inWTZ\r\nHDkB7ShLtbrJMM5vvShtSoBGxOdr45DLNyeRv/Eyum5qjkdhdJWIxkQ0zurdibLf77/3Wphm\r\n1ciEiIRJUH3BTB/x4+s2P8mmBWqXhGecOoVoSN2dwLYmN2b+5tIFO+PifO/SXpvi7OzMj6+Z\r\n+utOIqU8Pzs7ey+EuCyQrq+0JKZsMsZxt7LUTUo5Ojs7eyeEmIXnUwjQ4zHnvg0dCtZzz/PG\r\nUdFPL1HWNyWAxl951lthmnZxsSEik6D6hKm9PejCN+UNiVGsUKCe+vnT6fSg7peZ74Ig+OfU\r\n93adMoTosfW/5gR6WWeES0p5nvAzLuraQxZKqSuRMCXLXJxnNW/JVXzL2rLmPVROOMqXiA7s\r\n7JJoQ7o+To5x3K0Rpea8+o5e/mapk7WOpesCtCjm2FjmfX4vhelkMvk4GAysoiqso4uLVmEm\r\nQbU96lYU04gysjxUixUSW6bWCCEulFJz10ymT6XMiGjoDmB8JHML0yYNvD3PO/h5TRf3su69\r\n2MBUm/zYMiVa686k8Y9M14cOFpsq91Y2acd9GOFqw3GvlHpHLyOUSxOjEKDV0DthmuPiMluv\r\n1w9Kqct495kZiWl9bRcxdWI2g+z7uiJpWutLz/OW8RoVIcRnpdRDm2vWqkjNx+2qptPpwdSd\r\nlNd+K9OL9Ah8y1rjN4Kmq/qWEkRImy7OdWCmPR24KrT9pv7IdP3JE9CaIo9x/mq1mtW8rUKY\r\nkrL3VCCibQMCtF56I0xzjEx7E/Fg+ySod1LK87adYI5lOBzaUvjPdaYrzU3CjIhuLQ/fKKWe\r\n2nKCqEiIruklRbLUWi/jx6Yt4mx5Dye8V03BfHytUTETXpzppYj/gDZcnBvAjy+0eeCASdd/\r\npJdoWy5xs9/vvwshrpv+Th1LDlH6NQgCJwclmN6RUIyOirwWAtQNeiFM89z5xaf02CZB9akJ\r\najKZzMgeIao9FRUEwZ1S6ks8eisqHIFaBk0I0Tha61lkTrrTJ12bP54QojFhaqItN0kXN3PM\r\nzWvcUlvwLWvLmvdwMubv/zFv6rfN6fooRtjdJh33LhrnR5qYckezQyKDQpx3RegLnZ/8lNV5\r\nn3bnZ5sExcwPQRD8WcVeXSFp8g4zPwZBMGpoWzSZTO5s89MjNCpQXRCibcbW6Pbz58/az1Fh\r\nQ0tSyQ+RmxdnFzBlD/8XX99ut/9rw0U/0hiT2w+4zen6OFlBHJeO+8jf6rLouTZyE7Foe4lJ\r\nF+l0xNTc8d4midKsL5nW+no4HL4RpkKIsVLKdynSVDae580TfmezuvcSZbfbzYQQy5TJE74Q\r\nwq8rggoh2j2m0+lnZj6YPBViLmiz1WrV2trmKvE8z4+vMfOj66L0mHS9KYG5bnOde5wkT29z\r\n3F+sVqtl/bv6l1M66s3PcEdEd136m3WRzgpTY4CdaARMOS4upr7xoEaPmS+phampPJjGhQMv\r\nyf1+/73pk9J6vX6SUs48z7vOqJsMBWptezsWCFE3MF69V/TirWd9ThcMxGvAt6wta95Dbo5M\r\n19813CRYCWbk9MHvwYXj3nTUX9ARTUz7/f47Ed25EukF2XRSmGYYARf6kjHzIi6CBoPBOynl\r\nqGsnJqKXbvf4mplTPmtgOweYv5vzE6aSgBB1CynlyEw189OeF3XsqGdnreXg++hi45MZ35s7\r\nBWzS9de73c650bhloJS6SDr3NyVKI01MuaPYIeHwgi6UV/SRztWY5rCDuigqKJVSm7hJOTN/\r\nC4LA+jltxURLD+yF9vv9p9Vq5dRIyBDXBSqEaH5sNabb7fbPKi6KJiX4OcksPyT0NUa0JR8J\r\nAzEetNZ/N33sm5uQ92mlGnG6mK6Pk9aHwcz/1DxkIyypOKajfs3MCyNGN1XsD9RDZ4Rpjs77\r\neyNKC58ck6ZEtaWgPy8JzV7rIAgqH315Kq4IVAjR40kQNU9G1JQmTk207DpLnDDzV5Oyxd8w\r\nJ0qppe07yMyLIAg+NLQnn4jepzWzxXHA07cW0q6bdblOmPn0F3REnb7pqL9DE1O36EQq39xl\r\n3abZQZ0S3bRZRxEReZ43o4SSgbYhpRzFRSnRi59rE/spSjgCtW6BCiFaHglTvs49z/shpTxJ\r\nnBYxRzc3sbOui5IqSBmIMVNKUZXiVEo5Hg6HfxCRz8znQojobO5MIrZB1335Hic1O5megnkV\r\nn2mu13/RS82oT0TnSXXdNiJNTK0a6wry0/qIaQ47qFLu+kxh+JsaHBPN+V8XTmJKqet401PT\r\n9lCgX5gL1kNc1BAdHzktMobQCJPLLqdt68Cckw/EKdHpdkOnik8bzHzPzIu+lWvYrmlE1YzX\r\nPSUqGtnXN0JHfS9otTA1nbQ3x9pBFcGkPDbxk63L9Zd5SfEthYE4qJU0UWNYEr0I1dB8PxwW\r\nQES03W7XRDQq0jRhIjDXONbLI6n8iSj7vFyF+LRh0vXXfUwBm2ang2l6ZTU7xaOix44DDTvq\r\n0cTUL1orTNNOfKHnWtlh/oQazE0QBP8r83PqZjKZXA4GgzfjR80JaoSTAaibHOK0NPpSS9gE\r\nSedoZn6il5uGJ6pYfFo+u3fp+jhVNTuVERU1e0ATU89ppTDN6Lx/NE1OVXTyjobD4e/4ukvT\r\nMI5BKfU7fkHoousAaA9Vi1PTbT1HjVq12G7mmyC0D2rzebosptPpD7LYoxXNkJUVFTXOF0t6\r\niYwuIUZBq4SpSTlfZdhBlVobE6drUdOklE7XHAdA+yhbnEY6eFs9y7xt1CVOzd93Q0QPRPRE\r\nLw2JT31M1SeRNDLWNDtl1mGXGRWll7KcO9wcgjit6crPMcP3+263m9WQnlkQUXxM6aitY0qT\r\npjzhwg2aZr1ePxhxejDkoghommgW06k/ThklnBuIz9NIGhmbNEDl1A76yGcgKgpy04qIqbk4\r\nWW0tiOpPOyd49S1//vz5d117KAPTZPArvs7Mf7dRZINuY25Ox0RE0XpEZh6HacTwe4nJL25h\r\n/nbLPOIU4rM6bO4rVYGoKDgW54Vplh1UE13xSROSqppSUxUJZQmwiAIAlI6UcnR2dnY9GAze\r\nQXw2g1Lq1ykp+DQQFQVl4bQwTbIxImp+VGDbx5R2tZELAACAHdt0tVNAVBRUgbM1ppGaUqso\r\nLcNr7RSYeS6EeGOFIoR4L6VshfWMmVr1BmZ+higFAIBuYpuuVvD1iIqCynFSmGbM721clBIR\r\nrVarhZmc8SZq6nnenIhmTeypILY6o1YPCgAAAJCM1vrC87y7IuIUUVFQN86l8tsgSkPaOqY0\r\nyfh6u93+x+V9AwAAAKDbDJreQJQ2iVIiIq31tZky9YoQ4tzzvMum9pSHhPnI3yBKAQAAANAk\r\nzgjTtolSIiIj5Gzp71rsOI7BOAqM4utaa6TxAQAAANAoTgjTNorSEK31Ir4mhDifTCaz+neT\r\nTUK09N7V3y8AAAAA+kPjwrTNopSIaL1eb8xkmTfYBGDTSClHZJmRTGh6AgAAAIADZApTKeVo\r\nOp3+mE6nPJ1OfxhxUwptF6UhWut5fE0IMXItamocA95gDPUxqhEAAAAAjZMpTIfD4Q39G2Xz\r\nzb9PpiuilOg1anofX69r9FsepJTnRPQuvs7M8/p3AwAAAABwSJ5Uvp/x76PoiiiNMI8vCCHG\r\nSqmD9SbwPO8yPqyAmZ93ux2ipQAAAABwglRhqpTy42tmxvFJKKVuUub1zlooSikIgmVC1PSz\r\nlLKS2cQFeW9ZW8AiCgAAAACukCpMmXlkWd6c8oFGlM5sj+33+w9trnfUWlv9Sz3PK6X84Vgm\r\nk8kMFlEAAAAAcJ1UYWoTM/QymuwoskRp2+e0r9frB2b+El9vMqUvpRwLIa7i68ZQf9PAlgAA\r\nAAAArGRFTG01oJtjPqjrojQkCIK5mS38hiZS+lLKsanlPbc8vKhzLwAAAAAAWWRFTP9rWdsU\r\n/ZC+iNIQrfXMtl5nSn8ymcyGw+Evmyhl5vsgCJZ17QUAAAAAIA9ZwvQgwldU0PRNlBI1n9Kf\r\nTCazwWBgFcHM/JhUCwsAAAAA0CSJwtSWdmbm5yJv3kdRGtJUSn8ymXxMEaVrrfW4ja4HAAAA\r\nAOg+icLU87yRZTm3oOmzKA2pO6WvlLoZDAbWTnsjSn3YQwEAAADAVdJS+baoXi5hClH6Qp0p\r\n/Yzf+XeIUgAAAAC4TqIwPbYjH6L0LVWn9KWU50qp26TfOTN/W61WFxClAAAAAHCdRGFq6+YW\r\nQqRGTI2R+8z2GDN/6ZsoDakqpS+lPDd2UBe2x5n5WxAE1s8GAAAAAHCNNGH6V3xNa50oTDM6\r\nwb8FQTA/aocdoIqUfkSUWqOu+/3+E0QpAAAAANqEsC1KKUfD4fB3dI2Zn4MgsBm15xGls5N3\r\n2gGUUg9CCBlfZ+a/i9hwKaV8IrpJmMzVy5IJAAAAALQfa8S0SEc+RGl+klL6Qogf0+n0hxGc\r\niSil/Ol0+kMI8QOiFAAAAABdIymV71vWNvEFiNJiJKX0DX6SQI0KUrL/bYiZn7fb7Z8QpQAA\r\nAABoK17C+siyton+A6L0OIIgmCulLmwpfYMvhPCn0+mSmRemmcxPe09mfjZ2UDDOBwAAAEBr\r\nSYqYjixry/D/QJSehtZ6xsz3GU/zhRALyhal9xClAAAAAOgC1ohpQkf+hgiitAyMiPRNyn5u\r\n+31nYYTtvEjTFAAAAACAyxx05Uspz4fD4f/F13/+/CkgSquhiECFIAUAAABAVzkQpkop3zTZ\r\nvMLM98y8gCitljSBCkEKAAAAgK5zkMpn5rEQB3r1jyRRut/vv69Wq1kFe+sdRnS+SfFDkAIA\r\nAACgLxwIU5s/ZtJ0IWZe73a7Wem76jmhQG14GwAAAAAAtWLryreK0DjMvDbd4E8l7wkAAAAA\r\nAPQQmzBN8td8BaIUAAAAAACUzRthKqU8F0Kcp70AohQAAAAAAFTBG2HqeV5qGh+iFAAAAAAA\r\nVMUbYcrMo6QnQpQCAAAAAIAqefWFklKOPc/7YUvlQ5QCAAAAAICqEUREUsqR53m/IEoBAAAA\r\nAEBTeEREw+HwhoiSmp4uIUoBAAAAAEDVhDWmftITMHEIAAAAAADUwYDodQ77AUnrAAAAAAAA\r\nlM2AiEhrfREXocx8r7W+aGZbAAAAAACgb/w/MSqDoZ031hYAAAAASUVORK5CYII=', 0, '85', 1, 'Much improved drive. Work on: maintaining speen when changing lanes, blind spot checks on turns.', 1, 1, 'submitted', '2016-06-05 23:27:34');
INSERT INTO `final_drives` (`final_drive_id`, `student_id`, `course_id`, `has_corrective_lenses`, `has_permit`, `instructor_id`, `final_drive_date`, `final_drive_student_signature`, `gif_code`, `final_drive_instructor_signature`, `final_drive_total_deductions`, `final_drive_total_score`, `final_drive_template_id`, `final_drive_comments`, `final_drive_hours_driven`, `final_drive_hours_observed`, `final_drive_status`, `last_updated`) VALUES
(21, 18, 3, NULL, 1, 2, '2016-05-28', 'iVBORw0KGgoAAAANSUhEUgAAAhIAAAD1CAYAAAAF4xysAAAABGdBTUEAALGPC/xhBQAAIABJ\nREFUeJztnV962sjSxquhuT4+KzicFYhDcx/NCuJZwZAVxLOCkBXEWUHICmyvYPB9INYKxl7B\nF1/TqL4LNx4sdUsC9Kclvb/nmecct0F0DEivqt6qIgIAAAAAOBHR9AYAAKCPBEFwIaX8JoS4\nZOZbrfWHKIp+Nb0vAI5FNr0BAADoI6PR6IaIQiIiIcTlcDgURHTZ6KYAOIFB0xsAAICeEh7+\nMBgM3je0DwDOAkICAAAAACcDIQEAAACAk4GQAAAAAMDJQEgAAAAA4GQgJAAAAABwMhASAAAA\nADgZCAkAAAAAnAyEBAAAAABOBp0tATiRIAjGo9HoG700Flptt9vf0eIYANA3EJEA4EQORAQR\nUWhaHgMAQK+AkADgdMLkz0EQjBvYBwAANAaEBAAnwsxRcm04HGLoEgCgV0BIAHA6t5a1sO5N\nAABAk0BIAHAiWuuUkBgMBu+DILhoYj8AANAEEBIAnEgURQ/M/JRcR3oDANAnICQAOI9UVEII\nETawDwAAaAQICQDOY2VZe1/3JgAAoCkgJAA4g/V6fcvMz4drQogLpRTSGwCAXgAhAcD5oHoD\nANBbICQAOBNmXlmWkd4AAPQCCAkAzmS329kMl+MgCCZN7AcAAOoEQgKAM4mi6Fccx3fJdSkl\nfBIAgM4DIQFAOawsa0hvAAA6D4QEACXgSG9MMMQLANB1ICQAKIEoih4xxAsA0EcgJAAoD5SB\nAgB6B4QEACWBIV4AgD4CIQFASWCIFwCgj0BIAFAuGOIFAOgVEBIAlMvKsoYyUABAZxFNbwC8\nEATBeDgcvhdCzIUQEyJabbfbP6Moemh6b+A4lFK/hBD/Olxj5t/X67XNjJnJbDZ7F8fxxHwm\r\nJkKICTM/EtGDEOKBmR+01lEURY/l7B7UQRAE49Fo9Hdy/cePHzgng9Yhm95A3zEnlG+UdveH\r\nUspvQRD8FkXRrwa2Bk7nloj+SKyFZK/qeCUIgomUMiAjGMxzaDB4GzgUQoyJaExEl0IIGo1G\r\nNJvNiIhWzPzAzI+DweDhx48f92f/S0Al2HwztvJhANoAhESDBEFwIaW8ISLrTAYhxERK+YWI\r\nPtS7M3AOzLwSQiSFxHsiutr/EATBWEoZ7AUDM0+EEOdWd4RCiFCIl5va2WxGiF74ieXzQcy8\r\nbGArAJwNwmgNopS6FkJ8zHtcHMcfNpvNsoYtgRIIguBiNBr9X3Kdma/pJZIwMVGFJkH0oiFc\r\naY3tdvtfiDzQRiAkGkIpdSmEuCnyWGb+pbX+DX6J9jCdTm8Hg0GrTJZGWCx3u90dLmjVMZ1O\r\nrwaDwZfDNWZ+Wq/X44a2BMBZoGqjAUyDom/JdWZ+ZuavyXUhxMVoNPqSXAdesyrjIMz8FMfx\r\nHTN/Zubfttvtv5n5tziO/2Tmr8xcWiRBCDEZDAbXo9Hob6XUz+l0+hGzQiohtKwdbcQFwBcQ\r\nkWiA2Wz2F1lOJnEc/7nZbK6VUktbDhWO7vbgCl9nwczPRPRALyLkQWv9UDQyYDwXEyKaGL/F\r\nRAjxn2P37dgXIhUl4Up7bbfb/yHiCNoKLkw1YwtrEhHFcXy32WwuiexpD2aO1uu11ZQJ/EQp\r\ntRJCvHP93kQTHpj5YbfbPVRxIVFK7Y2cY3rxZjj3UwSIivOYTqfzwWDwJhqJtAZoO6jaqJEg\r\nCCY2EcHMz7vdbn6wZBMMuFtpGVrruZRyKYR4Z0r7Hpj5QQjxsF6vV3XswbzOm9c6J3phHns9\r\nGAyulVIQFcdja5eOtAZoNYhI1IgrpcHMvx1eWGx3sqjcAFViGqJdmoZowQmHQAO1HJDWAF0F\r\nZsuaUEqFZBcRX5N3p7bw8263WyXXACiLKIoeN5vN9Xq9nmy32/8aM+cxDZJCKeVfSikMKHPg\r\naEL1BBEB2g6ERE0IIT4l14zv4epwzQiO5OOeEToGdXGqqBBCXAghbpRSqDCyYxNZq7o3AUDZ\r\nQEjUgCsaQQedDvcwc8ofwcyr0jcFQAFOERVCiKvZbPaXKXMGBofRFf4I0HogJGrAEY24dxju\r\nQsua7XEA1IpDVDw5Hh5KKf8OggCVRvRaifVGWDHz8ymD3ADwDQiJismIRixsj7fdtQghkEMF\r\nXrEXFVrrSRzHd7bHmEZqP6fTaW4b+B6Aag3QWSAkKuaYaEQQBGPb4Ka6SgUBOJYoin5tNpvL\r\nOI7/dD3GlIp+63mqw9YuHUICdAIIiQo5NhoxHA5Tjy2zBTIAVbHZbK6Z+TfTnTOFEGIupfyr\r\nj6kOpDVA14GQqJAjvREkhAgty9bHAuAb6/V6pbUeu8yYQojJaDT6OZvNUt+LjoO0Bug0EBIV\r\ncWw0wmBrBAR/BGgNURT9Wq/XE9vwuQMWSqmfPYpOpNIaqMQCXQJCoiKOjUYEQXAhhEidWLXW\r\n1scD4DPr9foqjuMPGamOXkQngiCY2HxPu90OEQnQGSAkKuCUaISUMvV4Zo6iKPpV1r4AqJPN\r\nZrPUWoc5fSc6HZ2QUs6Ta3Ec3+F7DboEhETJGGe6bTCXMxphwKAu0DmiKHowqY7PrscIISYd\r\nNmKiWgN0HgiJkpFSfrGlKCjbG0Fkn8OxKmFLADTOer1ebLfb/2UYMS+6JiZMWmOcXEdaA3QN\r\nCIkSMWVe8+R6gWgEBnWBzpMXnTgQE+Oat1YJSGuAvgAhURLm5Pctuc7Mz1rr1EyNQzCoC7SV\r\nIAgulFI3s9mMlVI3RZpOrdfrRRzHH2y/M90wU9+jloK0BugFsukNdAUp5Y3Nnc3MV3ljgpl5\r\nIoRIrq3K3SEA5TMajW7IpOWEEJfD4VCQvW/CK9PpdC6EyJoQGpa2wYbISGusat8MABUDIVEC\r\nSqlrmy8ijuO7zWazLHCI0LK2OnNbANRBePjDYDCw3YUT0Uv0wniI5lkH7EI3V0eX2ghRRtBF\r\nICTORCkVCiFSQ4mY+Wm3282LHAODukAXmc1m75h5bO7Mw4P/74SZ77XW8+p3Vy1CiD+Sa8y8\r\nbGArAFQOhMQZmHzwje13WuvLIqYqDOoCXWM2m/H+/x+m7JLpuz3M/MTM17vd7rYLd+wmrZGK\r\nUKJaA3QVCIkzMPnhlAiI4/jPPF/EHgzqAn2Gmb9rra+6VMlgq9ZAWgN0mdYIiSAIxsbNHRLR\r\narvdfmjyi6mUWpC998P9ZrO5LnocDOoCfYSZn5n5qqCHqG3Y0hqFzwkAtI3WlH8eiAgiorDJ\r\nEjETurTN0njWWmc61m2Hs6zBHwFawSnRM+ODCLsoImwjw4mQ1gDdpjURCUrf/Sd/rgXjPLf6\r\nIoiokC/i8FgY1AXajNb6Ukp5azMMM/MTET0S0YqZH4UQj133/jDz3FLK/b1LqRsAkrRCSNja\r\n5rqmClaNlPKbzXnOzJ+PPUliUBdoO+azGja9Dx8IguDCUf6KaAToNK1IbUgpbd3yag//T6fT\r\nKyFEKnXBzNF6vV6ccMjQsrY64TgAgIYZDofz5BozP63XawgJ0GlaISSYeWxZq/WuvWRfxJ5U\r\nOJggJABoJbbeEYRoBOgBrRAStlRC3Q2bTErDFhmZn1I9kuGPgNESgJbh6h2htUa1Bug8rRAS\r\nRDROLtQZkTApDZtP4+upYUuHP+IJteYAtA8pZWowHzPf4/sM+kBrhURdEQnTedKW0oi01osz\r\nDp0SJoS0BgBtJWWyREts0BfaIiT+k1zQWtcSkTBDhlIpDa31/MzqijC5gImfALQPM830zTmC\r\nmZ/ROwL0hVYICZtHomgL6nMwzWVsVRpfz319W909RgwD0EpsZutblHGDvuC9kAiCYNzQ614Q\r\n0ZfkOjM/nZnSIKVUaDsu8qkAtIsgCMaO3hHLuvcCQFN4LySklOPkWh1DraSUC8fI4zIGDIWW\r\ntdWZxwQA1MxwOLRFLJ+63sETgEPa0NnSVnJZKaaU62NyPY7ju81mU0beM0wuwB8BQPuwnScI\r\n0QjQM7yPSFAD1Q1SytRAMGOeSpV4nYLDH4H+EQC0CHPDMU6ua62XtW8GgAZpg5CoNSKR0TNi\r\nUYaHweGPeK7DPAoAKA/0jgDghTYIidoiElk9IzabTVkd6kLL8VclHRsAUAPGjI3eEQBQO4TE\r\nv+p6oayeEWW9BjOjERUALWc4HF7aekdsNptlQ1sCoDG8FxK2NEMVjugqe0Ycgv4RALSfwWCA\r\nAV0AGLwWEiZ8WNfrVNIzIvE6E9tdDPwRALQH09smTK5jQBfoK14LCSmlzfQYVfA6VfaMeGU4\r\nHIbJNfgjAGgXUsp5cs00lMMNAeglbegjkaTUtrM19Iw4JLSsrUp+DQBAtaTSGsyMaAToLV5H\r\nJMh+4S1V9VfdM+IQmz+irimmAIDzUUqFtuglBnSBPuO7kLBRWkSi6p4Rh9j8EUTVGEcBAJUx\r\nTy7EcXyH3hGgz/guJELLWil38DX1jHjF4Y+ofGYIAKAcXL0jCNUaoOf4LiRslBKRqKNnxCG2\r\nyAfBHwFAa0DvCADseC0kbJ4CrfXZEYm6ekYkSP1bCEICgNaAAV0A2PFaSNg4txyzrp4Ridcc\r\n2wxa8EcA0A7MdzgVVcSALgA8FhKO4VZP5x63rp4Rh8AfAUC7cQzoitA7AoD29ZF4POfJNfeM\r\neEUIEVqWV1W9HgCgdDCgCwAH3kYkHMOtHs85Zp09IxLAHwFASzGeqnFyfbfbLWvfDAAe4q2Q\r\nsFVU0BlCos6eEYe4/BFlmEYBALWQMmab3hGVpEIBaBveCglbRIKZH085Vt09Iw5x+CMinIQA\r\n8J8gCC6EEKmW2EKIZQPbAcBLvPVI2CISQojHU45Vd8+IQ9A/4niCIBgPh8P3Qoi5+futttvt\r\nB3QPBHUzHA5tZeLP6/UaTagAMHgrJIgoSC5orR+PPUhDPSMOgT+iIEEQTEaj0RdKdzQNR6PR\r\nNyL6rf5dgT6D3hEA5OOlkDCDcVIRhGPvSJvoGZF8fUft+arq124bSqlLIvpGRDZvDJG9XToA\r\nlWGqvGzfX0z6BOAAXz0S8+QCM0fHHqSJnhGJ1w+Ta/BHpJnNZp+EEDcOgy0Roe8GqJ+M3hGP\r\nDWwHAG/xLiJhjJEpcxMzH3UX0FTPiAShZW1V02t7TxAEF6YkN5V6OoSZn7XWVZfoAvCKa0DX\r\nsechAPqAdxEJKeU8uXbKYJwGe0YcAn+EgyAIJlLKv2z+lSTMfIUOgqBOXAO6drsdTJYAJPAu\r\nIkFENnPTUXcB0+l03kTPiEPgj3Cz90NkpTL2MPN3TFcEdeMwWd4iLQlAGq8iEkYA2Mo0l8cc\r\np6meEYfAH2GniB9iDzNHSGmAuoHJEoDj8CoiYbsLYObvx0QRjBgZW35V9wUptKytat6DNxT1\r\nQySoxRQLwCEY0AXAcXgTkTAln7bmTcuixzDpBFu5530DI7vhjzAc44fYw8zfMWYd1A1MlgAc\r\nj08RiXlygZmjYy4mUsorR2qk1mgE/BH/cIwfYo+p0lhUtysA7MBkCcDxeBGRKKPk09xJuFIj\r\ntYYk4Y94Ic8PkdEb5Bq1+qAJYLIE4Hi8iEiUUfJpmk/ZohGLszZ3GqFlbVXzHhojzw/BzM/0\r\nEoGydh1dr9eLSjcIgAWYLAE4DS8iEnRmyaeJaJxt1CyR3voj8vwQphIjJKKJJ6ZYAIgIJksA\r\nTqXxiEQZJZ9SykVyraluiH32RxyICGsqI47ju91uN6eXeRo24XePqYqgCWCyBOB0Go9InBtJ\r\ncPkr6CXPXntes6/+iOl0Oh+NRj8z/BCfN5vNZRRFvzLSUPPKNwqABZgsATidRiMSZZR8mvHS\r\nbzDRiKbuJELL2qrmPdTKdDr9OBgMrH/vvR9iH2kw77nNWPsVBkvQFDBZAnA6Tac25smFY0o+\r\nlVIhWS7cphV2UyeAXvkjlFLfhBBz2++MH2J+mGN2dB1FuSdoDJgsATiPxoREGSWfjovSU52t\r\nsA/pkz8iCIKL0Wh0Q/YIzKup8lDQTafTue3xZigX7vxAI8BkCcB5NOaROLfk0zQ6Ci3HWJy5\r\ntZPpiz/ClHf+RW4R8T0pIogyZ6AsK9koADnAZAnA+TSZ2jh3yqe1B0HDF6XQsraqeQ+VkleZ\r\nwcxf1+t16g7PoxkoALwCkyUA59OIkDi35DPjojQ/a2Pn02l/RF676ziOP7iEnCMa0cQMFABe\r\ngckS+EYQBJPRaPSemS+FEBNmfiCiB2Z+2O129z6m3BoREueWfPp4Ueq6P8KIt1SFDNE/lRmb\r\nzcZ6F5ch/BalbRCAI4HJEviCUuo9vXQCDvfnSiEEmf+d0EsDPxoMBjSbzYiIVkZgrLTWUdMV\r\nb00JiZNLPpVSCx8vSl32RyilvgghrCkIU3ERZqlkH4UfADBZgqYwPrND8VB4qKEhFEKERHQ1\r\nGo1IKfWLiFZCiAciWm2321qvPbULCVOy+QYzX2GV91zXYK44ju82m03u8ysmtKytat5DqZgP\r\n+5ec8s6UqfIQRCOAj8BkCeomCILxcDh8L4SYO26mT8YIkUvzH41GI5rNZitm/lzHDVvtQoKZ\r\nJ/uQzcFaoTsA15jw3W7ng2GvU/6IfWWG6wPPzPda68ssEWHSPTZTLKIRoFFgsgR1MJvN3jHz\r\nJRFdOm6oqiQUQoRKqVut9Z9Vpj9qFxK2P6YJx2QSBMGY3GPCH0vY2sl0zR9hKjO+ZYiI7+v1\r\nep53HJfwQyvsbIIgGJuOrSEzV34S6CMwWYIqMDdg7+if6MBF8sa5CHEc3xHRarfbraSUF/Ry\r\nLpgIIUIhxL+OOZYQ4nI0Gl3OZrPFdrv9WsVnvAmPhO3ilCskPBsT/oYu+SP2I8BdIiKO4z+L\r\nNPxypaF8EH6+sxcRRK8ngQsi+q3RTXUImCxBmRykLELX1OM8jGH9lohutdYry7Vjdfh6UsoJ\r\nvZwjJkIIWzTcxkJKeaWUulqv199P2aeLJoREkFzQWmcKiYwumJ89uSiFlrVVzXsohax0RlZ5\r\np+U4rmjE4rwd9oIw52dwBm02WZrSwC/08plYbbfb39t4w9IFEu/F0TDzExnxcEyq11zzHs1z\r\nX/cyHA73s6tCIcR/bM815+SlUupKa/17WdfPWoWEEQSpi0vePyZjTLgvdxCd8EeYuRkpEVGk\r\nMuMQRCOAr7TZZDmbzT7RW5NyaNrUI1pVM5b3ohDMHDHzcrfb3ZZ5LjTn5tfzszG5X7vSIEKI\r\niYl8lvLZqVVISCnHyTVmvs96jmtaJDU0JjxJRph01cB2TsaU1c6T68eKCCJEI87BeIHeYO5c\r\nQAm00WS59yyRPS0c1rydXpPzXqRg5mdmXhHRrREPtVyzNpvNMgiCW3MuTpXfG8KyXq/u1EZo\r\nWXvMeoJrMJcv0YiMMGnjIqcoRr1aP2zHighEI87DJrYp5zsCitM2k+V0Ov0ohLD6w4jyb8RA\r\neRSNQhjhv6KXlEVjAtV8phdBECyHw+H1YDBIReLKolYhcWzpp6djwpO0Mky6JwiCyWAwsHas\r\njOP4w7F5Y59NsaDftMlkeWB6zjTvaa19KH3vNEWiEEY8LLXWt755bcwN3OVsNuOqXqNWIWEz\r\ngGSVfmaMCV+WvLWTsM0M8T1Mesh+AJftd8z8+di/s/HA2KIRvphiQY9pi8nSfC9v8voOmO+V\r\nV3vvGkWiEKbpU+Zjuk7dQsJ2N2D9ImRFI8re16kMBgObd8PbMOkhB3c8qeiB6ROxOPaYLTDF\r\neg8zjy11548NbKVTtMVkeUT4POr7xatKCkYhIq31HGKuRiERBIGtGuAp46I7tzz+3pdohDHF\r\nhcn1tlw0XWWe5gQ1P/Z4rhJd8sQU2xYcd6GP9e6iewyHQ6+jh0EQXJgKjLDI49HUrToQhTie\r\n2oTEcDi0KbtH22Mz+kYsS97WyTjCpE9tUKcZZZ6R1jo85ZiIRgCfcZgslz6IXBN9vSGiQoOb\r\n4jj+sw3nmbaBKMTp1CYkHHdaK9tjXRdpX6IRBpvQ8f6imVPmOT/lxIpoBPAZU0I+Tq77IHKz\r\nJuvaMFHZxvfdNRCFOI86PRJhcoGZH5NrJpdpuygtS9/RiSilUrXoRES73W7ZwHYKU2aZ5yGI\r\nRpTKOLlg+56Ao5gnF5j5vkkDsGlzfHPMFMi92K9wW70DUYhyqFNIpFpj73a71BvjymX6dFFi\r\n5rmljPW7z3ffZZd5Hh4X0YhSGScXhBCP9W+jG5iBel6lSZVSl0RkNTrnMEf1U3nkzRUiQhSi\r\nKLUICfNltrXGTl28fG8YEwTB2NHYY1n3XopSdpnnIabXfPKY3jQMA/1mOBzOk2vM/NxEmtRc\r\nuL7YUot5xHF8t9lsvDCGdoWsuUJdi0KYSH9l1CIkzKSyNzBzlFwzofdxct2nZkZSynlyjZmf\r\njhm6UidVlHnuaUnDMNBjXCbLuvdhvitfcu5+vzuiJ0+73W5e4fZ6h8twTtTNKISUMnXDV+rx\r\nqzz4HltHS7KMDrf1ZYjj+M6zcJ7X/o0kZZd5HuJ7w7CWkmraprV+bGAfrccHk2UQBOPDsfA2\r\nmPmJmRdCCNfJ/iQTNLAznU6vypor1AaMp2+eXC+zvXotQsKh/B4PfzB9JkLLc70JkZs3ZJxc\r\n11ova99MAaoo8zw4dkieNwxrI7bPl2dCujUw81XyBqauG5OiaYw4ju/MlMYbR9Twq6/RzjYy\r\nnU7ng8HAJdguuyYiTL+jlDfOiKbS2qvXZbYcW9ZWhz+42td69iVK9b33MGJCRNWUeR6CaATw\r\nGZeXSQixrPh1L0aj0UcjYpx5aTMV8mq32z2YqKFNRETr9RqzNErCGMOtIiKO4w+bzWZV85Yq\r\nx1QG2T5bV2WKproiEu+Sa4fh2owGVN5EI1zu76pPTKdQVZnnHkQjgO9keJkqMywqpf6gl14E\r\ntjbnh/u4398NZogIlHqWiIkQuf7WX7t4A6SUurZFpI1xd1nmaw3KPJgNR2vs58O7eMeXvhFn\r\ntQuH+7vSE9MpVFXmeQiiEdVgwpBvMFMFwfHU5mVSSoVKqZ9CiGXWoC1mforj+MN6vQ6JckVE\r\n53L1TZElIuI4vuti1Mf4g2wDFCsx7lYekZBSji3Lr18QU5Zic1Z7E40gcpel1r6RDKos89zj\r\nikYQUee+jHXj+K481ryN1lOXl6mIkZLoRRgQ0fW+EmD/PYWIqAdXrwhmjrpYDWOuqTe232mt\r\nL6sw7taR2rAZLV+/JMPh0Nol0qc+BD64v/PIanJzbplngrnl+JFvkRnQX2wN48r0Mh3TD4KZ\r\nv2qtX8uhISLqxYT3U962g79156phzPA3W/SlshktlQsJW+knM7/+Yxxhct+6RM6TC0232D1k\r\nOp1+dFW3lFHmuacNXhbQbzJMlmd/RosaKYlehMtut7s6PEdARNSL8YrZwvudFRFKqQXZ/WuV\r\nzmipXEgIIVKtsfctfzNCkIuq91UUEyZKnZh8mESad2dURpnnIW3wsrQZZraZ9B4b2EprcQ38\r\nO7f66xgjJREtkhUAEBH1YqLIVq9Y2RULvmCqUmw35s9a61RUpkwqFRLmDnacXN9/qR1q0Zs7\r\nfSJ76sWHi+eBgSivxWuZqtt7L0ubcRj1HuvdRespNWK2H+qUN1xr31TKdl6AiKgXY/C3egTi\r\nOP6z6XN3FZjrgfXfTC/9MSqNvlQqJIbDYZhc27fGNg711O8pZ5Rr3fjSYveQrBMT0Wt5Wakf\r\nHhMmtHlZlmW9BgDn4PqMnjKV15yYP+WN+E4aKS3HgYioGTP/x+oV6+oIdiN2x8l10+57Vfnr\r\nV3x8WzhlReQcPe3VzArTOyJ1J9LkxdN0ZrOG7IheO+GVXkHhiB599yl6BPqNrcX+KX4rU5lk\r\nPTEnjv3GSJkEIqJ+XDeoZXrFfMO0/LYZSqO6ZoZUKiQcjaiWGaN9F1Xu51hcw8aa+vIrpb5k\r\n3SGZ7mzLCl43dIR2S3+tnjNOLjDzY/3baB8ZEc7lEcfYD7jLzCfbjJSWY0FENIAjCv5UplfM\r\nJ5r0RRxSmZAwRsqUtyCKogfjLKXk73a7nW8lhKFlrfYvv3GL35CjXr2GE9Pc8pq+tS/vAuPk\r\nwt6YDLI512RpzJTXOW2tIyK6ymulDBHRKLaL520XKzRyUtzzOqPFVUYkQsvaXihYTXu+vdl5\r\npat1sDd7kb0fx2tlRlV/O5R8At8xlVUnRTgLTufM9EEcYtIirvkGEBEVY4uCk2eNA8sgR6x+\r\nrbuvT5VCwlYyuWqTac/2odztdqu6Xj+ryRTRS/5Xa31VpQBDySfwHVdlVV6EczabfWLmK7IY\r\n8w6Oc2+qnx7z9mHOba6SQ4iIijEp2NTnoGuR0xwRETXRPqESIeEq+9ztdrdSyp/JdR9Ne+bf\r\nkHqj6joRZDWZInotY6ojKoCSzxowOf7/JNcPh9sBO6729TkmyG9ElIo47tlP5ywqmLNM0Ael\r\n2BAR1WIzHK4a2EdlGLH6xSEinioo+S9EJUJiOBxaHaRSyonvrab3OIyW91W/boEmU89ENN9s\r\nNpWHrtoUPWo7Jrw+Tq77JrB9w5jNbJVVznNKXl8IY6YsfEJWSn3LawrnW9q2o3Q6rVFArDb2\r\nOasqtREmF0wnyCuL5+DeU6UeWtYq3ecRTaZq+Xuh5LNWwqY30EYcJktnZZVSapHx/XqiF5G+\r\nKvr6EBF+YCLIqfe1zlR0lfgsIogqEBJBEFw4et0/CiFS6+RvmNx2sllV9WJNNJnKAiWf9WEM\r\neiniOL6reSutIqOM3HpOMekjWxoktyeE7bWzSkXNoLx5kWOB83E1P+zCTY/vIoKoAiEhpQyT\r\na0bp29IdT75OjXT0wKgkEtBUk6kc5pZ9oOSzGqz5zt1uV/d73iqGw+E8uZZlBDbpo9Tfervd\r\n/u+YKF+ByCFERP04mx+2mdls9okc3Z59ERFE1aQ2bILhwRaN8LWE0PRqf4PpgfFY9ms11WQq\r\nC5R81o418tOFu6kqOaZ9/XQ6nZM95fr1SBExllLeuEREjSZocEAXyz6VUt/IckNH5J9YrUJI\r\npN5QIUSqAsKUZy0reP2zcYTJVmW+hgdNppyg5LNeHP1KHpvZTTswqbdxct1msjQpkC/JdeNy\r\nXxR9zbz0YxOiH3Sz7DPHe+OViCAiGpR5MOOgHlt+lSpro5c7rsZDMjZucnoxAAASkklEQVRs\r\ndxtCiNIu6PsTErlFRKS1HjdoQkXJZ40IIVLfD3S0zMb0f3hDHMd3tiiO8TK4uv8V9URkdquE\r\niGiUTpV9tk1EEJUckbDdyRMROUoIfb4wBZa1VRkHzqoDJqqnyVQWKPmsH0f5oo+VTF4QBMHY\r\nYeheJtfM3WrqQhPH8V3R6oyc2n00mmqeTqQ1CpT+eykiiEoWEra8ug3fSwirOrEX8EM0nl9F\r\nyWe9ZPhxvIzW+YAj9ZYybpvW2SkTs0mrpo5hI8cxDxHhAV0o+8wz8PpwbciiNCHhGrntYFnW\r\n65ZNFSf2PINWnU2mskDJZ/1IKW2RKVyYsilkspRSLmypVmYuFPFri2MepGnTjU8BEeF92qw0\r\nIWHrZmnD9xLCsk/sWUN8iLxrnztPLvj+fnWA0LLmw2fBSzJSb2/u1oxfyxZduy9yUs5xzENE\r\ngFLogoggKtFsKYQIizzO9xJCZrZFJE46Ycxms09CiKwmU999CY2i5LMxxskFVGy4GQwGts/o\r\n9+RFfTQa2ao0nrXW87zXyDK7xXF8BxEByqArIoKoXI+ErWvlG9pQQmi76B9bsZFX2knkX84L\r\nJZ+NMU4ulFkh1CVMZ8rQ8qulZc32uOuskHeRRlObzWaet08A8sirAiIPUt3HUIqQMGFE6113\r\ngmUZr1cljpr+wncf5gNyQ5YLhDnWk2l17dvFAiWfDeDooPrYwFa8R0q5SK7ZUm+2luPGjJl6\r\n/p4CIqKJ7rKgg0yn04+DwcB6bm2rgbcUIWG7m7XhecknEZ0Xkcj6gBDVPy+jKCj5bAZzh52i\r\nTUaxujAVGIW64zLz2DIe/DHj2BNjhh7bft+mEDPwlyAIxqZNe2j7fVtFBFF5qQ1bHe8bXM1i\r\nPCTVQ0JrnXnhz6v/JSJi5s9Zd0RNgpLPZpBSjpNrdYyqbyPD4fDS0R03Ff51CIKV69imYZXt\r\nORARoBSUUpf0Uors8su1VkQQlSAkXONbk9iaxfiI7c48WclhPBABEYXGnOnq6LnPd136Wvlg\r\n0lIo+WwAWxqNMu6c+4wQ4pNl+dYR3QuTCy4Dq1Lq2vb5339vjxkpDkCSgjeZPlXuncTZQqJI\r\n2afPUz6TMPN9Mm8thPg0m83e2USD5UJweKzIpDIeK9ru2UgpU3lflHzWg0N8Pta7C//JmKux\r\ncDylUMtxc1xbNK7Vd4fAD4xXxxntIuqO9+ZsIVGkm2XLSggXRPRXYi0kojBLNCRpwwfkmLwz\r\nqARbJGhV9yZawDy5wMz3LoFuO3EnhbGr6yUREUQEOJesZmZELzfXRDTvyg3bWX0kinaz9HXK\r\np431er06J0+9H+Dju4ggOi7vDCrhaD9O3zDnGFvviKXt8a6KjeSayxcRx/GfEBHgVIIgmCil\r\nflKGiDC9SCZdERFEZ0YkCqY1Us1iWsCC0lGJXExVxlVbTkS2sC65886gRMwFMuXHactnpy4c\r\nqbcnlwGySMWGUurSNsjLdL1ENA6cxHQ6/SiEWGQ0IHxm5qsumnfPTW3kCok2lHwmWa/XK6VU\r\nyitxCDNHRPTAzA9CiIe2qUuXybKN71cbkVLaDH5RE3vxHFvqdOl6cF7FRtYgryJdLwFIYgyV\r\n32zidI+5yZz77Jc7h5OFRBAEF7ZRvocwc9TWOyyt9VxKuRRCvGu7aLDhMlm29f1qG7Y7Z7TG\r\nfouJHIyT6zn9TcLkwuHf1XSctXUTvOrqSR5Ux76sM6sho8+l/2VxspAomNZo7d2tOamEDW+j\r\nEmCybB7bBRKtsd9iS70V6EfjrNiYTqdXZPlOx3F818VwM6gOE4X4JIRweuG6UNZZlHNSG5lC\r\nAnMa/AUmSy8ILWudP+EUxTVXQwiRKXYdEYwHk8pL9aIwn/v5qfsE/SOvEyrRS9We1nrRF7/Z\r\nyUIiyz9gWJ56bFAtMFl6QerOmYjw9ze4TJZ5aUVmjoQQb6phjB/liyP87F3LeuAvBco6n+ml\r\nrLNXN2UnCQmTu8wc0gXTnp/AZOkHRXod9JxTR9o/ULqs9sYxZfEr/uagCHlzMoheUmS73W7e\r\nR2F6akQiM63RorkavQMmy+Yp2uugr9iGyJkUxDLvucy8SvadcIiIp4zOmAC8Yj6PXyhjTgYz\r\nL/pcOnyqkMis1mjLXI2+AZOlHxw7nbJvnJN62+12D4NBfp89H6fwAr8oWNbp/RiEOji6s2Ve\r\nWqNNczX6BkyWfnDsdMo+YeZfnJx6i6LoweSpnTDzZ0TgQBZKqVBK+XeOiPi8Xq8nfRcRRKe1\r\nyA6zfom7W3+BydIbwuQCeki84KisuD/ywu98rBlItzhlb6A92NKHRzz3ixDir4wOlU/M/Bs+\r\nR/9wipDITGu0aa5Gn4DJ0isKTafsG+bkH1p+tTjyUCvboulemdv/BrQL22wkx9j5TJRSfyil\r\nfub0hvjetTkZZXCUR8JcjMau37d0rkYvgMnSH1CxYccVjTjhb5MahmaOtUAYupMsyDKxWSkV\r\nFvnsKKX+IKJFzrWtl2WdRTkqIiGlnGf9Hne3fgKTpT+gYsNOWdEI47C3Rh2EEH+Y7wLoEK6J\r\nzXlRCROB+FsIscwREfda6zFEhJtjqzacaQ3c3foLTJb+gIoNO2VEI4IgGJsyPddrTKSUX4jo\r\nw2m7BB6zoAJRiSAILkaj0UdmnmeJhz1xHP/Z57LOohSOSBRIa+CP7SkwWfoDKjbSlBWNGI1G\r\nmcOTiIiEEHOlVGr6J2g3eVGJIAguZrPZJynl35STxiB6EbHb7fZ/EBHFKCwkhsNh6Pod5mr4\r\nC0yW3hEmF/pesVFGNEIptaCCQ/aEEPPpdDovemzQGhaWtVAp9e1AQGQKTWa+NxUZISLsxSks\r\nJBx3tXuW528FVAFMlt6Bio0DyohGZAzkeorj+E/bcwaDwTeIiW6REZVIdUpNciggYHw+nkJC\r\nYjqdXmWFgnB36ycwWfoHKjbecm40wnQfTObG98w3m811HMdWT4QQ4ksQBKloHWgvzLw88vHf\r\nt9vtfyEgziPXbGkMTE73K+Zq+AtMln6Bio23nBuN2IuIvIFcm81maTpmpmZwSCn/UkrdEtFK\r\na32Pc1k7MaO9Pwoh5kUeb/pBoBy4JHKFhJTSNX6XiDBXw2dgsvQLVGy85ZxoxIGISEUUTPfK\r\nNym99Xo9V0qRY6DXnIjmo9GIlFKPRPTAzKvdbndsR01QM0YgfqIC/hjTC+IWAqJ8MoWEmauR\r\n1WscczU8BSZL/0DFxj+cE43IERHPWuu57Xla6ysp5UQIYW1YRfT6Ho2FEJeDwYCUUr+EEA/0\r\n8j6tfvz4kcrBg/o5RkDsEUL8/PHjx7yyTfUYp5Aw+XVnTTYRcu0+A5Oll4TJhb5WbJwTjcgR\r\nEU63fRRFv4IgCKWUqywxkdjnBb28byER0Ww2IyJaMfMD/ZMOQYSvYoIgGEsp39HL+2C9SSpA\r\n4W6X4DicQkJKmVtri7kafgKTpbegYoPOi0Yopb6dIiL2GDFxKaVcCiHeFdxyklAIERLRlUmH\r\nPNDLoDD4LEoiCILJcDh8Z97rsEjzqD1mqNa1EOLS8h7fBEHwG26oyiWVsCV6eRNHo9HPrCcy\r\n8/f1ej2vZFfgLKbT6XwwGLxpumNOtGPcPTXHbDbj5NqPHz+s38EuYwYjvREDJhoR5jzvm81M\r\nV1REJDEpkpCI9herU4VFcj+PBJ/FUcxms3dxHE+MQAvzyjVtGAGx2Pc0MumPVEUPM//SWkNM\r\nlIg1IjEajTJTGkTItfsMTJbAV8wsDFtYepH1PJeIICJi5qtTLgrm+3Br/tu/TkhEITNPhBCh\r\nEOJfxx4XPot8ZrPZPk2x/48Gg1OGUacFxJ71er1SSt0nBeK+WgeRifJI3Q25VNwhRe4eQDO4\r\noknb7fZ/+NI0S98jEiYC8LelJDnzfJIlIuI4/lBlV10TYg8PQuyp9NSJ9MZnYd73V+Fwor8h\r\nhWk+dZ1l+DdloSubIERkojxsEYl53pO01s557aBZYLIEvmJ8V7aQ9cL1HBPBmNt+V7WIICIy\r\n35vX704QBOOEsChk2rTwxmdhTJxEiSoeZn60+GjePGa73T4lfRnmjv8NcRxPBoNBUsSNk/4D\r\nZr4o62JfJkY47MXXqoj4iqLo4cBg+0ZMIDJRHm/uhoIgGI9Go7+znsDMn9fr9aLSXYGTcN3x\r\n1XHCBfn0OSLhOrdkea1sXp89vnymq/JZgFfhsCKi1bmVFohMVMubiISUcp71YNPoZVHlhsDp\r\noJMl8JXRaJQSBMYkubA9PktEMPNXH0QEUXU+i77BzM/MvCKi1W63W5V9UUdkolqSqY2swVzk\r\navQC/AAmS+AjSqlLspd7XttKJXNExPdk10rfMHfPq/3PFfosWotpDb8ylS0PdVzAISaq4zWs\r\nmvXlJUJKw3dgsvSfvqY2lFJ/W/LwT+v1epx8bFbpeVdKzkv0WbQGZo7IGExNxOGxqb0gzVE+\r\nrxGJrDHhSGn4D0yWwEeUUq7GdqnPqznBWyvGuiIiiIjMRXSZXDd+i2R/jUkiXXlBL36MQybJ\r\ni6K5cCcjkY+UmO3CzPvS1Dd0uftjkcjEbDa73m63dzh/vkUp9Z7eVt+sttvt74Lo5QM8Go3+\r\nz/Vk3NX6DUyW7aBvEQnT1vhnkXLPvYhwTPJEuTkonazIxB7TXGxFRLfr9fqurr35wr7D6GAw\r\ncKUniYhWkojIuI6tMPNniAi/gckS+Iir3DPptTLmxBuHiIi01s7BgQCcSlZkYo+Jps2JaD6b\r\nzYiZb+llgmgnW6EnZpqkrisOwn1qI7T9FimNdgCTJfAN09juj+Q6M3/dn4DzJjgaERHicwyq\r\nooiYOMRMw77cz1gRQty2PQViSVccBTPf74WEtfYZVRr+g3HhwEcc0z2ftdaLIiOgISJAXRyI\r\nietj+oCY8+5kNBotlFKP1JIUSMF0RSGY+V5rfSmI7LlbVGm0A6XUMnnnZyJJ3nWm6zu279l2\r\nu/1vF0OkjnPK0oSKw6znMvOT1noCEQHqZl9RQ0SXg8EgNUG5KD6lQE5MV1hJlO2+Rr2l+eWb\r\nwSZIabQDjAtvF8wcJUv9hsPhJRH14v1ytbo+xNzhXEFEgCY4qKhZEr32QLmkI/t/HKZADtqf\r\nt5I4ju8op1GYJCLSWl9KKW+FEO/2X+RadwpOAibL1nFLRMmeASH1REhkYdohL7pcdgjahxkI\r\ndkv0WuVxSS939Z3t/bHv+UEvaZpVked0tvSsDyilfib9EV2qt+8aGU3D/t21O3BbasMGBARo\r\nI2WlQHzAla44BgiJFuPIuaPnh8copR6TIdIu9vtQSq2yjGsQEKBLnJoCaYoi6YpjsI0RBy0G\r\nIsJ7bikx08aMk142sZmq0FrPpZQPlo6LEBCgc/ieAjklXXEMiEi0FNtYZtf8AuAPSqlLIcTN\r\n4Roz/1qv1/9uak9VYdziy733iiAgAOgkEBItxdTiv5lLgFbC7UAp9ctyp/67uasBAIBWMWh6\r\nAwD0EJtgCOveBAAAlAGEBAA1w8wry3Krnd8AgP4CIdFebAOOOlVC2FVsfT6EEOMgCNCNFADQ\r\nOiAk2kvqoiOEQMVGC4ii6Jcpv3qDcXoDAECrgJAAoBlWljWkNwAArQNCAoAGcKQ3JkhvAADa\r\nBoQEAA0QRdGjaRLzBikl5twAAFoFhER7CS1rq5r3QEQvndxms9lfs9mMlVI3ZiopyMExpfU9\r\n/n4AgDYBIQHOYjabfTKDqEKil/G5o9HoJvtZgOglvcHMz4drQogLM1ocAABaAYQEOIkgCCZK\r\nqZ9EtLD8Oqx3N+3ETNmzeSU+Wh4OAABeAiEBjmYfhUiOMN9jK20EdrTWqfQGTJcAgDYBIdFe\r\nUlPltNaV9pHIiUIQ0cuUud1uN69yH10iiqIHmC4BAG0GQqKlCCFShjwTKq+EvCgEEREzf16v\r\n15Mq99FFYLoEALQZ2fQGgN8EQTCRUn4jSyfNPcwcaa3nURShs+YJ7Ha7WyHE9eFE0APT5bK5\r\nnQEAQD6ISAAnR0YhICJOJMN0Oa9/NwAAcByISIA3KKXe00vVxSURjV2PQxSiXLTW16PR6I/D\r\nNSHEu6b2AwAARYGQ6DlBEExGo9FePIRFnmOiEIsKt9U7oih6UErdH4oHVL8AANoAhETPCIJg\r\nPBwO3wshQiIKbaZNF4hCVIvWei6lXAoh3jHzPapfAABtQDS9AXAas9mMk2vMfCuEeIjj+Ndg\r\nMHjYbrfPRPQopXyNOAghxqe8HqIQAAAAbEBItBSbkKgCZr7XWl8hCgEAAMAGUhvgDcz8REQr\r\nZl7tdrtb9IQAAACQBYRES2Hm+zJc/cz8zMwrItoLh8ezNwcAAKA3QEi0FK31pZTy9hQxwcz3\r\nRLTSWt8iZQEAAOAc4JHoAKb75AUzT4QQr/9LRBMhxL/MLIcVEa3W63Wq8REAAABwKv8PP7A+\r\nS09Fv6MAAAAASUVORK5CYII=', NULL, 'iVBORw0KGgoAAAANSUhEUgAAAkkAAACuCAYAAAAiXpknAAAABGdBTUEAALGPC/xhBQAAIABJ\nREFUeJzt3d114sjWBuBdIF0ffxEMJ4LiUNy3JoL2iaDpCNoTQTMR2B2BcQTtjqDl+xZjIhg7\ngmNfU7C/C0oeWZT+QP96n7VmrbEwUG1AbO3atYsIAAAAAI6IpgcAAN0gpZy4rntLRB4z32ut\nP282m5emxwUAUBWn6QEAQDeEARIRkRDicjweCyK6bHRQAAAVGjU9AADoDC/6w2g0+tjQOAAA\naoEgCQAAAMACQRIAAACABYIkAAAAAAsESQCQSUo5jR9j5k0TYwEAqAtWtwFAJsdxLiyHO7/8\n37Q1+C38mZkvhBDxgNCL/sDMUyHEhfn/RyK60Vr/QDsEgP5BkAQAgyClnDqO84mIPEsgRERE\nQmS3jov+jnmcleM4L0qpe631t81m81jWmAGgWQiSAKCXpJQXjuN8oEMvp8sw+1MF89gL13UX\nSilklwB6AkESAPSGlHISBkZCiEYaXSK7BNAfCJIAoNOklFPXdT8y82XSNFoTotml+Xzub7fb\n/yKzBNAtCJIAoHOUUh/pMI3mCSEmRPnqieKY+ZWI4lkeP/bzI0WK1LXWT5vN5snUOF3RIWv1\nr4yn8lzX/U5EvxceJAA0BkESALReWdNo+/3+BxHd73Y7f7PZPJ0zJjOFtpBSXozH40shxJUQ\r\nQqbcxTvn+QCgfgiSACAPz3LMr/pJlVKeEOJrwvNnYuZnOozzPgiC+xKH9sZMoa2IaFUwuwQA\r\nLYcgCQBa55zgyDS5vNda39ddMB1ml5RSHhH9jI3ruc6xAMD5ECQBQGuYabWvQohFkfuVOY1W\r\noaemBwAAxSBIAoDGFQ2O6phGAwBAkAQAjZFSXriu+4WZr7KaPTY5jQYAw4QgCQBqFw2OiOgi\r\nbfk+Mz8z83K9Xq9qG+D5PMsxBHYAHYMgCQBqpZT6RERLIpr0MDhKg0aSAB2DIAkA8jiaCmPm\r\nQl/6YXAUNn9MYho83mitb9ChGgCahCAJAPI42u5DCJFr+ijvcv6eBUeVbaYLAPVBkAQAlSjS\r\n64iZ77TWyxYv3y/KtoecX/cgAOA8CJIAoFRFlvP3MDgCgB5BkAQApSgYHD0Q0TIIAr/ygQEA\r\nnAhBEgCcpWCvo6EER7/FD2itu15nBTA4CJIA4FQX8/n8a497HZ3MtoIPDTABugdBEgCc6pYQ\r\nHB0xm9sCQA8gSAKAPI6mj9Km1nq2nL8Qs6LvHTPNCAAdgyAJADJlNYAMDTk4InrLInmWm27q\r\nHQkAlAFBUs9JKaeu617T4cTtb7fbz1huDVXAcn4iU7weP/YcBMF9Q0MCgDMgSOqx+Xz+lQ57\r\nZIU813Vviej3ZkYEfYTg6EBKORmNRh/jx5l52cBwAKAECJJ6SEo5dRznluxdfz0p5WToX2hw\r\nvgEt58/FcZxl/BgzPw+paB2gbxAk9YyU8sJxnFshhC1AIiKi8Xh8SaiRgAKY+UEI8SH8eb/f\r\n/1iv15dNjqlNpJQTIcSn+HFkkQC6bdT0AKA8JkD6mRYgERHZTuYAabTWi/1+/4PoEDDtdrtF\r\nw0NqlYQs0iuySADdhkxSjziOc50VIBER5fkdgCgzPYvMkYWU8iLhwgPZWoCOQyapJ5RSt3n2\r\nzCIiYuZNxcMBGAzHca7ix5j5VWuNIAmg4xAk9cBsNlvkDZCIiJgZJ2+AEkgpL4joi+WmQfaJ\r\nAugbBEkdN5vNFqPR6NZ2GzM/W46hTgKgJI7jHG3qiywSQH8gSOowKeVUCHFtu22/338mon9Z\r\nbsLJG6AEKVmke2SRAPoBQVJHmV5IP237ZzHzHZF9by2t9aqG4QH03ng8vkz4jC0bGA4AVABB\r\nUke5rnudFCAFQbAQQhxd4TLzHZpIApQjYSNbfMYAegRBUgclbaLJzBut9ZVSyktY5r+qeGgA\r\ng2AWS0zix5FFAugXBEkdxMy2JccbrbW32WxeEq5wH7B9BEA5kEUCGAYESR2TsonmzWazeUnK\r\nMtH7jW4B4ERJWSRCphagdxAkdUzWJprIIgFUazQa2fZow2cMoIcQJHVI0vYHYXNIZJEAqoXP\r\nGMCwIEjqkKTtD3a73YoIWSSAquEzBjAsCJK6JXH7A1zhAlQr5TOGBq0APYUgqSNMsWhic0hc\r\n4QJUK2FV6XMQBPdNjAcAqocgqSPSlhwjiwRQrZRVpcsGhgMANUGQ1AFKqcuExnU3Zv+oo/3b\r\nkEUCKE/WqlIA6CcESR2QsMXIw2azeXQc5zahu/ay+pEB9J+UcpKwqnTZwHAAoEai6QFAOinl\r\n1HXdv+LHmfl3IvJSapG8OsYH0HdKqVU8SGLm1yAIjmoEAaBfkElquYRl/89EiXVKr1rro/sA\r\nQHFJvckIK9oABgFBUoslpfnpsP3B94S7LTabzWN1owIYjqTeZFprBEkAA4AgqcVsJ2jjo60d\r\nADP/ieXIAOUwiyISe5PVPR4AqB+CpJYyJ2hbFolshdqmDmlZ9bgAhsJxnKv4xQiySADDgiCp\r\npcbjsbV5pA0zP2utL6seE8BQpGSR7pFFAhgOBEktZVv2b2OubC9x4gYoz3g8vkzocL9sYDgA\r\n0BAESS1ktiCZ5PldZr5CoTZAudI63DcwHABoCIKkFiqQRfqGjr8A5Uq6SEEWCWB4ECS1jFLK\r\nS+ig/Q4zb4IgQD8kgJIhiwQAIafpAcCRRdYvmDokr/qhAAxLylT3qt6RNE9KOXFd95YOm2f7\r\n2+32MwJFGBpkklokpXnkO1prD4XaAOUbjUa2PdoGuVl0JEAiIvLMzwCDgkxSiziOs8j6nf1+\r\n/xmF2gDlU0pd0j9BQdSy3pE0Yz6ff2DmicmkeXT8t4j/DNB7CJLaJbVgm5nvUKgNUJnr+IG+\r\nZ5FMDeRXMgGQEMl7njPzQ03DAmgNBEktYWohEptHMvMGG9cCVCOlFmlZ70jqIaWcOI7zVQix\r\nKHC3ZUXDAWgtBEktkbbsHw0jAaqVsKKtd1kkKeWF67pfmPloy5U0ffxbAOSBIKkFciz7v8Sq\r\nEoBqDCWLZGqurolokjatFmcu0pDFhkFCkNQOi6Qb9vv9H+v12q9vKADD0vcskpRy6rruNZ1Q\r\neB22G8FiERgqBEkNS1v2v9/vf6zXa+w4DlCRPmeRpJQXjuNcF6w7eoMACQB9khrnOM7RVSzR\r\noVB7t9stah4OwKD0NYs0m82+OI7zNwIkgPMgk9QgpdSt7SRmTlALFGoDVGc2m10l7NHW2fob\r\npZRHRLdZG2Qz86sQ4l9JtyFAAjhAkNQQk+Zf2G7DCQqgWlLKi5Q92jr32YttIZKImZ+Z+cb2\r\nbze3I0ACiECQ1IDZbLYYjUbWFv9dPUkDdInjONYl8FrrZQPDOVm4pJ8yaqiY+ZWZl7vdzncc\r\n56ft344ACeAYgqSaSSmnQoijzr4Rq7rGAjBEUsoLsnS3NxcoT/WP6DRKqU9EdENEqf2OmPku\r\nnEJEgARQDIKkGkkpp0knKaJDsXbXC0YB2q7rWSRzHrnN6K1GzPygtb4KAx9TA3l0HwRIAMkQ\r\nJNXELMe9zdh6BMv9ASrU9SzSfD7/StlTa89EdBUEwX14zBSpLyy/iwAJIAWCpBqYAOln2pUf\r\nM79i81qAanU1ixRmj4go9RxCRDda65voylgp5XQ0Gtk270WABJABQVINTEO31NQ4HWoLAKAi\r\nXc0i5cwe3Wmtl/F/h7lA+55wnysESADpECRVLKkXUpzWelX9aACGy5ZFMtmUZUNDSpUze7Sh\r\nw9Sab7vdTPFPLPf7hsw1QDYESRVK64UU1fYrWYCuM9v/2HoD3bTxs5cze/RnEASJv6OUWgoh\r\nLi332wRB0NmGmQB1QpBUkbReSBarKscCMHSO4yzjx0wWqVXT3HmzR6Yjf+JUmVLKS2iW+aq1\r\nPgqcAMAOQVIFcvRCeoNl/wDVStlE+qZNW/+UkT0iequ9stYhEdGijZkzgLZCkFSyrF5IFn6V\r\n4+kzsxXDb+ZHj4iImSeRGgzPcjd/u93+t01fjlCttmeRysoehVzX/U6WBpMmwLq33AVaQEo5\r\nGY/HH4UQi5SFPr55Hf06xzZkCJJKFK4kSehoe0dE0vLm92sZXE9EphE82+1CiKyH8MyXyO8l\r\nDw1aqO1ZpLKyRyGl1A1ZPhvM/JD3MaA+OQOjKE8I4c3nc3+73X5GVrB6CJJKEumFNInfZq4C\r\nl67r/h2/TWvt1zC8zssKjgoq4zGgA9qaRSo7e0REpJS6FELYWhygDqlFTgiMbDyzoTEu9iqG\r\nIKkkSdsEmBOd5ziOZ7utDVezbSalnJg+UzjJQyFtzSKVnT0iOvxbiShpocglzjPNKikwivNK\r\nehxIgSCpBKYXkm2p7au5EnxRSnmWu/qVD66jTHD0NU8LBQCbtmWRqsgehZKm+ff7/R/r9dov\r\nPlo4V0WB0RvTIwsqhiDpTAX2RPpgubtf5di6yExbfhVCZPZxMdswhH/fRyJ6YeYXIcQjEZHW\r\n+tFxnKkQ4meFQ4YWMtOzR1kk02W69qxKFdmjUNLGtfv9/sd6vW5FcfpQmPPXRyK6OiUwYuYN\r\nM692u919tN5IKfVX/PGYeXX2gCETgqQzmF5I1qX+0Zb/UsoL2wcG9Uj/kFJeuK77hZmte2tF\r\nMfMzMy+zOgZLKadkWQrNzA/njRbaLqFH0HPdXaarzB4RJTesZebn3W53dByqYV7nL0R0WWBl\r\nMxElB0aRx57Yvj92ux1WKtYAQdKJzJWqtQZgv99/jp6MUY+Ubj6ff2XmKyK6SFudljc4Isps\r\nxbA8ebDQemZq24sfZ+ZlneOoMntElN6PTWuNOqSKnZM1ygqMosbjsbVrOla21QNB0gmSMhRE\r\niXsieZZf9csdVfcopT7R4UtkkhEcvRLRTd4vk7QAySyF9k8aMHRC01mkqrNHIdd1r8nSD2m/\r\n33/GxrXVOTVrVCQwikqYNl7lvT+cB0FSQZGl/tZeSAl7IqEeKSIMjmztEqLC4EhrnXs1UkaA\r\n9Kq1xp5VPdZ0FslMf12nfXmekz2KPg/Z/5132Li2fKdmjU4NjCLPO8VUW7MQJBWQESBtgiBY\r\n2O6DeqQDKeXUXP16Wb/LzN+01ssiUwY5AiQPV9j91lQWyZwbrtNWY5aRPQol/Ds3uAgo1ylZ\r\nI3Nxd28u7s56rR3HOXo9MdVWLwRJBZhOzYm9kGz3QT3SQdiNnIgmab/HzHcmOHoq+PitCpBi\r\nASG2QqlBU1mkcHotLcNQRvYoZLJVE8tNjazc65szs0Y3Jmt09utgLrBtU21YsVgjBEk5KaVu\r\nyX4Cfs0okjy6Dw1sqi2tG3lov9//2O12V6empNsUIIVTLvRPvQi2QqnHURFz1VkkpdQlEd0m\r\nZRnKzB4RvX1x2v6dqLU7U9NZo7jxeLywPR+mU+uFICkHpdRNRi+kp5S7D7oeKRIgWa/IzHL8\r\n5akN79oUIGVMuXh1jGGoTL8y23tsUdVzKqWu0/p5maxoqdkdx3GsLTIwzXaatmSNbGxbzBDR\r\nqorngmQIkjKYrIDtzUp0aPef+AWMeqTUKcpXIro85+q3TQGSmeq5rqKzLqQznzNbjU4l2RXT\r\nDf57SuD/ysxXZV/xSykviMi2N9sdau2KaVvWKM7swzeJH296z8EhQpCUwrxR03oh+Wn3H3o9\r\nUsYU5VkBTFsCJKXUJ5M58tJ+Dw0sq2PqgWrph1X39FqU4zjLhCzSsuzn6qM2Z40sz7mIt0XZ\r\n7/c/ULBdPwRJCUwvJGuAxMx/5rxK9CzH/NNH1R1mq4RF/HgZAUxak746AqTIyTazjYEZ04PW\r\nelHVeIbMNHW1Ndv7VnYWKWt6zdTVLar4IjVdl21ZpG/44kzX9qxRnJRyMhqNPsaPCyFWdY4D\r\nDhAkWZh0elovpGXOhxpkPVJSDRfR++1aispq0ld1gFRk6xQzngciWqKgtlJHFzLmfbAs6wmy\r\npteI3jaSrWwqJGWz3qPj0K2sUVzCsv/nIAjQG6kBCJJiwqXqKd2aF3kfZ4j1SGk1XPHtWorI\r\n2uKhygDJfEl+DQO/tO7gZiwbIrpCcFQtpZQ1k1fmJram1sx6PjDP9WxWt1aZuZzaloITUe4m\r\nq0PRtaxRAiz7bxEESRFpK7FMrcFRWj/JEOuRzIa/ufazy6uuLR5szBfkF9t0TspYSl/RBMek\r\nlBOyFzE/lFUwnRWYVzm9FmX6bb1jLgrwxUndzhrFmYvMo+But9utGhgOEIKkd8zybVuA9Gyy\r\nFEU+SJ7lmH/q2NouLUBK2M8uU9UbhCYp0hk8Mo5KVjSBnfmsVrIU3kyrfqeU17/q6bVQSoPM\r\nwQfiPckavZNQd3Y39Nc6D5Pxl0KIKTNPiWiaUjPqb7fbP/K8BxAkGRmFxqfsqD2YeqS03chT\r\n9rNLfbymskd5ArO6xgJ2ZtWptVj73NcgnF4jy8ax5jkqn16Lanqz3rbpU9YozhTn20o0kDGM\r\nmc/nH/b7/VQIEf7NvOjtWSURROQ5jvNzNpv9kfVZ6kWQpJT6SIc/kldBn5r/OY4jiSj3STHl\r\nze6XObA2yFiKf5e3hivUYPZo4rqutWVBxlgwvVYj0yvI2ln73CLmHHVvDydeMJ3ETCl6lnEs\r\n63j+Nulj1ihuPB7bAv9NF8ZeJfPaSzp8Ft42/B2NRmc9rhDiQghxq5T6oLX+I+lz3ckgSUo5\r\nHY/HH0aj0SVV3MnYpOtWSqkbIlpprTOX3I7H46Mx9bEeKSNAyl3kHnmsRrJHs9nsixBiSQnZ\r\ng4SxYHqtAabj9MRy08mBap7ptSoC8yxJ55GhvOf6nDVK4FmODWpFm/kshgGRx8zTvEHxqYQQ\r\nC8dxPKXUUmv9I/6e6USQZOYaP9DhD5f7SqJM5jmvXNe9ms/nPjPfBEHwI+F3Pcthv8rxNSGp\r\niV/RIvcGs0eZX44JY8H0WgNMhjaps/ZJXyZhoE/J02tnd4Y/g+0z5Nc9iLoNIWsUJ6W8sPVG\r\n0lr3OkhKyhKFckyblSJMhjiO86KUujfJkEeilgdJpxTQ1sQTQnhKqSchxGq73d7FsktHb3bq\r\n2RVB0l5ZJoDIVeSulPpEh+BokvQ7Fa5cu6RDj51CAXfdUy7wDzMdeuTURp2z2ezLaDRKrPdo\r\n+rUWQtjqGnt1HgkNMGv0TsJq6OcuBnxJ6sgSmd50j8z8JIR4jF/cmPfZTUJLjTAZsnBddzGf\r\nz/3tdvu5njDtBGlTOW3EzCsiutNav7iu+1f89l+/frX2b12UeaP9HX9tTF3INO1kZWp/PuVp\r\nyFhV9shkwHJnuiLj+Va0CB3KYYq1v8ePn/IeyfMeaGJ6Lcp0Ev8ZPcbMr0EQdOJ8mNcQs0Y2\r\nSqlV/Iv7lJrONsnKEp2DmZ+Z+VEI8UhEj1rrxyKd502rhRshxL8yftVvZSapaIDEzM9E5DOz\r\nn3VFkaMX0lsWxIzjig4f4NQ/plkZt3Bd9+i2/X5vnZbrKhOJ216bxJ4x8Z5DaWnUivseJTYG\r\nTHNOI0w4jynWtnXWfi668sd8pr8nLQ1ueHotylbE6zcwjtINPWuUoPOzD/P5PCyJKTVLZD6T\r\nj3SYavZNQHTW679er1dSykfzXWbL2Ia81gVJeQMkE3j4u93Oz/tlWiRAIiIyj7uQUl6Mx+OF\r\nEOJKCPFb0X8T9aiOwFzh2jrC3iWkNnPvcWYep6rs0de0fbdSxlPbZrlgl7SxK6UE5TY5ptdy\r\nTxXXoHdTbcga2ZkWKkd/jzZvQxKpE56SZVX5ObVEZseCR5P0eKzqdTeP66UlQ5j5oVVBUtbO\r\n7kS0IqL7U6/yUppFvprMhfXkaI7fENGNyUYskuY0bYQQn5RSv9EhCn5oyUn4VEndf98CkHAb\r\nDyp2MnwwS+mryB7d5g3SYmPamJqUp1OeO9ZWwN9ut//t+GtfO/MFctRgb7/f/1iv137Ox8gz\r\nvdaqqVTbeWo0Gn2iwzmw1cLaE2aemM+dF/n/XHqeNXrHcZxF/FjbZh8ifYk8OgRFrc0SFRVL\r\nhlyaZIgMNyZvTZ1MVoB07tV82bvSm0BgQYeAqVB2iZmjb4rOBE2z2exqNBodBUlh92Gl1EeT\r\nrfHyPqbpM1TJVeIpjSFD5/Q/Mh+2T0KIeAbE//Xr1++njGeo5vP5T4q9n8xndponeM05vbZo\r\n21W7Usq3TQMw8yoIgs9NjCkuDIaiTf3OmWYZQtbIRin1VzwoNt8RfzQx7Rt2rqZ/MkReWY9d\r\nV5aoTK0JkmwnQ6JqAyQiou12+58SuvRe0mF+PW1uM1EXgqa0Ym0hxC0zLwpMqT3ToedUJRt0\r\nmlVzheodok6d8jNNTRdpGYs+FfBXLWmrm7yvjynOtG5fYh7nrExhlUxw59tqIeuujzMZ0d/o\r\nfUbIK+vxh5Q1spnP55x0GzOv0hodliHsOxgGRKdk3ZOY1WY+NZQlKkMrTti2lRxE5QRIVWy6\r\nmkQp9XcZb7A2Bk221RdFmQ/MTVVX7WFLgVNfg1MaRJovs090CI4yr6DLCMqHIC0oD4JgkuO+\r\n10kXRuZxWjW9ZpN0XiQiYubfy84ymPfyb7GMkFfmc4SGmjWyScoahpj5hZmX6/X627nPZT4b\r\nHyIZIu/cxwxFFlA9FqkVbrtWBEkpKfXOBEjmauvvsh4vgX/qsV+/fj1Ef45cHUZ50R9idQQe\r\nnSByMlxWccV+SnG4TZE9uU5dnWOe50Vr/Z82Zi/aJCkozwoOsrKIbZ1eS5KxcfSTEOIp8vOj\r\nECJ6QeWH/7Pdbl/D9/Z8Pv8Qfrb5sBGodRulKgw9a2RjgtOsVVatE/YkosPFvN/X17PxICkl\r\ni3TWlVJSXxWianbwttXrhM3oTKMwjw6pTFnm87aV6WOxrOpkaOohvuTpt5Ql76omUwT+KS1D\r\nkRNqk1KknBMS+8bkySK2eXotTRlZ3LqZYOgp7GNDRC8taKvQaub8ctPG74iwLxER+bYmjX3W\r\n+Oq2lG0G/FMfU0o5JUtfFfPYd2UHSIZnORZG1/fmvzAL4VFPg6b9fv9DCHFT1YcoGhwR0UXW\r\nUlNmfk3rcZXVsC3S/DJ3zZV53Gc6vOYLy/N7eR9noDJXUBK9ey9kvjbnFOI3LQiChVJq0sZM\r\ng8kmPJn/HrXWT32ZZqmbOWdOzW4GyxyNDitjCqyjU2dPTY2laY0HSWQv1l6d+mBl70qfV959\r\nd/oYNJkpjBut9aqqD1PYViDM4uQIjh6Y+d4WhIfSMoomM3GZp/ll7Hnv6NCm4t48zgsRfY39\r\nzibXgw2QUmqZ0KZjGWnymjtQPqXOrI1MRtpv4vwQWab9ZP7zTTD0VPdYhmC9Xt9IKVdp22eU\r\nyXxGfJP184eUJcqjDdNtj/EP/qnBjPki/SshQHoIgsA7faTJytxCoEtBU1hfUOUXUDw4yjGm\r\nOzqsnHvJ6Ll11FW5aBF25PES6yxsy3urmO7tA7NX49GWPsy8CYJgesJ7oZLeW02RUk7G4/GN\r\n7YKsDJFg6G3vq66uSOoLMwW3LDOL2MVl+E1qPEhKKkzcbrf/LnKlUrSbdpmUUjfxhndVZK3M\r\nByYu17H4hyxyQox6JKKXyO+8CCG+xKcymPm/VRe+xrcxyWKmU5abzeapSM8t88XzUQixKFK8\r\nav5+K5M9s55kkor5i763h8IWUBIdFlkIIT4UCY6IaNn3K2LzPo++x73I/1/QoRtyaBL2czNT\r\nwU90mE55EkI89f1vBXCqxoMkosOUhKUdeO5eNU0GSESJ2YLO7/VlpjX+Fz++3W7/r8KA0zNT\r\nZF7W79pWzuUJkIjoyaxOu8wbhIVMJ9z7PK9tQjH/JgiCWlYSdYmZZkucGs2jysakADBMbahJ\r\nIjps+RE/QX6hnN2SXdf9Tu+vmojoXdag0nSxLTjb7XZ+lc9ZBzPt9w4zb8r+e5olyZdk2QPI\r\nJlID9a4ZZVaAJIS4NtM1hQKjSPPLQjVXCUvYV0WeewjM1iMnB0jRLGKJwwIAaEeQpLVeua77\r\n7iQphLiYzWaLrCt2pVS4N9Y7dQVIZiXd0XP35ITtWY755z5oZIrLK1IYnRQcmcdM3RjZZCqX\r\neQuwzfPdEdHqlKkIKaW198xut+tEf546ua57tJotS9p7AQCgLK0IkjabzZNS6i5+5W2uLldJ\r\n9yt7P7ZTxGoCQn1J99uKBf2iDxJ2eSWiMFs0KXL/sOdSWsBsNjA9q1+Sea5Smt2Nx+OjbJXJ\r\nwj2dNcB+8vL+Ile8pQ0AQFQrgiRjRUTxIGkym82ubCuBTA3DIuGxFnXVJZjOtfFjvTh52zIh\r\nWms/z33NSqWPdEbr+zzBEVHysvEiz0MnTKelwVRbfsz8kLV6J+97AQCgTK0JkoIg8JVSRydL\r\nIcRXKeUqetVoNq601jCYgunapjRsWRHTb6KXkq7ezfLsD3QIiC7PyepwgT3eTq1nCZs9pq1O\r\nO5UpPsdUW06mB9C9LVAy/a5WCI4AoAmtCZKMJRG96zckhLhwHOeGiBZE9e7HltOk5udrVNqO\r\n1acKV6mZvh2FursWqWcJn4cizR6rkNRFHlNtdibw9poeBwBAXKuCJJNNstUmfVJKrbTWLymb\r\nPX5r6GpzYjnm1zyGzjHZIl9rfX9mJsfL+gWzVcqqjk1NTX8n25iW5z62ackgicgzG5NOC9Z3\r\n+dvt9jOCNQCAfFoVJBERaa2vHMe5tOxbc+04zsR2H9O48cp2Ww0a21+nanlqRQo81jMdgsf7\r\nMneMThpj2M+o7t3Gy9qLMCsgKrJKL8JzXfeWiLC5LgBADq1oJhlna8KXpMr92PKwTT/9+vWr\r\nlX/Xokyd0erUQMkEKr4JVJ7KHd2BWTl3L4T4YFamrap8viy29wMzv2itf0/pzH1uhqgQZv4d\r\nHZYBALK19svctqdbXB3dtNMkdaTuS5AUyrt/ULhzNB1qfvzqR9Y+Sim/jbu1x/i/fv1CNgkA\r\nIEPrptsirihWxB3VdIBEROQ4jnUblCbGUiUT8HgND6MTzHSxb5kubhOv6QEAAHRBa4MkrfWL\r\n67rW29oQIKVo45igJpvN5lFK6VUVKEV28H4UQjzmydhVsSIRAGAIHKK33crD7T0aXwFjpne+\r\np/xKaYW/Z/Isx3rbIwnyKStQOiUgAgCA8jhERJEAiYjIG4/HN3TYQqJGFzzeAAAFaElEQVR2\r\nplGkdZl/xCcp5bIlgVJcG8cENTOB0jRv4TsCIgCA9gmn27zowdFo9LH+oaQ3iowyDSavqITe\r\nM2fy4geY+an+YUAbmWys1/AwAADgRKOkG6SUZ28WWkTeACnii5RyUtV4TiWEeGp6DAAAAHC+\r\nEdFb9+N3bCu3qpIWIDHzZrvd/sdsKfHGZJOWdYwvxVGLAq31UwPjAAAAgJIlZpLqMpvNvqQF\r\nSGYV2yMR3cRvF0J8aiqbJKWc2DZxxZYPAAAA/RAGSU/xG0zn30oppW5Ho9FR8GOe/y4IgmlY\r\nnK21volnk4iImsomjcdjL36sjz2SAAAAhioxSLJlScqklLoVQixst9m2GjHBkjWbZFoG1EoI\r\nYXtOv+ZhAAAAQEXSptsqC5KKBkghk016jh+3bSpaA9uybr/uQQAAAEA1wiDJt9xWyXTbqQES\r\n0SGbxMxLy01endkkKaV1A9IgCO7rGgMAAABUq7bCbSnlxTkBUmi9Xq9s2SQiuq6rbUFCPdLR\r\nCkEAAADorhFR4rL1o+Xtp5JSXjiO8zMpQNrv95/zBEghWzZJCDGtsYjbsxzza3puAAAAqMGI\r\nyL5svazC7UiAZJ2+2+/3n9fr9arIY5ps0lHmRgjxRSlV+XYqtm0mtNaYagMAAOiR1Om2c6ev\r\nqgiQQlrrK1tLACK6rbJ3klLKiweQzPxqejkBAABAT7wFSWV33a4yQCI6bCCaMO124TjO91Mf\r\nNwcvfoCZ/QqfDwAAABpQSeG2lHJSZYAUWq/XN/v9/kf8uBBiqpRanvv4CTzLMb+i5wIAAICG\r\nRIOkp/iNp3TdllJOHcf5yxYgMfPrdrv9TxkBUmi32y2SeieV3RZASnlhq0fa7XaoR4JOqXsD\r\nawCALkoNkooWb5sA6aftfsz8GtmHrTSbzeZFa51UrP29zC8Dx3G8+DFmfsZ+bdBmtu1ybO9l\r\nAAB4L2u6LXeAMZvNFnUHSCFTn/Rn/LgQ4sJ13TLrkzzLMb/Exweogm855tU8BgCAzokGSb7l\r\n9lzTbbPZbDEajW6bCJBCQRAsExo6erPZ7Orcx5dSTonoU/w4irahA3zLMdu2OgAAEHF24bZS\r\n6nY0Gt3abmPmTR0BUkhrfWlrCzAaja5NkHOStGlE1CNB22mt/fgxIcQUdUkAAOnegqSiXbdz\r\nbDNSa4BEdKhPIiJrfZLjOCfVJ2XUWT2Y5wRoLbPnIeqSAAAKeguSinTdztpmhJnvTIBUewAR\r\nBIHPzN/ix4UQE8dxrBmvJDkK0RdnDBWgTr7lmFfzGAAAOiVzui2efYkEDtbpq3Cj2iYzLEEQ\r\nXNmunIUQl7PZbJHnMXKu1Hs6f7QAtfAtx1CXBACQ4l2QlNV1OytAKrpRbZWS6pOEENdKqU9p\r\nU29NtDIAqFJSXVIDQwEA6IzchdtZS/zL6qJdFpPlWcSPCyEuhBAr13X/p5S6VUp9jN7eZCsD\r\ngKqYuqR3F0EJq0EBAMAQ0R+UUishxLtl7vv9/g8ieklZwdbqwMH2b4pj5iciuieii5Q6q1b/\r\nOwGymO2CVkKID8z8oLW+xMIDAIBk8SBpKYT4Gj3GzC9JBdxmBduizYGDKTL3hRCJK/WyIEAC\r\nAAAYnszptowAqfWBg9m2ZHHq1EJX/p0AAABQrniQ5Oe5U5NL/E+x2WwegyDwttvtv5n5m21D\r\nXJvIvxMBEgAAwMDEp9s8IcTPtDuES/wrHVUNlFKXRHRpq1di5ldmvmpTIToAAADU612QJKWc\r\nuK77d9Ivt20FWxmklBfj8fhSCHElhJCmoPUK2SMAAIBhE/ED8/mc48eQWQEAAIChOSrctvRS\r\nedVaewiQAAAAYEiOgqToSjAz9YTCZQAAABic/weYt49ivUOWrQAAAABJRU5ErkJggg==', 0, '89', 1, '', 1, 1, 'submitted', '2016-05-31 19:16:18');
INSERT INTO `final_drives` (`final_drive_id`, `student_id`, `course_id`, `has_corrective_lenses`, `has_permit`, `instructor_id`, `final_drive_date`, `final_drive_student_signature`, `gif_code`, `final_drive_instructor_signature`, `final_drive_total_deductions`, `final_drive_total_score`, `final_drive_template_id`, `final_drive_comments`, `final_drive_hours_driven`, `final_drive_hours_observed`, `final_drive_status`, `last_updated`) VALUES
(22, 19, 3, NULL, 1, 2, '2016-07-18', 'iVBORw0KGgoAAAANSUhEUgAAAkYAAADaCAYAAABD5o19AAAABGdBTUEAALGPC/xhBQAAIABJ\nREFUeJzt3d1127rSBuCBRF5vfxUc7QqgELoPU8H2riBKBXEqiFKBnQrsVGCnAiv3oRxWYLuC\nY18L4nwXhnxoCiApiRL/3mets/Yx9YfYEjUEZgZEAAAAAEBERKLuAQC0lVIqFEJ8JaKQiObL\n5fLfOI6fah4WAADswat7AABtkwmI1kLf96+J6EM9owIAgCogMAIoSUo59n3/nN4GRGmu4wAA\n0BIIjABKkFKeeJ53SUTjuscCAACHg8AIoASzTIagCACg4wZ1DwCg6ZRSl4RlMgCAXkBgBJAj\nCIKpEGJa5r7MHB94OAAAcGAIjAAcpJTjwWBwWfb+zHxxyPEAAMDhITACsJBSjjzPu7XdZpsZ\nYubn1Wp1c/iRAQDAISEwAsgwFWjXQoiT7G3M/IOI2PKwGzR3BABoPwRGABme510KITYq0Jg5\n1lpf2G7TWmMZDQCgAxAYAaQopWZCiNPscWZ+1FqHnuedWW6L4zj+c5wRAgDAISEwAjBMBdrX\n7HFmftZar4Olfyy3Y7YIAKAjEBgB0EsFmhDi3HYbM5/FcfxnOByeZvOOkHQNANAtCIyg90yy\n9a0j2frbYrG4IiISQny2PBxJ1wAAHYLACHovJyj6EUXRjOh1mQ1J1wAAHYfACHpNKZVXgfaa\naO3IPfqFpGsAgG5BYAS9FQTBmW27j3Wy9XqJzMwWjSxPMTvoAAEA4Oi8ugcAUAel1Kkr2Vpr\r\nHcZx/LD+2TVbFEXR/HAjBACAOmDGCHpHSjkmIuseaEmSfEovj2G2CACgXxAYQe+Yzta2ZOvv\r\n6wo0opdqNcwWAQD0CwIj6BXT2dqWbP0riqI3Xa09zzuzzRalk7IBAKBbEBhBbyilQscMUJzq\r\nbE1EL7NFRLTRt4iZf6ASDQCguxAYQS+YQMeaV6S1nmabNJrZoo3lNq317DAjBACAJkBgBL3g\r\ned7MtizGzN+yM0AFs0UPhxojAADUD4ERdJ5ZQrMFOvG6s3UaZosAAPoLgRF0mmsJbd3E0XL/\r\nEWG2CACgtxAYQad5nnfuWEKb2QIds+R2krnvMyrRAAD6AYERdJbpbj3NHmfmX4vFYmPzVynl\r\nSAjx0fJUF9nkbAAA6CYERtBJBUtoU9tjPM+bOe6/EUQBAEA3ITCCTsrpbm1dQsNsEQAAECEw\r\ngg4yS2gbidVJkvy0LaERYbYIAABeIDCCTslbQlutVlPbY0w5P2aLAACAvLoHAFAl3/eviWhj\r\nCY2INrpbrzm2CXm09TgCAIBuQ2AEnREEwRkRhdnjZgntxvYYpVRoewwzz6odHQAAtAGW0qAT\r\nTPK0bebHuYRG5J4tWiwWV9WOEAAA2gAzRtAJvu9f0pZLaJgtAgCALMwYQeu5ltCY+XsURdYl\r\nNCnlmIiuLY/BbBEAQI8hMIJWk1KOXcthrk1fpZRjz/NubX2OiAhbfwAA9BgCI2g1VyNHciyh\r\n5QVFzPzLNcMEAAD9gMAIWkspNRNCjLPHzRLaPHu8ICjCRrEAAIDACNpp2yW0EkFRGMfxnwMN\r\nFwAAWgKBEbSS7/vntuNa69PsEhqCIgAAKAuBEbSOlHJE9iq0b9kAB0ERAABsA4ERtM5wOAyz\r\nx2xbeCAoAgCAbSEwgtYRQoSWw2+qyRAUAQDALhAYQRv9Yzn2GhghKAIAgF2JugcAsA0p5dj3\r\n/bvs8d+/f4v17QiKAABgV5gxglax5RclSfKTCEERAADsD4ERtIoQ4tRyeI6gCAAAqoDACFpF\r\nCPHecvgJQREAAFQBOUbQGkqpUyHEdfY4Mz8hKAIAgCpgxgjaJLQdRFAEAABVQWAEbWJbRtuA\r\noAgAAHaFpTRoBSnlyPf9+6L7ISgCAIB9YMYIWsFWpp+FoAgAAPaFwAhawbENyCsERQAAUAUE\r\nRtAWtm1AiAhBEQAAVAeBETSeUiq0VZ4RISgCAIBqITCCRpNSjoloo3cREYIiAACoHqrSoLGw\r\nzQcAABwbZoygkfKCIuMUQREAAFQNM0bQOEVBETM/RlE0OvKwAACgBzBjBI1SYqaIiGh+rPEA\r\nAEC/IDCCxigZFBEzz480JAAA6BkERtAIZYMiIqLVanVzjDEBAED/IDCC2m0TFDFzHMfx0zHG\r\nBQAA/YPACGq1TVBkzA85HgAA6DcERlCboj5FjodhGQ0AAA4GgRHUoiAoioloantcFEXzAw8N\r\nAAB6DIERHF1RUKS1Dpl5lL0tSZKfRxkgAAD0FgIjOKoyQVEcx09CiFPLw+eHHyEAAPQZAiM4\r\nmiAIpr7v3xUFRUREQoj32fusVqv5EYYJAAA9hsAIjiIIgulgMLi03ZYNipRSG7NFzPyIvdEA\r\nAODQEBjBwW0TFBmh5a7zQ4wNAAAgDYERHNQOQRER0cYyGrYBAQCAY0BgBAezS1AkpTwRQoyz\r\n98c2IAAAcAwIjOAgdpwpIs/zNoIibAMCAADH4tU9AOiegqDoRxRFU9djmXkshMgee6h0gAAA\r\nAA6YMYJK7RMUERHZltGEEKhGAwCAo0BgBJUJguDzPkGRIS3H5vuMCwAAoCwspUEllFKXQoip\r\n7bYtgiLrjJHWGjNGAABwFJgxgr1VFRQppULL4x+ReA0AAMeCwAj2UlVQZO5vq0jDbBEAABwN\r\nltJgZ1UGRURIvAaATVLKse/7f6UOhev/w8xv+p4x80gIMco8xTz9AzM/CCEe8u6zXC4f4zjO\r\n3gd6AoFRASnlied5/xDRme2L+1DWH97Uf/8IIZ6Wy2UjevpUHRQZSLwG6DEp5djzvI9EFJY5\r\n32Zbe2R/NsIS93nD932aTCbrH+fM/C2KonnhA6ETit8hPWXyXT66vvwbYL7+b5IkT4PB4M9y\r\nuXw+xkarBUHR9yiKznZ53slkwtljy+Xy/5oQCAJA9VIXniERnQohTmoekhMzX2mtv+B81H0I\r\njFKklCPf9z8y89QyHdsah5xtyguKkiT5tFgsrnZ83lAIcZs+xsyPURSNdnk+AGgmKeV4OBy+\r\nHwwGp2TfMLqxmPmJiM6iKPpR91jgcLCURkRKqY/0crVySlRuqrXJTFA3Wv871v9NTQ/PzV23\r\nmm06VFBE9JobkD38sOvzAUBzKKXSs0KjWgezBzOjdTWZTKbL5fLLMWbo4fh6Gxil1rKnTZ6+\r\nPZBw/d/B4KUwMR00ZT/wZrr7ch04Zu0bFBHZE68J+UUArSSlHHme955SF5y7YuZHenuR9IeI\r\n0jPf8/X/0Vo/Wc5db84tZtuh9Dn/hIiy55+xEOIvcgt9379TSl1orb9hea1b2j01sgOzXHZJ\r\nW0zhMvMzEV1pra+OdYVgAreT1Ic4JCISQrw/9Gsz85PW+kMcx3/MieXWlQhZRVBERKSUmmf/\r\nbcz8bxRFN/s+NwAch6kgO6c9lsiSJPlJRDer1Wped2VYEARnQohZXpCE5bXu6V1gpJS6K1td\r\ntv6AVvHFX6XUVdD6Sme0/p8Q4j9VvU6SJF+EEB8PHRQROROv/677xAgA5ZiLudttZ+DNjNAN\r\nEc2beCFkzrcXQoiPBXfdmG2HdupVYKSUmgkhvubdx3xI17NDD8cZWbWOMdtUZVBkrjLv0seY\r\n+TmKor4tcQK00rZBETP/Yub1rFArAglTqXwhhLC1FUmbLZfL71hea6/eBEa2L980Zv5BRFdd\r\n71VRxWxTlUEREVEQBNPs5rPM/CuKorCq1wCAwygTFJl0hBtmnq9Wq5s2Bw1KqRm99LXLW157\r\nIKIvTZwBg2K9CYxcS2hJknxq+we1CiZgmhddDVUdFBERKaUuhBCf08dMQ7VZla8DANXKC4rq\r\nyM08FinlaDgcXgwGg38K7jpfLpef2rr60Fe9qEozS2i2fbi+NS1/qC5xHD9JKUPP8+5dV37M\r\n/LBareYHeHlbDlOnTqQAXWOWlq4dQVGstQ67esFpAp1T8zu4ypltD33fv59MJlhea5HOzxi5\r\nltCYOY6i6GhbfDRdUfXZWrpirarXRuI1QLvYlr/Xuh4U2WB5rVsGdQ/g0DzPs354tdbTIw+l\r\nscoGRUQvDc48z7sNgmBa0WvbZvKeERQBNBOCok1RFM201mNTyWwlhBgJIa6VUtdSytERhwdb\r\n6nRglLeE1rU1712ZHAFr/hUzP5s8gTeEECeDweAyCILP2du25XneyHIYfxuABkJQ5BbH8cNi\r\nsThl5n9NdbOVEOLU87y7yWSSWyEN9elsYCSlHNtK880S2qyGITVOKnFylL2NmZ+11qHWOnR9\r\nyAeDwYVSynqS3ALyiwBaAEFROVEU3Witx8z8zXUfk5c1U0rdmzwlaJDOBkam++oGLKG9KKom\r\nMSe5P3Ec/zEf8tj2PEKIqZka3rXnUGh5fQRGAA2CoGg7cRw/RVE0Wy6XfzPzL9f9zPLaLZbX\r\nmqWzgRHZv3CxhEYvJ7kyQdH6WBzHT2bmyNry3kwN3+4YHG20B1itVr3/GwE0RRAEn3OCoh9R\r\nFI0RFNnFcfwQRVGI5bV26Wxg5JjhGB17HE2zvvIrGxStmSugaU5wNPY8796WTO0ipRzZxoHg\r\nFaAZlFKXg8HgwnabCYqmRx5SK225vHaH5bV6dTkwsn2Y/9ljyaf1zEmuaDo8NyiJomiaJMkn\r\n223rijWlVKndtLO7XptxOKedAeB4lFKXQoip7TYERdtLLa+9K1heG5vltcs+f1/VqbOB0Wq1\r\nuslWVAkhTobDYakv7S6RUp4UnORKBUVri8XiykwNWyvWhBDXJcv5kXgN0EAIig4njuM/URSF\r\nSZJ8sp1D14QQU8/z7quo/oXtdDYwMmveG420sltPdF2qR9HUdjsz/9glcdJMDYeuD/ZgMLgs\r\nUbEWWsaDwAi2ZoL/j0qpu8lkwpPJ5HabZV34HwRFx7FYLK601iNm/u66j2mNcoHltePqdOdr\r\nV9fr5XL5rg95LKby7NLVuLGKk1zRHmvMfKW1/mILvJRS/83mGPXlbwPVMO/xz0R06tjKZvb7\r\n929nXge8haCoHuZ9fCGEeF9w17nZR3J+jHH1VacDIyIipdSf7Jd2Hz7gRTteV7kZrJTyZDgc\r\nXrk2VGTmP2YbkafUY0a+799n7/v79+/OvydhPyYY/4detmAonBUy779PCLjdzO/03BUUHWLz\r\naNgUBMFUCHGRt7WIgc1pD6izS2lrfUzCLirHr/okF8fxk+n4mlexdpde2rB1vEbiNeSRUo6V\r\nUpdmo+OrMkER0cv7z/d9lEI7FC23Iyg6ntTymvVcmhL6vn9vErRHxxhbn3Q+MOpbEnaZcvxD\r\nneRMxdoX221CiJGpWAvNodByt4dDjAvaTUo5nkwmt77v3wkhpq5Z0BJmSqm7Ll8Ubaton0QE\r\nRceXao3yoehiUQgxRYBUvc4HRjlJ2J27eqyiHH9fi8XiwlVtYSrWboMgmDKzrVQfSx3wxmQy\r\n+WryBMOi+5q9/X4U9IoZ+75/XeUY2wpBUbNFUTRPVa85m0MSvVaw3U0mk68I/PfXi3wOVxJ2\r\nkiRfFouFtXlZmxTlB9TRst/kOM1da+XM/JS98mfmD0gqBKLXHLRLKhcQxcx8sVqtbtbvcfP+\r\nu3IVBfQ9lw1BUfuY/KOZEOI/efcz59aL5XL5HR3Jd9Obk4NSap7N+GfmJ631uzYnsBWd4Ew5\r\n/lkdHxAp5cjzvBvXl1NW37+s4EUQBJ/NF4DzytfMSN5orS/yZkGVUhfZFh3M/BxFUW+vqhEU\r\ntVsQBGfm85GboM3MT8w8WywWznYAYNf5pbSUWfaA6dRs3Wy2DVKVZ7nl+HVdNcRx/GB6HRUm\r\nVbs2qYX+kFKeTCaT28FgcOEKipj5MUmST1rrkXlvFy2/biyjU4+biJqLFes5g5mfl8vlOwRF\r\nzbZYLC5Mgva3ggaR6x5I90qpj8ccY9v16grddvVI1M4lnGOW41dBKXUlhHB+OPvQQgHczDYy\r\n1qKBNdO/ZbbN89p2hU+S5Odisehk8UWevHNG3j6J0Fxm9u+MXlpXFM0gPRDRLIqiooq33phM\r\nJu+Z+ZSIQnOxMF8ul//2KjAyb6KH7BuImR/Mklor1mPNWvO56wTHzGdNCorWlFIzV9K7Wdb8\r\ngBNzv5jP5KUQwhmomMTT6S4XL7b33C4BVtuZ3/OdEGKUvQ1BUfuZmcBZ3sWnxTz9g8lN+pM5\r\n9iCEeEgfWy6XcVu+K7PM7+k9Ea2DIduF2LxXgRHRy5WpEGKjKqUtJ0vbFfBaG05wBeNHcNQj\r\npnXDdcEs0Xet9WzXE7FtprIrRRdl5eUUteGcAeXtGCBVYZ7+oUlBlmVWqFDvAiMieyI2UfO3\r\noyixEWyZnItauTperyE46j7zRf1VCHHmuo/JnTjdd4nbUXTRuqXzfUwmk1uy70uIoKijTIB0\r\nVWKLkSaap3/YNsgqOSvkxMy/vN3G3W5a66nty9n3/XMi+lDDkHI1sRx/V8PhMMy73STE30op\r\nERx1kJklurQt6awlSfJztVpVVTSwUdqstW7856QqZiPnMHscQVG3mUrr0HzeZi0LkML0D0II\r\nopcgJ3vsDd/3aTKZ7PXCzPxLa33ayxkjIne+S9OSlptcjr+LIAhuXHuqZTXtb9F2md5A8+Vy\r\n+e8x3zdmS46Z63YzSzSNoshWSbbra3L2WF/aQrhmmBEU9U9LA6SDMzm5cyK6Wa1W83Xrnl6c\r\nIFyUUg/ZZllmKefvJgQaporksqgc/8jD2otS6r+Wxo6PrqZlCI6q4ahImv/+/fvgM6RF72Oi\r\n/12pVfm56/NGxQW5fP9WGXxC+5gL7jefR2YeZWdymXmcPV+3PbgyrWHmRHTjWlLv5VJaypSI\r\nbtMHzFLOhbmtNm0rxy/DJL5ng6JnrfW6S/ZGI8jBYHAZBAG17d/aJDnvpbDG1yai1yu22SGS\r\nofu6UXFeUGTOGwiKes5cgMyreK6mB1muWaE8vQ6MoiiaK6V+ZDP4hRAflVJXdSVotrUcv4TQ\r\ncuzGJMyFCI6ql1f5deggIe8Lev36pmDg4UBD6F13a6VUKIRwBUVf8BmCqjUxyCozK5Sn14ER\r\nEZHW+szzvFNLc6xLIvr72ONpezl+gY3cIhPJUyo4urFdRZjg6C+0ty/HVGac5/UH0lo7q8L2\r\nVSKf6BjtMWxLd/MDv2ZtpJRjIrJukMvMP/rUogDaqcogax992hLEKo7jJ2aeZY8LIUZKqY3j\r\nh6SUuswJiuI2B0VSyo2on4hotVq9TuvHcfwURVHIzNbOrKa9vXMGAl631fjq+/59QdPEb4d6\r\nL5m/0czxuvFyuXx3pJ5hvZkxKuhq3bpcRIA69T4wInrZe8axrPBZSjk69OtLKU9K9ChqbVBE\r\nRDQcDje+pJnZ2twriqKpKzgSQkwRHNkppT56nndPOTM1RC+/90MEJuZ9fNeg93EvZoxS3cNt\r\nQVGMoAhgOwiMDNuyghDixJQ3H0yqHH9qu92U47eiR1GBMHuAma9cd0ZwVJ5SKjQByVXJZmaV\r\nL6GV3NB4fOT3ce7eUV1Q0NU61lqHNQwLoNUQGBlxHP9h5m+Wm0KzwWXlSn6ZVNXorjZSyhNb\r\n76LVajXPexyCo3xSypFS6loI4XwPZZn31LzicRS9j7/VMWthG0/XOl672iAw82NHLqgAjg6B\r\nUYrW+sJsWJl1KaWsNF+h6MskSZJPXZkC9zwvzB5j5scySyomOLIFrOvg6Lrqv03Tlc0jyjLJ\r\n+5XOFgVBMPV9/y6vrUQdexD24T1hlt9tS9TPVfeEAugTBEYp5kRiXVLzPG9W1esEQTDNSZR8\r\nbmOPogK2L+952QdHUTRLkuST7TYhxKnZQqTzX4RE5fOIbJh5581YbSaTyde8Csrlcvmurvdx\r\ntuSX6LWEtxOUUhfoag1wGAiMMqIoukmS5Gf2uBDisymH3cu6HN8VFGmtw44FRUREtiZeWzWZ\r\nWywWVznB0bjrwVHZPCLHjCcxc1xluXZR5VlDv5w7MYNi+px9tt3GzGcN/L0DtAoCI4vVanVm\r\n9m16w/O8vZbUulyO7yKlHNvK9LXW822fq4/BUdk8ovVMI7ln4ipZQmtg5ZlLaDlW95j2VqKr\r\n9dWRhwTQOQiMLOI4fnD0Nhp7nrd1wm8fyvFdhsNhmD2WJMnPXZd0+hIcbZNHxMzftNYjIcRD\r\ntou7ub2ShOuGVp5to6njKkVKOc65sPqGoAigGgiMHExvo42cBCHE6TaNH3tUjm9l+6KmPXvJ\r\nLBaLK2b+YJvVM8HRXRXLnnUpm0eUJMnP5XL5dxRF69yh8+x9qkq4bmrlWY7Qcqy1Fx7r37/t\r\nNhOQzo48JIDOQmCUQ2s9dXz5fi1Twt+XcnwXKeWJ7d+e7na9qyiK5lrr0PH3GZmZo1YFR1LK\r\ncck8opiZPywWi9P1PmNBEJw5yrb3TrhuauXZDlr5OUtdXKGrNcARIDDKYZa2po6bL/O+eFOV\r\nZ50vx3dxdLt+rGrT0DiO/+QERydtCo6K3i9E/8sjiqJonF4aMwHoV8v99064bnLlWR7bfnta\r\n69bNGBUERfEh97sD6CsERgWiKLqx9dExX7zWZGyl1Hle5VlfkiSFEKHl8N6zRWltD47W+Weu\r\n98vaOo/I9r7xPO/C8di9vjRbWnnm1LaZ2TJdrdv2bwJoAwRGJZg+OrYS/jfJ2KmKHesXUofL\r\n8V02ul3TAfaqamtwlFpqnbruY8kjekMpFVadcN2iyjMrpVSYPeZqY9BknuedO4IiNHAEOCAE\r\nRiWtVqtpXjK2Uir0PO8+J5+o0V8mVTNl+m9mMZj5OYqiSmeM1toWHBUtndnyiBwqTbjuQOWZ\r\ny0PdA9iGq4o11cDx4fijAugHBEYlxXH8lJeMbfrMWJdCUpVnvQiKiIg8z5tmjzHz/JCv2Ybg\r\nqMzS2fr9UjTjo5SaVZlw3cLKMytmto3/4djj2JX5u05tt/XtPAJQBwRGWyhIxrZKkuRLlyvP\r\ncuzd7XoXTQ6OipbOUsnVhe8XKeWIiDa6H++acJ23TQ1RqyrPyPFveDj2OHZhulpvJNITvfwN\r\nEBQBHB4Coy25krGzUhU7lW3D0BYm78VWpj8/xus3MTgqs3S2Tf6Z7/vWGSet9XSXseUVCzS1\r\n8szFNmPEzA81DGUr6GoN0AwIjHZQdJJl5l9a61Ffr+6YeSO/hZl/HTMvoinB0TZLZ2XfL6aH\r\nVmh5nu/bvue6uE2N7fcshHioYSilmZy8jXwxope/K4IigOPx6h5Am5jy2fO8KiJj3sOlMyJ6\r\nWeIZDAYb1WjMfHXsscRx/EdKGXqeNxdC/JW+LRUcfTjUF79ZOrvMmSV6Zuazbb70THuIjUCG\r\nmR+11rNtnifvvdzycnCZPaC1fqhhHKWkllhdDRzRqwjgiDBjVJKUclRUWr1WtjN2F3meN8se\r\nY+bHuq54y8wc2cq791X10tma53kzV8+iskFMl7epMc0uN34/Ta3iMn+La9uYkyT52YZkd4Cu\r\nQWBUglLq1PO8u7yuxBa5nbG7yHwp2XrqzGoYzqui4EgIcauUsjbr3NYhls7WTO7WRsK1+QIt\r\nldje9W1qPM+zNkOsYyxFUgHqKHsbM8er1Wp69EEBAAKjIpPJ5KsQwnpFR/TyRcLM37PH8zpj\r\nd5Xnebbcoucq9kbbV15wREQkhJh6nncfBMFG4FGGlHIUBMFnE0BPbffZpurMwdqzaLValVpq\r\nKQqKOrJNTWg51sgcKXS1Bmgm5Bg5SClPfN+/JvuJdiM/JAiCjdyaVGfsfw893rqZANAWVFw0\r\n5QSfl3NE9Dp7dKGUmhLRl6I+QlLK0XA4/EcIMS2aTTRfdtNd85kKehY9FD3elIGfuyrPts11\r\narAwe4CZGxcYmQaOrq7WrZ2xA+gCzBhZmCvre3IHRY/Z/JCiztiHGmtTDIfDU0f5eKPaFaRm\r\njpzLK0KIsWt5bT0zpJS6833/fjAYXJQIivZq8Llvz6KicvyObVOzkXh9rDYRZZXoat24QA6g\r\nT0TdA2iaIAg+DwYD55dNkiQ/V6uV9YrOBFTW2Qhm/vdQ22E0gVLqPpsrsc5XqWVAJQRBcCaE\r\nmNn+XmvM/LTOkSozM5R5bCUzMZPJ5JYsQfpyuXxX9CXq+hI249trFqtppJQj3/fvs8d///7d\r\nmPNcEARng8HAVZb/Ydf97QCgOpgxMlJJs86giJm/mb2rrNPcBZ2xO5uMbZZpRtnj25SP12Gx\r\nWFxorUfM/MN1HyHEyWAwuCgzM5RmelntPROza8+i9fu5rRvB7mI4HIbZY8z8q4ahWJmZO2tQ\r\nZPK75kceEgBYIDCicls1mKu5WdFzuTpjCyFOfN+/m0wm1nb/bTYYDDYq0ZIk+dnUEum0OI6f\r\noiiaMvOHfauXmDlOkuTLcrn8O4qivYOOXXsWdbkcP48jcJ0fexw2SqkQXa0B2qH3ydd5SalE\r\nu1WIRFE0C4JgbGt0SEQzpdSp1roT+x6ZHkBh9rgQolG5RUXM1fq4zPJaGjPHzHy1Wq1uqg4E\r\nd+lZVKKpZKOXN/dk+zfX/hkzM8XXttuY+QeCIoBmaczaex2UUudCCGepMzN/37XrrLlqnwsh\r\nNpJBzXM/MfNssVhslPq3SRAEN9kAkJl/RVEU1jSkvZm/3YWtJxPRYYOhNdOz6DZ7PEmSn4vF\r\nwto8NK+Dsnlsp2cmJpMJZ48tl8u/65y5LNHVelrDsAAgRy8Do9RSQ2VbNTheZ+x53pUrODLm\r\ny+XyUxuWnbJcya5d+QI2s2EzIcT7YwRDmdfeaChqqpbGttfvUTm+lS2QZObHKIpGNQ0p9zzD\r\nzHEURZ3MOQRou94tpZkvu7yGjZVV6pjnGJseNK7cotDzvLsgCFo3e9S07T+qZpbXwmO/7rY9\r\ni/J2Ze9LCTgzj4UQ2WO1/ZuLgiKtdVjDsACghF4lX5su1s6lhn37zbhEUTRbLpfvmPnRdvu6\r\n8mkymdyanjWN19TtP9pu255F6+1HbM/VxcqzHGH2gBCitn+37/vXjqDosYuJ7wBd0ovAyJQu\r\nXxPRzHWfJEm+HHKPKNNYcGzbPiQl9Dzvrg0b0DZ5+482833f2ohRaz1N/9zHcvw8juXq+bHH\r\nQfQSrJK9xcKz1trZ7gMAmqHzOUYmz+fa1meHqJ6lBrOcdyWE+I/rPsxTOqfTAAAJKklEQVR8\r\nYyrXGncSNcsE99kvcGb+VqalAdgppU6FEBvVS9kigBI5cj+01s7Kta4x2/f8N3u8jsaO6GoN\r\n0H6dnjEKgmDq2r2a6LUJ3+jYJ6soiuZFs0dCiFPP8+6bOHvUlu0/2qRsz6KijWDXlU59CYqI\r\niDzPC7PH9u1JtQuTAD913NyZDuMAXdfJ5GtzRX2ec5KqfXbDfHGdKaVuiOjGtakpEV0rpRo1\r\ne2RLJGfmH00ZXxuV6VlkmoPOXM/RlWrAHdTe2DEvAd78XbDEDNASnZsxklKOSnSx/rcpSz5m\r\n9miUJMlP131Ss0fhEYdmZRLYR9njTd/+o8lMqflGwnWSJD+jKLqRUo7Mfmkz2+OZ+bnHQRGR\r\nPZ/naLMzUspxTlD0pcd/F4BW6lSOkVl2siavEr0mpJ42tWeQGf9VwaamF1rrb8eenVFKfaSX\r\nnj6j7G15TQehmG2T2HXPouFw+I/pxO16T/c+d0Up9d/s76fMBrtVQANHgO7pTGBUtMzQloRU\r\nKeXJcDi8cmwnQkREzPxARAffdNIktX5m5jPXF7MZD3YF35Grw7XZb08KIZwBZ5U9t9pKSjn2\r\nff8ufYyZn6Mocr5fK3ztked5dwiKALql9TlG5sv7mhyN+NrW9dcEbqd5s0dm1uZWKXWQ2SNz\r\nwv9MRFMiOsk2zksz23/Mq3z9Pslp/Pm5IBjdebuaLhkOh7Xsj2byGK2NYk3A2vu/DUBbtTrH\r\nyExj35M7KHrUWodtCYrSoii6MZVrv1z3EUKceZ53Zzap3JuUcqSUuvR9/14IkTtLRPRa1Ycl\r\ntB25NuAlek2838DMj2aGDl+8RCSECC2H54d8zTJdrZs+Mw0Abq0NjIIg+Oz7vnUam+gl78Xs\r\nK9XaZYY4jh+iKAqTJPnCzM+2+wghRr7v35mlxJ0opcLJZHJrAqJp0f2Z+Zf5csYXwB5yZous\r\nzHLwGDN0b9gaOx70M+953qUjKHpGUATQfq3LMWpDKf4hmOWtKyHE+7rGYL6Yrft1wXZcuUU2\r\nJiieRlGEku+MyWTC2WPL5fL/DhWcoIEjQPe1KsfILJ1Zr9aIXr9ATrt4RW2CkTAIgjNTpeSs\r\nXKuS+Z1eaa0vEBBVp+xsUZIkP1erVa8aNpZla1/BzI8HDIpmCIoAuq81gVEQBJ8Hg4Gzs3Jf\r\n1vYXi8WFlHJuZo9sywiVMAHRhQmIOv07rUmYd6MpGpjZNo6FV6Hl2PwQL2S6WluDWWY+Q1AE\r\n0B2ND4yklCPf962bMq71rULHnITH5gp259wiG5PcO2tjwnqbMPMv17KoSWqfYoYuHzOPsxWT\r\nh2jsWKKr9VXVrwkA9Wl08rVS6tTzvDvKKcVPkuRTn4KitCiKZsvl8l1e5VpZzPzL/C5HONEf\r\nntb6zJZQb/LjQgRFxWwzpkKISgMjKeVYCHFuu42Zv+OzAtA9jUy+Lplg3fvmdtBu6YR6M0uE\r\nJZmSzEzyffb479+/Kzunoas1QD81binNJFRe2raeWOvb0hl00zqhvuZhtJLnebZy+b1nTtdS\r\nvYo2giKzBc60qtcCgGZp1FKa2aD01hUUobkdABih5Vgls215QREzx6vValrF6wBAMzVixmhd\r\nhk9Ezg7OKFsGgBTbjNHegRG6WgNA7YFREASfi3YPb9NeZwBweLaKvtVqNd/3eU1uo6ur9SmC\r\nIoDuqy0wMldmlwW7h6NsGQDesO0NyMzP+54nSnS13uv5AaAdagmMzM7xlwW7h3duWw8A2N9w\r\nOAyzx5h5vs9zmo7yU9tt6GoN0C9HDYzMLNFXIYQzeRpl+ACQx7bUtU//ItPA0dqrKEmSTzgX\r\nAfTL0QIjk2B9XVSGbzYpxTo+ALjYtsKZ7/JESqlTIQS6WgPAq6MERpPJ5CsRzVy3Y/dwAChD\r\nSnlimzHSWm89q2NylaxBETP/QFAE0E/WwCizP9l8uVx+2iXxsMw+ZyjDB4CyHI0d423PH+hq\r\nDQAu1sAoE8yE5ucP2zyx2Y36nIjyyvCxezgAbCO0HNtqtigIgs+DwcB63mHmXwiKAPrNtZQW\r\nFvzsVLIMPzY9QR7KPi8AADOPhRDZY6UCIynlie/71+TelDrWWjvPWwDQDxuBkaNHyGOZJzP7\r\nnF2jDB8ADmHXxo7rFiHknsFGV2sAICJLYOR5nu3E8VD0REqp84Iy/Ed6SbCebzNAAACil5xF\r\n20VXXjm9mcE+d/UoInrTIgRBEQBYl9JCy7EH1xOs9zmzVYqsMfMPrfUZTjwAsCtH4vUv1/3L\r\ntgjBptQAkFa2XP/BdtBcjTlPPCjDB4AKhZZj1tmiki1CTjGDDQBZZWeMNk4+qV2oR7YnNvuc\r\nYdNFAKiKbVZ6nv5BSjnyPO/acV8iQosQAMhnC4z+shzbOIHkLZ8lSfIFZfgAUCVb4nW6seO6\r\nRYir+MO0CDlD40YAyLMRGJXpKmt2od4oa03tQo29hQCgMo5q2ec4jh/QIgQAqvQmMJJSWq+0\r\n0lPOSqmZrcIDQREAHMpwOAyzx5h5jhYhAFC1N4FRUdWHmar+ansiZj5DUAQAh2CbyRZCSCHE\r\nresxzPxoZolwXgKA0gbpH5h55LqjUiocDAbYhRoA6iCzBwrK8H9orccIigBgW29mjBwnmrlZ\r\n37+2PQEzf0dQBACHlNcnLQ0tQgBgX4PMzyPLfU4KdqFGczQAOKi8Ro7p+2itRwiKAGAf2aq0\r\nkeU+Hx1BUYxdqAHgGLTWU8/zrmwl+0RoEQIA1cnOGNnW8a1BkdY6PNSgAADS4jh+iKIoXC6X\r\nfydJ8oWZY6KXWaLlcvkOQREAVEWkf5hMJlz0AFOWP0LXWAAAAOia1xkjWwO1rFSvIgRFAAAA\r\n0DmvgZHnec4GaSnoCQIAAACdlU6+DvPuaHoVzQ86GgAAAIAaZZOvrUzFx9WBxwIAAABQK0H0\r\nkl9U0KtoevSRAQAAAByZR0Tk+/45EW0ERUmS/FwsFtNjDwoAAACgDuultNB242q1mh5tJAAA\r\nAAA1y80xQlk+AAAA9IkzMCqzNxEAAABAl5SqSgMAAADog7zAaH6sQQAAAAA0Qd5SGvKLAAAA\r\noFecgZEQAlt/AAAAQK84AyOtNWaMAAAAoFecgRE2iwUAAIC+GRBtluajVB8AAAD6aEBEpLU+\r\nXQdDzPxLa31a77AAAAAAju//Ac0RKTRRzL9LAAAAAElFTkSuQmCC', NULL, 'iVBORw0KGgoAAAANSUhEUgAAAhUAAADSCAYAAAD9ljJbAAAABGdBTUEAALGPC/xhBQAAIABJ\nREFUeJzt3T1620jWL/BTIPA8NxtNNh01ZwXFRjG4meEVmL0C09EbWr0C0yuwHN5I8gosrcBU\nLtDCCixF/U40Vswizg1YkCmwAIIf+P7/om6QosoSRR7W+SgiAAAAgBMQdS8AgIhISjn0PO+S\niAIimi+Xyz+jKPpZ87IAAGAPTt0LACAi2ggoiIgCz/O+1rgcAAA4AIIKqJ2Ucki/AopE+v8B\nAKDhEFRA7VzXPa97DQAAcDwEFdAEb+peAAAAHA9BBdRKKRUIIYbp68x8W/1qAADgGAgqoG7T\njOuzCtcAAAAngKACamN2Kd6mrzPzlzAM5zUsCQAAjoCgAmojhPiQvsbMT1prFG4CALQQggqo\nhZRyRPa20WsMvQIAaCcEFVAL13WnGTddVbgMAAA4IQQVUBdbLcUjaikAANoLQQVUTik1EUKc\nWW66rnwxAABwMggqoHLMPLVd11pfVLwUAAA4IZxSCpUyp5H+SF9n5igMw1EdawIAgNPATgVU\najAYTDJuQuoDAKDlEFRApYQQ723XtdYIKgAAWg5BBVRGSjnKOOfjMYqi++pXBAAAp4SgAiqT\nc8T5vMp1AABAORBUQCWklGeUfcQ5Uh8AAB2AoAIqMRgMsmZTUBiGCCoAADoAQQVUwnGcrQma\nRERxHN9UvRYAACgHggoonZRySPbDw4iQ+gAA6AwEFVC6nMPDaLVazatbCQAAlAlBBVTBmvpg\r\n5iiKooeK1wIAACVBUAGlMoeHDTNuRuoDAKBDEFRA2bLGcmOKJgBAx+BAMSiNlPLM87z/2m5j\r\n5scwDIcVLwkAAEqEnQooTc7hYUSYogkA0DkIKqAUUsozIcSHnLsg9QEA0DFIf8DJSSnPXNf9\r\nJoQYZd3n7u4Ozz0AgI7BTgWcnOu6l3kBBaZoAgB0E4IKOCml1KUQIq+WggipDwCATkJQASfj\r\n+/65EGK6636YogkA0E0IKuAkfN+fOo7zadf9MEUTAKC73LoXAO2nlAqEEJcF747UBwBAR2Gn\r\nAo4ipRwR0dei98cUTQCA7kJbHxzMtI7+EEKcpW9j5kchxO/pa5iiCQDQXdipgINszKKwBRQR\r\n2Sdm2q4BAEBHoKYCDuJ53lci2ppFwcyR1jpwXfeH5cuQ+gAA6DCkP2BvZhbFNH2dmZ+01iMi\r\nOvM873v6dkzRBADoNqQ/YC9KqYucgCKIoujBdd2t2zFFEwCg+xBUQGG+70+FEO8zbp5EUXRv\r\n/vuV5XakPgAAOg41FVCIUmqSNYsijuN3i8ViTkQkpRzazv3AFE0AgO5DUAE7mVkU1oCCmT8u\r\nFour5P8Hg8HWuR+YogkA0A1SyjPP8yQRBcw8IqKREGJIRPPlcvkOQQXkklIOc1pHv4RhOEtd\r\nDiwPg9QHAEDLmNd/aXafA2Yebb4XCPGi9j7wPO8SQQVkMrMovmYEFLdhGE7T93cc5036vpii\r\nCQDQbFLKkeu6ktY7DyOyfEBMBRE2AYIKsNoYbpU1i2IrzeG6bmC57+NGAScAANRsPB6/iuM4\r\nCR5Gttf5QzDzLYIKsHJd91NGQPFoWkd/Wr5sK9AgTNEEAKhFTv0DOc5pmz+Z+VZrPUVQAVt2\r\nDLeaZAQURERbqQ9CPQUAQOn2rH84ijmK4Z6Z74UQ92EYzp+/z8m+C3SC7/tTx3GsnR7L5fKP\r\nrFSGlHKEKZoAAOUrUv9wKsx8SyaAWK1W97vS2dipgGd5AUUcx+/ynkyYogkAcHpl1T+kMfMT\r\nEd3TOmV9r7W+P2QUAIIKIKJ15CuE+GS7LY7jvzZnUWTAFE0AgCMppd7QeuchSAKIEuofHpPU\r\nBRHNTQCRldbeC4IKSLbSMmdRLBaLix1ff4YpmgAA+5NSjgaDwSvHcSZUQhojr/6hDAgqes60\r\njl7aAoo4jm8Wi8V012NktJJiiiYAQIopqHxF6wBiYnvtPdS+9Q9lQFDRc3mzKFar1bTgw9hy\r\nfJhNAQBA9pTGMU5V/1AGBBU9ZlpHs4ZbZc2isAksjzE/cnkAAK10ypRGmfUPZUBQ0VNKqVnO\r\nLIrpPk9aIcRWkeZqtcJOBQD0wilTGsz8SERzZp6vVqvrJgcQNggqesj3/akQ4kPGzZN98nDm\r\nBNMXmPkJo7m3mfqVN0R0bnaI5svl8l1Tti0BYLfxePyKmYdmMmWw8d8HM+3389VqNW/7ayeC\r\nip7Z0Tr6brFYzPd5vMFgEKSvIfXxkumueU/bn2ACz/Muieh1TUsDgAx5wcPmdMpDJlWajow5\r\nEV2X3Y1RNQQVhvkUmWxfnaSYpghmTvJkX8qOUHccY/65wCwKmyB9weT+es9MGf1E+TnVvNsA\r\nYE+WHcGDHRs8JNqe0thHr4OK8Xj8itYR6KSqICItmZLmed65UuonrQdGzbXWN6d84u04xvxL\r\nGIbnhzyuEEJaLs8PeawuSWZ/EFFubtW0gAHAkUyHxcRWK1aHLqU09tGrcxnMJ8fn1p56V7Mb\r\nM98z89Vqtbo99kmplPoqhNg6RfSATo9nUsqh53k/0tf7ft5H3jCxNGZ+3bXtT4CqmNegt8w8\r\nPbau4VhdTmnso9M7FUlbjxAioHVK42RDRqoghBgJIS4cxyGl1AOZJ6zW+nafIMC0jtoCiqdD\r\nAwoiItd1re2ohzxWV+wZUNz2+cUH4BBJesPsSAREpz2BcxeTynigdTrjQQjxgL/jXzoVVJQ5\r\nqaxuJgqfEtHU8zxSSl2b/NxNXveA6fSYpq8fG1AYgeXa/IjHa7V9AgpjVuZ6ukYpFZiupYDW\r\nnTN/9Wlbue9yCp5LgeDhMK3ept4oyAlovRMxPObxkmIaWu8GzMsuppFSDk33xEQIEQgh/nHI\r\n4zDzA5lajDAMn08GVUpNhBBfM77mzzAMjzrwSyk1T8+oOMXjttG+AYUZgb61ewTbUsFE2uzu\r\n7u5jxUuCipjXyDdCiPN9Xt/NxMkrrfUVAs9qtTKoKFhVv1OqInde97wApVQyfW0ihPj9kMdg\r\n5p9k/k1CiFnGmR7vDuz0eGE8HnP62nK5/HfdP8eqKaUCIrIWwWbp489pXzuCiU2Y99Expuhy\r\nakvb5onj+EYIcdXHDzZN0bqg4oAt5mfM/GRmKDS+ItdE6BMiChzHeXOqxzWdHtNjH8e84H9L\r\nPfZjGIbDYx+7LcxO2QchxF6dM6f6HXTVHsHEM2b+ycyzxWLxubyVQZnMa/tbWgcThV/fzRjr\r\nC9Oq+VDeCqGIVtVUHBJQMPMtM183PYhIM38cF0R0Yd68AiKa0DrNc+guxoPW+qDWUYvA8vit\r\n+fkeSyn1logusp6LSQBrCwi11rOy19dGhwQTCSHEmRDiYjweT5bL5Z9dngPQNUqpt5tFl0WY\r\n9Ma11vqiTa/rfdCanYqiAYXp+5/Tur5gXsXaqma6WgIhxDRjTkQmZv4phLhYLpefj3nh9X3/\r\nOv2GGcfxX4vF4uLQx2yDIqk384I3JaKtI+WxS7Ftn2AiOdpZCPE+5z4/iegdtsCbzQTmsz1r\r\nJW5Nm32nB0i1WSuCiryAIinIofXAqNKLK5tGSnk2GAwmpm12sk+xJzNfaa0/HrJlqJT6r+UN\r\ns7MzF6SUZ57nvacdHRtm7sfUdd1zIcTb1G1PWuth356jWQ4IJmbJ88vUsVzl7dox87XW+h1+\r\n3s2R/B0x83nRHWdT+5YUXT6Uu0I4VuODil0BhWmL7P32l+/7U8dxLg/5Wma+JqLPRQOCvg29\r\nMgW0n/I+UZl0x2yxWFxk/XyY+WMYhrPyVtoOxwQTm0xacFZg1+LPrga7bbExpGqfYOILrQdJ\r\nYcepRRr9JoCAohizJf/ddhsz39qOJs8wZ+arMAy/5N3JFsCYQU5Bwe/TCuaF8JJ2vPnFcXyz\r\nWq2ej4tXSl1hl2LbqYIJ2+MS0XXeLh0zX5hdud7+/OtgZgd9KDo6m5mjjaJL/K5aqLFBBQKK\r\nYnb8nD6GYTgzf9iz9BtdFjP3YpZ1/kjGm2anPoWPx+MPuz5VmW3Z6eYbH3YptpUVTGwyacCr\r\nvE4p87x+h12L8plA733RltBDf+/QPI0MKhBQFGO2f7/ZDkOzFQSa+5/T+vS+nbUXWUWdSqnv\r\n6e/ZlaFX5sXwcleqg4gubEHCeDz+Rqk3z77uUlQRTFi+54TWtRZ5z28MzCrJvh08zPxFaz1D\r\nrUR3NC6oQEBRnO0NjGi9hRiGYeapqxvFnbOi7alJUScR/fQ877/p25fL5T/b/KZpAi7rGSmb\r\nmPlWaz21vQjaZncQnW7YWFvUEUxsMr/L67y0HzPfa61ft/k52yT7dHJstIMimOigRgUVCCiK\r\nM4eETdPXmflRaz0q+mKZnA1StO6Cme8tuxStHnrl+/77rOmjCZPqOM/bjcnYpWj1z2Yf5s38\r\nU5H8eRXb3b7vn5vfa9auxfzu7u51Wd+/68yHk7dFR2gnO3xmtgSCuY5qTFCBgKI43/fPHcf5\r\nlL5+zM9JKRUw8/kh0zvbOHth49yYnZ+umPnjrhfCvu9SFAnMiKrPnZt6oqusoLntO2x12Lct\r\n1Ey8nKH4sh8aEVQgoChuxyFhR8+J2Leo03zfB1OxnXtiahOYMwUmRT9Na63Pizz3+rpLYWpQ\r\nPtnqejbVXYinlJqZlMwLXZ6tcmpJJwcVPCU0CSb6EFTDL7UHFQgoisv7WZ36E/G+RZ0JZr43\r\nE+8aE2Bs9MhPi27TMvN50Z9n1oyQrhSv2hRNdTBzROu00bySheXoQ9dSGZIjx/doC0UnR4/V\r\nGlQgoCjOvIj/yPhZlZZ+OKSoc2NdtQUYSXrjgDMFPpsCssLbtEqpH+lgpYtzOxIFa1Ceh4FV\r\nubY8trQhjqDPdkgnBxFdIZjot9qCCgQUxeW1jlb5omj7pFdUVQFG8qmKCm7RbqzvoE9XObsU\r\nndtW3yPV8cWkjRqVP7cNiWPmn2EY/rOuNTWNOR35jSnezv09J9AWCptqCypy2iERUKTkdHpE\r\n5mdVyYv3MUHFplMHGBsvhIWq0DfW8US/zhTY+/mWtXvUtV2KNqY6sozHY05fWy6X/+7zG+Ih\r\nu3obnRw4jwNeqOXocynlGSGgKEQpdZERUDxVGVAYWxX0cRy/I6KzfU5MFUKMhBAXjuNcKKUe\r\nhBAPJtB4cBznfrlcPhZ5oTJFl9OiU/s21nwjhLg6tt7BHBq2tRtywuPla9fWVEcW29h613VH\r\nRPRQz4rqY2ZLTPb5+9k43AttoWBVS1Dhum6QvoaAYpuZIbF1WFIdAYWU8sy2C7DRJnZhdgwm\r\newYYQyIaCiECIdYbZ57n0Xg8JlqfRfJTCHFv5mP8XC6XT67rvqV1MLFPeuNx40yBh6Jfl8UE\r\nxrbfzZcuPIfbnurIcU/bwXFARJ0sqE1Lup9o//QgOjmgkFqCCrJvsR20Bd1VpkjKeuooMxdq\r\nczyljEAw2nwzMW/WF3RggGGRBBqTzYCjqI3JfRen/nnl7FLMTvl9qtalVEeGOW0Hg4VqB9rK\r\n1BntHYgTrXd2mPkKwQQUVVdQYRtEM696EU0lpRwRkXUWRRzHf9X0Bx5Yrs2z7lxCgFFY8kJY\r\n1rAdKeUwY+bBlzbnl7uW6rDRWt+nA9M9TvFtDTNTIilYHu7ztRspDtRLwN4qDyrMNvrWJwOt\r\n9bzqtTTRxhkU1tbRGl/MbYeWFfr0X0WAUeULoeu6M8v3f2prLUWHUx1boih6UEo9pWevSClH\r\nbd8pPaRzI2H+fq4PLVoGSFQeVBTZRu+znFNHozpHYds+za1Wq/m+j7MZYBA9b80OaR20DGld\r\nX1H4k6Ppjb+uasiU2aWwdcC0rnCtB6kOK2aeCyFejKMfDAYBrestWuXQeSxEv9KDVOHfD3Rf\r\nHemPwHJtXvEaGsm0jloDCq11UMOSiOj5k+wLzPx0ih0B86nonlKFcubFcsTMI7NrE9A64Pid\r\nmaONostK38g9z7PNpHjSWrcqHdCHVEcWIcQ9Eb1JXWtVXcUhnRuJU3U/AdjUEVSgnsLCnE0w\r\nTV83b1jTOj8Fmzf29LV5md/T/Hvn1KDnhgmugvR1Zt5rAmed+pTqyDEnonRNzBvf96dNLkg8\r\ntHODaB1IENE1DvWCslUeVGTUUzxUvY4mMa2jW4V/REQNabMNLNfmFa+hdhnFmY9t+CTf11SH\r\nTUax5pkQ4lIp9Upr/VdT3niP7NyINgqWH8pZIcBLlQcVzBylC/Tams88BSnlyDbmmWg9WKoB\r\nAQXZCirNFnJv5O1SVL2WffU51WETRdFPpdTWECwiIiHE1HXdkZSytr89dG5Am9URVFwJIV4c\r\n6mMK3zr/YpaWnH9iu42ZPzZhK9YUJg7T17v8STaDrZbisQm/oyzm+WWt09nU8VSHldZ64rru\r\nPCNgHrmu+833/dLbt6WUZ57nSSIKmHlERKMDAwl0bkAjVB5UrFar6/RJgUKIkZRy2KfIelfr\r\naFOOYza7SC+Yw7d6w6SnhpabptWupDil1ISIrM+vRB9SHVmiKPoppQxc172wdfOUkQ7ZFUCk\r\n65byoHMDmqryoML0idtSIBPq0W5FU1tH0zI+5fbq01BGLcVtU9+MlVKfhBCZMzP6lOrIYwKF\r\nqe/7cyHERXp2BdHh6ZBTBhCb0LkBTVfLRM2+p0ByWkcf62wdzdDrbh3TlTO03DSrdiW7mTey\r\nr5Qzr6CPqY5dFovFlZTy3nXdq0PSIWUFEAl0bkCb1HL0uZRy6Hnej/T1PhxB7Pv+eTr9Q9Tc\r\nA9X6fFR01tHmcRzfLBaLvecDlMnUT3zNysf3OdVRlPl9W9MhCfOB6IqOqIEoAp0b0Fa17FT0\r\nNQXi+/7UFlAYk6YFFBlDrwodS94FWYeGrVarRo3jNs8rawcR0ToIWq1Wtc46aYOi6RAytTTH\r\n7kAkTMCXnMR7j8AP2qyuA8V6lwKRUo7S/95EHMfvFovFvOIlFRFYrs0rXkMtdhxt/lD9iuxM\r\nKm2adbs5gK6Tf1Nl2ZUOOQYCCOi62oKKPnWBmL7zbxmdHp8b3JYYpC8UPUSs7cw2eGOPNjdb\r\n9dZiX6Ln7oBJQ4PVxoui6D6vO6QIBBDQR7UFFX1JgZgX/685raON2kpP2fqUdsghYm2TdWgY\r\nM39sQsBr0lLW5xTR81kxkyastc2KpEMSCCAA1moLKoj6kQIx1fhZh4Q1NqAw6ZqtN62m1X2U\r\nIedo89qfl2Y6ZuY6TKA6rXBJnbeRDrkQQrxCAAGQrdagouspEKXUJdlTCI+m06OxhXODwcAW\r\nCHV+6JVSKmji0eZFzu4wtTlX1a2qP0wwHdS9DoCmc+r85lEUPZio/wWTAmk13/fPc04dnTQ5\r\noCAiEkIElsvzipdRuYxBV7XuUiTj3LMCCmZ+Wi6XfyCgAIC61RpUEK1TIOlrhxZGNUXbWkcz\r\n2Kre51Uvoko5h4bVNixKKTXZUZB5q7UetuQ5BQAdV3tQsVqttsbNmhTIXsf8NsWu1tE25F9N\r\noaLtiPpOv3HlHG1+VcNyaDwefxBC5BVkfg7DsNFpNADol9qDiqwUiOu6uScrNlGLW0dfsKWf\r\nmDnq8puXlHJIDTnaXEp5ppT6ShmjwJn5yQSojS30BYB+qj2oMGyfgIOqF3GMvNbROI5v2vQG\r\nkNFOeVXDUiqTFUhVHQia+onvQghrXZHpGgraEqACQL80IqiwDVQyc/Vbwxxjbm0dXa1W0xqW\r\ndJCs1IctTdUlTQikfN+fmp2uoe32OI5vmng+DABAotaW0oQQYutF8tTjcctkRiXbPuk+Nb11\r\nNC0n9fFQw3IqIaU8qzuQKnBc+cfFYjGraj0AAIdoxE6FrXhRCDFsQ7Gm7/vTnNbRVgUURM34\r\nxF61jECqkoPTTP3E96yAgpmfmPnPMAxnZa8FAOBYjQgqiJ7H3L7Q9GJNpdQk53TIadu2qfua\r\n+iAiW/1C6f9mUz/xI6ddNNJaj8Iw7PrPHwA6ojFBBbWsWFNKOSIia0BhKvNb90bQ19SH4zhv\r\n0te11ldlfl/f96ee533PaRf9Yna6HspcBwDAKTWipoKIiJnnlq33oI617LJxQqT1kLC2VuYj\r\n9bFmUh+l7DIVHLeN48oBoJUaE1SsVqt7x9naOGlcsWZeQBHH8c1isZjWsKyjIfXxQin/ZjPH\r\n5GveceXo7gCANmtM+sP2QiqEODNDiRqjK62jaX1MfRARCSFeWS6fPKhQSgVm/kRe/QTGbQNA\r\nqzUmqCCyn4LZpGLNLrWOpvUx9aGUmqR3nJj56dSj1M24bevulvmeX8IwHLX5+QMAQNSg9Idx\r\nT0TpT44jqqASf5eutY5uQurjhZP9m02q7DLj+yTtoudtrcEBAEhrVFDBzPdCiPTloIalvGA+\r\n0XamdTStr6kPItrq+qATBRWmXdSaKiNaF4NqrdtyYi0AQCGNSn+sVivbC2ytxZo7Wkf/amPr\r\naBpSH2sm9XH079P3/fcFjisfIaAAgK5pVFARRdE9Mz9tXjPFmrXUVeQdEmZaR1vf9tfj1Edg\r\nuXbUvzk5XdRxnIuc+omPOK4cALqqUUGFsfXpbTAYVB5UbLSODtO3MfNtGIbTqtdUBqQ+fmHm\r\n+aEPttHdkVc/gXHbANBpTQwq5ukLWdvIZTIDiqyto1pr6xtHG/Ux9SGlHNmCxUN3Zza6O7Ye\r\nk+jXceVdSJUBAORpVKGmYcszVxpUKKUucjo9Jl3Zuu5r6sN13Wn6WhzHN/v+XqWUQ8/zLimn\r\nmJiZP2utZ115zgAA5GlcUKG1vvc878W1jAFFpTCto+/T1zdaRx+qWkvZkPp4Ya9ASik1oXUB\r\nb1btxBMRTbE7AQB90rj0RxRFD+liTaLnLoxSKaWCrFNHmfm8a9X6SH38UnR3xhRjfhJCWAt4\r\niX51dyCgAIC+adxOhbE1BMsUa5b2pm6Clq+228wBT1dlfe869DX1MRgMgvQ1Zr4tkp7YNXvC\r\nPNZHFGMCQF81bqfCmKcvCCGCsr5ZH1pH0/qa+sjYndkZSBWYPfHIzK8RUABAnzV1p2JORB9S\r\n10oZgtWX1tG0PqY+iOydRHm7M8mo7axWUaJ1kedqtZqiGBMA+q6RQUVGsWYpNRV9aR3d1NfU\r\nR5as3RmlVEBElzmtok/MPOviThYAwCEamf6IougnMz+mr5sX+ZPpS+toWl9TH/soOnsCAQUA\r\nwC+N3Kkgej5c7PfUtRFZ6i0OkdU6SkTUtdbRtL6mPorA7AkAgMM1NqgQQtxTap7AqVIgUspR\r\nVutoHMfvutY6ugmpj2yYPQEAcJzGBhVkL9Y8egiWaQv8ZruNmT92rXU0DamPbUqpN0QUCCHO\r\ns+5jZk9M+/xzAgDYpZE1FUTrYs30NSHEUCk1O/Qxk4Aiq3W0D+2ASH1sE0Jc7wgokpNFHypc\r\nFgBA6zQ2qDDFmrfp60KID4dM19wRUERdbR3dhNTHfjB7AgBgP40NKoiItNbWT4+u61rrIbL4\r\nvj/NCyi01sGBS2wVpD7WaYwi94vj+MaM2p6XvCQAgM5odFARRdE9M39MXxdCjIqmQXzfnzqO\r\nc5kRUDyaPHkvqviR+iDSWk/zAgtmfjJj2TvbUgwAUBZR9wKKUErdCyG2Jmoul8s/8jo1koDC\r\ndluyQ9GXNw7TKvkjfX25XP67TzsVCTMpM6B162gghJCmGLNzB8cBAFSlyd0fz7TWU8/zvqev\r\nmzTIH7avMSdJWtMnfQsoiJD6SDO/+2va88hzAADI1uj0R2LfNIhS6jInoLjtW0BBhNQHAACU\r\nrxXpj0SRNIgJKKa2rzdto9bbugypDwAAqEIr0h+JvDSIlPJ13mmSfQ0oiJD6AACAarQi/ZHI\r\nS4O4rvsjJ6D43NeAggipDwAAqEar0h+JrDSITRzH77o+ejuPlPLM87z/pq8j9QEAAKfWqp2K\r\nhNZ6WuR+fQ8oiJD6AACA6rQyqDBpkM9590FAsSaECCyX5xUvAwAAeqCVQYU5+2OrTiCBgOIF\r\n28mu86oXAQAA3de6oEIpNck6xyMhhHhf5ZqayhwgNkxf11rPK18MAAB0XquCCt/3p0KIr3kB\r\nBdF+Z4N02WAwCNLXTD1FrwZ/AQBANVoTVOSd42Fz6BHpXZJRT4Gx1AAAUIpWBBW+77/POxiM\r\nmV/bbtv3iPQOQj0FAABUpvFBhVLq0nGcC9ttycFgYRjOjz0ivWuy6inCMJxXvhgAAOiFRgcV\r\nBc7xGCX1AWEYzpg5St+vr2mQjPkUt3WsBQAA+qGRZ39IKc9c1/2078FghxyR3mGB5dq84jUA\r\nAECPNG6nwgQU3w45aXTfI9K7TAiBegoAAKhUo87+2AgorOmKOI7/WiwW1vqKTUWOSO8yKeXI\r\ntmNzd3fXqN83AAB0S2N2KqSUwx0BxbsiAQVR9tkgfekGsc2niOP4poalAABAjzQiqJBSjlzX\r\n/b4joLgq+nhIg6CeAgAAqld7UGECCuvYbWZ+YubXh5zj0eduEFs9xWq1mtewFAAA6JFag4pd\r\nAUUyg+LQx+9jGkRKOUr/PJn5qQ+1JAAAUK/aggrf96ee533PCyiOfSPsYxrEdV3bfIp5DUsB\r\nAICeqSWoyDvHw0zJHJ3qk3UP0yCB5dq84jUAAEAPVR5UFAgogiiKHk75PfPSIFLK3BNP2wb1\r\nFAAAUJdKgwpzjseugOLkx3LnpUFc1/126u9XF6VUkL6GegoAAKhKZUFF3jkecRzflBVQJHLS\r\nICOlVFcKNwPLNRx1DgAAlagkqNh1MNhisZiUGVAktNZTZn5KXxdCTH3fPy/7+1cgSF9AkSYA\r\nAFSl1KBCSnmmlPp+yDkeZTBpgK3uCCIix3E++b5f2VrKgHoKAACoU2lBxa5zPJj5Y5UBRSIM\r\nw3kcx+9stwkhPrW1I0QpZWslfTx10SsAAECWUoKKAgeDvQvDcFbG9y5isVhcMfPn9HUhxJnr\r\nut+klMMalnWswHJtXvEaAACgx04eVJz6HI+yhGF4zsxf0tdNYPG1ha2mW6kP1FMAAECVThpU\r\nmB2Kr0KIYfo2c47Hn00IKBJa6/OsjpA2jfKWUp7ZgjjUUwAAQJVOFlRspDyG6ds2zvFoVHtj\r\nFEU/tdZBRkfIpC2tpq7rBulrqKcAAICqnSSoyKuhONU5HmXZEVhMW9JwH7I/AAAEp0lEQVQR\r\nEliuNSqAAwCA7js6qGhzQJEw65vabnMc59LWWdEU4/H4gxDiveWmedVrAQCAfjs6qHBd97LN\r\nAUUiDMPrrFZTIrpsWquplHKklPpORDPb7VrreaULAgCA3jsqqDCTMm3zEVoVUCRMq2njO0LG\r\n4/EHc2x81gyQ2yomlAIAAGwSh35h3ujt5XL5R9sCik1KqbltOiUz32utX9f1hm3ada07Q4ky\r\nD2YDAADIc9BOxY6zPD56nvdpPB7zeDxu5SAprfUkp9X0Ux1r2rU7QfQ8pXSEgAIAAOqw906F\r\n7/vnjuNY31jjOH7nOM5betmNML+7u3t94PpqI6Ucuq57L4T4R/o2Zv4chmHpB5Appd7Q+mc5\r\nsbXqbqwn0lpP27w7BAAA7bdXUOH7/tRxHOvshjiO3wkhHoQQ39K33d3dHZxmqZNJN8xtgUUZ\r\nk0GllKPBYPDKcZwJ2dtEt5jdidkp1wEAAHCIwm/2OwKKvxaLxYVS6koI8XbzNma+DcMwOHKd\r\ntcn7dx9bO2J2Q17Rr92IwoWg2J0AAICmKRRU5L2xJseXSymHnuf9SN/elLM+jqGUmgkhPtS9\r\njgR2JwAAoIl2FmpKKUe7AgoiItd1t2oMmPmx7QEFEVEYhjNbq2nVmPl2uVz+gYACAACayM27\r\n0dQUbNVIEL0MKMz8hreWu10du8CmCMNwqpQaCSFkVd+TmR+JaM7M89VqdY2uDgAAaLLMoCIJ\r\nKGx5/jiObxaLxTT5/8FgME3fzwzAujjpamumtQ5M4WZpgUUcxzdENF+tVnPUSwAAQJtYg4q8\r\ngIKZo9VqNd28lnH2ROc+WUdR9FNKOXFd98o2HOsQZh7GnIiuwzCcn+IxAQAA6mANKjzP+0RE\r\n1oAiPa1RKWWdoaC1np1umc1hjhMPal4GAABA42wVaiqlArK8aWaNf7btUsRxfGPefAEAAKAn\r\ntoIKW+skMz/aAgpzcmdgeYxO1VIAAADAbi+CiqxdCiKa2uojstpIURsAAADQPy+Cioxdiltb\r\nkCClHKanZ5r7z065QAAAAGiH56AiZ5diZvtC13Wn6WvM/NSFYVcAAACwv+egYp9dCsPWRopa\r\nCgAAgJ5yiPbfpfB9f2vYFRFR14ZdAQAAQHEO0f67FBn3/9K1YVcAAABQXJL+CCy3/cOc6fGC\r\nUirIGHaFXQoAAIAec4jWuxLpG4QQI9d1t04nzdrVwDkVAAAA/eYQEWmtz5n5KX2jEGKilHoO\r\nLKSUQ7LvamCXAgAAoOccIqIoiu611kFGYDFVSs2IiFzXnaVvN8OurkteJwAAADTcIPmP//zn\r\nP//722+//a8QYpK+kxAi+Ne//vUkhPgfIcT/2byNmf/6+++/kfoAAADoOZG+4Pv+1HGcrVoK\r\nG2Z+0loP0fUBAAAAg/SFv//++/633377pxDi/xb4+v/3/ft3pD4AAABg+5RSIqIwDM+Z+cuu\r\nL0YbKQAAACSsQQURURiGU1uracIMu3ooZVUAAADQOplBBRGR1nrCzFHGzVenXw4AAAC01Vah\r\nZpqU8sx13XshxO/JNTPCOyh1ZQAAANAquTsVRERRFP00Oxa3ROuAQmu91XYKAAAA/fb/AaZX\r\nLJiHNoXcAAAAAElFTkSuQmCC', 0, '98', 1, '', 1, 2, 'submitted', '2016-07-18 17:15:08'),
(23, 20, 3, NULL, 0, 0, NULL, '', NULL, '', 0, '0', 1, '', 1, 0, NULL, '0000-00-00 00:00:00'),
(24, 21, 3, NULL, 0, 0, NULL, '', NULL, '', 0, '0', 1, '', 1, 0, NULL, '0000-00-00 00:00:00');
INSERT INTO `final_drives` (`final_drive_id`, `student_id`, `course_id`, `has_corrective_lenses`, `has_permit`, `instructor_id`, `final_drive_date`, `final_drive_student_signature`, `gif_code`, `final_drive_instructor_signature`, `final_drive_total_deductions`, `final_drive_total_score`, `final_drive_template_id`, `final_drive_comments`, `final_drive_hours_driven`, `final_drive_hours_observed`, `final_drive_status`, `last_updated`) VALUES
(25, 22, 3, NULL, 1, 2, '2016-05-29', 'iVBORw0KGgoAAAANSUhEUgAAAjwAAADICAYAAADskzu8AAAABGdBTUEAALGPC/xhBQAAIABJ\nREFUeJztnU1228bWrndRQPvoG0GYEZTCYvsaGUGUEYRu30aUdQcQegSWRyBpBJZHILof0MII\nTLdvI3abIPbXUNGHBneBAImfAvg+a2WdoyJFlimSeGv/vJsIAAAAAGDgKCIirfU4CIK3Sqlr\nIlqs1+vfkyT52vHeAAAAAABqYUREFIbhnRU7RETRxcXFfXdbAgAAAACol5H93+iHxdHot/a3\nAgAAAADQDKPDdwEAAAAA6DcQPAAAAAAYPBA8AAAAABg8IyIiZk7yN2itr9rfDgAAAABA/Wwj\nPHst6EEQXLa8FwAAAACARkBKCwAAAACDB4IHAAAAAIMHggcAAAAAgweCBwAAAACDB4IHAAAA\nAINnK3hW+RuYedzqTgAAAAAAGsIpeJRS4zY3AgAAAADQFEhpAQAAAGDwQPAAAAAAYPBA8AAA\nAABg8EDwAAAAAGDwQPAAAAAAYPBsp6XvDQ8lIgwPBQAAAMAgCIiIlFLPwm1XLe+lNrTW4zAM\n74goYubHNE1fJ0kiiToAAAAAnAFB1xtogq3YISJSSl1fXFwoIrrudFMAAAAA6Iyh1vBEuz+M\nRqPfOtoHAAAAADzg5AiP1voyDEO9u8bM47xTMzNfKaXydUHRzu1fd1JrC7v2rJT6ul6vvyRJ\nsjp1rwAAAAA4TyoJHq31ZRAEvxHRjVLKWeOjlCq1lrv9kv4rgKLd3wnDkKbTKUQRAAAAAI6i\nlODRWl8FQfAnEV0LUZrWKCmKnomImZnUIZUFAAAAgLOgSPD8xxjzBx2I5vjGdq9KqRfVQ0TM\n/P+73RUAAAAAuuR7BGQ6nXKXG2ka6zW0IKLHNE0/oE0dAAAAOB9qETzM/DH389e8tw8zr5RS\nq921NE2ft8JDaz0OgmBML4aH24hSZP/3Sin1n2P359jzMzPfbzabD6j9AQAAAIZNZcHDzN/o\r\nJUpymySJZFjYGE2JImZeEdGjUurxn3/++Xjo/gAAAADoF6UFDzMnzHy72WwefU0Haa3HFxcX\r\n/08p9X+PLVi2qa9HehF1H339twIAAACgPN9FgTFmoZR6tXtjl9GcYzHGREqpp23BMhERM29G\r\no9FRnkPM/MjMC6S+AAAAgP7yXfDYdNG9UupVH6I5LraCZ3fN1hjN6WW8xLVS6qdjHtu2vN+i\r\n6BkAMFSEWYR/4bAHhsDgfGpcgieO42j7s019XSulZkopvfcgB9imvdI0fdeXyBcAAJRBiPYv\r\n/vnnn1872xAANTHE4aF7xohWoHzHnlZuiehWa315cXGxjfxEZQqfrQHiLAzDmTEGUR8AwGDI\r\nlzZQbjYhAH1liIJnzyQx3yK/ixUp9/Y/MsZc00vqKyqT+rJGh/dBEHw1xiDqAwDoLVrrzpz0\r\nhwjSg34xRMFzEnEcP9JLl9Z2pMY2+lOY+kLUBwDQd4Ig2Dsw5n3WQHmCILgnoldEREqp6zAM\r\nL4kI6cGOGHW9AZ9JkuQ5juN5HMdX6/X6F2Z+sJ1rhSilrpRS90EQfDbG3GmtezOaAwAAQD0g\r\nPegXEDwlseJnlqbpOMuy18ycHPodpdSlUmoWhuEnY8wnY8wfCBkDAHyFmcfCGqLUYBBA8FQk\r\nSZKvy+XyHlEfAMDQUEqNhTXUJB6B1nqcX2PmLx1sBVggeE7g1KjPdDp9gvABAIDhYccg5Vm1\r\nvA2wAwRPDRwb9SGiKAiCO6S5AAA+wMxS0fKqg60AUDsQPDVTNeqjlLoKguCp6D4AANAGtts0\r\nv7bqYCsA1M4QBU8krC1a3kOlqI9S6soYc9f2HgEAADQDCsD9Y4iCxzuEqM+e8FFKzSaTyU0X\r\n+wMAACKxjZrSNEXR8hGgANw/IHhaZBv1oRcn5z1Go9HbyWQya3VTAABQAMxTwVCA4OmAOI4X\r\nWZa9lm5TSr1F5xYAoG3QPAGGDgRPRyyXy3tmfpdfV0pdBkHwhC8fAECbYKxE7RwcZA3aBYKn\r\nQ+I4vsmy7EN+HaIHAAB6T6VB1qB5IHg6ZrPZzKTWdduujs4tAEAroKsIDB0Ino5JkuRrmqaR\r\no3Pr2hhz28W+AADnBbqKwNAZouDR+QXf2yoPiJ4/0bkFAAC9AyUJnjE4wSM5hfahrTJJkmdm\r\nFn14RqPRnTEmanlLAIAzAmMl6kUptXf4juN40cFWgGVwgqfPLJfL+yzL/nLc/B7t6gCApsBY\r\nCTB0IHg8Y7lc3jLzQ35927mFSA8AAABQnUEJnqG0ccdx7OrculRKPaGmBwBQNxgrAXxCa31p\r\njPnDGPNpOp3ydDp9OjXLMSjBEwRBlF87NK3cV2wRs7h3W9Pztu09AQDOiz7UP/qIFImHiWM5\r\ntNZXxpi7IAg+K6XulVJbkROFYfhpOp3+fexjBzXt0RciYW3R8h5qIUmSr1rrWRAE91Lxm1Lq\r\nxhgzTtP0Nb6UAACnMJToOOgn0+n0FTNfE1G0I3BczI0x1/baVykCOagIDxHthWSpp4KH6KVz\r\nqyjSo5S6hiMzAOBUMFYCtInWemzTVe+NMf8S0UIpdVNC7BDRizHvMdGewQgerfWl9GKlabro\r\nYDu1kSTJ1ziOr6RCZqLvjsyf0cEFAADAZ7TWl9Pp9CkMw2266lrqDqzA3Bjzqez1bzCCx1W/\r\nM5R0TxzHM1fL+raDC8XMAIBjwFiJ2omEtbMuANdaXwZB8ETyayPCzN+Y+YGZ37juYw/9pa5/\r\ngxE8NKD6HRfL5fI2y7LXDkfmy9FodDeZTP7sYm8AgP6CsRKtcNYCMgiCedmUFTMnWZa9TtN0\r\nHMfxLI7j+Xq9/qWgvOPSNvPcFZV4DEnwDKp+x8Vyubx3jaEgIhqNRrfGGAwdBQAA4AXGmGul\r\nlPMwzszfsiz7kGXZ6/V6/XMcx1fL5fJ+N0OTJMmzLe8oivbMbF2rKKwGIXiGWr/jwhYzjwvU\r\n7szmNVHMDAA4CMZKgKaw16G9Q7hNV71j5l/jOL5cLpfXVuSsih6vRLTnKggCMdIzCMEz9Pod\r\nie3A0SzLPki3b/OaKGYGABwCYyXqRRKQdKY1PGEYvpfeX8w8j+P45pj5YjsdzM5mnjAM3+fX\r\nByF46AzqdySSJPm6XC6vmfmddLv9o8OgEAAAWsTReTTYA7iLyWRyQ8L1OcuyD8vl8vaUx7Yd\r\nzDNXXSsRRfnyjqEInrOo33ERx/FNlmWvHTdHiPIAAIrAWAlQN1rrq9FotHfgZuZvm81mVtfz\r\nFNW1KqVmu91bvRc851a/42K5XN4z86/SHz0Igpsu9gQA6C9DLgkAzVOQXbiu+71lHZevpdts\r\n91ZENADBc471Oy7iOF4wsyRufkMBMwDARd5V2VUbCEojHcJXHeyjE+z1JsqvM/O7Y2p2yhDH\r\n8aIg0/Fea33Ve8FDZ1q/42Kz2TzmozxKqcuLiwtR/QIAQJqms63IYeaPm80GUeETUEr9J792\r\nqPtoSDhGlXyJ47jR95XNdOwVMiulLsMwfDuE4aFnXb+TJ0mSr8aYRyL6Y3fdeiDcd7IpAIDX\r\n2IsxDkWgLiJhbdHGE8dxPDPGjIW6tKjXER7U78ikabpX/a6UukLxMgAANM+5pwgdvk6tFcGn\r\naSrX87S1gSZA/Y5MkiTPkikTipcBAKB5hBThrOMttYpSSgtrrQkeR0rtY99TWpGwtmh5D17C\r\nzLdKqby75W9a68tzF4QAANAk55witJmXcX69qWLlKvQ6wkOo33GC4mUAAABt44iuiGMg2qa3\r\nggf1O8XYKM5jfr1ogBsAAABwIpGw1raJpbSHRW8FD+p3DoPiZQAAAG3SdcFyEb0VPIT6nYOg\r\neBkAAECbdF2wXESfBQ/qd0rAzNKANjgvAwAAqBWPCpYjYa2/KS3U75QDxcsAAADawOeCZaKe\r\nRni2g8B2YeYvqN/ZB8XLAAAAWiIS1rxIZxH1VPAQkZSOWbW9ib7gKl7uYi8AAACGiS8Fy8JY\r\nCYrjuLcpLelivWh7E33BFi9/ya+jWwsAAEBd+FCwXFSf2kvB41CRqw620idW+YUgCMbtbwMA\r\nAMAQ8aFgWapP3dYR9VLwKKV+EtZWHWylT0gqGxEeAAAAg0EpFQnLC6L+Ch6pQ8ubwigfcUTA\r\nxi1vAwAAAGgSp2VN7wSPVHfCzN/QoVWMI486bnsfAAAAhoeje/pjm3vQWo8dabVHoh4KniAI\r\npIIkRHcOkKbpSljeKzADAAAA+sjFxUWUX9sVXb0TPOR5n7+vJEmyyq8ppS7huAwAAGAgSIa6\r\ni+3/6aPgGecX0KFVDsdcLRQuAwAA6D2S/w4NTfD4MpjMdyRhyMzj9ncCAAAA1IfW+kop9UPG\r\ngpm/7bbF907wSArOUZ8CckjCUCrwAgAAAKog+eNRi+Umjvqdxe7PvRI8WuuxtC7Vp4B9HBEe\r\npLQAAACcRD66YmmzezoS1ha7P/RK8EjOwG23vfUZyZxRMnEEAAAA+sRoNPotv7bZbBY/3Ke1\r\n3dSAIxqxansffUUyZ8QQUQAAAH3G4QH0LUmSH655vRI8jnqTVbu76C9Jknxl5m/5dVeqEAAA\r\nAOgBkbD2mF/oleAhTEmvg70oD4aIAgAAOJFxfqFFy5hIeO5Ffq1vgmfPGThNU4yUqMYqv4DC\r\nZQAAACcyzi+0MdRba30pdW/n63eIeiR47D9qrwo8n6MDB1nlF9CaDgAAoI8EQRDl15j5i9S9\r\n3RvBIzkCS87B4CCSQESEBwAAQB+JhLWFdMeg0W3UCDOPlVL5tVU3u+kvaZquwjDML6M1vQO0\r\n1uMwDO/o5QO7WK/XvydJghQtAACURxonsVewTNSjCI+UdsFIiaNY5ReQ0uqGHbFDRBSFYfi+\r\nw+0AAMAp/Ce/0HSNrdZ6LFmrpGm6kO7fmwgPYUp6LSA16BXRgZ9BjWitL4Mg+I2IbuyX5IKZ\r\n3+zO2gEAHIckPJqusb24uNibjs7MiStS3ifBI6VdEP6vTiSsQTi2jMMo60sHWxk8WuurIAj+\r\nJKLrXONDpJSKjDGPaZr+hRE1APQLpdQf+TVmvnfdv9cpLZzMjiLKL0h+BaBZJCsAZobwrBGt\r\n9dV0On0Kw/CTUmrmmPVDSqnrMAw/T6fTv7XW4n0AANVp0tTWdm7vfY9K7ehbeiF4tNbSxWHP\r\nMRiUYs/LaLPZ4ELbMqhJaw6t9aUx5m0Yhp+oWppwHgTBZ2PM3qkRAFCMVBohTTCvC0c660tR\r\nGq0XgicIAunUhYtDRbTWV/lTrjRvBLSCZAWAv8OJGGOugyD4pJS6Oeb3lVKXSql7Y8wnjFwB\r\noBILYW1PlNSI9Nhid9aWXggeR/gf9TsVubi4wEXWHyTXcPwtjkRrPTbGvFdKvS/qOmTmb8z8\r\nkGXZ66IosVLqynbRAQBKkKbpfX5NmmBeB1rrS+mxpT38sJ8mNlM3Uu4d4f/qKKUiYXnR8jbO\r\nHttKKbmGrzrYTu+ZTCZ/2qiO8zTJzF+yLHudpuk4juPZcrm8T9N0zMxvCh46korLAQD7JEny\r\nLB0ijDG1R3mOSWcR9aRLi5mvBNNBRHiqsxdVIAie1pGGtTLzxw620mts99WdVLi4xUZ05svl\r\n8jZ/m21dnWut7y8uLm6lE6NS6m/CZwSAsjwSUb4G7poOpJqqcuzhvReCBxGe03FVtJ9bGkVr\r\nfXlxcfGH7dq5YuaVUmrFzM9Kqa/04njcdF1TJKytGny+wWHFzpOr84qIKMuyD5vN5uZQ5Mze\r\nfm2MuVZK5c0fI2NMhI5QAEohCR7JCflUpFTZQVHVC8FDmJJ+Mi7DwXMZZWCM+Y2IZvm0h633\r\nGO+eGMIwpOl0StSQMZ0jYnlWwvMUJpPJTCn11iV2rJ/RzXK5rHSqjOP40RjzMT95GVEeAMqR\r\npukiP7pIKTXWWl/VdYi0B5O95ps4jg9+3ntbw4POospEwtqgX0Ot9ZUx5q0x5l+l1GNRjYeD\r\nSCn1ZIx5X2fHjlJqz0QTEctyTCaT2Wg0uisQO+/SNL0q8+XnYC6soZYHgBIkSfI1y7IP+fUg\r\nCOqs46ncnbXFe8EDD57aiPILQzUczBnO3RSlPcpQtzEdUovHYYx5OxqNxM4pZk7W6/UvcRzf\r\nnBK1jON4IdVT2SgPAOAwC2Gtzm6to9JZRD0QPPDgqY2zMBycTqd/H2E4V5aTjekcAv7LuaQW\r\nj8UYc+fy1mHmJE3TqMao71xYQ5QHgBJsNps98aGUuqojSi55yRG5h4Xm8V7wwIPndM7BcNCm\r\nrz6RfLH6AWb+wszv1uv1z+v1+hdm/pWZ3zDzO2b+WDTTKmdM5+wOcuHwQlpVfZxzQWt9OZ1O\r\nn5RSM+n2LMs+WLFT23cCojwAHE+SJKumXJeDIJjl17Is+1D28+990TI6tE5n6IaD0+n0byon\r\ndB6I6NFR37HY/cEWxt4qpf4jPZZS6ioIgiet9a9VhKPDFG8hrJ09drr5E8mu1MTMD8vlctbQ\r\n08+J6Cm3FjX0XAAMjQXtZxWuiej+xMc9Op1FhAjPWTBUw8EyUZ2t4dx6vf6fOI5nZYtZyxjT\r\nKaUugyB4mkwmswrbjoQ9rir8/llg284/uTx2bPfcrKnnRxs6AMfThOuyzVSM8+tSCs2F94IH\r\nEZ5akHwQFm1vok62tToHTOfexHE8Xi6X98ekPJIk+RrH8Xy9Xv8sdR4Qvbw/R6PRXQXRcxa1\r\nVKdiDQXH0m1Zlr2O43je5PNL9QZFqU4AwH9pwnVZ6vRi5o9Vvtu9FzwED56TsKmZcX69r11B\r\nJaM6244d532qkCTJarlcXttan73cNBHRaDS6M8YUzl6y5o97Aj4Mw7d1dH8NBWPMrSRkrWvy\r\n78vl8r7pPUhu2IRaKwCqIEVeTmlP34sQMXMl+wnvBQ88eE5DKrSsqop9wdZ0HBol8CaO49pM\r\nrnaJ43iRpmnkEj1KqZkx5s4lXiTzR0sUhmHe4fcsMcZESqk/8+vM/C1N0+gEfx0AQLtIn9Wj\r\nXJft/MG9788q6SwizwUPPHhOwxgzd6QF5u3upB6CIHhbUNNRa1THRZIkX63oeZBuV0rNbDHz\r\nnuiR6tF2iOraY1+xr5kYJau57Rx4wLYDbzqdsv3vqU6DT9AtUqv41nW56mNJ3Vl2UsCqyuN4\r\nLXjgwXM89uIhnZQ/9rEg09qJz6TbmozqSNjanlmB6Nl2cF3l19vYX1+xgnacX2fmN22LHWbe\r\n2wc1lNLKXfhFsTxEbFQz2lmKgiD4BNEzDGp2Xd7zPmPm+6oP4rXgQYfW8QRBMHcYNM062M5J\r\n2C/AvZM/M39rI6rjIo7jWZZlr6XbHKJHmlYPyC1orUCft70fR2R01cRz5S7855TejPILSqnL\r\nMAwLa+FAr1gIa5W6teroztriteBBh9Zx2HynFN15qBoC9IEgCN5L7wVmvuk6zbFcLu+zLHst\r\npVrtl/enyWQyc+WggTuVZet2Zu3vqHWiAz8PjgNRnKilbYCGcbkuV3kMRzrr4zHXMq8FDyI8\r\nxxEEwTy/Zi8eojW/z7g6drIs+9BGt04ZrGdP5KovG41Gd0EQnMupvTK2EF0StPM+CvQ6OKbO\r\noU9cXFzUOUwSeIp1Xd6zc6j4/pa6s+6P2Y/XggcRnurYLhdp1tNt3zqzCjp2vmw2m1kHW3KS\r\nJMnzgQ6uQV/AjmUymdxIU+ytoL3tYk+WcX6hCYNI13wuR/3iYHB8Rw0OrfU4V5817npPHbDK\r\nLzhsH/aoM51F5LngIXjwVMbRhv4tTdMuLx6VsWkOMSqSpum1j+LtkOgp4hxN7WyaT3y/eiBo\r\nx/kFpdSq7idxzec60NHXa84pvWvrkSL7Y3Sm9UkLYa3U3z8Igr2sRJXZWXm8Fjzw4KmGdbGM\r\n8uu21sU7gVBEGIZi3U6WZX/5/B6wHVxXrg6uAlZN7MdnwjAUU1lENOvb+/UYbHQnkm5zvC6D\r\n4FA665gDg484/r75nwePFBmtIOhPmp2Vx2vBAyrzNr/AzF98qXUpizFmTrJw+9hxmqM0tm3d\r\nOYdLYNHUXnyk4G/8cC7mgkXT14cc4SmRzvL2QFMFR/RyEGKuClJkVCn106Hfs52be8L/2HQW\r\nkceC51y8KOrCNUKCiGbt7uQ0bM7WlZbrVaFjHMfzsqLnnAaIFvyNv3hUWL/3hZym6aquBy+K\r\n7hANO8JzKJ3FzL0XPAV/30WrG/EAaYxRyZSmNDvr4ZTor7eCR7LhZ+aPXezFd+yMJim60yuT\r\nQTs6wtXN5GXdTgnGZe7URH2IrwRB4Kpj8CaVJR0e6uwYK4ruWAbp2VTmIDuExpSCv+9ZRC93\r\nSZLkq9TBWqKAu9Z0FpHHggeUJwiCG8eJcN72Xk7BNSHbOikvWt9QPZQy2erxv68StitLOsy8\r\nO5fX4FB0h+glwjPEKHfBPLnvDOR9EEmLA/m3HcOeiC3q1JLSWcz87dR0NwRPz7EqWTQZ7NOH\r\ny9WezMxJV07Kp2LTjAcvWueS17eRSLGuIY5jX1JZYqt4nV10JaI7RFROHAyNIc9KlMYsnBFS\r\n1C5y3ZmZZ8LyydExCJ6eUzBCYt7Bdo5iSHU7OcrufdHkJnzBZTBIRN6IHSJ5jlZddSWu6I5D\r\n9O7dr+84ZpTt0vt0VgGLrjfQFY4axbF0X6315Wg0qj2dReSx4HF86XiR3/cF62chDVV70yeH\r\n2jAM3xa0J6/a3k8dFHxoJQaf17cmklIEz7tUlpRyq7GuRKy1k5xjh9ip5WisOAs2m82i6z10\r\nhePzM5buK9kW1JHOIiIKTn2AppA+GEMoZqsTycSqbyaDBSfed31uTy5rnW8/yIuGt+MDrvfq\r\nvIO9HEISGid/9xhj5o7ulPlms/k6Gv14/lRKvTr1OXvIousNnIr1Q9vDZ/+wpknTdBWG4Q9r\r\nBe9v6fW7r2Mf3kZ4QDEFhY+9GiHhqunw9EJYmtFoVMo6n5kXDW+lc+yFfpxf99gQU3J4X530\r\ngO5au49xHC+ki6EtXB6f8ry+McSolUDU9QZ8wxWpzxfmuyLjaZre17EPCJ7+IpoM9qnA1w6Q\r\ni/LrzNwr0ZbHXqSiknfvbRSrDEUXeh8NMW1hde0O7y5X6V3fIcl2Y2iFyyWK+IcQBTnHyNxB\r\nyry/HemsL3VFxyB4eogrNM7M8w62czTSnJQ+OkPnqTIJeuh5/TIXep9owv9rMpnMyJG2zX2R\r\nV+pkGSi9PehsOZc5YUewyi/kI37SsGiq8VDoreCRQp/n5EbromDgopcnZhcFBdfzDrZTK45/\r\n115bMzMnfS3KLkPBbLc3HtczRMLa6tgHKzAF/SKkbRfCQwzq4nmoLqlON2vgHav8wm6q2zVU\r\ntq50FpHHgkc6FZ6TG60L17RdX0/MLoIgmOfXhhDdIXKe8KST66LhrXSGzc27LvQ+F9WPhbXV\r\nsQ9W0Iq/5yrtsOA/q/TIkA8AoFjQN53OIvJY8IB9JpPJDfXvxLyHPfVKRb33be+lbgpM66Rh\r\neYOt37Hu32PhJl8LlbeMhbXFMQ/kasXPsuyD1JmXJMnKYcE/mChPkckmRgcNmzRNpc/99wYB\r\nR2S81sMRBE9PKEhl+X5i3sNRu9OrdnoXkn+UUuonh036oq19tUmBkeRH360GpIiKFHk5hI1w\r\nia34m81m5vo9qWvv4uIiqvr8HrMouG3e0h5AB7g6EYm+Hw72hP0pk9ElIHh6QhAEReZ8Pp+Y\r\nf8BeCKTCtF53Zm0pa6w25Hb0MAylVNa3NE1nHWynNFIkhZm/HfO+tA7oY+HxCiNcktfYwIpg\r\nF9Ji3wYdg+OQInxW7IgHpLpTnN4KnrpOWkPADlLrhUvtIVyDTocQ3bFEJe/ndaTjWFwdSfQi\r\naFetbqYijmGGx0R3rqRuk5KNBQvpIavuoYcM5fMPCnA0Hs3I8Z1R9/N7K3gkhhABqEpRaLyn\r\n5nxSnvZhQH9bqVZnjyG2oxd1JPXEH6oWh+VTIlyOwuWroUxOd7QdgzPBEcEUu1qbSH/3SvCc\r\nI0EQ3A4hlUX0fXr4OL/eU+EmUial1USo1gdcg2zp5QTnPQ4rjEqC54AD+urQ7ydJ8lUK+1fx\r\ndvKVgteGCtbBsCj1eWrKngSCx2NsbnNP/douj96lRBx52oehXPylDq089qTfKwuBMtj36t7p\r\n3dWR5CNKqb3UUVUrDNeolIoRroXwuFGVffiI9NrscFbt92fMwUN6k/YkEDyecmyXh68URHcG\r\nk7uXOrSE+9z0yUKgLI4LfW/eqzYdN86vVxFrBRGMqgJXes5eC4ID0Z1Bpe2AmzKfpybNZyF4\r\nPKWgy2Pet1QWkTxM06Z2BnPxP5TOYuaHIRgr5ikYndCb92oQBFF+rcgzRqKgFX9R5XGk6K1S\r\natxnP54D0R0ikv8GYHgc8GJq1HwWgsdDXOkB2+XR14hIJKzNW95D00SuG+wE+MGlsojcaZye\r\nvVdPKlguiGDMj9mMZMLXVz+eQ9GdHcrcB/ScA2aC900+NwSPR2itL40xb5VST/nb+uBjUpW+\r\n1HZUQOzQ2v7t+hLtqIIrVUnV0zhdE+UXqngl1RXd2fldqUYvOuaxPEDsWhPu1+u0HSiHy0yw\r\nDfNZCB5PMMb8EQTBZ6WU60LhvY/JOeOqASEabt2O/TfXeqHvCsn3q6x1QN3RHddzj0aj3459\r\nvK6wgliKns3yCwMzWAQFMLN0+Htu+lAIwdMxWuvxdDp9UkrdO1p6j+nyAC0TBMHeKZbo5YM9\r\nxLodosJ5WfN2d3Iajvln38oeMJoQfUmSPEtRkDKdgL5Q4Mvk/YgR0Bwu81ml1Cut9bjJ54bg\r\n6Qit9eV0Ov07DMPPdLj2Y9baxkBl7Cl2Jt2mlLq0Q18HhWtECDM/9C264/DfWZT53SaiOztI\r\noqA3fjwFvkzztvfSJhiC6qZgtBAREQVBMGvy+SF4OsAYEwVB8IkKPvjM/C3Lsr/iOL4aYjpk\r\nKNgxAmJ0Z4tS6u+htdwWjAiZd7CdU4mEtUWZX2wypecQXb2oc7HDjgchiEF9uL43dtjr5q0T\r\nCJ4W0VqPjTHvlVJPRS3MWZZ9SNP0qmddLmeH1voyCIK7Ax9gUkpdShPi+4oNO4sXsz7WmUn1\r\nO5IFfp6GoztiHY/1qxnX8fhNEobhkMbhVMJRnwJeKBwtopQaN5m2heDGwkqWAAAP+ElEQVRp\r\niclk8mcQBJ+kIaBbmPkLM/+6XC6v+3jhODeCIHiSCi0dHSh/9uFCVQYpVdHXi5mNROwJ1jJR\r\niKYLtpMkWUmeJb6LZ2PMNfV0gGwdlBHL54hN/ZeJdM+a2gMET8MYYyJjzKfRaOSaiUVERMz8\r\nJk3TK4R7+4Ex5s4hdpI0TaO86LFRnnlb+2sKKxCksHMvL2aSt02ZGoymozs7e5GivL53ax01\r\nQJaZeTqdPk2nU55Op09DOSCAFxwHhC/C/f5oqgTAS8EzhHoHY0xku6/EKMAWZv64Xq9/juO4\r\nN660544xZi4VKe/47TwT0d6Fyn6Qxy1ssTEk0daGf0ZTOGZULYp+x34/ubqPCn+3KpJniQ37\r\ne1m8bD8bY+Gmg1EppRTRf0VkJKXF+gAzr7reg28UjBbaOxwSNTcs10vBU4fNe1fYOp07ax4Y\r\nue5ni5Jfx3Ec9fFkfK7YD65ok5+mabQtME/T9Fb6IPf1S5zIPcyWXqI7fRXrewND6YDDsk3p\r\nSYeYeS072sFOT38QbvJO8BTUdpVtQ1e5n6MattU6VQfOngPSd2aWZR/ste9euH9hrc+xeCl4\r\n6ESb9y7YCp0wDD+7WpS3MPO7NE3HQ/VnGSpa66vRaCQKlizLXu9209kL1Vy4a9QnL5VdXCHp\r\nvkZ3iGSzuzRNF677G2OuXWNfGkxHS1GexsL+x+JqQy9rq8HMnF/r4/wwaYhwXw7sTeCK7iil\r\nbomI0jS9F25rpDjfV8ET5Req2Ly3ydZPxxYkz4ruy8wfmfnXOI5venwirg3fvrCL0FpfBUGw\r\nN/KD6KX+ShKvy+Xy1pGjPjhI0TdcNSt9GhCax/X+c/177P1d3UeNFRLHcfwovY+aCvsfgyv6\r\nx8zvTolgB0EwPmVfHbH3d1FKSZHEwWPNJwsPCNZkc08QNjE7zkvBc4rNe1vsCJ3PROQy2CKi\r\nl1PwNn11rkXJUiFoEAS9OL0VtZ9bX5G563eHEOWxp+z3+fWmJxs3jfT+KypYDsPwveM9MG/B\r\nK0uK8jQS9q/KdDr9u2D+3/zEh+/Fd8Qu0vWLqF8HvLqokP5dCPepXdB7J3hOtXlvAzv36hOV\r\nFzpIX/WYgvbzJI7jWdHvLpfLe+ki2pcozzay5brQd7ClTrBu2VF+PcuyD234ZUlpw649ebTW\r\nV8YYp4GqnSHnjP6VTPOMj9tdN9hIl3hN6MsBry6qpH8daa3aTTa9Ezyn2Lw3jTHmD2PMZzv3\r\nauy6HzN/27aZQ+i8IJlxSblu3zjUfl7yYebCmvdRnslkMisQOx/7/t521FrsvU9t7ZY48Xuz\r\n2cya2d2PuDx5ukpr2bE4n1wdqMyclHh/lImKjavurWOK/h5RW5vomqrpX2l2nFLqsu5uRO8E\r\nD51g894UVuh8qiB0xmgz/xHJjKvotfSBEu3npf6+cRwv+hblmUwms9Fo5ErjfWmyZqUtHIWU\r\nP7xPt+lMx0Nct/kZZ+b7/Jqja64xDkV1iMrP/yt5kO1b7UtRVCJqaxNdc2T6V+rki+rcl3eC\r\n51ib97rZ1ujsRHQKw5HM/GCNAyF0BkDZ9vMKzIU1L6M8W7Ej3WYvZmcz381Vg8DM79qux3N4\r\n8rSW1joU1SF6KeAvO/9vs9n8cB9ljXhya72pe7HprKLrRN/E21EYY+Z0RPrXIYBrNdn0SvCc\r\nYvNe5x6MMXc7xcjjovsz84M1Dpz5VGfkG5IZl5S+9IEq7edl6UuUxxjz9oDYiYYi6B3p89X2\r\n/xfUICRxHLce4eoqrVU2qrNer3855Ka8i5TGkFrTfTwUSDBz4XtCKXXZxzb7KthhyqJ9xaH0\r\nr8tks87XzCvBc6zNex3YERDvtz46h04WOy3mEDolkMy4fDy9HdN+XoG5sOZNlMfWK4lf2sz8\r\ncUhih0h+/23fpwdqEGaNb86BI631Z1MdQHVHdQTK/I533xN5tNbj0Wh0MBpxcXExWMFj0797\r\n3ZyWgyUA1rts73pfZ3u6V4LnGJv3U8mNgDh4UtoROmfbYj5U7IBXV5FuYft5GXyO8lixM5Nu\r\ns//2QYmdQ3Tcgu7EdQouqDM6iqaiOgKLEvfxXiSUnZPnuMYNgiAI3koZESuIF2Ueg5ml93dt\r\nEUyvBA8dYfN+LLtCh0oURjHzA4TO8aRpKhUtv/IhxKu1vjTGvHcNeC3Tfl6BubDWWZTH1qo9\r\nHRA74m19R6oXTNP0uesW9CJsWksSzde2duJkdrrzmorq7LI4dAdfU99bbHRtL7qTZdkH4e61\r\nt1r7gK15nOXX7XfnvOzjSH579jpRS5TPK8FT1eb9GKoIHdt19W5bowOhczyu6EAQBE9dih5j\r\nTGRdssVTRMX284P4FOWxIWjn58AW5s5a3VT3jLtuQT9EmqY30pw2pdTfp7TxWuF/5+rOI6ot\r\nqvMd6SCUx8fU9y5BENzk92jfL3vpYTv4dd7a5lrA1t6Kn5k0TSu9H21dV2Ou4t4Inqo271Wp\r\nKHS+ZFn2l20vv0GNTj04LvSXXYmerUOsqzB9217bQCpnLqy1GuXZih3XKd4aZva+9bwqrvot\r\narkFvQgbVZk5br475n20YzDpetw6ozrfsXUbhQaETRjQ1YxkDXDvisYR0Z9dGkbWTRAEYvqX\r\nXup2Vkc8pJTWio54nD28ETxVbd7LorUeVxA6H3eckfs8AdpL0jSdOU6mrYqe7XuCiusT3h3Z\r\nfn4QV5SHiN62YT9vL27OQtQsy1733VTwWBwpzdZb0A9h52u9ya8rpS6VUk/GmLuy76VDKay6\r\nozoC3z9jUms6kb9jGVyDMbfO2JJflVLqMgzDWmuuusJ6lUnX7oc4jiVfnTIshLVa2tO9ETxN\r\nYd9YUdF9dguRz/WLvg2SJFmlaRp1KXqMMdd2LEgk3W7TmL+3MOB1nl9QSjk7xOpi5yQ/zt/G\r\nzN/OWexIdNWCXoY4jueOOhFSSs2CIPg8mUyc87ZKprAemhL+O8+xyP2815ru41gGOxhTasF+\r\n2EY2bIrmnfDr0WQymTW8xUaxvkNiC/opxqSSUKqrpd8bwVPW5v0IooLnRMdVyyRJ8nxI9Ewm\r\nk9rbbO2X+1ullCv8um29vjrhZFKaglqeK2NMI6e/A3OxvqVpCsG/Q9ct6GXYbDYzV0pIKXU5\r\nGo1up9MpS/+FYfhvQbH6NxvtbiKlm/83HBRTPo6hsQOFx8JN97s/pGk6l+pSlFKtRHSbwO5b\r\nbEFP0/Tk9K8k5IMgmJ3ymEQeCZ4yNu/HIL1wEDrdckj0jEaj2zAM/zXGvDfGHG2db00k/7BG\r\nkp9cHjNE3+sTojbrtQqKT2d1FzaWETvn4p5chr68JkmSfLWp4jKDOEuxLdRvS/xKBoR5fBtD\r\nM5lMbqRGBxYGY9qL/yx/X3vA62Vqy4q9ve+SLMv+qukzIx06T67l8kbwNMVms7nZnqQhdPyh\r\nSPRsUUpdK6XujTH/GmMOFmNOp9NXk8nkTyuU/rUmkvfWSHIs/Q4zf7Hvifkp/55j2L4G0m1K\r\nqb/rCnlD7FSjb69JkiTPcRxfZVn21yHhcIg2UlgOCp/Pp9Z0Y0zk6uRzpXLiOF5Ih29rJxA1\r\nsM3GKBJ7ddk2ONrTr079ThQLxLpgMpk85p0qUU8wfOzFeKGU+k+Z+1vr/8c0TR+CIPjJFsxF\r\ndMSQuSzLPmw2m8ZD9ocoml21Xq9/OeXiA7HjZjqd7tWK9P01sd13t1WHitratZuuvm9t8evf\r\ndi+cL15m5uc4jn/pYm+72Nf3s+Pz9HtROtz+7ir/XcfMqzRNf+n6e6gMru8T+7kZ1/lvMMYs\r\n8h16zLyK4/jnYx/TmwhPkc07GC47kZ5SHXlKqbFS6sba3T/SS/FvVOU5bX3CX8vl0otW4+Vy\r\neS913BC9tEkfm9aD2KlO31+TJEm+xnE8Y+Zfy36mtmNDOj5cLopuPDCUszUKPk/vDtX+2RZ8\r\n0ZunrFNzlxR9n1CJ0RFHMM8vnOpj5E2Ex6HmfkXq6XzQWo+DILghomul1E9NPIf9cr/x8aJm\r\njLl3ncyZ+atS6na9Xj+UqTOC2DmMFOH5559/vPlOPCe01pdhGP5bdJ/1ev1zl55oxphbxzDZ\r\nj3EcRxUeZ+9aZx/H2+vdge+Td011Mjp0wdc0TX8+RmD5FOERbd672AvohiRJVnEc38RxPLYn\r\n1IcaahI+MvMbZv59vV7/jy1M9vJ9ZU/mzo4bIpqHYfj5UD0TxE458hGQOny/wHHY6Mf3TiZH\r\na/q41U3tYP12JLFT2U24wI/saTqdduo8L7Hj0+Qau9OYbYPUJWmLvefHPJ4Xpxmt9TgMw8/5\r\ndZy2ANHLB46Irg9NI7Z1CAsiWiilnn09LRVh8/wLpZQ0V+4kIHZ+xL7Wj0qpVzby50WK81zZ\r\nreOU6nhsGrr1WWb2cCHaWRxbY7dbsyTBzPdpmr7p2uW/qL7Q+u1cN/194op8HxPx80JQTCaT\r\nm3zVu1WOXild0C1a68uLi4uZ7brSNhryzMyLzWaz6PrLoS5shOa2Tkt9iB3gOyUKl9+02U25\r\nY6wXSbefKsCMMc+HDjbMfGuFT+tC/IDYSez3SeP7Kij2fozj+Pcqj+WF4DHG7Nncd6XmAfAF\r\ne7KcVe24yQOxA/qAFRhPRE7BU6lW5sR9OIWO3cvDqYN1yx5sdur33rUlfKxJq5iqalPs7OzH\r\nFRGbl61rJPJA8LjSWV0XqAHgC7aYe0ZEN2Xb97dA7IC+sFu43EVrehmhY/dR6wXf1gfNDzVq\r\n2MkDN3EcP9TxvC6MMXcFDtydpH5tlOfZ9Rox8zMz3282mw9FuqFVwWM3fSeZFu2CdBYAMvbL\r\n8aZMjY/9cjp2YjEArSN1zu3SRF1nWaFD1GyXp/1s3x461FgvsnkTwueA2Dk5qnUKRSm2HIv1\r\nev27JMpaFTx2QnV06H5IZwEAwPmx24YsRXlONeIk+h4xfUUv16KrMh4/toNv3nQjhA0K3FCJ\r\naC4zPyulHtfr9YcaXpPLMAzfk3uocqdiZ0uZuifL4p9//vk1v9i24ClU71uQzgIAgPOjRB1P\r\nZa+a6XT6KsuyK6VURESRa3iwRFtCJ48VPnOpFV7CRn0WRPQYx/HeCIsSz/XkEn5N+uxUxYrV\r\n+zINHVI0sFXB4zJc2qWtwjQAAAD+sb1OHNOpZS/er04ZOWOfpxOhk8de4OdHjAp5pJcRPB+L\r\nggeHxI6v45201uOLi4vrbcdu/naXjmi9hufi4uLe5aeCmgMAADhvtqd4Ivo/guC5V0rdkxUy\r\nzDzeGQwcnfrcvgidPE1YVRzCV7GTJy9+igqrO+/SAgAAAPIYY66VUu/beC5fhU4ea1Uxb1L4\r\ndD1ItkkgeAAAAHiH1voqDMNPTTy2FTgLInpO03TRN4dtG9WIqIQDfRWGbmMBwQMAAMBLyja6\r\nFDGEkTOHMMZcE9E1vRRlHzV4eehihwiCBwAAgKeUaXTJM9SRM2Wx9T7XRHRddiZfk/5CPgHB\r\nAwAAwEtyA16/EdH2gvxMRF/t2IVnIqI0TZ/7lpoC7fK/WrFahNAUUREAAAAASUVORK5CYII=\r\n', NULL, 'iVBORw0KGgoAAAANSUhEUgAAAnsAAACxCAYAAAC82HtsAAAABGdBTUEAALGPC/xhBQAAIABJ\nREFUeJztnbt228jWrVdRYNzamR1tdrazUqMYnMz0EzT9BE0/gdVPYPoJLD+B5PBEkrOTmcp2\nINBCdjJLkcJfilnE+gMV1DBYhQuJKzm/MTxsgxRRIkFgYl3mIgIAAAAAAHuLaHsBAADQBFLK\n4+FweElEE2a+0lq/D8Pwse11AQBA3QzaXgAAADTB0dHRBRFNiIiEEFPP875LKY9bXRQAADQA\nxB4A4CAYDAZ/Jv8vhDjxPG/ezmoAAKA5IPYAAAcBM1+ntwkhPiilpm2sBwAAmgJiDwBwEGit\nT5n5yfLQOdK5AIB9BmIPAHAQhGF4y8zz9HYhRNy4AQAAe8lR2wsAAICmeHh4+O+rV6/+EEL8\nJ/XQ6PXr1+Lh4WHRxroAAKBOENkDABwU6/V6ZkvnCiE+SilP2lgTAADUCcQeAOCgMN561qYM\nz/MuUb8HANg3kMYFABwcDw8Pd69fvxZCiElyuxDieDAY/Ofh4eH/trMyAACoHog9AMBB8vDw\nsHj9+vU7IcSr5HYhxH9evXp1//DwcNvW2gAAoEqQxgUAHCxa66mjfu+zlHLUwpIAAKByIPYA\nAAdLGIZ3RDRLbxdCHHueBzsWAMBegDQuAOCgeXh4+P+vX7/+XQjxSyeuEOLV69ev//Xw8PD/\n2lobAABUASJ7AICDx0zXuE9vN+PUJi0sCQAAKkO0vQAAAOgCUsqT4XD4I72dmR+11r8byxYA\nAOgdiOwBAAA9j1OLoujv9HaMUwMA9B3U7AEAgOHh4eG/r1+/fiuEGKUeGr169erp4eHhvy0s\nCwAAdgKRPQAASOCyYxkMBp8xTg0A0Ecg9gAAIEHOOLVzjFMDAPQNpHEBACCFGaf2LyHE/0lu\nF0K8GgwGrx4eHr61tDQAACgNunEBAMCBUupWCCHT25n5XRAEV22sCQAAyoI0LgAAONBaz2z1\r\ne0R0jnFqAIC+ALEHAAAOwjC8ZebT9HaMUwMA9AnU7AEAQAYPDw+3r169+kMI8Z/kdjNOTTw8\r\nPCxaWhoAABQCkT0AAMhhvV7PHOPUPmKcGgCg66BBA1SGlHI0HA7PiWhiNi1Wq9U7jJkC+0DG\r\nOLU7rfUfOM4BAF0FkT1QCVLKE8/zftA/Qo+IaIIxU2BfMPV7n9LbhRAjz/PO21gTAAAUAZE9\r\nsDNG6H0XQljNZm9ubnCcgb1BKbUQQrxJb4+i6O/BYPAj8f+TwWBwTETEzKN4BBszHwshCk3i\r\nYOZbIjrTWn9D5BAAsC24CIOdGY/H3+nXiN4LzHwdBIH1MQD6iJRy5HnerRDit6b2ycyPRHSl\r\ntf4ShuFtU/sFAOwHEHtgJ1x1TEREzBxqrSeISIB9Qyk1FUK0VaKAWlgAQClQswd2wvO8DQ8y\r\nIiJm/hQEwQkuSGAfCYLgipm/tLR71MICAEoBsQe2Rkp5LIT4K72dmb8GQTBvYUkANIbWes7M\r\nYUu7n7S0XwBAD/HaXgDoL0dHRzPbdlNUDsBeE4bho5Ry4nneVdywYcRfHM2+M3+ImR+FEC/f\r\niyAIFnmvbxqfTolo2mR9IABg/0DNHtgapdTPuMMwCTO/LXIxAwDkY/wrf6a3o8sdAFAUpHHB\r\nVpgC9ZHtMQg9AKrD87xRehszX7ewFABAT0EaF2wFM8+E2Aws4CIEAGgC4wTwmZ7rFxer1ep9\r\nGIZ37a4KgG6CyB4ojZRyNBgM/kxvZ+YnrbW1OxcAAKpCKTXxPC/p7zkxoxoBABYg9kBpXCdV\r\nZp7D8BUAUCe+78+EELaJPZM21gNAH0AaF5RCKTUny0k1iqJvy+XyrPEFAbDnmFFr6W0H6V+p\r\nlDoXQszaXgcAfQNiDxRGKTURQny0PbZer2cNLweAg8DWCJW0cTkEpJTHxkh64npOi56HAHQe\r\npHFBIaSUx0TkSt9+xaQMAEAdGL9B5/ztBIv6VwNAP4HYA4XwPO/cZbWitUb6FgBQOePx+ONw\r\nOPwhhDgp8PSr2hcEQE9BGhfk4vv+qRBianuMmUM0ZQAAqsQYSZ9TwaYLZn6CvycAbhDZA5lI\r\nKU9cdXpERMyMqB4ANcLMG1EtZr5rYSmN4Pv+B8/zflCJ7lpmXtS2IAD2AET2gBMp5bFJ36Yt\r\nDojo+W56vV4jdQJAjdi+f0KIuxaWUislmjD+bXlPcB4CIANE9oATz/PmObUyV2jMAADsilJq\r\n6nneT8oWep+I6NQmftfr9aK+1QHQfxDZA1bM7NsPWc9BYwYAYBcS2QNrTTARETPfE9EsCILF\r\neDz+bnn8GmPSAMgGYg9skGWzEoPGDADALiilJkR06SoTISJi5i9a63kYho/m+RPL0+a1LBCA\r\nPQJiD2xg6macJ2AiNGYA0BRCiDfpbVrr3t5omWjeRyGEc442Mz8R0TTZYWtrFGPma3ThApAP\r\nxB74Bdc4tCRozACgXfpaK2uic07PTqLn0Yvr9XqW/B0R1QNgNyD2wAt5NisJ0JgBQANIKUdt\r\nr6EqxuPxR8oQZyaaN1sulxs3kojqAbAbEHuAiF5SK5dFnovGDACa4ejoaKNxoW8zYM24s3Mi\r\ncnb2M/O11npqu4lEVA+A3YHYA0RE5Hne56zUSgwaMwBoDiHEX+ltzHzRwlK2Ip5rm+XVyczz\r\n5XLpvIFEVA+A3YHYA+T7/kwIMSvyXDRmANAMUsqRzeeyL/Wyvu/PBoOBs6vfRPNmWbYpiOoB\r\nUA0QeweOuaB8LvJcNGYA0BxHR0eT9DZmvu+Dp1yB+rxPQRA4H49BVA+AaoDYO3A8z8v0uUqB\r\nxgwAmsNmNNz5my2l1DkRzWyPMXNoonm5pSCI6gFQHRB7B4xSyjoOjZlDIYRMb0djBgDNIKU8\r\nHgwGf6a3a60vWlhOIUyT13fXiEUj9CZFbxgR1QOgOiD2DhSl1MRxMr1n5ru02ENjBgDN4ejC\r\nve/qdzDuuM0Qel+DIJgVfT1E9QColkHbCwDNY8ahuWxWZjbHfjRmANAovUnhJjpuXULvUxmh\r\nR4SoHgBVg8jeAWLuwDfq9KIo+puIRoPB4JfH0JgBQHP0KYWb13EbRdH75XJ5UeY1EdUDoHoQ\r\n2TswfN8/FULYUkTXy+XyTAjxwfJjaMwAoCE8z5uktzHzU9dSuOPx+KNL6DHz02q1+qOs0CNC\r\nVA+AOoDYOyBc49CY+UlrPXX5eqExA4BG6XwK13Tczm2PJRoxSotTRPUAqAekcQ+EHCf7WRiG\r\nj77vz9IPoDEDgMbZSOFSR8Re1R23aRDVA6AeIPYOAKXUlIisdXrM/CUIgiui/o9mAqDvKKWm\r\n6e8pMz/F39E2qbrjNg2iegDUB8TenmNGobnqasIgCE6J+j+aCYA9oZMp3AIzbgtNxMgCUT0A\r\n6gM1e3tMTgF1qLWexf93+HqFfRjNBMAe0bkUru/7s+Fw+MMl9KIoer+r0ENUD4B6QWRvTykw\r\nsuiXuhqkcAFoF2N0viGo2kzhZs24NY1dWzVipEFUD4B6gdjbM0wB9WchxMz2ODNfa62nSaGH\r\nFC4AnWAjuh5F0bc2FkJU3YzbAvuZEKJ6ANQKxN4eUaBTzlpAjRQuAJ2gEyncujtuLXy27ANR\r\nPQAqBGJvT5BSjjzPu8w4QX+JmzHSIIULQLsYD8xRenvT0fW6O27TmAYy277mVe0DAACxtxfk\r\ndcpljSxCCheA9vE8b5beFkXRtyYn1zTRcZva3zFq9QBoBoi9nrOL0CNCCheAjtBqCjfLi5No\r\nuxm3eXied2qLZhKiegBUDsRej8kaQl60Uw4pXADape0Ubo4XZ2Udt0mklCMi2pjDHUXRt+Vy\r\nuahyXwAA+Oz1liqEHlK4ALTP0dHRJL3NRNdrT+H6vv8hx4uzcqFHROR53twWRVyv19a6YgDA\r\nbiCy10OUUucZ1iqFO+WQwgWgfdqKrld1HtlivxPH7/wJ5x4A6gGRvZ5R5QkaKVwA2sXVjVp3\r\ndD3nPHJdl9AjchooP2mtz+rYHwAAkb3eIKU8Hg6Hl2Q3HyVm/qq1Pi16gkYKF4D2cXWj1hXh\r\n2taLsyp835+R5RzGzIXPXaA8UsrR0dHRn0KI+OZisVqt3iOSejj0RuzliR0iWhARMfOjEOLW\r\n/PtOCHFHRLRarRqpgamD+ARNRJWdoJHCBaBdfN9vtBu1baFH5BS3YdWdvsAq8JJMhsPhORG9\r\nbWNtoHl6I/ZyhB7FjwkhiMzYIfPv+OdpPB4TPd/R/F1H0XEdGGuVS8dFgaIo+nu5XJZOfyCF\r\nC0B7NO0xV+A8Urm1Shql1NyxfzRlVIiU8mQ4HH6m7OslFXgc7BF9qtmbVPU6nud9N75SncZM\r\nxfiec4IuLfSQwgWgXYzH3EY3qtZ6VvW+El6cI9vjTQg9KeUxWaxWYKBcLb7vz0wWaNL2WkC3\r\n6JPYqwwhxLEQ4tL3/Y2TT1cwKZdL2wWBmZ+Y+d22J2ikcAFoD5fHHDN/rfo7qJSaukzXzXnk\r\nbRMpVM/zzpoSt4eKUup8MBg4jbHTMPN13WsC3aE3adw6GAwGZ0qpE631312q58uqranC5BQp\r\nXADaw+YxZ77X8yr304ZZsg1jGm0753zBDebu5M1Ft2E+/1mNywIdo9di7+bmRhC9iKMTIiJm\r\nHsXpCmY+iU+qQog3ttcQQsw8zzuRUr7rwomnbqGHFC4A7WG+fxvCh4jOqjz/GLNka4mHsWia\r\nNVW3bOrH0muoXNweInlj7mwkriN39a0MdI1ei70YE5VbZD1HSnl8dHR0MRgMNmZQCiFOPM/7\r\nIaV822bjRt1Cj8jp1n+PLz4A9WM6IH+hao+5tsySHWuZkt1qZd6lbEofUUp9FkKUam5pMqIL\r\nusXB1OyFYfi4XC6nzPzF9rgQ4ng4HP4wPlCN04TQM9gaUxDVA6BmlFITqln4tGmW7MAW1bvf\r\nprEMPCOlPB6Px98h9EAZDkbsxQRBcBpF0XtmfrI9PhgMzpVS1jqXumhK6Ekpj22RTa31xa6v\r\nDQDIxmG1UonwkVIeK6V+ZAi9r0EQNCr0MnwEZ02tYd9QSk08z/tJbnP9+yiKvjl+fAqhd7gc\r\nnNgjIloulxda6wkz39seF0LMlFI/jF1A7Xie97mBiJ6rC/ceJwAA6iVjcsR819fuglmybU1N\r\n+ggeAuPx+KMQwtpZTUQURdE3rfXUdkMfRdE3vO+HzUGKPSKiMAxvtdYnzBzaHk/U8RXucNqG\r\nrLRLDSF3pHABaAGX8NnV9sR46P1wCb0oit43LfSI7B3HRERaaxgol8REbS8pY7KKMdefep63\r\ncZwREa3Xa7zvB87Bij2i5zq+IAhOmPmr7XEhxMjzvO911fFlCb0oit5XKfSQwgWgHeoai9YF\r\ns2QbpuPY5SOILEIJEmLeOgQg4ZV4ppSa2J7HzJ/QgAcOWuzFBEEwi6Love0xIcSxqePbKDTe\r\nhTyhV/VJ2vO8SXobMz/h5AtAfdSVzuyKWbKNjI5jRJdK4Pv+h+Fw+MMl5k3DzShxHLksbtAM\r\nA/bDeqUKlsvlhZTy1vO8hRDit/TjQohTpdRIa/1+1yLnpoWeASlcABqmjrFoXTFLtuHqOKZn\r\nH0FYrRTA1GB+dl0jiJ6jdUEQzOP/m2PCVvd9ivcdECGy9wsF6vimnud936WOryWhR0S0kcIl\r\niD0AaqOOsWjGLNkl9MIOWGvYonr3SWEC3Jhu2+8ZXdVPzPwu+X6a6LEtqhe2Fd0F3QNiL0UY\r\nhnemU9dVx3eyreAztTsz22N1Cj2l1NQ2nikIAog9AGqi6rFoZvZp1lSMVoWeiS6NLA8hfZuD\r\nacI4N922rq7qUGt9kj5vu6LHhPcdJIDYs2AaN2ZRFP1te1wIcVxW8Pm+PxsMBta6vwYKqZHC\r\nBaBBqh6L1kGz5F/IiC5d46YyG9/3P3ie9zMnbfslCIKT9LFjjrONmlBYrYA0qNnLwHQ43RHR\r\nRbqOLyH4ckesGaHnSr18bSDUjhQuAA1S1Vi0Lnro2ciILs2bXktfMPWN564GDKKXtO2p6xrh\r\neZ41gACrFZCm15E9UxNTK0EQXLkMmIuMWMsTenWfqE07/sZJGHfbANRDVWPR+iL0XNEls75F\r\nC0vqNFLKkVLq0qRsR67nxal5l9CD1QooQ2/Enq1pwjYRog7yGjcGg8G5TfC1LfQMG+9Rxjgd\r\nAMCOVDEWratmyTZs0aVdahP3mfF4/DHLN4/o+b2Louhvk7bNyhrBagUUpjdij+xpx0lTOw/D\r\n8NFE+AoJvo4IPSKkcAFojCrGonXVLNmGK7pEW9Ym7itKqYlS6icRWSeLxDDzF631KO/GAFYr\r\noCyi7QUURUp5MhwOf6S3r1arfzV5cJvUykIIIW2PR1F0KoQIhRDfbY83KfS68p4BcCgopX6m\r\nRZppUpgU+fms1C0zPxHRtEup0fF4/J1S4paZ77XWJzjHPKdsjWdeZhbKNNmcFummNsfIT0un\r\ndxgEQa3jPUF/6U1kLwzDW1vdXFOp3MQ6HrXWE1cqdDAYnHVB6BEReZ63sa8oir7hJAxA9ew6\r\nFi1P6GmtJ10SelXVJu4jUsrj8Xj8cTgc/iyQsn0fBEFh2xxYrYBt6I3YM2ykH4UQk6YXEYbh\r\n43K5nLq8+GyYu65ZjcuygRQuAA2w61i0IkKvg6MNZ+kNMPJ9GWX3g3JEfiJle1H0tWG1Aral\r\nb9YrC9p0pLcJmkYIgmCmlCKHn9YLcVdVQ8sioucUri3KsF6vIfYAqJhdxqL1Uei5fASZ+WCb\r\nA6SUI2O5M8l6XpmUbRpYrYBt6VVkLwiCK1O38oIQ4lgp1WgqN7WmWV53q9Z62nRa4+joaJLe\r\nxszhoadXAKiaXcai9VHoEdlLRJj56RCjesmULWUIPWa+N6POtvpMYbUCdqFXYs/QalduGhNB\r\ne5P1HM/zLqWUzg6sOnDcdV80uQYADoFtx6L1VegZNsQtER1cVE8p9VfBlO0n26izopjrB6xW\r\nwNb0LY1LzLywCJk/qYXi1IRFQqaQS8zTfdtEZM3cAW5cQA4thTsej98w88iksyeJfy+Y+RNq\r\nXMCubDsWrc9Cz9h+2FLWFy0spxWM08FnKpayne0aeTMdvbBaAVvTO7G3Xq+v0v51QoiRlDLP\r\ngLJSTCfaZZ7Qi2lS8LkKxfc11J8h6kiIf9yFEv+eCCEm4/EYog/sxLZj0TzPO++j0CMiEkJs\r\nlbLeB4xI/yiEyAwuGOeI0yomFRlxPbPs4+CbYUBxeif2wjB89H3/22Aw+KUxw/O8KRE1coI0\r\nXz6XYfITM88Hg8FGyN0Ivh9Synd1ncxddgi0JzMqzcn2DT3/ji8RTIeoy+NF9K1Wq/eHcLEC\r\n1bGt9YhS6jzDjmPaZaHnyhoQ0UXTa2kapdRfRHSWY4r8RERnWuuzKm7qTZmQK3072/X1weHQ\r\nO7FnWNBmF+6f1ICgyZmMEZqQ/a2UcmHMl39LPkcIMUpE+Co/qe9i/9BFXOKuYiYmQvO2htcG\r\ne0hGDVXmWDQj9Ga2x8xkjEVli6yHWXqDsZVaNL+UZiiaso2i6Nt6vT6t6qbRnPvObeLSpG87\r\ne1MAukcvxZ5J5f5yohVCnCilajUdzTpRx/Yq8d2cEXwTh+A7Hg6HP3zfr3Ts0T5E9RoSdzYm\r\nDe0H7AEZNVRz188UEHoXlS2wBg7NbsWciz67PrMYk7KdVS3UM46xr10/VkD36KXYC8PwTil1\r\nne6CNVGtRR37LCP0Eut0Cj6i53m64/H43zc3N5+qWGMfo3p1ijtzEr6j54aMOyHEnXlontdB\r\nDYCLjBqqa9dFuO9Cj+iw7FZ83/8ghMibY/tERGdBEMxr2L+zTk9rDU89UJpeij3DnIjSY8km\r\nVUf3EqF0a41N3gi0hOC7cMzTnSulRkEQvN9lnX2L6hVNjRTBJupyjoHJeDzmXfcLDo+cGirr\r\nRXgfhJ5h7+1WzHnUGlFLUnXKNklenR66b8E29FbsBUGwqDu6l2WPQFR81m0qwrch+IQQM6XU\r\nidZ6607dPkX14rtmItrKe5CZQ3r+jBda60XZ90xK2Yth4aYY/iM9C+LFarV6hxN9e2xTQ7Uv\r\nQm/f7VZS3zUn5txzWldtJer0QF30VuwZ5lRTdE9KOfI879Il9KIo+jurEDuNuUifKKUubHUv\r\nCWuW92W/0H2J6uVFSV3sKu5SazjxPC99zHQKc+x9TImEyXA4vCQ0kbRG2RoqpdR8H4Qe0f7a\r\nrZQQeU/MPC9zzt8G1OmBuui12KsrupdnlrzLidrM072zReJSXnyFBV8fonpGkJ7b5vWmqVLc\r\nJcn6XJn5uop97Mp4PP7IzNY5q4QmktYoW0Nlnr/xvSR6uVG8qH6V9bCPditlykiY+auZZVtr\r\nVB11eqBOei32DHOqMLqXIwiemPl01xN1EARz3/fvbBYuZTt1+xDVG4/HHyljPabm7ooqFndJ\r\n8j7Xtj2rzHznz0Q0cvkEdkWQHhpla6hy7Jm+1h0dqoFZekNf7VYcUXMr5vs2b+L3RJ0eqJve\r\ni70qo3vmzupzhiCozNl+uVxeSClvd+3U7XJUT0o5Mv51E9dzmPmL1jrThLaCdeQJvUlb6agi\r\n7xHRy919qfQ32J2yNVR5Qq9IjW+X2Be7lZIi756IZk2dQ1GnB5qg92LPMKcdo3s5J+laRhjt\r\n2qnb5aieiVSdk6MJw9gWzKoYJ5RFQaHX+Mm0xNil2uwdQD5laqj2TegR9d9upazIM3V5F/Wv\r\n7B9QpweaYND2AqogCIKFLcXlqplJMx6PP+ZMxRjVJQjCMLzVWk9MndoGplP3h3HsTz/Wuaie\r\nlPJYKfVZCOGcG2yGg58cqtBTSv3led7PAkIvfp/mDS0NJChTQ7WPQs/QS7sVcx46Hw6HP4uY\r\nIkdR9D4IglHT4gp1eqApCg8R7TqmiHijy5KZ32aJn23MkuvC1alr1nJLzxGer+a5W/2+dWLE\r\nlXXAewwzf2pCvHRR6BX18KqqNnQbUmnlxWq1+vsQ00iu48d27Oyr0HP9XqvV6veuduFKKY+H\r\nw+GHjCanF9qK5MWUOcZANgXN+Q/avmpvxB4RkVJqYZmMsLi5ubHaVeR4YH1br9eNF8YauwZn\r\nRJKZ75j5bDAYTCmVwjVRvYn1B2smr4O5yTqYrgm9Mqmkto47IruvJDM/Gv/Hg7nwZPlrpjvx\r\nlVJTIcSl7XX6LPSIiJRSP9LvQVd/p5IirxEblSzKHGPAjVLqLyI6LTF5yakH9p19qdmLmVOB\r\n2r0iZsnL5XJW2yozyOrUJSISQoyEEK6T1Ly+lbkpYFXTmIDpmtDLsVJJrq2W+ZplsEVlhRDH\r\n29gB9ZmiNVTGnHvvInpE/bFbSYo8Ijp2dbIT/VP/qrU+azu6gzq97Ul85rMiVl4pJtWvqB/s\r\nRc1eTJHavQJC70vbJ+nlcnmxWq3+MCenQrRlhZAnroyn2PTQhJ5SaqqU+knPc3jzhN4XU5u3\r\naGJtNkxE2drtmxB8o4aX1ThFa6hyjrXe11sZ8ZTe1oku/5jxePzR87zc75iJ5H3SWo+CIKi1\r\n878IqNPbDinlyNRh/g89f+ajbV5HKTWvcl19Ya/SuETZtWxa60czFWNk+9muhc/NBeXMkpp2\r\nsWDmi7iur266JK66spaiVipmXaHx0Go1YpaVikyx1ymQojVUBYReY3W+dWCO4Z/p7V05P5rU\r\nXe7FvkuRvBjU6ZVHKfWnaWabVPWaq9Xqj0N7r/dO7BHZa/dMg8OojqkYdWMK+2eu5o00cV3f\r\ner3+WtdJriviiujl/bF2/za1lqJWKol1NdKokkfWe2fj5uZmL88ZRWuo9l3oEdkbxZj5PgiC\r\nUUtLIqLiIo+oGf/ObbDVQRJ1+/rTBub7+CeViODZJi+ZSSk/LM+9DYLgjyrX3HX28sTtiu7Z\r\nMHd/0y6lJ1xkdf3ZYOZHIrrQWn+psnuuK0Ivb+RRU2sxF6GzIoKpQ9G8QjNBk7TZAFQ3rmat\r\nZO3dIQg9c5H9mf4dy84Cr5KSIu+rEXl3da+rLK7mu77Xd1aJaWb7QM/BjUI3oMz8lYguXNfw\r\njPe9EzfcTbGXYo/I2Zn7C30LnY/H4++0ZSibmS+I6OuuorYLQq9Id2sTayliNZNaU+snl21E\r\nHlH/vitlcN1EJQXcIQg9IvuF0Xz2oxacCab0bFU0yntul0UekTs1vk/Hzi6YDMNfRRwLiH5J\r\n0V8U+cyVUre2wQXmurjQWof7eG5Lss9iL7MOqSsRlqJk1CJ+omdfoTJ1fZ/qmBvcgLgqPHWi\r\n7rXkzftNraf1Y21bkUe030KvSA1VzhjFvbpYK6V+psWVaVprpHFASnlydHT0RggxK3IT1XWR\r\nF+O6UT/E2rGYsp810T/eiOv1+qrMd86Vzk299qMQ4pZMKni1WoX78r0m2lOxl1eH1McTtO1k\r\nkUyrla3ro5Kir02hV9JD61prXds8yTINGGY9rUbzdhF5MVXVE1k8sVo3Oc2roeqS6XrdtGWi\r\nbM4tfxHRtER91rW5gaptXVXh+/7pYDD4nN7e9rmhDbb5rImeP28imu+SmcrzsHXs90X8aa2v\r\n+/xd3zux5/v+h8FgkFlbYoxif+/LB1dmWoZJcZ7Ss/D7rcDLFxJ9rjvTuoVe0Xq4Jtzwfd//\r\nIITItVIx62k1mldG5DHzk+tY2VXoGXH8V4ZQb63DN6uGSms9N537LoumJ631SR/ERlGaNFEe\r\nj8dvmHlKLVz0m8Scj39YIsf35vjpxTVoF3b4rJ+I6KrKyK0rnVuCRfzn5uZmw+aty+yNqbJJ\r\n8X0ukvM3vmHnRPSu/pXtjuOCZPW8Ml+KUynl/OjoaCaEOBVC/Dvj5SdCiMl4PHaKPuOvNrGs\r\noTahV8ZegWseLWaOrXOXD51lTa3dsZcUedfMfOW622XmL9u+r+kanAyz29x11oE5pjfmvjJz\r\nyMwL2wU6+Zy+RJXKULeJslLqTyKamj+ZBshp+ibyYsw1yXYctTIlpyl2/Kzv6bmxsHLLHK31\r\nxPO8qxJlT2km5g+Nx2Ni5itmXqzX6+uup+P3IrJn7p6cd+EumPldEARXda2rCqqYgRubeBY8\r\nwDdEny0NUaXQM9GffxPRhJlPiOikKx5apkj8vOvRvLzO5CTxhVNrfec7h+MFAAAN/UlEQVQS\r\nNdtGdMqmjdvq8M1odlo4thPRS9TvdB8v1OPxmNPbdrHaScwrjaM6hbork/RV5BG568abrIFs\r\niqo+a2a+aMKCxqz3hP4RbycFM2FOjPvFgp6jkddduxnsvdgrMJP1Wms98zzvNv1h9iGdm1er\r\nVwYTbZmXFX2+718NBoM/U2vYKnplPi9pxNyEmU/Knhia8NAqEyk2a2olmhfXM1KBZpHkhTPL\r\nV46fp7GUunEqM/83SRv+YmUtjGL23QutCrGX8EebFo2EpzHR1QtThH+3zWu0jcvCpq3O5jrY\r\nt8/aNIycCCEm9Cz+dkn3EjPf0T/1ft/a/sx7LfbyTtrJO6g+3mVVEdVzvS4VF31WmPlCCHFn\r\n/vuyltVq9RRHtsbj8Zsoik6EEHGkbrLt/sw+G+m8M+/PeUHLh9aieUXXaYuOuBoTtmk6KDr/\r\n17Kvxo16XRfhLEx91bTraZpd2VbsGaH/hna46EdR9I2Irsp2WXYVmzE1UT+ySVkc0mctpTw+\r\nOjqaGvE3ySmHyoWZ74QQd4m/b4UQj011/fZW7OV0yVnruGwRKvP8ncRTXVQZ1bNRhehrgro7\r\nbJMopT7nWbsk1tVaNK+gBY01BZZhIFwq6lDGB81GG5EypdRlmYtUFEXf1uv1XtdXxdjEHv1T\r\nkE6Ji9M9EdHR0dGfZWwz0vTlol8W1016FEXflsvlVgKpTaSUI3zWL+/DhJ6F7mTXtK+FRfx3\r\nFEWPg8HgNhk82ZXeib2s9BNRdi2ZuSuxpXPvtNZ/dOkgrCuq59oXdVD0NVmvU8YguevRPH4e\r\nG3Rqe99yhF6hGsyi9jNxh7SJ7H5IPfYUBEHpup5dKDNZh6jdqRFt4BB7lRF3VxLRVZ+jW1mY\r\n69MPi1dhr9K323jgJTmQz/rEiL+JLYhUJVVEBXvVjVugPi8zBRWG4Z3v+3MhxC/NBkKI2K5k\r\nXv2qt6NMB+6umNectCn6jLCLD+LbpiOtJYRem9G83I7grPXFjTqOH81NU5YxtY4j63Hto+Vp\r\njYooKeUxERWq0zMXqulyuVzUuqgD4BAu+kk8z7M6CDBz5+b0ptnWAy/m0D5rc768JXMuM9fP\r\nCZUbclAI83mM4q7m+O/hcEjj8ZioQFSwN5G9AvV5hbsHXaPUuuJmnjG+qZF0c52iz5wQbum5\r\nAeRuvV7ftv2eFzHbbDmal9sRzDkms1nfnyLp1BJ+h780z3Rl/JZS6iwdXbRh3sdp1y/MdVBk\r\nxGQRjHXGlRll1fr5tClcUxra6jgvQgUC7yA/6zzMTe6E/hF/OzV77MhitVq974XYy6ujKlv7\r\nkzGn8FZr/bbtE71jZFHjJwzbBTKKom/ieaRMzDERJSNio7iQ1aTxbs3zF1rru7Y7rtIUGXvW\r\n5WieiaLNs9KNWRHxvFRlCb9Dq9hUSv2PpSOx0aaoIqOSiA5zokESc7xt5UGGi76zxrpz5ttJ\r\nD7wtLVIO/rPeBnMePk44UEyIiBrKpC08s4iXiwozX2mt37cteOJ1DYfDS3LUBm3r9RaG4Z1S\r\n6lM64iCEOPE8b05ErXXnmlTbyPLQvNmVEBGRrQ7hKgiCi6YXUjVxjR79KlR/oc1oXpFpHXnR\r\nPKLcMXdfbUKvwNSL5Gvc03N94EbaxhzLGz+vtW40hWv8B52YaPPsEFJPWZhz/oTopb55RL/e\r\nzE3M3ydCiN+6ZJvRESaWbWddeG8qEHj4rHckcR1ZpB9L+P7F37dR/GfXLmDDRBBt3pF0oWvI\r\nXKQuXRGFbSwi0rhGp7TVHp/hzdR4VM8VDVmtVv/qwo3AthT1pWsxmpfb/ODqNrfhMg+2fcfT\r\nUy+yiE2ts94jR4S6lvFbLlxR/MR6QpO2vWtqTWA/qdqUeheSHnj0nEaEwOsxu0YFmfk6btCY\r\nJB+ou7MkDxMRcI2ZqczF3pgtLywt1OdSytumD3DP86yRFK1145FGz/M2xH4URa0bQ+5C3MlK\r\nz3dMVroQzaPnuzsrZaxAEgXDv8DM4Xq9niWe9xcRnRbtuivid+iKUGut50X2URVHR0dZKfDO\r\nemwCUJYqTI4TFikLCLzusEtU8GWwRENrLUyB+rzK7BDCMLx1dOcee553SUR/VLGfIphuQdus\r\nzq8t1UXYBP+i6UVUQdEuUqLnG4Cm3+8io87iVONyuSwTcZ5ZXudeaz0houPxePyhjBlyGSuc\r\nwWBgM5RtfISQw9i29nnKADRBwgNvsu8mx8CO+cwW5r/O60NnxF5eMXpddgjL5fLM9/0Nnxwh\r\nxIlSat5UKs+07Nuieo3sP40tyrNerxctLGUnSk7D+NS00CvYIFI6ki2lHNmEDhEtkmPgRIEB\r\n5cz8lYguinaCSylPyC5c50V+vkoc0UrYqoDesqvJcWyRwswLCLzDoRNiL8/Qtu66mvV6PRNC\r\n3KYLIYUQH5VSi7rtTsyF2RbV+9JWKJ2Zw3Q9oynY7kX3VVFfuhh+ngc7r3lZyYHhE3qupxll\r\nrOmenhsHFmX343nezLbdIQBt+34iojPTcXe3677N+7so8zpVwMzXybqWurwqAbBhMlWP9Gx/\r\n8eJ7ZmpJX643zHxsuf5Nkv/hLeaIJ372oDzwwCatiz0Tebmsuz4vizAMH6WUU4c9w6WU8vc6\r\n9286gH/BdBpvbG+QBRGlm1cmlBEm7gpFfOnSaK1nda1nPB7H4i7+k0var24Lcj3lHPsNmfls\r\nxxSnLXXaaAdujKnLvRBCvIk99NpYBzhMkqUjCQNc2/OKvFapfZubxQVB4AFqWeyZIu4so+TG\r\nOiLDMLx12LHE9i9v69ivlPLEEW05azm8vqBNwdCpcWppykbzYqpO3yZGDZWuo9klmhfjsjzJ\r\n2W+pVK0LpZTV2mG9XrdysTFRyUkb+wagaeCBB1y0JvayGjHa8r0KgmBu5memRc3E9/3TOuZk\r\n2jzATFSvlUhIjNZ6MRwOf9kmhDiRUh53scajiC+djSrSt8aT7A3tYHNg1lLJzU2RSRFmf1un\r\najNec5aOQJgmo84dMwBUSbpkoMH9QuCBXBoXewUaMVqzviAi0lpPPc+7S9uxDAaDz1LKRZXr\r\nyrDGqDVtXYQwDB+VUra6vQl1KJVb1JeOiK4cEdTS1hsJi4MJPYu7UdnXSK3v2pQqVHJs5RVt\r\nV5Sq3UBKeeywberM8QJAXZhrx1YTSMoCDzxQlkbFnomAXGY0YrQ+l9KInCkRfU8/5nnepZTy\r\nj6rWZ5vHysz3HbKEWFCH6/bK+NKZVPwGQojvrjqauohraerqhrNFGGLBq7U+q+tG6ujoaGZZ\r\nyz3qhcAhkJpAcuJ5Xmx+++J/lhglGc8IT7JI/f+WiF7ODV0cNwn6Q2NiL2tsE1HzzvpZBEGw\r\nUEp9SafDhBAjM2Lr3a77yIjqzXd97QpZ0Gbd3p/U4jg5ou186cbjsfO5dWN83RbUkFlpqikh\r\nZOazJiwWHJFTCD1wcGSZ4ALQBo2IvbyJGFUaJVdFEASnpn7vl8iWEGLq+/5s1+ibI6p33aGo\r\nnqtub1TF778t2/rSNV1PY4xKF0bcNVqS0FZTgiNiD7EHAAAtE8/GrW2mX9bFuesDyE3a+TZd\r\nv8fMj0T0btvORSMiN9LEzPy2ax5gSqmFJSX4qLWu1Y4mxkSEJRWoj8vqZDWf5UVdgs9Ml1gQ\r\nUe2+jF3FNmuamW+J6E4I8Uuk4+bm5rrh5QEAwMFSq9hTSp27hqqbjtNJ17uHjJWEtd6Lma+0\r\n1n+XTcvZhtMbs9eJ9QdaJEOYVm6LI6U8Hg6HL8KujIloUV864z4/Ne7z6XrEwjBzSEbcaa0X\r\nbTfUdAHf908Hg8FGd3kWzHwrhHhM/H0nhLhbrVb3qE8CAIBqqEXsmW7F7zkTMSZ9uUAqpS6y\r\nJg8w85nW+lPR4fR9ierF+L5/ZeuyXK1Wv+9yQU5F7U62HP2zsy8dqAbTGf2z4pddrFard305\r\nVwAAQBepvGbPXMAvXem2JiZiVI3W+tTzvBNXJEgIcep53mw8Hp/d3Nx8ynotV61el8XKer0+\r\ntYk9z/M+U8FmlV2idi6aNN0G+YRheKeUqro2clKnqTkAABwClUb28sZU9fnibETsWd6FjJnv\r\niGgeBMHXxM++zEO1GUl3OaoXo5Sa24RqG1TtSweqo67ayKpqiAEA4BCpTOz5vj8bDAbO0WdR\r\nFL3vUqfptpjO4nnsl7QrXa3VS2ME64bZdN0k/KgW9Fwfd9unqPAhY4TfiJlHJtIf+40dl6mX\r\njKLo23K5xExbAADYkkrE3j40YpRFKTUnotNdxU8fonoxeYK+Ckzjw60xHL7dt+MG/IrxmyQy\r\nDUuJ9P6JEOI3E8WdoVkDAAC2ZyexZ+qwLsnh6WUaMab7eqI20a550VmkafoS1Utis9fYFkTt\r\nAAAAgPrZukEjHn1Gz2mZDbow+qxuzO92KqU8Ozo6OnPMBbUSRyzqW109mPmPW9VkIWoHAAAA\r\nNM9Wkb0+jT5rEpOSmtuEEHzZAAAAANAGpSN7h9KIsQ2m9m7S8jIAAAAAAF4oJfaUUp9t1iFE\r\nL/VX0+VyuahiYQAAAAAAYHcKiT3TiPA5o+P23tTnoQYLAAAAAKBD5Iq9fRt9BgAAAABwSGSK\r\nPTRiAAAAAAD0m4HrAaXUNEfofYLQAwAAAADoNs7InhDi0radmZ+Y+fRQO24BAAAAAPpEqW7c\r\nfR19BgAAAACwrzjTuGlMI8YIQg8AAAAAoD8UEntRFH1Dxy0AAAAAQP/ITeMy85flcmk1UgYA\r\nAAAAAN0mU+wd8ugzAAAAAIB9YEBExMzXyY2m4/YthB4AAAAAQL8ZEBFpraex4GPma631JAiC\r\nRasrAwAAAAAAO/O/FNPnlqN6itIAAAAASUVORK5CYII=', 0, '94', 1, '', 1, 2, 'submitted', '2016-05-30 16:37:09');
INSERT INTO `final_drives` (`final_drive_id`, `student_id`, `course_id`, `has_corrective_lenses`, `has_permit`, `instructor_id`, `final_drive_date`, `final_drive_student_signature`, `gif_code`, `final_drive_instructor_signature`, `final_drive_total_deductions`, `final_drive_total_score`, `final_drive_template_id`, `final_drive_comments`, `final_drive_hours_driven`, `final_drive_hours_observed`, `final_drive_status`, `last_updated`) VALUES
(26, 23, 3, NULL, 1, 2, '2016-05-29', 'iVBORw0KGgoAAAANSUhEUgAAAf8AAADkCAYAAACWly1SAAAABGdBTUEAALGPC/xhBQAAIABJ\nREFUeJztnV162sjSx6uhdX38rmA4K2gGcR/NCsazgiErGGcFQ1YQZwUhK4izAsv3EbFWELyC\nE1+7od4LNw4W3foAfev/e57znEmDTRmQqqvqX9VEAAAAABgUomkDAOgDSqmJ53mfiCggovDp\n6eltHMebZq0CAAA7smkDwC8OHQgz32it38Zx/LNpu0A2B46fiCgw//6jOYuA5Xp6hw0ZAM/A\n+beIQwcihLgcj8eCiC4bNQrkJcj4N6gZKeWKiN4QPV9PnuddEDZkABAR0ahpA8ArgsN/jEaj\nPxuyAxRAKXXRtA3gGCHEm8RS0IQdALQROH8AzkRKOU2uMfNdE7YAAEAe4PwBAL1DKTVJrjHz\nQwOmANBK4PwBOBNmnljWINRsECnlxLK8qdkMAFoLnH9LQKTSXYQQE8vaff2WAABAPuD8WwIi\nFQAAAHUB5w/A+UySC0j7N4utFEPYTAPwApw/AOczSS4g7d8stlIMwfkD8AKcPwAAADAw4PwB\nOB+VXNBabxqwAwAAcgHnD8CZCCGOJvxhhnzjTJILzLyp3wwA2gmcPwCgj0ySC0KITf1mANBO\ncLBPeziKHs9RjCulLjzP+0LmiFlmfh9FUXi6ecCG7/tBco2Z4wZMAQCA3MD5t4ej+fDnKMYP\nHD8RUSCECObzOc6Zrwe0+QFAREqpqed5H8h9qBLuSQ2BtH8PUUpNyX6x7c+ZB6DvTJILEGHW\ny3w+/9fzvO+UfppiIKX8bu5ZoEbg/HuGUmoqpbxNeUpgGyUMTiawrKHHv2GEEL8l1xBd1oNS\naur7/nciWuZ5vhDiQkp5iw1AvcD594i947epzw8Zj8eXddk0UJD2B4NkH+0LIQo58oMNwKQi\n00ACOP+ekNfxExEJIf6uw6aBkPl+A9B3ikb7NoQQFyhL1gecfw9QSl1IKT/ZHD8zPybXiu7K\nQSq29zKs2wjwC5yQWS95on1mfv/t2zex/9/T09PvtnsTpesDQInA+fcA4/iPLjxmftRaB7af\nUUohYgW9BCdk1kOeaJ+Z46enp9+jKHr1nDiO7133JlAPcP4dZzabXQkhjmr4e8cfx/E9M98l\nH5dSIvovhyNhmdYaNX/Qaw6yjanRfhRF0ziOrQJY1zqoB/T5t4fAsham/YDv+4EQ4kNy/dDx\r\nl2QbcGA7PQ7vO+g7UsoPLsfPzLHWeoHroN0g8u8oJm3/xfHwqwvPNinQcd45AJ3H8d3e1GxG\r\nb5nNZgshxML2WFa0nwco/usBzr+juJT9zPwxiqKbwzXbpEDHeeegAA5hmU3EBGrE8d3e1GtF\r\nP1FKTV3ZRlttPwvbKOzxeBycbiHIC5x/B/F9/9oh8LuLouiqCZuGiENYhlQn6CUZXUVXJ0b7\r\noWUNc0hqAM6/Y5iU2z/JdVPnt140tqNMmRmCPwBAblx1fmb+vF6vVyf+2pvkghDizYm/CxQA\r\nzr9DuFJuRERG4GdVmduOMs0zDAik49hAbeq2AxwxSS7YNsAgP646vxH3nZxtjKIoTJbKhBAX\r\nttMyQbnA+XcIz/M+2Jz2brd7B2Vt/Tg2UJu67QBHTJILtg0wyEdand+o+s9qbWXm0LKM1H/F\r\nwPl3BLMTDpLrJuV2nfazWmub4A+pNQBAKhXV+ZMcpf6JCPenioHzbw8quXDotIUQ/yYfz5ty\r\nO3dnDpwEljVkYEBvqKjO/4rtdhsm1zCCvHow5Kcl2HbWe6dtWsqC5OPMfA3H3jrweTTPJLmg\r\ntd7Ub0a3qarOnySO4818Pi/r13UOpdTEHGgUMPON1vpdHcdPI/LvAFLKZXKNmR/K2nkD0CeE\r\nEEcjlz3P+4ThMfmpus5/iE3cZxtJ3leklCsywZ0Q4rKukw3h/FuOUmpiO4KXmZcNmAMOsOkm\r\nbPoK0AoCHBebj5rq/MBguY8EdbwunH8LSGtrkVIepdeY+RFRf7O4PjOUYZonJWoM6rSjq9RR\r\n5wfNA+ffAhxivjszv/8o6ieiVHU/qB7XZ9aELeA1Wusr22ex2+2+NmFPl6irzp8gsKyFFb1W\r\nq3CMCH+o47Xh/BvG1cJHREsp5VUy9WZqbnD+DZL2mdVqCLASx/F9FEUBM/+x3wQw8912u8Xo\r\n6xTqrPODZxwjwje1vHYdLwLcuCLIKIpC3/dtp/atcBE2S9pn1oA5wIH5PIKGzegMnud9ICLU\r\n+QcCIv8GSYsgTfrt6EJE1N8siPpBH5nNZgtyDxFbVfzyR69LA0n7Nwmcf4OkRZCOxz7X0f8J\r\n3CDqB33knCFi4HSYeWJZqyWzC+ffEDmi/knyAa31slKjQCqI+kEfcd1viOgKJcZqsb3vQoha\r\nSixw/g2RFkGORiNbX/8dov5mQdQP+kjT32vbvAxcU9UD598AaREkost2gs8F9JGUqH9Zx+ub\r\ndmbQAHD+DXBCrR/RZcPgcwF9Qyl14Wjtq+17LaW0DROK63jtlmDrrkDNv4+kRZApB/isqrQJ\r\npKOUmhKiftAzbHNEiIi01osazQgsa0NqKzza/KDm31PSIkgc4NNOHCOWY0T9oKuYdPs/yfUG\r\nOooCiw1hja8/WOD8ayQr6scBPu3D3CT/TK4zM+YtgM6SEvUvazZFJRe22+2QIv/GgPOvEWa2\r\nRZD7qB8H+LSQ8Xh8aRuxvN1ub5qyCYBzaEvUb8YJH11bA5sm2JjgEc6/JpRSk9FoZIsgVzjA\r\np70IIY5ukkR0g/5n0FWklMs2RP3j8fio3k3DqveTEOIo81FXORHOvybS6vk4wKedmMjk6AaF\r\nzwV0FVNetEX97+ueIyKECCzLYZ02DBk4/xowLTVp9XxbdIkDfBrGJfQbWFoS9AhHENJUoHEU\r\n9RKcf23A+deAq56/3W5vcIBPO4HQD/QNl6iYiK7rDjRMQGTLqmFjXRNw/hXjEteQueBwgE87\r\ngdAP9I02Rf2u4T5Dynaa7q9XMPNdXa8P518xNidC9BzZ4wCf9gKhH+gTRr/SiqjfEFjWEPXX\r\nCJx/xaRE9j8dwhsc4NMwEPqBvuF5nm2M70OD3+kguYDhPvUC518haZH9bDa7sjkYwsjYxoHQ\r\nD/QJ13AxZl42mMnCcJ+GgfOvENvRvLvd7isRuWr9lR2owcwPyTVbzWnoQOgH+objXtPY2HAM\r\n93khsKzV9h7A+VeEa7cthLiWUn6y6QCowqifmY++VMw8qer1ugqEfqBPpEX9dduyB8N9Uqkt\r\nEwPnXxGuUb5EREKIS8tjH6uc7GQ7KcpRdhg0EPqBPtG2qJ8Iw33aApx/BaSN8iWiT5b1xxoU\r\n/radNZz/ASm9x0j5g87hOiKciI4Ck5rBcJ8WAOdfAa5RvkKIiU0AyMxXVUeWWuuNZdl2EQ4W\r\nKWWQXIPQD3QVKeUiuWaOom6shIXhPr9g5kbLH3D+JeMa5UtEK7KfpHVXRwrO5sCEEBdG4Aae\r\nCSxrYc02AFAWtpHiqwbseAHDfX7h0H2h5t9VXKN8hRBvHMN+akvB2aZH2S7GAfPGshbWbQQA\r\n52IU9ZPkeguEq4FlbXBRfxuA8y+RlFG+G7Irbj/WnFLeWNaCGl+/taSkI8MGzAHgLBwp/zYM\r\nEAuSCxju0wyyaQP6hGuULxH9llww07WW1Vv1io1lbVKzDa0kpd4/uHQk6AUuwXHTDH64j1Lq\r\nwrR7H2UaHdqsSkDkXyK2thqzbtsQVC7ysxBa1iY129BWAstaWLMNAJyN7/tBG1P+GO7zjJTy\r\nxtbuTURUZ2YGzr8kXKN8bZhJfrVfiDZFrW33OVBQ7wd9YZFc2O12X5vOYmG4zzNtuefC+ZeE\r\nbZSvC631okJTnMRx/JOZH5PrSqlBi/5Q7wc94yjlT0RNC/0w3MfgOrbXjH6vDTj/EnCN0LTB\r\nzO8bFt0c7bSllJMG7GgNqPeDvuD7fpvHU2O4DxFprS+Tjp6Z77bbba3DlyD4KwFmvhJC5Hle\r\nk0do7rmn4xT3lFoQGTRIYFkLa7YBgDKw1ZIbH0+N4T6/MJ+FteZfJ4j8z8Q1ytfBoumL0HHA\r\nz6DT/oR6P+gBrhMpqQUbewz3aR+I/M/ENsrXxm63+7per8NKjcmBEGJjWRvsmF/U+0FfcJ1I\r\n2eQ43wMCy9rgov42gcj/DFJG+b7C1NyaPkyDiIhsJwfm7VLoI6j3gx5hTfnXboWdILmA4T7N\r\nAud/BrZRvg6uWzBZ6wVmfkiuDVjxH1jWwpptAOAslFIXjvLjqm5bHAx+uE/bgPM/kZRRvq9g\r\n5ocoipbVW1SITXJBSjnUA35Q7wedZzweH0X95t4TNmDOKzDcp53A+Z9IyijfJIuqbTkB20UX\r\n1G1EG0C9H/QBx5yRVqT8MdynncD5n4hrlO8hzPy5DTtvC7Z69lAj/yNQ7wddQik1IcvmXWu9\r\nqtsWGxju007g/E8gzyhfZn6s87jegoSWtaHW/AHoNK6Uf4vS6hju00Lg/E8gzyhfZl62NYLU\r\nWtvsOjp5sO/YRI7MHDdhCwCn4ug4WtVthw2l1ATDfdoJnH9B8ozyZeaH9Xrd9CQ/J7aIYIjt\r\nfg6RYys3bAC4cDjXVQOmHOHISqCVtgXA+ReEmTNT+cy8rMGUs0C7HwDdxwQjrzDOdVO/NcfY\r\nshLMvGrAFJAAzr8AeUb5mqh/VZNJ57BJLgy43Q+ATmIbzc3MmwZMOcKV8m/JIUODB86/ADlH\r\n+a6qtaI00O4HQMexOVchRCvq6Skp/00D5oAEcP45STk04xUtOLUvL2j3A6D7tFZJj5R/u4Hz\r\nz4mU8iprqA8zf+6QkCW0rA2t5h9Y1sKabQDgZNqqpEfKv/3A+ecnc5Rvh6J+tPsB0HEcraoP\r\nbQhAkPJvP3D+OTBDfbKi/rsWDdXIBO1+AHQbx9jcTd122EDKv/3A+ecg5yjfVQ2mlAra/QDo\r\nLra0OrWgbIWUfzeA88/A9/0gxyjfrrT3JdkkF9DuB0BnaOWBOUj5dwM4/wxyRv2dqfUnGHq7\r\n39FGh5kbr5cCkAchxNFx1G0Q+yHl3w3g/FNwnZZ1CDM/brfbVR32VMDQ2/1a2yMNQBrm3vQK\r\nZn5sOrpGyr87wPmnkHOoz00b1LUnElrWUPMHoOVIKZHyB2cB5+/A7GAzT+/TWi9rMKcS0O4H\r\nQGdppfNHyr87wPk7kFIusp5j2vs21VtTDWj3A6CzBMkFZm7U+SPl3y3g/C2YUb6ZQ32IqKtC\r\nvxfQ7gdAJzka67vdbht1/kj5dws4fwvj8fgyx1CfhyiK+rCj3SQXBtTud1Ti0FpvGrADgNwo\r\npS5s96emh4wh5d8t4Pwt5GzvW9ZgSh0Mtt3PVuJAlALajk3sx8x3TdiyByn/7gHnn8D3/csc\r\nQ30ee/SlHnq7HwBdI7CsbWq24RVI+XcPOP8EQog8tf5Vh9v7koSWNdT8AWgpzGyL/JHyB4WA\r\n8z/A9/2AcqS8u3R6XxZDbfdzDUlpwBQACiGEOBL7NTmcymgQbCn/sAFzQE7g/F+zyHrCbrf7\r\n2qdUlqvdz3Q89BYp5cSy3HifNABZ2MqSURSFtRticKT8H5oWIIJ04PwNeYf6CCF6E/XvYeY4\r\nuSalDBowpU56vbkB/cWWobJlsmrkyPkTUV80Ub1FNm1AW5BSXmU9x7T3hTWYUzchHfcNB9Tv\r\nC7iVx6FWiTmh8l96/mzDp6ent33KYrlQSk08z/tEv/7uvzqu2bknoleH+phM1qZuQ5RSF6PR\r\n6M/kutZ6VbctXUApdeF53hf6VV5u7PuIyJ9ehvpkRv09au9LElrWjk4MA91EKTWdz+e3Qohb\r\n+nXTCYxD7D0Hjp/o+e/+0qA5vQIp/2IkHD9Rg99HOH8iGo/HixxDfR7X6/WqJpNqRWsdJteE\r\nENOe1/0Dy1qvblhKqYv5fP6v53nfyf732tZ6heNkzuS/u0ZrZnMIIWyvG9ZsRpcIcq5VDpw/\r\n5W7v612tf08cxz8HWvdP0uVU8Ct83/9bSvmDiJau5zQ9GKYOeprdaNP39CjlT/0uF56F65pr\r\nQrMxeOc/m80WeQ6zGUANK7SsBTXbUCdH7VJ9GO3r+37g+/53IcQqLZvFzLHWelGjaU0RJBe6\r\nvulh5o1lrfbZHGYg2qvvGDM/9mTseSW4rjnP8z7VvQEYvPPPOcr38wCEUaFlrbd1f8ds9E0D\r\nppSCUmri+/4XIcStred6DzM/7na7t1EUTbv8955J2LQB5yCE2FjWmijRQeVfkJRrLpBSfq/z\r\nULVBO/+8UT8Rraq1pHmGVPfv04Cfg7r+DyGE7Wb8gon2J33VriSZzWYLx0O90nYY/tPAayLl\r\nXyJCiAvP8z7U9XqDdf5mKlWeqP+up+19rxhS3b8vA37y1PX3MPNnE+23qV5cGeb6tt5Itdad\r\n+6wPsd2P0rI9VaCUmtqyDbYgArwmo+wUzOfzf+soAQzW+Uspr3JG/ctqLWkVoWUtqNmGOuh0\r\nNiNvXX8PM7+PomhRg2mtwVzf1vdmwOWO0pBSLpJrZvrpIDaX56C1vszYACw9z/sxn89vq9wE\r\nDNL5m1R2psLfREth9Ra1htCy1se6fycH/OSt6x9i6vvLik1rFWZapzWr13Wx3x5bls6cTVIX\r\nSPmfSBzHP3OKbSudxTFI5y+lvM7T16+1zpz61yeGVPfvEkXq+nuY+fHp6en3odT3D5FSptVN\r\nO53yP6CxCNuk/CfJ9R4dc145cRxvbBs4C0FVNgzO+eed4c/My6GlsAZU9w8sa610CkXq+nuM\r\nsC8Y4pQ1M8LYuUGytcl1EWY+ujcx86SO15ZS2qb63Q3tfnkuTR95PDjnnyeNwszxer3u7VCf\r\nDELLWlCzDU3QqhuXUmpapK6/Z8iOnyi7dbfJo2/LxPZ35NQwlcFR8MTMiPoL0nSmZFDO39TE\r\nghxPHVS6P0FoWetb3b/VA35ms9k/Usrcdf09u93uq3H8rdrI1EWe67vnGp7Ky3O+7y+R8i+H\r\nAqn/ShjaqX6ZPZQDFPm9Qmsdep73aq3uNqKqaeuAH6XUhZTyU966/iHM/Hm9Xi8qMKszMPOV\r\nECLt8YcazamakIiSWY5Kr1OjPD8SSpuU/6bK1+4rzLxytaRWzWAifzPQJ/XiGKLIL4mp+x/d\r\nJGtWEg8O3/cDKeX3Ex3/4Fr5kiilJrajZQ9h5l6k/JvC87xPjt7+Qd8zzyErY1JlZmAQzr/A\r\nQJ/Bifxs2G6STcwOHwrz+fxf0743KfqzQ2zlsyGlXGY9py/1fiJnmeqonFUWvu9fkv2chI9D\r\n1ZeUQVbqn5kr054NwvnnGegzcJHfKxoWE1WKrW2xqdG+SqnJfD6/pRMGSTHzIzP/NcRWviTm\r\nM02N+g1hxabUhi3NXtV8f/P+HgmlmflBa72s4jWHhEv1X/Ux8r13/nkH+tCwRX5JbDv5XkT+\r\nUkrb31F75OL7/qWU8js5BGrGuVuzUKY8FeD0tGfSpvkd0iZRZxnYNq1VTISTUi4d7+8VMqXn\r\nk5L6rzQY7b3zzznQZ9AivyS22edCiL4p/htBKXXh+/4HIcQX1/fSTKGzfm/3jh+p1lfkmdvx\r\n2ENR2tF3wHFuxcmYuQlHwdNut/uKzWc5jMfjwLbu2vyXRa+df56BPhD5HeO6SdZ93nTfUEpN\r\nTQuf8/vGzO+11lcpGpVLOP5fFDiZs3fvWU2Dfo6U6Mz8uN1ucc8sCdvmyqxnbmrPodfOP+dA\r\nH4j8LNhmoDtS5iAHB2181veQmR+Y+Q+t9UpKeWt7zm63e4cM1WtGo1HeG2RYpR1NULU2x/T0\r\nH31fzT1zU9brDBmTWbHeE8xo9UlVr91b559n4AdEfqn0tu7fBJ7nfXFd5GY4z1RrfS+ltJYD\r\nTB8/vqsHuK5xWy28L2N9c1CK6C+lpx/3zBJh5tQMyng8Ltz6m5feOn/KMdCHIPJzYrtZot3v\r\nNHzf/0QOJ7Xb7d6t1+vLOI5/ujIDzBwPvY/fhq00YjJWnFzfbre9S/uTPZtRyjWa0tO/KOP3\r\ng3yzKapM/fdywl/OgT5nifzm8/kbZp6YNFtw8N+1Yxz1vUkDhk9PT/G5pQxHSrGyPuK6MJ9T\r\ncnlT1euZ7+LCYscr4Z5JsdoOTHnQWgdV2ddVlFJTsmf2Qps4dUA6if+c+wvQ018POWdTTJVS\r\nkyrKLL1z/nkG+hQR+aU5+UMnkjZWtGqMPRMiuiQi8jyPfN/f0BkbgiiKwvl8bnudTuP4GzZV\r\nvJap57l0Jy/CPbNBsEWxj1rrS2hSjpFSHl2/ZjJlSImxtzb9Sh9wXKNnRf7o6a+HArMp9qn/\r\n0kstvXP+OQf6OEV+xtlfEtGLEKMtTr4IZWwImPlBCPHb4Zrv+wFEZ9mYyPSL7bHdbvd2vV6H\r\n++e5Znsz8xUirWNcXTzMvBRCBJYf2VRuVE9AT3892GZTGK3KdTIQMN/10p1/r2r+eQb6JAUr\r\nSqmJ7/t/+77/xff9/9Fz2vCqb4fZED1vCExqeUlEoed5/5vP57euuf0Y83saB8p+l3BvdfC8\r\nW8fz3mN6nx1bupSZH9br9cr2/ezzTH/baNhTz+FAT3+t2Gr5K631KrlYleq/V84/z0AfIrpS\r\nSl3M5/Pb+XzOnuf9MGemX1Y1HrPlBEKIW9smoM9jfqtESvnBIdy7OxTupTj+z5jXb8eU9aw3\r\nTiK7LqVPM/0tlBmNo6e/BlyzKbTW165Z/1Wo/nuT9s850OezqZPdUkYbYBamvrghopCZN0KI\r\nTVPpcN/3A2aeGoczPVGYFwghgvl8HppT4kJCu19hUgR+sdb65QL2fd+p7MfQKTeOWv+j1vqa\r\nyL457XmZ6p6IkgLHgArONZjNZtZsJ3r6y8WlSWPmz/v32XbMbxWp/944/6yBPgmRX5D397bJ\r\nybsw9oSHa2dsCF42Abvd7nNS44Axv25c9Xvz3Vvsa6bmRrtwPA8CPwcpZb3rtPdMKXXR4/f0\r\n7L8rxSGhp79kTDlwYnlotf+P7XZ7MxqNks6/dNV/L5x/zoE+LyI/Zr5zOTFzoEpIRDfb7Tbs\r\n6q63hA1BMBqNAtsDVbWe1IH5+5PLpaSFPc/7QJYhK4fCPd/3L10CP9P6tynDlj7iOsBnH/UT\r\n2a9tM5kyrN7C+jEBSXKtUHbOpU8hzEEplZR23rvDgDKO443v+3Hy/ly26r8Xzp8yBvokd7Ba\r\n64WU8l4IYeuJZSHEddui+zJIbgjMpmlZNJo3N9NNiabVhuMmV1ZUGCQXEgK/KVnaqIieOwCg\r\n7M/EpvD/3OOoPhMhxMayllu7ZER+Nof0sY/3wKYwm35XO6+tlFV56r/zgj9XrSrBqzc3juON\r\n1jqwjQEVQly4BHB9I4qiMIqigJn/KNgLjbp/Tg4v7JQOgI9Q9qeTIpJaJpY2yef0uUPFcUxx\r\nEc2Praf/ET395ZG26SeihW3Tbzvmt2zVf6edf86BPtZJfnEc37s2AAanCr5vFN0E9PlmWjYH\r\ndX7r1EmT8kN6NYMskdQByX8XioS7hq1MJIS4yHPPMmnoSXLdlKkGm00pk4y23/euFso6VP+d\r\ndv4pAymIKHuSX44NABE2AUeMRqM/Z7PZokbTOotS6sJsUm1CwFcdAMBOWmtUzl/RW+dPZJ9g\r\nmBUUpRzcc4csVHm4zuswsxOWaT/LzKvkWpmz/jvr/I2yOmugT+ZxvQcbgKyId6ibgKPdJxHR\r\naDT6ZA6sASlIKT+4hGqEqWmZmI2T1Uk5NBKhZa3XmSqbkyCiwKSbraQc3IMsVEmkCPzi7Xa7\r\nyPr5qlP/nXX+RlntpEibShzH9wXS3oEQ4tb3/e++7/9t2o96SRRFodkYPdgeF0IsfN//1Of3\r\noAiOCMw6t9/s/MNaDOswJrtnc2LLum1pK2ay4dE1apuJQJR6cM97iE7LIUPgt8iz6a869d9J\r\n529SzkHG05ZFf2+R2rcQYiqEWEkpfxgH2MvownxJnaM9hRALKeVtVzYAts6Gspyw1voqo4T0\r\nAqamZWNuoNao3/WZlSCA6yTMvEyuCSH+TkaJ5jq1laAeCpRRQAqnCPxcVJn675zzd9VPD2Hm\r\nh3NmURfcBFwIIRae533vcTYgTHtQCDE1G4BeboDyEsfxPTNnOnUTYW1qMKmzpJwul6Xj2STX\r\n8grgukxK9L9M/Nt18BlKUCVwqsDPRUrq/+x7beecf0r99AXbLvgUiqrg+5oN0FqHWc8xG4DB\r\nawDMTfhz2nOEEG/67ozOxfO8L44b6DIrcnLoVBZl2dZiVskFE/1fEL3opGyp6Dsc3FMO5wj8\r\nbLhS/1LKxWkW/qJTzt/M789q7XsoW616wiagV9mAOI5/5t38+L4/+NShSf9bhZKGwYhHT2E2\r\nm12Rpay32+2+5tHxMPPRc2wp8L6htb62lZ32tX+bTmpfg67BvN5zrsDPhe37TPZTAQvRKeef\r\nNb+fqLyo38Z+E/D09PQ7M3/OU9/tUTYgzPMkIcQ/cGhERPRbjucMRjyaF6XUNDnXnOjldLlF\r\nnt9RVADXF0za3uYo/nFtqOj5XIRNlXYNgTIEfi4cqf+Lc9utO+P8XQrVQ6qI+m2Y7oCF1nqy\r\n2+3eZkR5RGTPBlRtZ8mEBZ77pY2OzLbxyvPZFSVPaeqQ/QbR87z/+b7/yff9P8u2qQvs66WO\r\nh4seeLSyrPV+g2UT7QkhLhwbqgccHX0+ZQr8bJjMq62UeJbqvxPO36VQTVJl1G8jjuOf6/V6\r\nFUXR9JRsgO/7P+bz+b9duCFFURTa/jbbl1IIkXYTbwwpZZVz/YnIXZpi5rucpZOFEOLG9/0f\r\nvu9/6Huq+hBXW98pc+ZtKXAhxMV4PF6cZWTLSXEUNhZV2jIElFJTKeVtWQK/FFbJhdFo9Oc5\r\n94dOOP8UheoLdUX9Lk7MBkyIaLmP+Np+ozenHSbZOPrbL02qcVBIKV0n9i0K6kYmQogrz/N+\r\n+L7/fTab/dP278c5pLT1xaeMP3a1qGYNBusDeebyY87E+cxms4XL8Z8q8HNhgi9bKWtx6u9s\r\nvfN3jaFM4hBF1M4Z2YCF53k/jAisrWnf0LIWaK0vHYck/dsyjYNtd15a5J9yQtpLa98phykJ\r\nIaaj0ei6rxuBjLa+xam/1+YEhRCTvo+mNgpxZ/RfRD8B7Mxms8VoNHJ0Cd4aAAARf0lEQVS1\r\n9J0l8EthZVk7uXzceucvpfyQo7XvcbvdrmoyKTenZAPoWQS2T/u2qka53W7D5JoQ4o2JshaW\r\nxy5a1v9/ZIcQosyJZi419dHG9EA8+l9m/uiaopikjxuBc9r60ojjeLPb7b4m14UQH1r0nawE\r\nIcQP12N5xp4DN77vfxqNRtaypjmv4yyBnwut9Sq5JoSYnCqwbrXzd0VSFq7b/GU+zAaYiC+z\r\nJmfSvvsugVbUfs0QmyMn5fv+ZRRFN8z8MflYCzcAlZByal/q8JQ4jjdRFF1FUTRh5r8K1Gt7\r\nsRE4t60vCyGEVQDX1++kUurCnLmxdD3HtokH2ezfWyHEwva4cfxBVSOSXZtZOlG7Ic4zp1p8\r\n3/+Ro9b/qLWetNn521BKTUzr0UII8Z88P2NGPVqPKK4L3/dXyfGSRpB1ZdTaoRDiaJwqM//U\r\nWv/eZFuR6cN9JcYzopzlOb/X/N0/ktGrqVcXdjBKqYvxeHwphLiyvZdZMPPPg4xGaNbuhRA/\r\nn56eHtrS2qWUmnqe9z25XvY17ft+aBvrbL6Tf/Rlnr35Ht46zkJ4wZS6/kLNPz9Z7y0zf9Za\r\nVz4lcV9uSK4/PT39X9HXbm3k7zpr2kKro34X+4jvoCSQmfY1SvDbJlsFHaK/N0TPGQ6t9cJR\r\n/78Yj8eN6jKY2Xbhnn3jTzu175Tfl9CN/He3270r0pJobAnM/5ZEtBRC3BBRaHQlbL5DH3zf\r\n/7OJ0tJeJe14uGhbXyquMxf6lAEw7+ePLMdP9NJ2fNt37UNZHCj6nY4/iqJKUv1JzAyLo+/y\r\nKYf9tDLyd0VSSboa9bswswyubFGKDWbeCCFWT09PH+t6D5RSE8/zjuqJT09Pv+8jKHOxhLaM\r\nxrdv3xr7ztkiQGb+45wIyPV+mLR1KadvHb6WyQgsTskIpMHM9/ScJQi11ndVfp9MicSq5dln\r\nkcp+zbTvZNczAK5ocA8zPwghrEOndrvd2ya7pNpOWisfUTPvn+/718muFWa+j6Lo9yK/p5WR\r\nv5TyOueQlE5G/S6iKLo5EIHl0gVQza2CKbOmrw6ec2+OAn61Q3XUqzqNq7WvilP74jjerNfr\r\n61MzAmmY2RNXQogbz/P+V9Xo4SyVdBWOn8j9nSTqdgbA9/0PaY5/t9u91VpPXd+T0Wj0yff9\r\nzBkqQyStlY+ZH5vaODmEf4W/u62L/I3Iz5UOfKFvUb8NkwHZ6wLyjIslIgqZ+TqKosocbd66\r\nk9E1rIQQb5j5Tmtdajq3KL7vf09eJIcZixN+n/W7WoaOoAhVZgTo+fv0voz6cA6x1NnT0LLo\r\nSwZAKXXhed4Xckw9NffH4CAb59TjmOevoih6W53F3SItm5J8b5vA9/1N0icUvZe10fkf3aBt\r\n7OssNZjUCkyqNLcAjJk3RLTUWn+twuH6vv8zeQPd7XbvylBoV8V8Pufk2jllCNt3tQ2bUrPp\r\nmtDzXIO9fYH5/2legWmCkzcBxvF8yKGSrqt05dwAGJbfvn17X4ctRTEbvT/NvWBie47r/TSf\r\nw3VSsHvwcyut9bs+B1R5aMMmNYsySpitcv5ZtatDnp6e/tsW1XKdmFTswnUBJzHK3pXW+mOZ\r\n75ej7rSJoui/Zb1G2ZTp/G2dA0TdqKEaJxCQEQUWyRYUdRBtUUlb7ErdADDzvdb6bdM3eaJX\r\nDt/aTnpInvfT1rFz8PP3JvsxuA1A2zapaTjuv4Uyjq1x/nlFfkTDi/ptNN0q6BK6MfNfbT0b\r\nvCznn9KidlJrX9MU3Qww809mXq7X66O5DiYdrYgoMN0V05QItdHrOEcGgKihLEARh7+nSObN\r\n5jz2DHED0NZNqgtH23IhsWxrnL8rkrIx1KjfxkFP+LKILuDp6enduVHNbDa7GY1Gr0YRV6Fy\r\nL4uynL+rNHWOfqBNmOzSMm/XySm0JUNiNgCrtA2P6arZ7Gcl0PP181j2Z32Kwzf2PRLRouim\r\nO6OuvSGiZRRFuYdOdRHz+f9NRJdt3aTasOmNmPkuiqIg7+9ohfN3RZE22vhBtIUirYJp0VuR\r\n1xNCfEmut3VzVobzd21S6xb51YHZBFyXKSJk5kdmvmqD4z+kSPBxiGmRvKfnFsk474bAZO6U\r\nEGKalSHJeP07E5GetBHJ0SZYSdmwKUyE/yc9Z7kuszLNbdmkJrFlH4uWXVvh/H3f/5JzjG9r\r\nHUubMDeWZR5dADPfmNrmSeksm+q0ql7tcznX+fct3Z+X2Wx2ZTJLpwgFX2iDSjqNPFmALA6m\r\nK4b0nCGIPc9Tu91uakZ2T8mh0C/wGjEzr7bb7U0Z90KzybvJ+nyZ+YaIVlV2ElWBUmo6Ho/f\r\njEajS8r53rd1k3rIufezxp1/3tY+IkT9RcnbKnjOuM/ZbHY1Go1e9Qkz888oiv6vsMEVc+7F\r\n0vd0fxpZSvEszo1Q6+TULECVlO3wk+TUP+xt2TDz9Xa7/dyWGngSczJqQCnpfBdt36TuObfd\r\nrw3OP3N+/x5E/adjWgVTdQFmPsC7Ir/XCLz+l1xvY7rsHOc/pHR/Gnn0AGagzL2pkd93cYa8\r\ncYbXVeoesqja4Sc55W823R8fm3aUJtv5hp6d/cmao45tUs9q92vU+duiRhdFxQzATprKl+i0\r\nFifHYT+Fx01WzanOf6jpfvCMcYr78xL2sxMmBQS2uanb4dswf+9VkSyPEQjeCyHuzT3koSoH\r\najRiv1GOjpI8mMmjN9vtNuxScHluu19jzr9Iax/R+TPYwS+yanxFxYAu59i2TM2pzn/I6X7g\r\nxtzD9jX8gAoOUGLmO3rOkGzamCExnUT74WKnbnTCfbcEGQ1EkVKB2Ygo49wDZp7m9RkuzCFq\r\nN0QUtrUtOQ/ntvs1echKagR6CKL+8jEX9irZqndIETGg7/v3SaFU2yb+neL8ke4HRTDisqkQ\r\nIqDnzYBi5od9CYSI7rXW923aFOfB9/1LZl6k3S/yshdF7jslhBCbb9++3c3n8zdGGLmP5INz\r\nX+vgNe+Y+abJjErZnNvu14jzL9LaR4Sov0qylNx5xYAO4V+rUv9FnT/S/QC85pThYk1gZh/c\r\nENGN1jpsqzDxHM5t92vE+c/n81tK7OrMh3V0HjWi/urJOegkVQyYctRva1L/RZ0/0v0AuCl6\r\n3kjVGKHpjdb6ZijXp+2eljxgzYWsxiQ3ZhBNYHnop2Oq1bJSgwCZC2WaVooRQlz5vh+4xIBx\r\nHG9834+TN4LxeHxJRK1J/efFpPuPvo/M/H4oNxYA0jDdPCui5xQ0M+/nGOxFeJVlBoxeYj91\r\nsXV6ibpg5qN7rtGhhFk/W7vzJ6Ijdb8RYBztYEzUH9ZhFCCKoujK9/0bcogBhRBTKeUnpZR1\r\n7jczr4QQHxI/8zd1zPkrpaaOOn+MOj8Ax9ju0wlB5ISeOyQKtU6ajPA9GeHgdru9x+b7FfdE\r\nlMy8BNQ252+iqUlynZnvHUKSZdU2gddEURSaGeNWMaAQYmrOEf8j+dh2u71J1v2FEFOl1KQt\r\nqf8szA3LOu5Ua72o2RwAOosJEEJKOCJTZpwQ0dSo96dCiN8SwshQa73pyn2jKZg5tLRkBnl+\r\ntjbnr5S6IKKjlDIz39lqRoj6m8NctJcpYsDA9/1PURS9Tfxc51P/Ziwy0v0AVIS5ju7pWZAH\r\nzmC73d6PRqPkci4NxtFPVYWZHGXrzwwdAxqWlRoEMlmv19da68Ck3l4hhFjMZrOjflJzbHDy\r\nuSeNhK0bc1CRbYOKdD8AoHXEcXyfvD8LIS6UUpndSLU4f1NDPXIAzPyRiGzriPpbgtmlW8dl\r\njkajD0bA+cJ2uz3aze9T/9VYWA7GvqN0v5nzvajdIAAAyMdRRnI8HrfD+XueZxP5PZrJTxPL\r\njyyrtgnkJ4qicLfbvXU8/OlwlxnH8ca03LzCpP5bi+d5n2yZKWZeIt0PAGgxYXLBDJlKpXLn\r\nP5vNFmQXIFw7FNWI+lvIer1eMfPn5LoQ4kJK+cVoOoioe6l/3/eXZPmO7na7r22aUAgAABZC\r\ny1pm3b9S56+UunA4+AeiZ8eRfAwp1vYSRdHCHILxCiHEREp5u98AuFL/ddhYFDMi0/od3W63\r\niwZMAgCA3GitjzKTee63lTp/czLUxPLQFdmV/5/R2tFuttvtwpbWNzMAPhC9pP4fks/JI0Jp\r\nAGtbHxEt+jgSFADQL+I4/nnK/bYy528EVEcO3kSO1pOZtNbLquwB5RDH8U+t9aWrA8Ck0ImI\r\nNsnHzbGorcIxd+I9Sk8AgA6xSS5k3W8rc/6mX/roxbfb7ZIQ9XeaOI43WuvA9pgQ4l+j87CJ\r\n5Kw/Uxe2jIXlOXdo6wMAdIzC99tKnL+po9pa+N5LKS8R9XefOI7vXR0AQogPzDyxPNRo5G8T\r\nIiYeR1sfAKCL2EqUjUT+1tY+rfWKEPX3BtMB8D65LoS4cIxrbrTmbxMiJljgewgA6CChZa3e\r\nmr855tE2HvXKCAAR9feIKIqWthZAB79VakwGRoh4Z3uMmT9GUYRxowCAzqG1tkX+qffbUp2/\r\nae2zRf3xdrsNHaNT3yPa6jZa66s89XRH50fdLG2L2IACALqKbRCZEGJyOH8lSanO3xXZE9GV\r\nlHKZXDSlAAxR6TimA8B6BkAS3/eDGkxyEkVRmIz+mfkObX0AgC5jC8CklIHr+aU5f6XUxDEs\r\n5bPWeuOY8HaNm24/yLsBcAgBa0VrvdhvAJj5DiI/AEAPCC1rAdFz0DWfz2/n8znP5/NbpdSk\r\ntCN9Pc9zHYqyRNQ/DOI4vvd9f0FEX1zPaUPq35SZgobNAACAMgnpWFD/93w+V/T6fhd4nvep\r\nlMjfpHIDy0PXRM657oj6e0gURTe73e5dylOCumwBAIChoLUOk2umDB9Ynh6Ulfa3Rf0PWutr\r\nRP3DY71eX6d0ADSq+AcAgD5ixvxau5mSMPPd2c5/Npulze+fIOofJlEUuc4AmNRvDQAA9B/T\r\neZWlu7rTWi/Ocv4pp/bdRVF043mere3vAVH/MDACwFcbgLw7UwAAAMWI4/jeJbxm5jtm/iOK\r\noiCO481Zzl9Kee0Y2nPl0gEw8xJR/zAwHQBJZf1l03YBAEBfMRuA6eF9d+/0Dw8sE6e+gFJq\r\n6nne9+S6mZR2NZ/Pbynh/Jn5IYqiyamvCQAAAIDzOTnyd6T0H7XWy7So/9TXAwAAAEA5nOT8\r\nfd+/pJSUvkMH8LBer1envB4AAAAAyqOw8zezgq1CvvV6fY2oHwAAAGg3hZ2/md8/sTy0yNgY\r\nrApbBwAAAIDSKeT8lVITOh4fSLvd7msURaGU8pPtOF967vkHAAAAQAsopPb3fX9lG9rz9PT0\r\nXynlIqXnPzjDRgAAAACUSO7I3/f9wOb4mfm9lHLqcPyPWmtE/QAAAECLyH2qX4pzv5FS3jp+\r\nbBHH8f3J1gEAAACgdHJF/mkKflPnP5ryx8zvoyi6OdtCAAAAAJRK3sh/kVxg5lgIoWwCv91u\r\n93W9Xi/PtA0AAAAAFZAZ+SulXCfzkRBikVxj5oftdnu0DgAAAIB2kOn8pZQL27oQQiXXjAbg\r\nEgf3AAAAAO0lT83/qK/fBTNfQeAHAAAAtJtU5z+bzRY2MZ8NZv6IKX4AAABA+0l1/kKIXFG/\r\nGeSDfn4AAACgAzidvxnqYxvV+wpmftBaX5ZrFgAAAACqIi3yX+T5BRD4AQAAAN3C6vzT2vsO\r\n2e12byHwAwAAALqF1fm72vsOYebPEPgBAAAA3cOV9k8V+jFzHEXRonxzAAAAAFA1R84/q73P\r\nDPIJKrUKAAAAAJVx5Pyz2vu01gEEfgAAAEB3eeX8lVLTtPa+3W73DgI/AAAAoNu8cv5SSueg\r\nHiPwu67eJAAAAABUyYvzV0pdENGfticxc6y1xgQ/AAAAoAe8OP/xeHxpE/rhpD4AAACgX4yI\r\nXmr9HxzPuYzjeFOfSQAAAACoEklE5HneByI6ivp3u9279Xod1m0UAAAAAKpjn/YPkg8w8x0E\r\nfgAAAED/GBE9O/rDRVPnh8APAAAA6CEjoueT+fYbAGa+01pP0c8PAAAA9JP/B1Bm4v0kIWQL\r\nAAAAAElFTkSuQmCC', NULL, 'iVBORw0KGgoAAAANSUhEUgAAAqcAAACzCAYAAAC0PbWgAAAABGdBTUEAALGPC/xhBQAAIABJ\nREFUeJztvT1220rWtr2LBOOjL3nSw87eDGwWc8MjsM4ITI/A8ghMj8By9mWiRyB5BKbyBi2O\n4FjhE7WdvWuxiHoDbehAYBV+SPwUgPtaq1d3gxRZloDCjf1zbyIAAAAAAAAcQbS9AAC6hO/7\n08lkckNEARFt9vv9X7vd7lfLywIAAAB6w6jtBQDQJTzPu6UnYUpEFEwmk9sWlwMAAAD0DohT\nAAoyn8+vhBCz1OGgjbUAAAAAfcVrewEAdAHf92dCiI9trwOAoeL7/sVkMvGJiLTWUyHElP/3\nTAhxwW8LEj+y4dd/CSEe+H//FEL8JCLa7/c7lOQA4CaoOQUgB9/3Z57nfU/cAJ/RWt+HYRi0\nsCwAeo+UMuCHwqDGr9ns9/t3u93uZ43fAQAoAcQpABnkCNPfSqkZbmoAVIvv+xee530WQiyb\n+D6t9S+l1OvdbvfQxPcBALJBzSkAGXied5MhTAMIUwCqZT6fv/c87++mhCkRkRDiwvO8777v\np2vKAQAtgMgpABaklNdCiPem16Io+rDdbq+bXhMAfUVKGRDRZ0PTYWMgggqAG0CcAmCAa92+\nm17TWu/CMESEBYAKKJPC11rf838bm5yUUg+73e4Xf+aMXzc2TwkhXlm+AwIVgJaBOAUgBd/Y\nfsQ3tDRa67/CMLxrdlUA9I/5fP5eCLEylc7EaK1/a61XVWcquJ58I4T4w/CdEKgAtAjEKQAp\npJQ3tiiO1voxDMNpsysCoF+wMLzJS+Frrb8qpa7qsnyCQAXATdAQBUACKeVlVnpRa71qbjUA\n9A9uePqeJUy11jut9eswDJd1epHudrsHpVSgtf6dfg1NUgC0ByKnADCczv/blmJE1BSA0+Hr\n60YIcWl7T10p/AJry4ug/hvOHAA0ByKnADA226gYRE0BOA0pZcB13FnC9KtSatqGC0ZeBHUy\nmdw0vSYAhgwipwAQ0Xw+vxqNRp9tryNqCsBpLBaLj0S0sr2utd4R0VUYhpum1mQjK4L6n//8\nB/dLABoCkVMweHzfn/KIxCzWTawFgL7g+/50sVh8p2xh+kUpFbggTImyI6jswwoAaACIUzB4\r\nJpNJXjr/t1IKhvsAFERKeel53g8iCkyvc23pX2EY1taJfyrcnX/Uoa+1nja/GgCGidf2AgBo\r\nEynliiw30ATXrt1AAXARbnr6KIS4sr1Ha32vlFo63mC0IaIXJv0232MAQPVAnILB4vv+LC+d\r\nj6gpAMUo4l2qtf4UhuGqwWWdBE+dSh8OWlgKAIMEaX0wSObz+dLzPON40hSImgKQQ8ImyihM\r\ntdaP7Fu6anhpJxGPQ03xZ9PrAGCoQJyCwSGlvBmNRpl1pjFKqXUDSwKg03ie99kmTKMo+qaU\r\nmrnS9FQE01qR1gegOZDWB4PB9/2p53m3eSMTY7TWXx2viwOgdebz+dI0Va0tQ/2q0Fo/CiFe\r\nREullM44CwDQZyBOwSCQUl4SUaFoaYxSalXfigDoPly3feQPzLXaQcfn0v+kVCofHfsANAPS\r\n+qD3SCk/CyFuywhTRE0ByCZRZ3p0XWmtrzouTImeOvZfgNQ+AM2AyCnoLXzz/J7TPXwvhHiV\r\nPo6oKQDZ2OpMtdZft9vtuoUlVQo69gFoD0ROQS/hWd5/Z3UP7/f7f5OhAzeKom+ImgJgJ6PO\r\ndKeUsnqcdgl07APQHhCnoHcsFouPQojvtjR+3D08Ho9npjSdEKKTDRwANEFOnemyL9Zr6NgH\r\noD0gTkFv8H3/Im+WdxRFH7bb7eVut/slhHiffl1rfY9uXADsTCaTzz2uM32B1voxfUxKGbSw\r\nFAAGBWpOQS/g6TTficgYLU13D3Na0pTyX9W4TAA6DQuzIH28L3WmBn4SOvYBaBxETkHnmc/n\r\n7yeTyQ9bGp9neU9jYer7/oUlLYmoKQAZmMb99qnO1MAmfQCpfQDqB5FT0FkSVjaXtveYZnl7\r\nnndlEbIrwzEAANmjpkR01Zc60zTo2AegHSBOQSfhNP6tLYqhtf5NRJfpSKjv+1NT9CeKom/b\r\n7XaTPg4AeMISNe11tgEd+wC0A8Qp6Bzz+Xw5Go1ubK9zmjEwRXM8zztK5xMRHQ6HvqYlAaiK\r\nwHBs1fAaGkUp9XMymbw4hrQ+APUDcQo6A6fxP5v8FWO01l/CMDQKTSllYCoB0Fp/gq8pAOXp\r\nc9SUiGg8Hpv2i10bawFgSECcgk7AafybDFP930S0DMPwLuNjbN6M8DUFAJgIDMey9hgAQAVA\r\nnALniW2iMrrxd0qpy6zop806ir0Ze9nMAQA4Hd/3L0aj0Zv0caVUZ8Sp7/vTyWRyQ8cie7Pf\r\n7//C3gdcBeIUOE0BYfo1DMNlzmfYrKN2PfVmBACcied5QfqY1vqxK4MGcryfg8lkcktErxte\r\nFgCFgM8pcJYsYaq1/h1F0bs8YUqUaR2FJigAgA2TRd2m6UWcQt5DPRM0tR4AyoLIKXCSPGGa\r\nnPaU8zmwjgIAnMJRSp86UG9aUJiisQs4DSKnwDmqEqZEsI4CAJTH9/2Zaf/JabhsnaLClOlE\r\neQIYJhCnwCmqFKawjgIAnILnecv0sSiKvrWwlMKUFKaktYY4Bc4CcQqcoUphysA6CoAK8H3f\r\n5HTx2MZaGuKV4ZizUdO8vdP0M0IIiFPgLBCnwAmqFqawjgKgOjzPM0Xjfja9jibgOvWjveNw\r\nOGxaWE4uBYTp2vRzfR+gALoNGqJA61QtTGEdBUDlBIZjvYy82aZCuVgKVECYXhLRreG1+ybW\r\nB8CpIHIKWqWGVD6sowCoHtP11NcMRGA45lxKv8jeSUSXlr1wVff6ADgHRE5Ba9QhTGEdBUAt\r\nmMYGb5peRN10ZSpUQWFKQoj3hte/IqUPXAeRU9AKdQhTIlhHAVATf6YPKKV6FzntwlQoKWVQ\r\nZO+cTCa2hlDshcB5IE5B49QlTGEdBUA9CCGm6WMuCbYKcXoqFDd65u6dUspLMpcnXKMhFHQB\r\niFPQKHUJUwbWUQCAc3B2KtR8Pl+ORqMb02ta6128d/q+f0HmvfAxDMNV3esEoApQcwoao05h\r\nCusoAMA5uDwVSkp5I4RYml5LCNNfRM8NoVPDW40/D4CLQJyCRqhTmMI6CgBwLq5OhSojTNEQ\r\nCvoCxCmonZpT+bCOAgBUgVNToXzfv/A878ZUR0/03HW/TB5DQyjoCxCnoFbqFqaIFAAAzsW1\r\nqVAsTL+b1kRkFqZoCAV9Ag1RoDbqFqZEiBQAAM7HpalQvu9Ps4RpFEUf0sKUOWqW0lo/oiEU\r\ndBFETkEtNCFMESkAAFREYDjWeEo/a98kIoqi6J2pjl5KubI0QaEhFHQSRE5B5TQhTBlYRwEA\r\nzsKVqVB5+6ZNmLJ1lGkS1L0LTgMAnAIip6BSmhKmsI4CAFSBC1OheD/7fMq+6XnetennMAkK\r\ndBmIU1AZTQlTWEcBACqk1alQOeb6mfsmlza9Nfzcl55O8AIDAWl9UAkNpvJhHQUAqJLWpkIt\r\nFouPOVOfpjn7pq20aVXVGgFoA0ROwdk0KUxhHQUAqIo2p0JJKW/IMrUpba5vYj6fX6G0CfQV\r\nRE7BWTQpTIlgHQUAqI62pkJlTX2KouhbnjDl0qajh3SUNoG+gMgpOJmmhSmsowAAFdPoVKgi\r\n5vrb7XaZ9zm2JihCaRPoCYicgpOYz+fLyWTyoylhysA6CgBQCfyw29hUqALC9IvFXP8FGU1Q\r\nX8Mw3Jy/UgDaB+IUlCaniL8WYQrrKABAlVjS4vd1ZGE4y/QjY+rTuzAMi0Y9bQ/piJqC3oC0\r\nPihFgSL+ZR0WJqivAgBUhZQyIPNUqMqzMKdOfTKR0QS1wkM66BMQp6AQBVJSud2lp5I1mq/q\r\n7wIA9B/Lw+5j1V36eXX5RHRZ1GUkpwkKpU2gV0Ccglx4g73JKuIvUit14ncbR/PBOgoAcAq2\r\nqKnWelXx91wS0U1VdfloggJDAjWnIJPEk79NmH6qS5gSEXmetzJtyLCOAgCcgi1qWmWJENfI\r\n31qE6WNZYYomKDA0EDkFVrLG6hGVq5U6BTbcP4qaaq2/wjoKAFAW3/dnVHPUNGcc6anlT2iC\r\nAoMC4hQYWSwWH4loZXqtRquoF5gM97EhAwBOxfO8o72jyqjpfD5/PxqNjPWfpwpTNEGBIYK0\r\nPjiCO/JXptcSG2ytwtRmuE9E19iQAWgWrfV91v/vApyJMaXGV1V8vpTypmphiiYoMFQQOQXP\r\ntNmRn8ZWFwbDfQCaRyl16XnenRDildb6XillenB0Gs/zVuljVUVNs8aRntMwiiYoMFQgTgER\r\ntduRn4a7XAPDGpDGAqAF+LoL2l7HqWRETc9+2K1LmKIJCgwZiFOQaxLNHfmrBpdkqjWttJsW\r\nADAcLFHT34fDYX3qZxbINJ37QI+aezBYIE4HTtsd+Yb1XFkM95dNrQEA0B9sUVM6o349T5hG\r\nUfThnJpQNEENFz633hBRfA5s9vv9u6E51ECcDhgXOvKTZBT/3yONBQA4BVvU9NT69QLC9KwH\r\nejRBDRPOYL4nostUFjOYTCY3RPS6paW1wmDEqe/7F5PJ5JZe1k1t9vv9hyYFmCtwR/7S9Bo3\r\nPi2b/r14nndlKi1AGut0fN+fjsfjN0KIpe1mWpDBXiugu7DQqyxqygLi1pLdqSTThCao4WCI\r\nktoIGlqSMwxGnBqEKRFR4Hne9/l8/mEo9YwudeSn1jW1RAu+QhCVI97wuEkjqOhjB3etgO5j\r\n8TU9KWqaVZuvtf5NRMvtdnt34lKJCE1QQyEjSgqYwYhTstykhRAXQogbKeUrpdSHPtfzuNSR\r\nnyYj9XZ0HByTeAK/tPjDns2QrhXQfXzfvyCiowlzdELUNE+YVlgChSaonlIiSnpEF32Fz2Uw\r\nJvx5f1whxNLzvO9SyqChJTVKYnO1CdNPbQlT3/dnGam3n02vp0tIKd9IKW88z/tbCLGuS5gm\r\nia8VHgUJgJOYyoROiZpKKS+bEKZoguonvu/PUnt0aWHaRV/hcxlM5FQptfQ870EI8YftPXzS\r\nfF8sFhsWa5vmVlgfrnXkp5lMJrZoAYr/DfAD1FtqMSUkhJjx321QRfqgG2RETe/KCL35fL4U\r\nQhj3Th4KclmFMEUTVP/wfT/eI4NTfl5r/VcYhmeViXSZwYjT3W730/f9wPO8TZZAZQIhRLBY\r\nLDrfBOJaR34aFlpB+jiiBS/hyHcsSKdlflZr/UhEa6XUumwkmlNR15bIdlDmswBoiozmylXR\r\nz8h6qK+6Nh9NUP1iPp+/t42yLQIHxwYrTImIRNsLaJq8KKIJrfVaKfWpaynmnMklrXTkp5FS\r\n/p0WW1rrxzAMp8YfGBC+708nk8lbrfXyREF6x4L07L+xlHKVjuxorXdhGCK1D5yCH6j+NqT0\r\nC9fUZ4mLqoUpN0F9N3xPaz0A4DR4z76hMx7coyj6tt1uB5fGTzOYyGnM4XC4E0JcF4iePiOE\r\nWE4mk6WUshMi1dWO/DScMpsaXhp0tCCdDhKi2DMkdwzfEdG6hpIUU1Sn6u8A4GzOjZoWeKiv\r\neu9EE1QP4LHbN2TeK4nonz1aa30xGo3eGF7fHQ6HZX2r7A6DE6e73e6XlPKOnmr2ntFa/yKi\r\n30KIP20/mxKpTnYru9yRn4RrrEyb8v2Q0xnxgwVlbHBJEoL0rq7fG9fvHW2kBHEK3MRoxVQk\r\nqJAjTCvfO9EE1X14z77JakbVWj9qrVeHw+HO87xgNBrdGt7zm7OZ+LvTgLr1k5gabYQQF0qp\r\nIIqid5wStcLdyn8vFouPfON2Apc78tPYohtkqY8dAomId+45FUXRtyiK3imlpmEYLusU9Lym\r\nafq4UmpT13cCcAq2bEyRqGnTwhRNUN1HShl4nvcjR5h+CcNwyk3HU3qKrppovczOJQYXOSUi\r\n2u12D1LKnRDCTx4fj8cBn0Br3uRWtkgqC4iV53lXi8Xier/ff2nzicf1jvwktk7aIRtN55Vi\r\nED1FlbXW68PhUKrj+Bz4hm2K7NzjCR+4RsYgj5+2nylQBlVLtglNUN1GSvlZCGH9W3GQaxnf\r\n0xIRVpMl2eAboNIMMnLKbAzHnp9+ttvtWik101p/4tSpkYRI/Zs74xtnsVh8zOgq/b3f7//t\r\nijAlsm/KQzXcz7o5aq1/R1H0Yb/f/ysMw2C73a4bFKYrUyQJ9XDARU6JmuYJ0yiKPtQhTDEJ\r\nqruwb+mPLGEaRdE3pdQs+be0ldtFUfQtDMNVPavtLoPr1o/hppMf6eP/+c9/jn4nvIFd0dNk\r\nh8xGKq31TyJahWH4tbLFZtCFjvwk3M34d/o4pz4GJ3jyhGlbVl9Zkfj9fv9vl84pAIiszh/3\r\nYRgGpvcXEKa1ZZtY3Lz4Xr7ep8hIuEueRVQ8xjYdBTW5nfD7nWhOdpHBRk53u92DKSLKHXfp\r\n9/4Kw3CllJoWiKROhRBrKeXfUkqTN2Ql+L5/wRvc0vR64qR3SkSwzcYLhjym1PY03aYw9X1/\r\nZhOmURS9c+2cAiDD+WNlej/X5x8JxJg6hSmvFU1QHcL3/elisfieI0zvOVqaFqaXFmGKBqgM\r\nBitOGVONh7WwOSFSZ1rrzMhoSqRW6llWoPHpaxiGM9dOepvhPp0w67oPcNT76NxoW5iyW8AR\r\nWutPLpWHABBjufnfm1Lkif1zaviZ31rrv+o8z9EE1S14fO0PyvAu5fKPIF3bzCOe0QB1AhCn\r\nx7zK+6HdbvczDMPlfr//V0GRertYLCqZRd6ljvw0lk35cYj1NlnlGERUyUjEsszn8/cZM8S/\r\nDvHvBNynTNQ0sX+azvHfSqmgzsYUeDt3B85O3gohbm0OKlrrHfd0HD1YoAHqPAZbc0r0dPJM\r\nJpP/po+XranzfX/qed7KMuLxBVrrazbyLx0p7FJHfhrbFBSX11wXWcK0jd9Hnk8fJkEBl7HU\r\nbx7VmhYRpnU+FGZMrrLWxYJ24CzfTdZkvrw+icVi8Z0M0VZMgCrGoCOnu93uVxRF39LHPc8r\r\ndeLEkVSt9Wut9X3We4UQV57n/eCTvzBSys9d6shPY0u7ubzmOnBQmM6yfPri2uUm1wRAUWwm\r\n9pSKmrYtTIkyJ1chauoQbBFlLPsgejbUf50lTKWU12QQppgAVZxBi1NmYzhmmoaTSxiGmzAM\r\ngzyRyqn+71LK2zwTf04t3NhsK1xtfEqSVWva7ErahVN6S9NrbQjTxWLxcTKZ/MjYhHco2Aeu\r\nkmFi/6LW1AVhmuXt7PLePSROtYhKw/u86W+NBqgSDF6cHg6Ho7oPIcTsnMlPKZG6s71PCHHp\r\neZ61qz9hdbI0vd4FYUqUWWs6mJqbrJKMpoWp7/sXnHJa2d6jtf7ShXMLDJcME/tV/D9cEKZE\r\nRFz2BW9nR5nP5+/5Qd3WyxE3yl1micsspxNqqZegqwy65jRGSvmQnhaltf6rKvEkpVxRvkfq\r\nZr/fv4u7/XhTvc2IatUytaRqUGuaLUyb9nflKHZWgb/Rpw8Al7DtK8l90RVhmuHt3Ik9vM/w\r\n3+aGMjrx2SJqmTVljD/LWFNM9NTNDzeGcgw+cspsDMeCqj48YT+VVY8aeJ73Y7FYfOR5vVk1\r\nL8525BtYpg9orR8hTJ9vTk0K07iWytp5avLpA8BBPqcPJCeXuSJMiZ6ippY1oNa0Rc6xiEqT\r\nyHIanU4gTMvjtb0AR9jQcT1QrqVUGfjkDrge5doURY1HoQphD2h3KeLo+/7UMqJv1cJyGofN\r\nl7OE6bKJdbCbxK0tZcXr+QSrKNAFbE1QsYm9S8LUtgfSQL2dXSDPnYSo/HRFz/M+W87JXYcC\r\nSU6ByCkRKaU26WPn1p3a2G63a6XU1OQSkEUXOvLTWCIGg4iaZpkvNylM4+hATi3VawhT0AUy\r\nmqB22+322iVhSpQ5EQ+RtBbgrKTVnYToudRqVvQ84YelpeFzfsPp5HQgTunJUsrUuOR5XlDX\r\n922320tumHrMe7/W+lEpVfhicYEhR01zbpCNCNOEy0NWfem9Umqa1XkKgEtkNEFduSZMbS4l\r\nGFPaDlVYRBk+83I0GtlKTAL8nU8H4vQfNoZjQZ1fGIbhRikVaK0zT2AhxJ+e532uI5JbF7Y6\r\nK5M7Qp/IuUHumqgzk1K+zXJ5IHpRS4XNE3QCboIyPfB+VUr9ckmYEtldSlB/2CxSyqAKi6g0\r\nOdmxqy4Fk1wENaf/sKGa607TZAmZNGw7FUgpr8IwzByZ2jZDrbMqIExrE4NcR/WGnmqWp7b3\r\ncRR+kJYmhs7czX6//6vP52TPMEaoiGjtmjCVUl6SJWra5DqGDO+Jn7Me0mN3ku12WypokjOa\r\n9MsQStfqBpFTpsm6U6LnWsBCwjSxngshxHqxWHz3fX9ax7qqwPO8oyfUvtdZ5WxWtQlT9iz9\r\nyBYm6yxhGkcHBipMZ4bO3GAymdy2tCRQgoxJUHdksUZrS5gyJiE9iHp7F5jP5+95T1za3sNl\r\nTSe5k0wmE2ODaRRF35p0YOkzEKdMk3Wn3LFv3VCjKPpQ1Haq6rWdC4v5wUVNWZgauzXrEKa+\r\n70+llDee5/1NT9FS60MOn1Pv8gyk+0pOhiJoej2gHLYmKOaNa8KU9/ep4aVlsysZHnEKfzQa\r\n2WqTiai4RZTlOzCatAGQ1n/Jhoj81LGAnp7OKyFrtnpqQ70uYjslpVxqra8Ph8O3Uy60qjHN\r\nj+571JSjOkfdn5xCr1SYcpPF26yIQGoN90qpwdY/zefz90IIq3jPeQgEDpDRBEWuCVNeU+5I\r\nVVAtRVL4ROUtotJgNGlzQJy+ZEM11Z3meavxRXOZFJjb7Xbt+/7deDxej0ajN6afE0JMhRDX\r\no9HoWkr5oLVetyVUbfOjqcdRU27SsHVrVhap5O/5SAUjfSy6VkO9IRbxMmRWTawHnIatCcpG\r\n28JUSmmr+V41u5LhkPcASvRsmbc6pxkNo0mbBeNLE/i+fzGZTP6bPr7f7/+/c0RGYnqEzWvy\r\nPk/IcMRsLYT4s8h3aq0bF6q8MR9FDfb7/b9ciOpWDZvb/7BEbyoZfyulfEs5TU6p7/2qlFr1\r\n8fddFL5WbvJ+ZxzNChpYEjgR7rK2Do9I0rYwtY2vjKLo23a7zXtIAiXh69xofp+E98SrCu7h\r\nGE3aIIicJtjtdr+klDshxIvUPtedniQ08jryi/pehmG44c9amdIKaYQQsyYjqraoqdb6a1+F\r\nEk9dMnZrniNM+SHpvdbaVruW/r7fRHStlFr39XddFK7DXuW9L07v1b4gcDIZTVBHtC1Micwl\r\nTUREh8MBDTIVUiaFT0RX52aPMJq0HSBOj9lQRXWnbCdi7OAmKj+KlJ/8rnzfX3MdVqGSgyaE\r\n6ng8Xpr+nUqpVVXf4RJcO2xqgLo/tVuTrY7eaq2viOgia4wtf9cjEa2VUr0tmyiKwSbKCj88\r\nQDA4TE4T1AtcEKbsnjKoh/M2aCqFnwSjSdsB4vSYDVVQd8oXkfHiONVbLYY34cD3/el4PL4U\r\nQizT0V4bdQlVS5F4LzdmLopfpo/HHqJlP4/LAz7Gn1lElPLmuy77XX0kfggkokxbNr7uLoda\r\nh9slspqgkrggTImeho4M6eG8aZpM4SfBaNL2QM1pioy608J1kyU68ivjFKGaWtfJQnU+ny9N\r\nheJ9rDX1fX82mUx+mF7b7/f/LvN3RZPTeXC67WPW5JeYKIq+HQ4HdNN2AL4uvue9zxVhylH7\r\nv9PHtdafwjBctbCk3tB0Cj+JlPJSCHHkg+zKedd3IE4NSCkf0gKvSCqQhe0tWcRG3VOCEuto\r\nVKhKKf9O10Y2NUO+SXij/GGqAy1SosER0lf0dH7MStTTfSWiNUTpP5SIpPzWWl8hytwdijRB\r\nuSQQpJTrtKMAr2+Kh6HTaSOFH5PVK1K2HA+cBtL6BrTWa4M90BsisopTFh63RGTcVJuM3LCg\r\nvCai6ypS/0T0oLV+OBwO9+mbgc1wuo++pvzgMU0f56L4dfq47/uz8Xj8SggREFFQZhoYp6Dv\r\nht55n6ZoJIXIbM8G3KZIE5RjwtRmdTX4OvBTaSuFnwSjSdsHkVMDttS+zR6oqo78ujk3oppg\r\no7V+oKf63GtD1LR3Fj1SymtLXe0uDMMZnzM+PUVF4/+UJtF5j5tbiiKRlBikVLtHll1PjEvC\r\nlIhosVh8p9S1zrXnM1y/5WgzhZ/EZonYx/uay0CcWpjP53dp43uTyOTI4eeqOvKbokKhekRV\r\nHp+uYKs9IiLSWt8R0bRoit5G3OR0OBzucFN7SdFICtE/TWmuiBdQHFN6PIlrwtRWG+vqnu8y\r\nbabwk9j+pk2V5IF/gDi1YBIkWutfSql/xSfofD5/PxqNMjvyuyDS6hCqHFm1lgN0hbyo+Llo\r\nre+11mvczI4pk8InqjfNB+olrwnKNWFKZI+ahmE4bWVBHcSFFH5MVk9B2WZXcD4QpxlIKX+J\r\n1Fz7+Kk4pyO/s9GbOiOqlCgHUErtXK4FXCwWr4go0FpfnhsVTcId9xsielBKbSCkzJRM4Xfm\r\nQRAcU2CCnnPCFFHT83AlhZ8ko3QLJUItAHGagSXNtOH/Dkw/06fwP28gM3oSaTMhRJAW6+eg\r\ntf5FRBshxAMRbfb7/a6N3xv/O1/RU9PSjE6sF03Daajnfx+67fMpk8InKjb6F7hNG9Z752Ip\r\n+0JNYgFcSeEnyUrnh2FYWXACFAfiNIMsT0sTQ0gr2orFwfPEpo3WenM4HB5cu6G6TNkUPhFm\r\nWvcBm0cykbvC1OZriqhpNi6l8JPY0vl8/s1czvD1GVhJZbDb7R6klI9CiD/z3juEkYi+78/I\r\nMKKP6OnfT08TemY1lAM4CaecNvRUpvCATew0yqTwiZ6zE0vXREvbpEa4bvb7/V8uPyj7vj8z\r\nWPYRkbvClOhpGlT6mNb6EcLUjIsp/CS8tqlhPbDxaxGI0xy01te2DTRmCE/MvMHcWkyJX0Sw\r\n6i4HaBut9Wuk6M+nbAqfCJOeskgIUyKigH15X7e3Iju8R9i8JJ0Vpr7vX5gcBbTWiOAbcDGF\r\nn4Qbn5eGNd0jK9MuEKc5ZEVN41nd2+1209yK2iHHgP7FRczCYUP/1OeiNPSBAAAUt0lEQVTG\r\nQwries6ZEOJVjcs9G7Z2ekjXlRERQZiexykpfKKnxoTtdruqZ1XdRkr5mY5rpdP/3xn4729r\r\ngLpyUZgSEXmed5Qd01r/PhwO6xaW4yyupvCT+L5/QURHJSX8cLRsej3gJRCnGXSxUL8OpJTJ\r\niMwznF4tVMrA6ZGfRPTcUc0TlOImpFbLATil9MD1ops4nbNYLHRba+ojZVP4RNV14xvGC2/2\r\n+/27Lqfu2OrspkpHibphb+il6bUOTOAxlTVhYAbjego/SUbkHul8B4A4NZBnbcLoIQhT242E\r\nxflZXdL8++v97xCclsInqra+NCVMiYgCz/N++L7/uovX8mKx+EhEK9vrbFvmFDl1pjuX6/Z5\r\nLzwSM0qpdQvLcQ7XU/hJOJ1/mT4eRdG3ttcGnoA4TVE0EiGEuJBSXvbZW9H3/Zmtk5aIMLMc\r\n5JJq0ilFVfWl7LphSnuTEOKCX3OyNtNEvEcRkXWPYlF/dPNtkwJ1pk6tN41lpOXXoe+DUsq3\r\nRHTlcgo/SVY6/3A4LJtfETABcZogbxRpGq31khJp6j4RR49Nr3ED2KbhJYEOwTXGH8vWlcZU\r\nWV+aJ+SIKJBSBl2oJc6Llsa46P2aVWdKjj/scqRtmj6ulBpslI1F6cr0e0niQgo/CWdQTPd4\r\nNFo6BMQpI6X8LISwppS01l/TXZqj0eiN7/sXfTyhbSM7uQFq3cKSQAfgus73WuurU0a+Vj3t\r\niX15c0sJOCq2qeI766BMBNrFaF5OneknV4SLDcvkoM6OZT6HEqLUiRR+kvl8fkWGa4jT+b0M\r\nNHWVwYtTQ5PEC5KNTzxF4kX3/ng8XhKRMxdfFXAj2NENnWvCli0sCXSAuOaMiC6EKD/fo2r/\r\nUq5vLDowwtnoafL3mvde3q9WtS+qBDl1pveuj4Zkf+fA8NKq2ZW0R9mHTldS+El8359aSjOQ\r\nzneQQYtTrt36TpZN33CzvKNUtyZHU3sjTufz+VVGA1TQ/IqA6xSNpGRRtX9p4to+Qmv9mp7W\r\n+8LOzLXoad6Ds4Vr16KmXNNrysI8ul5nSmS1j3p08UGmapKilAo8dHIT3srF3w1nHpDO7wiD\r\nFafz+fz9aDSyikrTk59S6noymaTF6cz3/alrN4RT4MiwMcLB0WNcwOAZPl8+0pl+mlX7l8bC\r\n1FKW8ikMw42U8pqI0l67QVVrOBcp5SU9NW2UstxyrQYyI+roZF1sGo62mUz3Vy0spzG4Zvw9\r\nES2p46KUyJ7O58mOSOc3AD/o+FrrCyHETGs9FUJM4/+mJ2u/D3EwcHDitIgPm21m9263+yml\r\n3KX9OMfj8SV1PHrq+/6UiG5Nr0VR9G6ItVXATNH6R64fvSait5bxgJXWl/LasoTpLiuFzI0b\r\nrZLoaC8dUWR/RqfEHkdNj4ii6EMX9hSb6X5f6+7LNjJGUfRNCHHtqiglspf3cOR+1cKSegs7\r\no/wRRdFsNBpdUGJiXfye+EEn/d/0ZO33Pbb2G5Q4zbOJKjLxSWu9TkcXu57azxpN2gFT7MZx\r\ntTaxbsrcuDjzsOL3Tw2vVz7EIkeYpqe+BIaP2FS1llNgL1jjdRijtf5CRG/Sv1Oe7e7iHhSk\r\nD5imyrkIWw4dRU2pw3u9jbKiNL6+u5AxtNmXEdL5Z8Pa4Q2lrMRGo9FJnyeEuGCB+u/BiNM4\r\nTWbb+Lm+NDd1fTgcNulfPKf2O9u1b7N44WYFZ02xm0BrfRQpp6dU16b51bRDmWYIrfU912n/\r\ntE1Yq0OYZlksWb7PND53U9V6ysAb/Mcct5DfRHSptZ6ORiNT5/iqzjVWSVeiVePx+Mh038XS\r\niXMoW5rTJVFKZHfr4HT+poUl9YJk2ccprixZCCEuxuPx9SDEaQGbqC9FRRh37T8auvYviWh9\r\n3kqbhy/eZfp4V5oV6kZrfS2EeGHYLIR46/t+ZzbocyjagZ+uObM11jGXVXbkZ/mYmoSp7/sX\r\nphuWUmpTxZrKwNHSm6xmsrhZjOjZs/UFWut7V7MbWuv7ZOMZ2y/9bHFJhTHZRxHRXVeDEEnK\r\niNK4PEcpte7K344I6fw6kFK+5X09qPN7RqPRm16L0yI2UVrrqxM29qOufSLqnDhlY2mjtUYX\r\nmhWaYLvdrlnAv3gY4Vq03kaVS3gZPrKX4To+Np/Pl6PRyFZrWNkAhwLjO40RWs/zAsN7d02f\r\n70XWT0TL2H+Rz8Op4a3Wz2gbpdTS87y1EOJVHFVve01FYF/Wafp410VNGXGREKXXXbwX2Oqd\r\ncW8rB/cYvD3VuzpJYqTyRmv9SwjxQE9Nn2shxB/x+6Io+tZbccoRlVsimppeP8dTUSm1Tnft\r\nd82Qn7tojaNJtdZXXWhWaJA1EaVFfBw97cTfuwi+71+Mx+O3QohlgVGERoNtfuAxnlcsTNcV\r\nrLPo+E7b9R0Yjm3OXVdROFr6mbLXf5+8iXLD4lEkj83DN/Ws9Hw40ha0vIzSmKKmURR961Lk\r\nMEkZuzet9SMRrbsqSonsLhFa60+4txVDSvmGntL2l0QvGpes8LnzM/GfByL6pZR6yDqXeE9/\r\nfog9HA7LXopTjtzYZsKf7anYh9R+xozrT66mCNtCKXXted5V8smO62KW1IPmiPQmlEVWNCXn\r\ngaeSyWJFxneyXVTWe1qpNy1aW2oS/Z7nrUzX6+Fw6G30vk1MD2dCiM5d62VFaToL0lUyvGlX\r\nLSynMyT6C4yZAxN8T7jje8JJwt/0ENsrcXqOTdQJdDa1bysS5yjMqoUlOc1ut/slpbyjVOcu\r\nR1c6d8Mien5SfUslCtqzmiFyOuW/njtZrGC0sVA2xFJvWms0hUXCdU4n/nMzWfI4186ZvDY/\r\ndTWS5zIcpX6B1vp3VxpoTpjm1BtRSvRcUz44b9pz4P01LvkoHCXVWq8Oh0Mtddi9EafcPXZ7\r\njk1USY7E6Wg0elPRZ9dGxgi3HUa42VFKrSaTSVqcTufz+bIrm3qZtH0Sm2hKfG6WML0/R5iW\r\n8FTNi5Ym33vkwOB53pSe0lCVwr5/n+mM9Ztq5/rWNe4SfC6kcT4VfOI0p+u+mdBzRusFffam\r\nPZXE/eCqzHQ/rfVXIlrX/bDWC3Fa0CbqssooA0+Z+Z1M9cZrcfli5xv9ESw+Ollf1AS73e7n\r\nfD7/ln4AGY1GN/P5/I/tdvulrbXlUSZtn6TI1BduHPlsM70/1fGhSBYk8R1la8cfiChtDxZQ\r\nhan9WChQfglC5vp5bwsMP9eremdwOn2b5nQuFpeFddPrcBUOJrwnossSWbNHrfX14XBYN7Xv\r\ndF6cFuh4PTulmMFRqpeeUvtOitOMEW4oEi8A15wdRcdHo9H1YrG43O/371xJs56Stid6LmiP\r\n64d+Zr03q7a7qG+wYd1lPFULR0tTP7cxpP2Csp9jgwXlZ7I0Y/IajLWlBkxRU1cN9/tCYDjm\r\n3P7Yx2lO58INmdP08aFnGRaLxSut9SURBWWyZnzOrNsIuD2L02T6TGt9p5R65/KTeY02UWUw\r\niVMnU/sZ6fzHoV+4ReFo+QvfxgSB53k/pJTv2oqcn5q2J3pO1dwVXbvNYJ8/a3dKJD5u3iCi\r\naZ6nqlLqZEeJw+HwYJhgko6klqZoCULRhkz2ip0aXlqeukZwMs7cC/s8zelcuJHnxbEuuyyc\r\niu/70/F4/EYIEZTptid64dbQqq/tszhNbqpCiMvxeCzoKQroHAVsoh45jV/r024Yhnfp1L4Q\r\n4sLF1D7/fU2RKKTzS6CUumLLiyMxw5G+Wyllow93Z6Ttd5yqKVzQnpduLxsx5ZrMN0W6Q6tq\r\n3GC3jaPr1vf92al7xmKx+BjX+tnew5v+skjdOzd1mB4m7/sc+XKEafqA1rr1PbLv05zOxff9\r\nqanvQwixbmE5jcL78it60mxBmRrSGK31vdZ67UptbjKtHyRfcLW5J6vGjeh8m6gTcD61n1G3\r\nhhFuJWHxMpNSXltqm0gIcel53oyjqJs61tFE2t7wnRfc+GRrOvzKEc3Ma4/F9ItNNCdS+pue\r\nGjdWZdabwwOlLKXG4/GMSqZv4wlPlBHtPWX9NusopRSso+pnmj7AZuGtMIRpTlWQYR/lzL24\r\nSuIHe3o6L4JTPoPPl/Up94O66VTNaVYqkejZo3PV3IqIyPHUvu/7F2TwnsQIt/MIw/CK7aXW\r\nab9boqdOfiL6LqW8DsPwA9HzZvKigU5rbRylqbWepcWJ7b1FKJu2TxMb32cJU1ttN6chX9FT\r\nAX7Z6O4Xjv5U/bC5oZQ4FUIEVLBxgoX6Td6/J8/pwPLZU9ODj9b6K2rD+w1fZ3/ydRZoracF\r\nPUo7Pc2pIkz2Ub0pWUvsowGVaGYyEWfNXImSmuiEOC1qE9VGFFAptZlMJi+OnZsirBKb2T4R\r\n5Ua4QDZhGG5835+Nx+O1LdMghLhaLBbWaJct2mY6XrRmKOaUtL2JPDeM9OSn1CY6O0VQcwbk\r\nqsan+Q0dT/0qVHc6n8/fCyGMkc0YjlBfnfIw4HmezToKUdMGsNSUVwpfI74QYqa1ntFT5P3o\r\nOinQed/5aU5VwBnVo+vxcDisW1hOZZzayJQmNsrXWm8Oh8PGtSipCefFKafNbpu0iSrDbrf7\r\nZbIY8jxvSS3PXufOxaPIDpvt9zLV0TR8Q7hkAfdiPnAbnJO2N5HlhhE3HY5Go79ZsAX0tIme\r\n80R/T0SrukdyKqUeDA+Vxs2fo1k+cfqsQG3sp1PFAqdwTdHYQYsPB7j1ff912YADN8n9SS+j\r\noEHyPWUfOon6Z5x/LhmZhk5dM+c0MqXhvXSjlLpzIVBWFo/oeezgC7TWu+aX85IiNlFFatwa\r\n4I6OU/lvqEVxyul8YwQGZvvVE4bhXXI+cNPff27aPk2ctqbspsj/xlZShu73wkRR9I2I7pp8\r\not/tdr8Wi8XRcXYBeRaipvIKG+e6CDBG6yg4ajSH1vrIkUMIceF53nebQI3PmyiKZkKIaRwR\r\nTZ47p4qM1NogSg1Ypr45f81U0cgUw4GJDT0FJzYO6KKz8IiIPM8zbb6t/cOK3BjTqcQ2ORwO\r\nd2m/RyHEtM3UPjdUTA0voTu/JuL5wPP5/Go0Gh2JjKqpKm2fJh4VmpdGOnUjTW6irjUrTCaT\r\n/yb/f8ExfpXY1tnGCsNwv1nYkWOTzoLEAlVKuaQns/sppR5gkg9pVYjRmL5Oc6oTV6OFVTQy\r\nxfCD/YbvAT/PX507OJfWj22ibDe+pmyiyuBaap9Tg6Y0xz02t/rZbrfXvu9vPM+7TkZgOBvx\r\nQmRorX9ZOoEf0u9VSv2q87wv6tN5Cvxvv+tqislGVQ1bvu/PbNZRrjyED4Xdbvfg+35gE6iU\r\ncmKpWIQ+0tMY3Y3W+qcQ4iccVbpN1Y1M9M+D/aaSBTqKU+I0zyaK02aXjkYRnEjtZ3Tn/1ZK\r\nLZtcy5BhARa0vY4yVClM43onInroQ4opTdUjIDlTdISpCYojL5+pIwNTukiWQK0CblB5IKIH\r\nFqEPSqkH/B27TbIsiBvdZmem6jvXyFQVzohTKeVnIYRVyJ06qrApDofDJl13x6n9aZMnlOd5\r\nxqkynBpsbB2gkwSn/BCntTdEtBFCPHTlid5UW2h5XywkNvTUYFCpiMhI5x+NFU7X4QshLieT\r\nyQURva5qPeCJqgQqP8j85P9Ufv6AdsgTokNtZKqK1sVpAWPv30S0dD0dvdvtfkopd+nJQePx\r\n+JKIGinMzkkNOl8cDtqlhFjb0VPEp9NP80qpS8/z7tL/5tS/76HmUgrbNbtLPozHPrNEZNon\r\ng7rWN3TKCFSuAf/JZTobpdTPrl4b4CV1CVGi/jUyVUWr4tR1m6iyaK3XQogXjTBCiI++72/q\r\nfgLim9d302tI54MiKKWWsdtAovYtrn3d1F3z2jR8EwjaXAOn549IXrN5riXcFAFqggXqLHlt\r\naK0fWIQ+sAjtzXXRF6SUt0qpD6dMwqtLiMb0uZGpKloTp+yLaI3mOWQTVRju2k+L00wLkiqI\r\nhalJ5HNq8Gcd3wv6Rew20PIyhkaQPhCn83OipfF7d7CGqx9cG92DS14uF4vFar/ffzFpiSaE\r\nKNGwGpmqIhangeG1TR1fWGTsXxRFH7qYhubUfmmPvHPIEaY7l+t0AQDHhGG4youWErlfhw9A\r\nU+SUJK08z7uSUl4JIX5SM0L0IY6uQ4yeRqOR0zz/RO4oD7qcIsnzyKtSoOYIU3TnA9BBFouF\r\nznqdy52WXd4nAagSLkm6S/d8xPA9cp34/5V8L4RofTQiTjla+jGnG99lm6jC5HnkVSVQCwjT\r\nTot8AMAxiJYCcAyXXczYjvK6JvsvCNEGqV2cSinfEtF1lvGs1vpLGIatzqGvkroFKoQpAMMC\r\n0VIA8tlut2vf9+/YUvHIBaMoEKLtU5s4LTJtpis2UadQl0CFMAWgPxSx70K0FIDicPZ15fv+\r\nejweX6cnN6aBEHWTysUpd7+9p/xi/t5HAooI1MVi8RCPsIyi6NdoNHrY7/e/427dyWTyBz0V\r\ncF8IIWbJOc5JIEwB6B42r1Wi51KnK1zTAJSHU/2X3OuyYhswCNGOIIieJ5S8CIGf8rTOJ8FN\r\n1rguniaz6mI3/qlwtLOWMXhEEKYAAAAA6A/xvE1TJK5wY5Lv+1Mp5a0Q4nuWMI2i6JtSajYk\r\nYUr0FEFVSgVcxlApEKYAAAAA6BOxOD2yduLpF7nM5/P3nuf9yPIt5Ykar7fbbWemPVVNHQIV\r\nwhQAAAAAfWOU/xYzUspASvljNBrldeJ/UkrNUNvxLFBnWuv7cz+L69FmEKYAAAAA6BOlG6KK\r\neJYSPYun5VAjpTaSY/C4FvUibnJKNDvNhBB/DGG+OQAAAABAklLitKBn6W+t9dV2u12fu7i+\r\nkxCZmzbXAQAAAADgCoXEaRHPUqInM32l1KrrU54AAAAAAEA7ZIrTMp6lRHSFulIAAAAAAHAO\r\nWeI08DzvhoimtjcM0bMUAAAAAADURyxO/0y/kDeXNoqib4fD4QoNTwAAAAAAoCo8IqIs4/w0\r\n3EG+3G63m3qWBAAAAAAAhkopn1N4lgIAAAAAgDop1K0Pz1IAAAAAANAEmeIUnqUAAAAAAKBJ\r\nRkRPkdH0C+xZOoUwBQAAAAAATTEmIvqf//mfjRDiX0KI/8NC9V0Yhv////7v//7fltcHAAAA\r\nAAAGxP8DqpNX75OftFQAAAAASUVORK5CYII=', 0, '93', 1, '', 1, 2, 'submitted', '2016-05-30 16:38:47');
INSERT INTO `final_drives` (`final_drive_id`, `student_id`, `course_id`, `has_corrective_lenses`, `has_permit`, `instructor_id`, `final_drive_date`, `final_drive_student_signature`, `gif_code`, `final_drive_instructor_signature`, `final_drive_total_deductions`, `final_drive_total_score`, `final_drive_template_id`, `final_drive_comments`, `final_drive_hours_driven`, `final_drive_hours_observed`, `final_drive_status`, `last_updated`) VALUES
(27, 24, 3, NULL, 1, 2, '2016-05-29', 'iVBORw0KGgoAAAANSUhEUgAAAhwAAADVCAYAAAAchikpAAAABGdBTUEAALGPC/xhBQAAIABJ\nREFUeJztnc+O20jX3k9J5C7A9Adkkd3o3X94q0elZQBzVllacwUjX4F79gFGcwXuuQLL6yzc\n3gexOqsEsHokZBtg5Ct4uxdZdYknCxXbNFVFURL/Ffn8AMN2qZuqVkvkw/PnOUQAAAAAABUj\nmt5AW5FSXgVB8F4IMWXmO631m81m89j0vgAAAAAfCZreQFsJw/AjEUVEREKI6XA4FEQ0bXRT\nAAAAgKcMmt5Ai4nS/xkMBq8b2gcAAADgPRAcAAAAAKgcCA4AAAAAVA4EBwAAAAAqB4IDAAAA\nAJUDwQEAAACAyoHgAAAAAEDlQHAAAAAAoHIgOAAAAABQORAcAAAAAKgcCA4AAAAAVA4EBwAA\nAAAqB4IDAAAAAJWDabElIaUchWH4nvZD35bPz8+/YJw9AAAAsAcRjpJIiQ0iosiMtwcAAAAA\nQXCUSXTk/wAAAEBvgeAoASnldXaNmb82sRcAAACgjaCGowSCILiyLG/r3ocPSCmvwzD8gYiI\nma+EEC9ijZmvhRBXtseIaGnWt0KIbXrt+fn562az2RIAAIDWAsFRAuZCmV3eNrCV2rhAOLyQ\nfc3S/7e8npFjncIwpMlkkvx3aZ4XwgQAAFoEBEcJJBfXDNu693EJaQERx/H1YDBIfqYo9WVR\n9vuIThYOVRO5njcRJsy8JaK1EGJN+46iDTqKAACgWiA4SsAW4TAXtcaQUl6FYSjNXl6iDMw8\nEkKMsv9OMxh0u7TH/MwjIpoS7YWIUuoxESDMvNZabxANAQCA8oDgKAFbhCMVzq+MyWTyKhET\r\niXiwiQhXxKGB6ENrMb/DiIgiIUQ6TbNk5jURJSJk3eQ+6wb+MgCAsoDgKAEhxKvsmtZ6e+lx\r\nkyhFSkxcCyGu0jUSiWjI/t1WmHlDRI/m30lUIWGdPKa1fkwu7lLKqyAIkghN8rNfEVFSG3It\r\nhPihoi1HQoiI6LuUzJqI1sy8HgwG6y9fvtxX9NyNk/WXGQ6HCzKRIQAAOAUIjoooGo43d5A/\r\npuomIvNQ8ncrRcU5wuFczB310vx36fq6uoSJSU+9pNFSkZA/VquVc3+eEqX/MxgMXje0DwCA\r\n50BwXIhSKsqumYvxC6mCzCiVAvmue6PpugnjG7I1/92m/p0WD+s2h9OLChOlVGQESSIcZAlP\r\nHwkhoslk0lXhAQAAFwHBUTK8Z6iUekf7i9B3LaF1RimYOR3qX5q1l2hEGdEHHzFiYJlek1Je\r\nD4fDtAg5SJMV5EV4PD8/v0HhKQAA7IHguJz/wsyc/Efs+Xci+veqnziV1kiiEMu+iohLMa/Z\r\nd6+blHJkUjTXtE8tnJKSiUz9w8+lbhQAADwFguNETJ3AK/rW0WA1tSqLVJRimUQntNZb3DlX\r\nj3mNt0R0l6yl6kRe0jJCiB8dh4gq32SFSClH2TVY9gMAzgWC4wSUUn+VLTCY+Yn2HQ+PQoh1\r\n4pDZ9nqJvpKqE1kma6aOZ55Nw8Rx/KnOvZVNEAQjy/K25m0AADoCBMcJnCs2UgWZyZ81ET2i\r\nsLAbmN9jlBYezHy/2+1umt0ZAAC0BwiOCmDm/0NE/4P2NRVLRCr6QSI8Gt4GAAC0EgiOEkgX\r\njRIRrVarfza1FwAAAKCNdHtoxgVkWkqzj22Y+c/dbvdfmZlFCiL6nzVuEwAAAPACRDgcaK2n\r\nQRDcmXz8hkyhYDpFopSaijbYfgIACmOM+N7Rt/kwv6GVHIDqgeBwYERFdOTLbEWky9I3AwAo\r\nBSnldRAEn2lveU9EFAVB8Hk8Hv/28PCwaHBrAHQepFQu42BKLAAd4uD9zczeFkAnYiM73VkI\r\ncTUYDN4rpd5LKfGZBqAiIDguAxEO0GUO3t+ZIX3e4BIbaYQQsyAIPkspKzXzA6CvQHBchsth\r\nEgDQEoqIjQQhxHUYhn9NJpPf69gbAH0CNRwXIIQYZddg5gVAezBW9O+LiI0Mc6XUVGv9c598\r\ndFKv15SZ77TWb/r084NqQYTjTBxzJp4a2AoAwIK5eH62OQQz89Pz8/NPcRy/cX1uTbTjY/U7\r\nbQ+mM29KRCSEmA6Hw0XDWwIdAoLjTBxzJrzMbwPQRYIgeOcSG1rraLPZrB8eHhZa68i0vtuI\r\nqt1lu8jOAxoMBq+b2gvoHhAcZ8LMI8saQo8AtACl1HshxCy7nhYbydpms1mvVqtrZv7DdiwU\r\nkQJQDhAcZ2Kr3/C1gh+ALjEej2dFxUaa1Wo1tzkMB0GAVlkASgCC43xG2QVEOABolvF4PBsM\r\nBu9tjzHzTQFHUdvj0cUbAwBAcFzAKLuACAfoGJFlbVnzHgojpbwWQryzPRbH8ZuCTqK2mwZE\r\nOAAoAQiOMzA5XZld11ojwgFAA+R5bTDzhxNsy5eWNdRwAFACEBwnMh6PZ64TGwZAAdAMYRi+\r\nc4mN1Wo1K3ocx00DDP4AKAEIjhNI8sOOE5tznD0AoDqMJ06UXWfmjdb65pRj2W4abAXiAIDT\r\ngdNoQVxtdkQvJzbrYwCAagmC4EBUMPNX05GCNCcALQGC4wjGrfDdEbGBExsAzXFgTsXMt/hM\r\nAtAukFLJIWWNPLM9zswfIDYAaA7TmTLKru92u0XtmwEA5IIIhwNT9f7eZo1MdHoxGgCgfGzp\r\nlDiOP+EmAID2AcFh4dg46xN6+gHwGVvrd9s6sWyzPu5q3wUA4ChIqWTIa3tl5ieIDdAXHK3f\r\nrYkcKKWm2T0y89Nut4PgAKCFIMKR4ogtcu4cBgC6gpRyFIah9XPQMqaWtbs2iSIAwDcgOAxF\r\n2l4hNkDXSdKJ1HI7bynllRDiV8tDiG4A0FJ6LzjQ9grAnmO1S21iOBweRDeY+Wm1Wl0kOJRS\r\n0SXfDwBw0+saDrS9ArCniNiI4/hTnXs6gi2dsrj0oMxsMxGDizAAJdDbCAfaXgHYU0RsMPP9\r\nbrc7ySa8KqSUo8FgcNCdorVeVHFcZr7ouACAPb0UHCay4RQb6EQBfeHIlNVWFko70ilfL91n\r\nEARz23FxLgCgHHopOMwJ9kBsMPMTM9/gBNNezAVS0n5Y17UQ4pqZ10S0FELcffnyBeHvgvgo\r\nNoiIHMWii0uOKaW8IodF+iXHBQB8o3eCw3SjWMVGW0+wfUVKeRWGYSIuIma+tl0cze/zmohu\r\nlFKPRLQkojut9f1ms9nWuGVv8FVsjMfjme3ze2k6JQiCG4enx0XHBQB8o1eCYzwe39gKRNt8\r\ngu0TtuhF+nEhxNFjmIvGlIimYRiSUmpLRGshxJqIls/Pz5u+FwH7KjaIiIQQv2fXmLkMYWmN\r\nmvT9vQJAmfRGcBhTr3eOh6dtPcF2laLRi0sxg71GZLoawjCkyWSyfH5+/qWvFxNTv+Sd2DA3\r\nDCPLQ/MLjzuzHVdrjXQKACXSC8FhJkpaxYYpEF3WvKVeYBwrf2TmkRBilPr7QFwUiV6USBSG\r\n4Uci+rnOJ20DSqm5jylFY/RljW6sVqvlJccWQry1HPcD0nEAlEvnBUfKa8N2R/cnCkQvYzKZ\r\nvGLmK1O8+d3fydckYiL79zkw8xMRrWlfp7HUWj8Oh8NrIpoKISIhxA8FDxWdvQlPUUpFjot2\r\nq8UGkb3GgohIaz275LhSypGjW21xyXEBAId0WnDkiY04jj89PDy0wlegzUgpr8Mw/CGO4+vB\r\nYHBF3y7Uyd+lCooszLwhojUzL3e73dpxUVyTuUAYp8gpEUVCiINpp6nj9qqbxXRhWOejtF1s\r\nSClHRFRJFMI23p6ZN5dGTQAAh3RacLi8Nph5s9vtZg1sqfUopV6TqatIv3aDQfWmtJboxfrU\r\nOgtzoVgm/1dKJfUh17QvRJXMfK+1tjlVdpYgCOa2OgVm/qPNYoPoZe8HHSRa63kJh4fRFwA1\r\n0VnBoZS6FUJY5y3ArvwbUsrr4XD4ajAYTKnmNEPB6MVFZAVIHzGpFFuEYLNareYNbKkwJuVh\r\n6yC5vTS6YV6XUXYdrbAAVEMnBYepOredYHsvNqSUoyAIXtG3tEOlg7qY+Z6ZH4UQ6+RvrfVj\r\n2++qu4IrlWI+C62P8oRh6Np7GR0ks+xCHMef+nx+AKBKOic4zF2LNVfNzDd9u9CZOpZXtI9e\r\nTB1thWdjohSPtE+FJKZbhBx4OzCTkEfZdWaet70Lw9TjRNl1s/cyRMFBOoUw3v6AyWTCeY8z\r\n853W+g2EGjhGpwSHlPKaiD7aHovj+Le+dKRMJpNXtPe2mLrmxRSFmb8S0Tb5w8xbIcT2nPoK\r\nUC9KqanD6O7+4eGh9R4Tjo6ar2Xs3URBD+pC+nKOKBMhxHQ4HAqyT/AF4IVOCY4wDN8Rka39\r\n9YMPJ9hzSeowhBAR7e8Ir4jO6xYxAmNp6iruICr85EgqZVb/jk7DdKZE2XVmnpf0FLaLI6Ib\r\nZ2KbsgtAls4IDhPdiLLrpjBuVvuGKsSkSdLdJKNzj2UG1i2JaLnb7ZZ9Szl1lRw30danUoic\r\nE2E3ZUQgpJRXjgvkxcf2HWa+F0K8OvX74jj+VMV+QLfojOBw9NN/1VpHDWynElLGTdElxzF1\r\nF3dEtEStRfcwqZSDC7bxnvEi0mfrTCmrXXU4HM4sx/6KzwKR1noaBMHdKaIjjuNPsBkAReiE\r\n4MgZLV1WcVmjXCo0TJrkjvbeFssuvCbATl4qxZeLgrExP6g92u12F6c8zLEPOtgI6RQiIjLn\r\nhqjpfYBu0gnBMRwOp47R0l6fRM4VGqk0yZ1Jk2wr2B5oIWZGjK3VeeaL0HSkU76W8T52de1g\r\nUBsA1dMJweG6Y/HlBJvF2Im/oxOEhvG7uEMdRn8Zj8c3ZHnPmFSKT+K7koJO05kyy66XNN4e\r\nAHAE7wXHP//5z/+cmpnBzExCCOHjHYsx5frddlLMYuowlrSvw/DpYgIqwDhyWgez+ZJKIXIX\r\ndGqtFxce1zox2nTtYKYSADXgveAIw/C/EVHS/ymEEMzMG5/u8k8UGl+J6AYiA6Qxjpxep1KI\r\nctMpZ3+eTVeXq2und2aAADSF14LDFID9p8yyYGYvohunCg1mnsOYCGRxpVKY+U8PhWnp6RRT\r\nt2Eb4vgBnycA6sNrwTEcDqfMzCLjcKW1/r9N7akI5o7rdyHE0VAuhAbIw6QKrI6cJU1TrRVH\r\nO+bZgiOnbmODVAoA9eK14HAUi1IYhv+x7r0UQUp5FYbhW2a+OTY0DUIDFMGVKiDPUilEL/4h\r\nB91m5/pjHKnb8O71AcB3vBUc5mRyzcy2wULX1KK++rTQIKKrPMtxZn4iolut9S1OiCAPpdTc\r\nkSr401MTq9LSKajbAKB9eCs4bM6iKUZ17SMPCA1QFV1LpRhKm96Kug0A2oeXgsPlLJpiVNNW\r\nnCilfiWiW4LQABVgfFoO0FpPfXwf5aRTThYcqNsAoJ14KThszqIZZM5jlWKExrzIQDVm/gNC\r\nA5yKUioie1fKHx6nCiLL2sliA3UbALQXLwVHulg026Fi1nILMqvgRKHxQWvtxdRO0D4cqZTN\r\narWaN7CdsrDNQlqecgDUbQDQbrwTHEmxaHrN1hqrlIrqKJyD0AB14opuENG81o2UiPlMj7Lr\r\np85CQt0GAO3GO8HhKBb9f0T0H9ILzDyqch+nDFaD0ABl4SoU9dDg64UgCGbZtTiOP52S/kDd\r\nBgDtxyvBkVMs+t8p01JXJOJw7h5OMO26N3njbRV7Af1CSnlN9tqNee2bKZeLulNQtwGAH3gl\r\nOHLG0P/vIAimmfWD0OqlJJ0nBUy77olo7qkXAmgptugeM3/1OV1QRjoFdRsA+IFXgsM1hn44\r\nHP4vy9eWVjgqpRyZ4VhR3tdBaICqMNNgf82u+x7dGA6HUXbNjIsvFJXIMT9D3QYALcMbwWEr\r\nFiUiMmPot2EYfrfumMlw6nNehWH4lo4U5JlR8TcQGqAqgiCYZ9d8j24QETlEVKHoRo75Geo2\r\nAGgh3ggORzj5ZQz9ZDI5+B4p5dW5+VvTDfCeckzEmPnJzDvxYjot8JOc6Ib37zvbTUTRdEoQ\r\nBO9t66jbAKCdeCE4XMWi6RMuM99noxpBEFwT0fLE5xqZ9jrbXIcX4jj+tNvtblAQCqrGEd14\r\n2u12i9o3UyJSylF2jZmfinymclIpPpufAdBpvBAcOcWid6n/P2Y9wEzh6LLo84zH47dCiHle\r\n/QczfyWi2cPDQ+HjAnAuUsorW3SDiLx3qA2CYGRZPioW8lIpnpufAdBpvBAcrmLR9AlXCLGm\r\nTBSkaOGoSZ9YTYPSwIoc1I0jlfhkapd6SV4qpeatAABOoPWCw+SvXcWiLzDz1uJyHh05diFP\r\nDfhpgCYwqUSb2O6K6I0sa7kRDqRSAPCX1guOY8WiCUKIreXbf3Adt4inhikKvfG9EwD4SRAE\r\nN7ZUYsejG04hhVQK8AlTD/iK9sI63WW5TH2Z9d9fvny5r3h7jdB6wUH2YtFFdm21Wi2znSq2\r\nO6ETPDX+NHbkXbiTBJ6RE92468p7kpmvLXVXW9fXI5UC2oyU8no4HL4SQkS0Fxgjx5dGjn+/\r\nkLqWLZ+fn3/pyme+1YLDzCsZZddd1fnM/CSE+C6qIaUcbTabLTw1gE/YohtERFrreQPbqQTb\r\nz+eIVCKVAlrHZDJJoheREc9VTCmPgiD4TEQ/VXDs2mm14CCiWXbhyFCnNRFlW2NHSqkRwVMD\r\n+IXNd+NDx+qInCnPNEilgKYx9X6viCgywjdKP26pHywNIcT1eDy+6cK1qe2C49ShTlvKCA4i\r\n+nhMecJTA7QJM/l0lF3vUnSDyJ7ytEUWkUoBTXHKVPAqEUL8LqVc+J5aaa3gMCfdg4K5IwWc\r\n2+wCPDWAbzju5rsW3SgEUimgCYoaQB7DzNdaEtFaa73cbDaPxoYhwfrvrImlEOIqCIJbskT9\r\nfaK1goMy4+YNxyyPC5+A4KkB2khfohuZky4RvdRPvYBUCqibolYJNkxafmk8oZauOsDMuvVr\r\nlFKLrOGfEOJXpdTC5/rCVgoOKeXVYDCwpVMWed+ntT4Y4pYFnhqgzTgusPc9eb9+J/6RSgF1\r\nUsRpOo2JkC+Zeb3b7ZZlRty01jdBEEyzTRDm/LAs63nqppWCYzgczrJrzPz1mLLbbDZr2xA3\r\n8/3w1ACtxhXdoCOdVT7CzCNLS+yL4EAqBdSFUmpKe6fpUd7XmQhcWmBsq9rTZrN5HI/HcyHE\r\nu8xD0SVDSZumlYLDMTui0ARJ2xA3eGoAHxgMBrbOlHufQ6gubCd3E4pGKuUCLD5DnfJxKBMp\r\n5XUYhu/ouCfTV9PBuKhlY4aHh4dbpdSNEOLH9HoQBBEVvB62jUHTG8hS1MrchdZ6agp1iJnv\r\nmfnn1Wp1gw8caDNSyoNWO8O83p3UhjNsjVTK+VhMDaMwDD82tJ1WIqUcKaXeh2H4F+WIDRMV\r\n/0Nrfd1gZNwmLKK6N1EWrYtw5FiZb4t8vxEWUcnbAqBSXO/7LkY3DLZBiUukUs7HFOJGlods\r\na70jMX9kZqupXhpm/qC1bsON6pIOHYez1g/e0DrBQQWtzAHoCsbG3Pa+997o5xSY+XowGCCV\r\ncj4z22IS8e0zZnbWnIgOaofSmKaCmzaL22NTzdtMqwTHqVbmAHSB4XA4tXnO7HY7L/O0BZHZ\r\nhcFgkC2QIyKkUopgUtG22rdev35SyusgCN4fu0gnnkxtiygKIQ7mKfksIFslOOh0K3MAvMd2\r\nUqEODWmzcULrIVIpBbCl5BJ60lJ9gBEbnwtMBG/lSIucFNm81o2USNsEx6lW5gB4jenIOLtI\r\n2kdspl82kEophik4tkY3fL4bvoSCYqPV5o8uT562RWFOoTWC40wrcwC8JqdIust39UejG8z8\r\n1OdUQFHyLqx9fQ2NoHXO0PJhdlYXoxtELRIcdJ6VOQDe0uNi0WP59CetddRx0VUKpj7BJTai\r\nNl9Uq8DcuFrbqn2ZnWWMyA5+Bt+jG0QtERznWpkD4DM9LRYlZr52dQpAbBRnPB7fuIoh+/ga\r\njsfj2WAwcImNjXlNWpk+STD26q4bjnmde6mCVgiOc63MAfCZPhaLmpoVq48AxEZxTFfKQY6f\r\n6GX2Tq9eQ9/Fhhka904IMbM93oXoBlFLBMclVuYA+Egfi0UL1BtAbBTEXJxctTCdfQ/ZUEq9\r\nc0139UhsfHZFq8zPcPL02jbSuLX5pVbmAPhI34pFj3UNQGwURyk1FULYat6SyHBvbtaUUu9z\r\nxMYHD8TGdRAEf+eIjfsufTYaj3AEQTDLrp1iZQ6Ab/StWPSY2OhjCuBczHvHapBGRMTM8/p2\r\n0yxGbMxsjzHzh9VqZX2sLeSlgYj2Q0dXq1UnIhsJjQsOsvSPw8ocdJk+FYsW8UMgom1d+/Gd\r\nIAjmrjHqXX0PZSlQ79B6sZGXBiIiiuP4TRctIRoVHCaPPcqu9+FDA/pLX4pFC4oNIgiOQpjz\r\npe29k7Do2nsoS4F6h1ZHBcwAuY/kGKjX9VqmRgWHI51yj3QK6Cp9KRY1FwarR4SFTp5cyyYM\r\nQ2cqhah776Esx8RG26MCyVwXcvjQ+FDgeilNF41iMizoFX0pFjUh70JTLbXW24q34z05zpNE\r\ntE8jdPlGrQNi4ypviJwPBa5l0FiEA+kU0Df6Uixquihm2XVmfhJC/JBd75rYqgKX50aKRR37\r\naAITGfjoql3xRGzkiaXf2jg8rgoai3DY7vQwGRZ0mT4Ui0opR2S3ZX7SWke1b6gDFIhubLpg\r\nCuUiDMN3NrFhJr3+3GaxQeSO9pn9/9IXsUHUbEoFk2FBr+hDsai5E7UZe90gknEeBaIbnX1d\r\nx+PxjCxiKxGwbRdaSqlbV7TP7L9X17xGBIcJuR6clLp0pwdAmj4Ui5qT68HPGMfxp7bfhbaV\r\nY9ENIiJm7qzgcIxo96KTwwySs3YV+bD/KmiqhuPAJc8UPXXmTg+ANDkGd5046SilItvJlZm/\r\n7na7WQNb6gQFohskhOjEeyiLuWCPLA9N2/65MTfVVlOvOI7ftH3/VdFUSgXpFNA3bAZ3nYhu\r\nmGLYj7bHtNZT3EicR5HoBhFR29MK5yClvHJEN1o/xExKeU2WOiailwLRRb07ag+1Rzhs6RRm\r\nfupbLgv0h66nEI2R0cHPF8fxb329kyuDItENZt7UsZe6CYLgxhHdmNe7k9NIdaTY6pg+9KlA\r\n1EbtEQ5mnlmWO3HiBcCG7T3flRSiUmpO9qK++76fXC+haHSDOlgwaiJmtvTchzZHN46Ijfu2\r\n263XQa0RDinl1WAwQDoF9AYp5cjxnl/UvZeyMYWwrqI+6zRTUJhcV9GELhaMmujGwUVbaz1v\r\nYDuFMZE+W/vrBp+HPbVGOIbDoa1YFOkU0Fkc7/mvbb5TK4K5m7PWbdC+qM/76E1TjMfjm6Iu\r\nrV0rGDU+LtboRpudVJVS7ymnfRefhz11p1RsKm9R8x4AqA1HW9yi7n2UjbFpHmXXmfkP38VU\r\nk0gpR46okbVWo2uvtZmGe1Dj1+bohhGIs+w6xMYhtQkOVzpFa72oaw8A1InLvt/397w5wdoi\r\nN5vVajVvYEudwbhS2moAFpa1ThWMGrF10M1FRLdtjW6Mx+PZYDBwpb9mKJr+ntpqOFyhZfxC\r\nQFdxDGrzehoy6jaqw3iZ2M6Tfzqm7nbq3BkEwTy7Zt5XrSw+llJeDwYDp9fGw8MDSgUy1Bbh\r\ncNk61/X8ANRJzqC2Rf27KQ8z18J28Zv5LKSaxrxfXDNo5sxsK0bsjOAwYssV3WhdSsIMlPts\r\ne4yZ/+yz10YetQgOEyqz2Tov6nh+AOrGNajN5xNRzlyLP1H4fRk5vhOzzWbzKISQ2Qe6VDDq\r\niJp9bWN0IxEbLq+N1Wp1ENkEe2oRHEingL4xGAxsd2teX5RdxYxtLujzgZxC0ftEyNnESFcK\r\nRl2eI8w8b1t044jY2GitITZyqEVw2EJlXbF1BiCLae2LsuttvFsrSs5ci5u2XRR8IwxDax2A\r\n1npW81YawRXdaFs0sIDYQEfKESoXHK50SldsnQHI4hjU5m1Ez+e5Fm0nJ031R7omxtaRYiID\r\nXSDKLjDzvP5tuBmPx7McsfFVaz2D2DhO5V0qjnTKBgVmoMN0KqLn61yLtmOE3EFLpTGGm2eW\r\ne3Uxa9MNqWl9tUahENk4jcojHI50yqLq5wWgCcygtlF2fbfbLWrfTAn4OtfCB2wmV4ZZ3Xtp\r\nEma+z64FQVDIabVqIDbKpVLBgXQK6CEHEb04jj/5elLyda5F2zFtoAdCLo7jTw4ht80u2Fpl\r\nQXlAbJRPpYID6RTQJ0yI/CCiJ4RYNLCdi/F1rkXbMVEjWyrlabfbzRzfts0uOKIj3sHMBxdt\r\nZh41sJUXJpPJ7xAb5VNpDQfSKaBPdG04oY9zLXzAFB/ajLxa1wZaB8ZP5HVmbdTIZuhlENvM\r\n9phJJVofA8epLMKBdAroE65ODvJ0UJuPcy18QCn13iE2Ng8PD87CYlsUgIhGZe4NvPx+ZrbH\r\nIDYupzLBgXQK6BNm6NYou+6r94Zvcy184MhU0YP1NA5X0VE5O2sWZt5a1mqvT4HYqJ7KUipI\r\np4C+YEyxZtl1Xwe1+TbXwgeOTBWd+urRUgZCiK1lrbb6FCnllblhmNkeh9goj0oEB9IpoC+Y\r\n6anWAkBfbY59mmvhA673CNHLVNHlmYf+4fxdAaIXsWGtqSEiiuP4t7xUFziNSlIqSKeAPmBO\r\nVu8d7oM3Pt61+jTXwgdSFzTbe6TwVFFbq6zrIukbWuuDz4kQ4lXVz1tAbLyB2CiXSgQH0img\r\nD5gwrK0A8EPb5kAUQUp5TUQfs+ttnGvhA3liw/htXBwBU0p5f0F0CVml1Lyq5ywoNhZVPX9f\r\nKV1wIJ0C+kBO3YaXEyOPDKaaN7Al7zHRL2tHSo7fhhObI6cQ4m0XZqrYfjYiemu8YEoFYqM5\r\nShccSKeArnOkbsO7IU5HxMY9Tr6no5S6FUJYfVnONY3KEbIfjZmYt9h+NiHElWuS7jlIKa/G\r\n4/HbIAj+dgjBJ2b+Be/36ihdcCCdArpOGIbvulK3cURseFv42iQm+mVzaD1bbBARbTabdRzH\r\nv2XXhRBXQRCUdmFugs1ms2bmPy0PRWai7tkopX5VSn0Mw/Bfg8HgNucy/YhVAAAM7klEQVS9\r\nHvlq0ucLosyDSSmvwjD8V3b9+fn5H4hwgC5gWkY/Z9d9bJ0rIDaisgXUZDLh7Nrz8/NPvgk1\r\nF673B1F5oXql1NJWVOl7R4VJdayFED+m15n5UWv9j1OEmkkz/UpE02MttlW918EhpUY4giCI\r\nsmtIp4COMcsumJZRryIBTYgNc+xNdi0IAq9eOxeuoluiFzGwKON5tNZTZn7Krgshfjd78BIj\r\nKGbZ9aIRHCnlSCn1Tin1txDisxBiBrHRLkqNcJi85XehRGb+s4xqbNBuzAVM0r6l8vqSlj1m\r\nXhPRrda6VVNWpZSjMAz/zq77VmTWlNggsk/gPOcOtk2YO/PfhRDW81wV0S+l1FQIYRU3zHyr\r\ntf7D19dzPB7fDQaD19l1Zv452x4spbwaDoe/GnFx0jmHme+11t6lQX2mbMHxV/aXzsy/IC/W\r\nLUzqLBEXETNfV+EMaOZH3Gmt/2zDSUEpNc+aYpnhbN4U7DUpNszzXwVBsBVCfGda5ZtoS1BK\r\nTYnIamtPtI/orFarSqIOthu81PNuieg3H8+9rvcIM2+11j9tNptHpVSSLjkozM2Dmb/S/pyC\r\nmUANUJrgyKnf+DdflTbYU2b04lzaEPVQSv3LMj31j9VqNW9iP6fStNhIUEotssXlzLxerVY/\r\nVf3cZSGlHBkfFucFr+ox5ubCvBRCyJw93Gmtf/Pt4mqLhBG9nAdGp9zgmPTTHREtbAZqoD5K\r\nExy2EF+V6h5UQ13Ri3NpKurhOgH6UhDdFrGR7CUMw78s+zgImbeR8Xj8Vggxz/tcGLExq/o1\r\nNb/XxRHR8cjM84eHB1sXSGtxFccWJY7jT0R052PkrKuUKThQv+ERph7hR9qLiishxDUzj1yh\r\n4TZj7uLeVBn5cKQLW9+ZUqC+oJGiOcfFZPnly5ef69zHKZjOB6u7bILxcpjX3S1iJtHOs2mI\r\nzN62tL/TX65Wq0+1be4EzPv1FZkbnjPqMjbMvNjtdgtE1ttHmcPbbEp0WeLxwYkk0Yo4jq8H\r\ng8EVpcRF+uuEEN/9fQ4mbLmm/e98qbVen/OBN3dsN7TPzxYaTiWEmA6HQ0FEJ+VzT8Fx4ltU\r\n9XxlUKC+oMkK/TkRZdtHI6VU1LYoh2l1/Z0sM2bSxHH8abfb3TQR8Xp4eLiVUt4Nh8NbW8El\r\nEZF5H9wQ0c1kMiEyn9Xn5+dPTdVIXSowiFCX0TYcKfjl8/Pzm1IiHKjfaJbJZPIqiU6kUiBR\r\nlc9p2hvXzLzc7Xbrsk9Ypvp8KoS4yQsXp/ny5UupRdBpHP4RrXx/F6wvaLwd0BblMCmzN20o\r\ndiwqNMwF76YNeyZ6EZq3WT+LPMzrvjSf509VXbjLEBhZfO/K8ZkTU/DLUk7QqN+oHqMaf0yn\r\nPuqqrygrenEuRaIecRx/enh4qCzCYRMc1MIUQJvqC46RZ5JFRPMvX778UeuGDEWFBtE+bay1\r\nbt0kXXNhn7u6WI5h0i9L2n/ezy7UrkJg2GiTUO0y5mbmFRFd0xm/z7IEB+o3SuaS/vJLqTp6\r\ncS6uqIcJZVc6w8RVwMbMi9Vq9aaq5y2KEWXWYWEJTdUX5JFXGFhHbU4aU8z6jooJDS88HMz7\r\n4raOce9VkdRlCCGusm3plq+t9T3TdSaTySsykQvaC4yzb3CZ+b4swQH/jZI4t7/8VFJRi635\r\ns9Zab9t+Am0Kc+Je2iIsTXtImBD6+7yTQZP1BXkc67Jg5rW5gFT6vizyGpr93BPRvG11JsdI\r\nifWI9heOwumWujE3PEvaR1eWafFg7rAXeQLK166cprk0epGHEeizUgSHT/ntNnKK7/+pMPM9\r\nMz8KIdbMvBVCbH07WbaFvBRAUy2dk8nkd9oXYFppW32BDXMxXLiKHc0FpDRr8CzHXkOzBy+F\r\nhgsp5chM9o6EEFHRAu0qyBMYLop05ZApVGybyG4Lk8nkVRzH10aEXpfVoZiXgq9McFRZwNcF\r\njJp8S3uRMbrkWOYDmxR9PQoh1nXXWfSFHEOiRyL6pa4LksmNvz9SGNrK+gIXNifXNMy8MCZW\r\npfw8BV/DTgkNFybSlAiQStMv5wgMG0Y0ObtyzHM9CiFum6oHagvmeiPpW+QiKuvY5qZmyczr\r\n3W63zItGXiwKbCY+KBi1c6Hv/1cyqQ8y4sKkQLbl7xTkYXPKTCj7opjFnGRfmzqWkWMPrSgK\r\nPQeT2li47lzLSrEc89QwF8WbrgsNF+b3ENH+AlWoS8xFWQLDxbH3jNnDlplvd7vdvY+fi1OR\r\nUl4Ph8NXZUcviF5E+JL2afiTfp8XCw5bmJmZ71erVXTpsbsCfP+7x5Fix1JzyCmRcVSo1lFA\r\nWzUF6jrOTrEU6UDpwmvYN0y06tZ1I5AmMUDTWn/ogvhIOoFSkYuorGOfEr0oAgRHRZxblwHf\r\nfz8oOMdiS0R3Qoi7L1++3J/6HKe0Z5rn82auyzGKXEBOiSYV7UDp0mvYR8x5d1G0KDbV/nvX\r\nVvfVLKnoRVLcOSrr2CZ6saZvtRfbso5NVI7gOPDgqNoToa1cUpcB33//KDLHIiExVqL9ndV9\r\n3gf5DKHxRESzNheGnst4PJ4JIW6LFjWa4V5L2p8wNynHw9kRb5LOvoZ941wPkmROE337jDYe\r\n4coaa1HJ0Yvk8yKEWNdxg1uG4LCN7O7NXcIp4e4s8P3vBgUr5ivBFz+ISzhF2J1DH17DPnKp\r\nBwkzJ+KjtAnVJtL2gzn+d2Mm0kaOthEUl5KppSk9elEECI4zMG/kJF0yOuV7UZfRTU7JIV9K\r\nSqje9eU9VMXr25cOlL6TtAALIaYXdOAs4zi+S2zfmxQORTAmf0shxJr2w/qWde/BhiB6mRz6\r\nnvbhmuXz8/MvRRVdXwTHhSIDdRk9weSQ52W3FvZRZNg4NcViw3wep/gs9o/EAI2IpnnttL6R\r\nRC9SxZ3bpvdkQxARTSaTz/R9bqjwjIjxeHyX/cV1xWVUKfWa9q/LWV4ZqMvoL+auKqL9e+ds\r\nYyXchR9ySag8cTxs6wkZ1IeJmkW0nzJdeDp102SNtXw6NySCw+YU+o8iH0rHxMdGXBfLwIiM\r\n5A14susn6jKADRP5SIyVihSZQmicSOoCEpF5nav2gADdwfh5JJ/R1li/t3W21TkIIiKl1Dp7\r\nEiw6H6ILgqNEkdHrcDcAAHQBE0Wb0f6aUJr4SLlCJy6oafGQmDqS1vrRZ2HhIjB/L4koe9c1\r\nJaJFgWMchKG01q2+izB3Qq/pgiFpJl2yhMgAAIBuYS72N0R0Y3wvItOJKIkgHM4lKRo9sCcn\r\nKjYPxZc5KiWKjDsjMlotqgAAAIA28SIMlFKP2aKZIsWfNsHR9LjuhJRHRgSRAQAAADRHkPr3\r\nHe2tuNNEZt0JM99naziEEO+klI1coC8x4iL6roX1rgudNgAAAEAbOCY4XtM+j5XHnIi+m6Ui\r\nhLgKguDGPFYLp9pBp4HIAAAAAKrlJaViPNv/lf2C5+fnn44Vvdi8OMz3FmqtvYRzhUbi+En7\r\nPmaIDAAAAKBCXiIcm83mUSl1kB4x5kW5gmO3293YBEcQBO+I6JeS9vod5wiNlK34ApXDAAAA\r\nQH18100yHo9vBoPBu/QaM69Xq9VPxw5kszg333+ntX5TVj3HGZM0ITIAAACAhvlOcJiZKn9n\r\nv+j5+fnfjgkG03a6tdnDljGu/hShASMuAAAAoF0c+GUopbZZZ7Wiba7j8Xg2GAze2x4715vj\r\nRKEBO2gAAACghQwsawcFlEKIqMjBHh4eFsaB7TuMl8VJKKWiyWTyWQiRHSx3ADPfGzv1CGID\r\nAAAAaB+BZe2OiN5m1gqP8dVaT4MgWCTFp3Ecf9rtdrOi34+IBgAAANA9rGkOh+topQPZIDQA\r\nAACA7mKLcBAzL4UQ2ajGlPZD3koFQgMAAADoPlbBQfu0SlZwFHEdLQyEBgAAANAfrCmVHNfR\r\ni51DlVK/EtFNkTknEBoAAABAN7BGOIzr6EYIIdPrw+FwSkS3pz6J8ff4lZlvhBBXx74eQgMA\r\nAADoFq6UCjHzQgjxLrMc0QmCQykVEdHbZDS8EPlWHBAaAAAAQDdxKgAp5XUYhn9l14+5jhrH\r\n0ddENBdCjIpsAkIDAAAA6Da5IQeb6ygz/2KbriqlHAVB8DsRTYukTcyxIDQAAACAHuBMqRiW\r\nRPRrZm1KKTdSpdRrIcQNnTa19YPW+hbD1AAAAIB+cCzCMRVCfEyvMfOj1vofYRi+ZebZCWmT\r\nr0S0MEKjlMmxAAAAAPCDowPVJpMJX/IEJm1ya0vDAAAAAKAfHEupUBzHnwaDQeFZKkREzPxE\r\nRHda6znGwwMAAADgqOAgu+uoFWb+yszz3W53h7QJAAAAABKOCo7dbrccDGxT7L8Rx/EnIcQt\r\nuk0AAAAAYONoDQcRkVJqmYybTzBpk1ut9QJpEwAAAADkUSSlQlrrWRAECyHEK2beMPPtw8PD\r\nouK9AQAAAKAj/H9y1V1ofSbWdAAAAABJRU5ErkJggg==', NULL, 'iVBORw0KGgoAAAANSUhEUgAAAnMAAACmCAYAAACx3Am7AAAABGdBTUEAALGPC/xhBQAAIABJ\nREFUeJztnV922sj2tneBuD7+RnA4Iyii4r7VI2j3CEJGEDKCkBHYGYHJCOyMIPg+ImYEbY/g\nF19TUN+Ft9yyqNI/JCGJ91mrV69IIJVBlF7t2vvdRAAAAAAAoLOIUw8AnBdSyvFoNLohooCI\nVtvt9u/NZvP7xMMCAAAAOsvg1AMA54OUcuJ53i96EXJERMFoNLo94ZAAAACAzgMxBxpBSnnh\ned6NEOIisSs4xXgAAACAvgAxBxrB87wrIcQkud0YsznFeAAAAIC+ADEHasf3/ZkQYmbbZ4xZ\nNjsaAAAAoF9AzIFakVJOhBBXrv273W7Z4HAAAACA3uGdegCg34xGoysiSubJERHRfr//jkpW\nAAAA4DgQmQO1IaWcUEqBgxBi2dhgAAAAgJ4CMQdqw/O8uWufMeY5DMO7JscDAAAA9BEss4Ja\nkFJeENFfKS+BkAMAdBKlVCCE+Ez/mp9/2Gw2j6cdFThnIOZALQyHw0uLp9wrWuvrJscDAADH\nkhBxEQF3tfnzNKMCAGIO1IQQ4qNrnzHmabPZPDQ5HgAAKItDxMVxbQegESDmQOWwHcmBQXCM\nZVNjAQCAskgpJ1yRH5x6LACkATEHKiet8IGISGu9bGgoAABQCu4l/YMc1koAtAlUs4JKySp8\nMMbcI1EYANBmfN+feZ73Iy3vF4A2ATEHKiWr8AHtuwAAbcb3/dlgMLhxzWPGmPumxwRAFlhm\nBZUhpbzgJGEnu90OliQAVEhKXhcsMwqilLpJ6SO9IaJ5GIar6XRqmh0ZAOlAzIHK8DxvIYQY\nu/YbY76hfRcA1TGdTj8T0cKxG5YZOZFSXnied5Um5LTWwWaz+c2dbQBoFVhmBZWglLpMsyNh\nEJUDoAKklBOl1C9yC7mIQCkV1D+i7sJC7keKkPsWCTkiIs/zDl7HUTsATgYic+BouOjhJu01\r\naN8FQHXwsmquCBGnPqxqHVBH4YrVG5eVkjHmWxiGs8Tm95bXwQQdnBSIOXA0o9HolrLL95cN\r\nDAWA3uP7/oyK+Z4Vee3ZEFmPuAod9vv9h/V6vYxv4xWIg9cjFxicGiyzgqPwfX9OOW4W8JYD\r\noBpcRUbGmC8/f/4Uxpin5D4stb4lTcgZY55tQo73zSzbkAsMTg4ic6A0UsrJYDC4ynqdMWaD\r\n9l0AHI/v+3NbkZEx5s8wDFf8z0ci+m9i/8F7zhXf92dCiCuXkOP8uIP5Skp5MRgMbB6aiMqB\r\nk4PIHCgFJw2n5slFwFsOgONxWf8YY+5jQo7Ikh+XVmV+TqR5yBljnlxCjohoOBzObO9BLjBo\r\nA4jMgVKwDUmuBGzkkwBwPJ7nzW0iRGs9i//bGPMohEi+LKhvZN0gEnK2fXHrEdf7hRAHhQ+E\r\nqBxoCYjMgcLktCEhIqL9fv8dpqUAHIeUckxEB785ztd6jG8TQjwmX0eJZddzQyl1dYyQk1JO\r\nbA+vWmtUsYJWADEHCuGyITHGPDvegidXAI6EI+FvonKc37VIvjax5EpE573Myl0d5rZ9xpj7\r\nLCFH5PaWw4MqaAsQc6AQo9Ho1lHK/5jcYIx5xhIrAMchpRw7lviuXWICFa0vZLTn+haGYaaQ\r\nY+AtB1oNcuZAblw2JPv9/jsRkRBCJnbdoWQfgOPgllxv4Khcmph4pDOuaJVSXrD/ZWDb7zAD\r\ntgJvOdAFEJkDuXDZkHD0be4o2V/WPzIA+gtH04LkdmPMIuNBaZXccC5LrVF7LnILua95hRy/\r\n/uC18JYDbQOROZBJZLDp2H05HA4vkxu5ZH9V78gA6D22B6in9XqdusR3rhWtsT6r1kp7lxlw\r\n2vHgLQe6ACJzIJUMp/SvYRiuULIPQPUopaz2P8aYRdZ7z7GileeqX1UJOSJ4y4HuADEHnGQI\r\nuU0YhnOU7ANQPUqpwGUQnEeQaK0PjG/7vMyqlLrkuWqc3JfWnisLPKiCroBlVmAlq3dhZFSK\r\nkn0AqsVl/0NEpLW2Wmwk8TzPFtHbHDm0VjKdTj8T0cK2L609VxYsqPGgCjoBxBw4IIeQi0+O\r\nKNkHoELYU26c3G6M+VJAlASWbb3qj5yjYrW0kCMickVG8aAK2giWWcEbigg5lOwDUC0cDbJ1\r\nergPw3CR9zjGGFtkrjdiLsqPI7eQ2xwj5KSUE9ux0WcatBWIOfBKwYgcSvYBqBBeXr1Nbo+n\r\nNeTF4vlIQoheiDnf92eu/DiiF9/LY4Qc0Usf3OQ2riJelj0mAHWCZVZARMWFHEr2AagWz/Nu\r\nHL+/RZGlPe4YMU5u74NVkFLqytWai+hlKXq9Xi+OOYer40aeKmIATgXEHCgs5IhQsg9AlXDK\r\ngs2v8T7LUy5JH4sf8uTHEdFlFYLV87yF5fiIyoFWAzF35pQRckREtrweQscHAArjql7l39+B\r\nwMuBzWdtVeI4rSBmWm7rCR3lx11WUZjA3wW62YDOgZy5M6askGNvuXFyu9Z6WctAAegxo9Ho\r\n1vYbJKJZyfzTILmhq8UPvu/PRqPRL8fnQ8aYbzxPPVZxPs/z5slz5eiDC8DJQWTuTCkr5Iic\r\nycEo2QegIL7vz8kivvb7/ff1el02ZeGg+GG323VOzCmlboQQM9f+/X7/qegSdBoclbOtOFyj\r\nqAu0HYi5M+QYIcccLEOgZB+AYnCivc3L7Hm3282OOObB7/qYys6myeqvGuXHrdfrVZXnHQ6H\r\nM9tnhxUH0AUg5s6MY4Wc7/sHEx7ffFD4AEABRqPRDdnzwC7LRoKGw2GQ3GaMuS9zrFOglAqI\r\nyLXsHPePqzxS5vD3+4YVB9AFIObOiAoickREtoTsOyxD1IOUcjwajaIG6QERkTEmbj0RbXsg\r\nomut9Xd8F+1HKbUge27b12MqMh3RrE5E5Xzf/yiEcC6bGmO+hWE4q+ncM0ce8KKO8wFQNRBz\r\nZ0IVQk5KOXZ4yy2rGid402Q9sO0XQti2TYho6Xneb6XUndb6a5eW1s4JLiCyLa8+VSAeOlfJ\r\nysuqVxn5cR/qtAZxfB+IyoHOADF3BlQUkSPP82aW9z/1wYy0DWSJuDzwdzwbjUaz6XS62m63\r\nH3BDahej0ejKsats9eorQog/ktu01q0V9VLKsed5t2n5ccd2c8iCf3djy65lXecEoGog5noO\r\nT5ZHCznG5oqOkv0j4e/oymYaeyQB52X9WfFxQUk4JyxIbjfGfDn2oYj7iSaP+9xWMZ8jP+6e\r\n/eNqTRtwROXu8ZAKugTEXI/h5QvrZFlUyLmeXlH4UB4WcZ/TlpcqIKjx2KAgDuGwCcNwceyx\r\nh8NhZ/LlptPpZyJauPZz7qCzbVdVuMQ1pYwNvEUp9Z7nsIBzd1dEtNJa3yN/tzkg5npKWnl/\r\nyaWLWXLDfr//3tan/jbD383ntB6TEWzDEH1PD0T02xjzO2qazktoYzY7tUVOO1PJ2Hc4chYk\r\nt1cV3RZCHBybWpYvx9f+DdkLqcgY82yMmTfVOssYM0/moCJ1JB9KqfdEtIg/5PP9ZkJE89Fo\r\nRJzq8TdEXf1AzPWQqoVcSosbROUKwP0lP/INxLq0FGGMeTLGLHLe1B6UUkuyLIMTIgytwWG2\r\nXWXPzwOzYGpRZI5zd29S8uOeeFm1kTG7CrqMMYsmzt9FisxhTMA9dZHqUTMQcz2jhogcDYfD\r\nS5u3HBpP52c6nX42xsyJ6MJWjRpRUMS9gryfdsNmvrbI6aKqc9h+81rrVVXHP4a0Iiyi5vLj\r\n4niet7CMo0px3Rs4JeQjvazQpM5hFoI6xgTeAjHXI+oQckREg8HAFvFBVC4H0VIEEY0zRNwz\r\nEV2XyZ1C3k/7qVs48DVwcPw2LG/lEHJfqsgZLDim2sV1H6girxepHs0AMdcT6hJyUsoxWYQC\r\nGk+nY8snsRGJOK116f6PiMq1GynlhU04UIXWF8aYiSX36+RLrFm2SEQ0C8Ow8QdDh80SOtkw\r\nRW2SjDEbIcTBMj/fe2ovZAE9FnPsnH9D/16MvfbccuWiHOvT5Mjz2cCQ1o6UcsI+YkHWa40x\r\nX7XWi2OiJ4jKtR/Hb+i5ygci228/KpI5FVX5W9YwrgsiOmjdRUSlH6j6QgkR901rveB7rW3/\r\nAveKZuitmEsIOSKiwPO8WyJ6d5oR1YdS6sbmUVbRhGlLEF4ecbzeEt28yN5v85VoAqziwQJR\r\nuXbToHA4MAumE1aytlXIEb2Ia1sO8DmvNpSosF/yasKj7/tzsoi//X7/fb1en+1n2jS9FXNk\r\nubiEEBPf9+d9usBYyM1s+4wx82MmTKXUpcNbbln2mH3F9/3ZYDCwPp1G7Pf777vdbl5VdBhR\r\nufZjEw5E1aYp8DLu2HKOk4ilNgs5xiauz7a/NKeEXOeosD9ICZFSTgaDwUFHE16yntUyYGCl\r\nt2LOGHNva20jhPgspVz24YebJuQq6mV4EO1jb7nOf3ZV4vv+x8FgkNYg/J6IFuv1elXleRGV\r\n6wS2JPtvVf6GPM8LLOfYnOJ32nYh5/v+zCGuFycYzknJmxLiqrCPeQbaaLQyGfRYzNFLdOJH\r\ncqMQ4sLzvGuymOB2ibqFnCtpWwhx1HH7RkZkdENE8zrEFaJy7YeFwzi5vQbhEFi2rSo+RyZt\r\nF3JEzgegb33NpbaRd0nVGLMxxly77iWe5y0cedpf8UDZPINTD6AuwjBc8c30ACHEe1spf1do\r\nICJHw+HQmoN3isqzNiKlvJhOpz/ShJzWOqhrUkNUrv00KBwOViCarmTtgpBrUFy3FqXUped5\r\nv9KEnDHmeb/ffwrDcOK6l3AKzsFyNbemQ/XqCeitmCNKb5MjhPjB/QE7hVLqum4hR0Rk+6FS\r\nhVYKXSaygSHH8gQXOAR1LTMgKtd+UoRD5fm6tujIbrdbVX0eF10QckR2v0xjzP05ROWklGN+\r\n+LxNs0viuWucllfORT0Hy6v8Xc+qGC8oTp+XWWm3290JIa6FEP9xvGShlLrUWn9ow2STBd8g\r\nbCKrUiHH57G5yfemcKQsOQxQa20Qzv09by3nRVSuRaQIh0rnmRSz4Mcqz+OiK0LO9/0ZneED\r\nUNR+izL+TmPME714/q2yjsntuWzfN2xITkivI3McGUldFhRCTEaj0a+2R+nSqiWNMV+qbEHj\r\nWsI7hyfYNHiJwink9vv9h7qFXMr5F3WdFxSj4cip7TyrGs5zQFeEHNF5piUopQLP835RynVn\r\njHnmDhzjPJ8FbEjaS6/FHFGhaNJCKfWLIx+tIkPIfauyFY5reYjOXCzw53LrunEZY/6us6dj\r\nxo2z1zelrtGwcAgs56rjPG/okpA7tzlNSjlWSt0KIX6kLanu9/vvWutJ3vsHbEjaTe/F3Gaz\r\necjbG66NUbocQm5W5fnO8Qk2C6XUVcp38MyFDrUVhuS4cSLhuCXww2CQ3F6X0bbNfmm329Uq\r\norok5IjOa06bTqefucDhoIAtgq1G/lyv15dFVlvYxsQGbEhaQK9z5mIsyGJTkvb6NuTSNS3k\r\nzu0JNgsudLjKqlitcyLr2o3z3HG07nqqI2rryJd7rvN66Nr1eC5zGl8LN0Q0TvbojWOM+VKm\r\nD7QrdQA2JO2h95E5ohebkv1+/73Ie04dpWtayLGvnC2E3ssn2CyiitUUIXcPIQfiSCnHNm9G\r\nY8yijvMZY2weX6s6zkXUvevxHOY0KeUFW1WlLqkaY+632+3/wjAs1QvaGGPt0Q0bkvZwFmKO\r\niGi321kvOmPMo8uPjlkopX416UvHuQmNCTmi1LZDlZ+r7cRuWtb8Sf4OIOTAGzzPWyS31RWV\r\nYwLLtlUdJ+ri9dj3Oc33/Y+e5/3jeuAkel1S/Zvnq8cy55FSjgeDga1HNwoeWsTZiLnNZvNo\r\njPmS3M5PM3PbvthrJkKIH0qpWynluL5RvmnWfkBdQs7VDPzcnNEjPM+7cQk5NtOc1Xn+Lt44\r\nzx1XxxSq0ZvRkS+3qvo8Xbwe+zynKaUCpdSvwWCQ2k/VGPOVCxyOyuc9wUMKKMHZiDmil8pW\r\nbhb8BiHE5zAMF9vt9l1alE4IcTkajf6ZTqefebKolIxJc1NXonvKE+yijvO1Gd/35ylC7kPd\r\n5fddvHECZ67cc13ejFLKie0aqfra6Or12Mc5LVGl6nRd4CXVd2EYzo9dPeD7HKJyHeCsxNxm\r\ns/ltW/snokApFWw2m4cwDCdpUTpm4XneP0op25N4KXIIuVqW9fr8BFsUznmyVb49b7fbd3U/\r\niXb1xnnuuH5DRFQ40Twvw+EwSG7LW7Wfl65ej32b0zgv7mo0Gv2TUaX6zF6XlX0vNlHMViTL\r\nKo4PquOsxBwR0Xq9Xtqib/GbeM4o3YUQYllFPt2phBzRa7PkXj3BloUrV22fRe03ra7eOEFq\r\nFKi26IUjMrOq6vhdvh77NKfF8uJSV2V4SXVcwwOnNXUAViTt41ysSZLM6dCqJFBKvTZG54lq\r\nwqXtzpZgPKn+UErdaa0/FX3yO6WQ40iU7Qn2SxefYI9BKRXYnnqNMV8h5KqBP+PP9JK4v9pu\r\nt3/35KZgq2D9VvPfdpAvRxWJuS5fj32Z05RSl0R0lVahSvQajV3UUZ3bZH9hcDxnF5kjerEq\r\nsS1J2JbY1uv1Ums9zlp6LZNPx+1WTiLkiJyJrbXl+bSVjMbRi5rP3dkbZ16UUgE3+f5B/1Zg\r\nBtzjsdOk3PAWdZ2TBcvBOau4oXf9euz6nCalnPBv5TbDauQpWlKty2bFkXLSyaXqc+AsxRyz\r\nsGwLbEumm83mNy+9/i+HX12ufDrf9z9yIutJhJzLE4tqzPNpK7xMNrbsmsF+pDxKqfdKqV8J\r\nERfHtq1TnOKGV1e+XNevxy7PaVzccDMajX5Ryu8i6qWqtZ7UmcPLUfSxZVdt5wTHca7LrBSG\r\n4UopdZ8s7+fJeWV7D0/Qlyz4roUQ0vY6ngyXSqk5EX1KPjmxyePM9t7YpFnr5NP1J9iqSCl6\r\nuK+zRRebUS9s+7pw43QhpRx7nveRiGZptgl94FTLUEKIwLL5qGul60KOqJtzmpTyYjQafTTG\r\nWPMu4xhjvmmtj65QzcM5tUDrC2cr5pgFZeTO2eB9hfPpiOh3hhntRmtdazSI6NXWoJNPsFUz\r\nGo2s5sx1GYvyTfOGiFzXQCdunEmUUn/Ri4BzVtv1jcFgYMuVu2/gu7M9RK5KH6wHQq6Lcxqv\r\n3iwouwXXPYu4Rr4D9lINLLtaK4rBmYu5MtG5OOv1eimlvONlOmfbL86nuzTGPLryIPgH20jD\r\nYlvDZGPMU5ufYOvA9/0Z2fsN1pIsnRaN4/N24sYZIaW8GA6H74UQrmXqVKq20mgSV69Kqrnn\r\nJ0eSDx4EtNarksfrvJAj6tacxtfOVZpXHNHL+Ilo1nQ0zGUSXOdKBTiesxZzzIJKROciWHwt\r\npJTL4XB4bWt7EpEi5L421eMupWFyqZ59XSWlb+NTGIaLis+VGo3j80ZR2dbfOPnv+ZjWRigL\r\nfngp/f5Tc6plqOFwaKu43pT57fZFyHVlTuMUhKus6DXnxS3qNii34epkUld/YVAdZy/mjo3O\r\nReTNp0vCXQWWuQd8JI6b0Nm1ZnF5URHRrMrzZEXjiF4igVULyDqQUk44AhKUeX90k9rtdndd\r\nroiTUk7ILh6WdZ/bYZ9T+LxsfXHTdSFH1P45TUp54Xne5yyvOKKXuUBrfbKlYVcnk91uh6hc\r\nyzl7MccsyBKd831/VnRCiOXTzQeDwUHkJ44x5rcQorEfbdoTbFNjaANcqXXgRbXf77+v1+tV\r\nFefoWzSO80OviKh0UUOXBEIajhte7eKBoyZH92PtU/FN2+c0di1wPTi+st/vv+92u3kLHnIa\r\n7WQCquOcrUleKeI7l4eUptvJ418IIW6VUqmiryra/gTbFK6WXbvdblbF8afT6efRaPQro3/i\r\nlzAMJ124aSqlbgaDgTWKE4dzfKzs9/sPXfhbs3DZXzQhHhxLrE95P1duC3VDPRFyRO2d05RS\r\nl0qpfwaDwXXa78YYc2+M+XO9Xl+eWsjxA5utc8byBMMBBUFk7l8WlIjOCSHGRaNzaXkoLoQQ\r\n8+l0OqnTET+lQqmRXL22UGd+Td+icZzjc5shSp/pxXtqRRbjZX7Nl1PfXKvClRze0N9ny7XK\r\ntfyV9V126bqMSClCOdmcljcVwRjzxHlxy0YGlgOYBHcbROaYlOjcVd6ODr7vz9KEnDHma0q/\r\n18DzvF+cj1M5jqWhzblVKDkmrM2xycY9jMZdep7n/HtiDvQXxph/yJ1/9a0L+YB5SIm4L5s4\r\nv624Kk/UhDvNOL/L/X7/vWsROaLUIpTG57S2mf4WRSl1idZd3QaRuRha6zn/GF8RQlywEFqk\r\nvVcpdeVKcOUf8JytTC6Gw+HSNjELIcae5/3wff9TDT/0g/M1kbDdJlIS10tPWH2LxhGlX8tE\r\n/5qX8mtvXdV5/LAwq2mYjeNKDm/ihscFCwfnzrqmOGfLOT6Omi4qGGKjnMoaJklbTX+L4uhn\r\n24RnIqgIROZibDabB2PMN8uuj67oHOeh3KYJOa11EImzzWbze71eX7p6vQohLgaDwQ3ntlQC\r\nG2qOk9t3u92yqnN0gaoT1/sWjeNr+VeakONo3IyIxhztcQo5rXVQ01Abh3//p0wOL7zEyrmO\r\nViFnjHnm73JRxeCapg0dCpRS7z3P+0VEqQUOxpj77Xb7LgzD2g3hy+B6yKWGhTE4DkTmEmit\r\nF6PR6M1SCkfnFpTIxciZh2JtzRWG4UIptSKiO1sHCSHETCk10Vr/eewEYBMx+/3+exsnlrqo\r\nMnG9p9G4gIhuU1IEntjU+iGH+XEjnUyahI3BbcnhTS1D2fwrrWKOrTDSOs28fpeVjrAhTh2V\r\nizo3ZBlln8r0tyiuh9y2jxu8BZG5BJvN5tEY8zW5XQjxkYsIiOj1hp6WU/Qtq8dqGIYrrfXE\r\nlUcnhJh4nvdPBXl0uW8EfaWqxPW+ReOIXv4mIYQz15NzqiZE9DidTn9QupD72sX8qxzYHgS+\r\nNSFY2UrnzXdjjHm25YbxvPRPyrx0r7XuzLVp4xRROc6Ju1JK/Z8QYpkm5Djq+SkMw3HbBdEp\r\nq7NBtSAyZ0FrvfA8b5aMmLEgmPm+PxsMBs5l0P1+/ylvQv1ms3mUUgae513bflRCiIvRaPTL\r\n9/35er0+EJlZcGLrwY3gnEwgq0hc72M0jvN9biklYTu6lqPIHTl85riqddbHghq2bBgnt2ut\r\nFw0NwZYvt0puy5qXmuw0UxdNR+WUUn9x2oHtnAec2vS3KJ7nzZLbjDHPbSrOAPmAmLOw2Wx+\r\nK6WuiejNE6AQ4r1S6j8peULPRDRbr9eFbmj8w5/5vv/gMhoeDAbXvOz6qeBEYc216cpkUwXH\r\nJq73qYtDRGShQyniLIqw5SiI2PCy3WOR88csHFZ12vIcSwssGzIj60qpm7T2ak13mqmLJqJy\r\nsaIGq4i30SLT39yk5YE2PRZwPBBzDrTW15wn8yY6lyLkjs5DWa/X11LKled5K1cened5Eynl\r\n33kmjZSIVO+iJy6OSVyPGmJTj6JxRC8Vjq7EeKLXpbhLIooKIrKWlBdFzm8RxwFHCP8scpwm\r\nSInKNXLDSyleuuP9qdHVLhoBu6g7KsfHfx+JYiFE5nvYzmpRVeeYJhkOhwerNkSwI+kqEHMO\r\nNpvNb9/350KIzKrStEKHEud94MKKla2/K+fR/VJK/Z31NOpwjLfm2vSVMonrnKP0mbKNP7sW\r\njbvwPO8mrdF39Del9e7k1z0T0WWRiEjGUnWQ9zhNMhgMbPlEjVk2eJ538F1FxUv8ed4S0dj2\r\n3irnpTZQR1SOfxN/UY6Chtg5n4nojpdTOyuSUyLOvbhezg2IuRTW6/VSKbUQQvzX9Ro2RZ1V\r\neV7+MU2UUktXHh0R/ZhOp4ufP39aLU4Y2017WdEwu0LuxHUW0Z/Tlqv4/Z2LxkU3ftcNKxJn\r\nWuuHrCW7KHJXZNKPCUln5XfeYzVFSteURYPDsC2xrqJeuSliu/J56ZRUHZWLfutEZI1O2eCu\r\nDde73W7ZdcHTgjxQUDEQcynwEt3/EZFVzNWdhxKG4cz3/ZUQ4tq27EpEC86j+5CcXKSU47KO\r\n8X0h74TFQuMqS8QRdS8aR5QrMX6jtQ48z5ukWVoQFSvuicOfb1pV9qroMetmOBwGyW1shLxq\r\n4vwcIT74zIQQf6RFV/uSHxenqqicUipaRg3yvme/338XQly3vTK1CCkR58cTDAdUAMScgxxe\r\nTd+amDC5a8SD53l3tgihEOLS87yxUupTfLI5til3H8hKXC/o3n7P7u2d+fzyiFS2ErnOsfxa\r\nOieURbVzDEwbl/4LG/VWzMy2MaMA67KL+VtpHBuVk1KOR6PR+zy/8wj2iFtqrZd9Ezin9ukD\r\n9QAx5yArQkH25Y9a4Dy6CQu6P5L7eZw/ptPpiiNHq1P2kGwDWYnr0+n0szFmTkQXaYnObWyI\r\nnYcoPy3lYeTZGDMfDAb/HY1G/6Qdiyv1SpkAcwK/tUI7PpY2Rj0cke1GxJzL/8tFmYriruDq\r\np5x1zbBo+RiJ37wFDcaYZdd+7wWZJTc0GXEG9QAxZ4FzhlKNeoUQF0qpy6aKCfhGGiilrm19\r\n9JhACBFMp9MVWZLMz2mJ1bWM4HmeVErdEtG4jyKO6DUil5YftxFC3NJLpa4zUhHvKVx2LCwo\r\ns6Keq7LHr4uyvVCrwub/5aLNPT8rIkhuEELI6XT6I3p4jbZz7+v3Qoh5iYKGRR/FcJwUk2BU\r\nsHYciLkEWcnfcYwxM2p4eSgMwzm3AVs68uiI7M3kN32fqCI41zFIbueo5kFkMw5P7NddMv6M\r\nE0sPGNv28/KRoZfqPedxqijy4OKhPN1LsMR6iOuB7Q1lcxi7hDHm3rYiQbGHVxYjl3nnbj7u\r\nhgsazsZ3s+r+1KA9QMzFSBNyxphvySeawWDwl5Ry3LRICsPwLtY1IlWcxFjVOaY24XleUOZ9\r\nXXNvt5G2tEpExHmXadXZR0fjiF6XVw+Wx2zsdrvVMeeqCdvvqhExxykCWdHMUgblXURrPXd5\r\nbzKBECLIezxjzDciWp7bsiI/5J51+k2fgZhj2FNuZtsXVYdxddmbGyE1MgflAAASuUlEQVQX\r\nGjT+ZMwRk4DzQhZZok4I8XE6ncrkskRPyRMNeoWXqTq/xMIPI84ihiyqFLPsJ5fnnK2LGLuM\r\nerXWqybOn5JGQUTdtMY5Bs4ZLvrw+oZYQUOnH9aOYTgcHjwkFOmEA8pj8y41xjwYY5a73e57\r\nFXMgxBy9WjdYk7QTZf5LOmzx9ZFO2P6EhVleURdfluilqGNvsFyJ411sweOClzRnZd5b9edQ\r\nYHmVqIURY5slSWTU28T5M6xhShejdJmiD68RbCuyPCejdBeOh4SzWWI+BWmOAkKIiRDimlt1\r\nHi3ssst7ek6aB1cyH4VL3A8q/7bb7bu2PCUrpf4vb/k9EfVG1EU2I5SjvD5qwdOHv5so20fO\r\nBRv1zivuazkZjUa/HOf6ryUy8GfbvgdbC7Mmc9Om06mxbe+ix2FdpIk6XoKOonCPTY+tjbjm\r\niO12+z98RvXg+/5HIcSiwP2YiMpH7M5azCmlLrmq7wCXg7pSapWcQNritp7292TQWVFX0Cvu\r\niYhmXfw7XXD4/keR91SVF+cYj7WX636//5SMfrMlSaGJrm74evq/5PYmb3rJOSbKj0N06ZC4\r\nqIsKGpDMf4jjAeX7er0unZYB7Cil3lOB9nBpFBF2Z7vMKqWcEJE1mpEmzowxS8vT4F9SyosW\r\nhKttdgr3RK+VnC46ufzKP5pr6qlXXBZ8DRcS73UWebiWV40xX2wTWxstSVLMth+bGoPW+jLy\r\nlOyiWXWTRGkmJx5G63F0EkGuXEWUMabOQ5Gl2LOMzLGh6g/bh54VZeM18MdkZdWpW+i4IgrG\r\nmL/DMLwrkmtijHkgogciWmmtN227kRR98umjfQP3lvyVd+KoOz8wbXk1DMOJIzLQurZTvu/f\r\nJc2CjTFfwzA8sHQAoCvYlu5//vx5lvf/KuH7atQiLhVeEVms1+trKeV4OBxeCiFmQghZ9Ly2\r\niN3ZfZkZQm4ThmFm4rZSamkxXlz9/Pnzz8oGWhBbToRtGatoAjEf57cQ4oFektVX2+12U3cU\r\nkp90/muMGQshxrH/T0rkILQuL+sYslrNxakjL84yHudvarvdviOi345c09bl69hyTvt2/YDz\r\nA2KuWjigMM9b6JVm7H2ssKOXe/LfZ/Vl8k3wl2PJZ6O1DvKIFFcU4pQ3p6IRhTKiLnHso6N3\r\n0+n0D2PMhRBikvx/mTG56MukxdfvX5QjKllnXlxiTGkPR1/CMFw4HjRyPTg1iS3/sI15fQAU\r\nBWLueEr2+C1UbHeEsFudTc5cmjN+ESFH9FImr5R6SnrOcQueRQXDLYSUcuzoI7l0vaegpckB\r\nLLgmRDQbjUaklDqI3hHReDQa/We/308Gg0G8K0MQO471/0VhI9DHpFFtlDPYZYoUeRA1Z37M\r\n5rZXKVHuBf/TlmS9qnNsJTl11wcAQMtILqXmuUeVNabmYNA1ERVdig3OQsylLUsZY56KCLnY\r\n+67FYQPx93QCMZeStJ0ZLTtW1EXwDT3g/2g0Gr3uGwwGZQ6Zi3iCuFJqaXnJqraT1wznxX2m\r\nF5GRWuRB1KxvXpodCv+mZtG/HddUG0XSwQNRG4s0AAD1wkLqLxZSeZdSo1aQyyrm4CLCzhhz\r\nfxZiLkXIPWutL8tEMHa73V3SakEIMVZKXTZtIWDJ3yMq2KIlEnUsfCf0rzCbpLTRORmO8LXt\r\n6aVVxRt5KJJUS/TvZ7Fer1c1DuuVDCH3JsrNS5cHrvNty0HjBuTj5PbdbtdG0QkAqJhYGkvu\r\nXDiif3v81pnSkibsOKBx2Xsxxy2OXEIuKFupudlsHn3f/25Z3rykBqMOvNR18PelLbGmwTfh\r\nFcUiWlLKyXA4nHD/w0nJJM3CGGPuo+KL6P9a69+u78zxOaxqH2hF2Fq+ZNF0RahS6koIYc3D\r\ndKQr2KLGq7rGVxZHdLv2Qh8AwOmICbjLoq0QT9XjNy7s4tt7LeZYyM2S248VchFCiCUllmaE\r\nEO+llNaqlTpI5ogRvYigKpfa+HN6II72VRW940rL33zsSERSlT+OLtyMy5pMsuXKso4x2XD9\r\nnohel7ttUe5OLLHaJnJjzPIEQwGgEXzf/7her7+eehynQCn1FxHNSgi4SpdSq6S3Yi7txkNE\r\nlTSpZv+256SQ4af85bHHz4KjcmPLrkWd580bveOOC4/Rf8aYRyHEo9b6oQsiq05iRQ2u7zAV\r\nY8y3Jr3zMoSc05vRFi3d7XarSgd3JFLKC1te32Aw+I9S6opeTLUnxBYA537tgn4wGAyup9Pp\r\n5Xa7/dA2YVIHLOAu6SUKV9TeqvXdRXop5nzfn7tuPLwsVWVkYElEbxoYi5eGxssKz3EA34CS\r\nBRhkjLk/RT5SMnoH7MTL2ylHUYMNbsMzq3xwFlh03pJj6TdNyEkpx5bXP7ftxuF5XuDYtUh8\r\nPwF/FifzkwSgDMaYe0chUuB53i+l1Ic+totj66SPVE7APRljrne73V3b5iwbvRNznJx9IHKI\r\n6skv0lovucH7K0KIie/7szpVvOd5VpsKrTWc6ltIVJlapLzdhjFms9vtZhUOzUlUBU4vFjS2\r\nsaR2RvA8b2zZ3MaClCJLLUFdgwCgLrTWM24Rd5DvzPeRW6XUndb6Q9cjzyzg3tOLgBsXeS+v\r\nJt3xMmob5yonvRJzaVV2deUXsSXGwVMP57JVfj6il5ssJaKBRC9Rkq5dgH2naFEDF30sbf5t\r\nRf0QjyGry0QbW3EdwYEliYs++BaC84MjSxOl1DWvHB0ghLj0PG/CUbpVowM8ktiKR+G0Fc6D\r\nW3ZRwMXpjZhTSl0KIVx2CXXnFy2I6I1zvBBiXFd0zvO8hSMqt6j6XCA/vCQpiSgwxkzoJXdw\r\nnOe98coopdSt4/udNSHk2BrlxjX2AkIusGxrzWSplLokIqvpsQtEvkGXCcNwrpS6I6Jl0vSe\r\n6OW+RUQ/lFLXYRh+Su6fTqdFfEiDpl+bd8WDBdwdEd31ZXm5F+08MloKOXN6qkQptUpG54wx\r\nj1rrd1XegPkJ5KDPJZqB21vWGGOWWutPVYsgXjaVHLkKSvaMfaaXkP4iysngh5Jby2tr/36z\r\noohFW4QppRaWjhxfYp0hTgL/hm6o4JJpG8YOQBVIKS+Gw+HS1jmoz/BDc28EXJzOR+baIOSY\r\nBVmic57nzanC6lLP8w6OxVYrlZ2jTwghZp7nXfq+vyhbhs/XmKSXSFtkyZI8T+7jxcrb37Tc\r\n4uVzW1HLU53fLwvTq7Qy/ZJ2PmPLcU6Wj8NLx59dPnlpJNqTAdBpeN655Oj0so3G8FWx3++/\r\nE9EdFzJ0Oh8wjU5H5jKEXOONvJVSy2Q3BmPMb631/6q4iKSUk9Fo9Cu5HRGDF2zR0TiR8TD/\r\nc8XbHoQQv7fb7dNms3mcTqd/7Pf7SLRF/68Ero5auCYVVz6LMebvOp4kk0UZLsr6Mjqi1X+e\r\nIh+Hvfyui0ZPI7bb7bsu59MA4ILngWXZVo5tJMo97ruAi9PJyFzWE3aUKN7wsEhrvRiNRm/E\r\nnBDioqro3Gg0skVtnrXWjfmNtZm0ii2iN/1jKfp/FFEbjUY0nU6JqPpestHEkrY8KaWc2IQc\r\n25BUKuSKRKjivW+rHEMTHFPVFscY86WLfz8AeeAUj8D3/bnLCaILsBfcsitWIlXTuchcLGl5\r\nbNvfZMWfjZTo3LtjLjDOZ/qR3N6zqsJKYJ/BxSmWDrirxQNH/B7yRqGm0+kPSizfslCfVDUx\r\nxYyKrbY2iXM/GWMWx1xbthzG7Xb7/+r6bcZa8wRUwlfKxiki/ACcCn4AunZF6QpWc6/qeG3X\r\nKm2bojNiLmdezxPf/E6ZlzP2PO8hKSSOzd9z3OyfwjAclz1mn+Eb+3VSWFcJT2wPxpiH3W73\r\nUDZ6kyLUP1VVhT2dTj83JeJi5zwQcz9//qx0zuHOI38MBoNLqsEDDsurAIAu0IllVt/3P3Kk\r\nxXkj4ohcI9YNaWw2m0el1DURvani456tizJRFnbSD5LbjTGLcqPsP3wdzJRSS3px8i+dD8IF\r\nCw/08vT4wO3IHqsYJzOznPOpCiEX9X0lonFakUZUlNGF3EtuyxNQyeVTrmj77fLbir0Oy6sA\r\ngE7QajHHCf9XlPLEzXYJiyb7VGahtb7mDg1vonNciTorerzhcBgktxljNlhezYZD8gHRa9R0\r\nTEQX9G9Xg4D/PxFC/IcjUw9cKLGqu4+slHJsix4eK9QjEZcldlyVtW2Cv7c/6EW8FWqMHYcj\r\nqQv28jsoJEq8FtWrAIDO0EoxF+X2UEbRACdnz9qW7LjZbH67onNKqWWJNX/bDazoMc4evk4e\r\n+Z+t8BnyPG+W3GaMeS4j1KfT6R/GmEv6tzF8KsaYr+xx1yoRFxNvAR1ZURyzJVhF8wQL6NRj\r\naq1nZc8JAABN0zoxF7nPk8WjKoKjCbM2G/9xdG6WdNlmE9VVkWM5lghb+7eDQtiW+nJFmeMR\r\nK3oRPhd5/O6MMd/iRsWnJmYHE9CLEC1duBD1ViSilWt+GA6HqdE9LK8CALqGdeZPOKSvttvt\r\nh7onfk5Yv8laRmlrNMGGq1dsEa8tW3K8MeY5DMOjK/XAaXFdH9vt9n+u31vR6Fuc/X7/fbfb\r\nzZsScY5q1nee5/03Zr4cHHsetn6Jom+ZIkwp9cv12aF6FQDQRayRuUSrm4D//Wddg8hj6MmW\r\nD/MulSWv1+sltzQ6Jjp3IG6NMXnfC1qMwyD4W1xslY2+JY55T0SL9Xq9Oma8VWAzvS5K1AbN\r\nGLMqagqatsTKVjCzY8cHAABN41pmDTL+XQl5eyR2ucOBMWYhhEhGXwLf92c586KwxNpTbKJC\r\nCPF+Op1WYqcST/iv4ninhB/mVlrr5TFLoDzf2I5fqssFAAC0gZPlzE2n08/U0QKHInB0bpbM\r\ne+Po3DLtva4owm63W1U6SNALuLJ7RYmE/xOO576sJQwL0RW9WMGsKkyrCCzngpADAHSaAzHH\r\nnmZv4KTiSshb4GCMmffIemNBRG/y3oQQY9/352mWKi5LklPfpEF7iCJWRHTXtggct1fL7PkY\r\nE6GrIl0zqgJCDgDQdQ7EHPtwJXk89kR5+0Fypd28CwUOeWFfq4MohRDis5RymfK3wpKkx5SJ\r\nXLUt+pZG1PNRSjkeDoeXQoiZEELGWp6tmv4bkp+5MeYeQg4A0HUaWWblfqo3GQUOT/RiN7Jq\r\nYkxNo7WejUajf+LbhBAXnufNybHcDEuSfqO1vvQ87y5H5Kq10bc8sFi7ppyWK3US/8yjNI5T\r\njwkAAI7loCzOYYVxH4ZhUPTgRQoc2uxAXxVKqWXS7d8Y81tr/S4ZnYAlCQAAAADyMEhuMMaM\r\nLdsKi6zpdPrZ87xflN6K63673b4Lw7ATvnHHorVesK3CKxydW1heDksSAAAAAGRyIOZsvRy5\r\nT2UupJQT7nu4cC2rGmOe9/v9pzAMzyrxOLbc9AYhxPt44YmUckJENnsKLLECAAAA4A0HYu4Y\r\nYl0cnA7q+/3+u9Z6nFbF2We01tfJ6BzRv/5XUsqJ53k/bEIYliQAAAAASFKZmGMh9yPFXf3J\r\nGPP3er2+PIclVRebzea3MWZh2RX4vj93CTmuunusfYAAAAAA6BQ2MWcTEpniy/O8qxQh91Vr\r\nPXE1vj431uv1tc27bzAYXDmEHNoMAQAAAMCKzZrE1mIoNa9NKXUthJglt8NZ3Y2jzZftddFn\r\n+NjAsAAAAADQMY5eZvV9f2ZrGE4EZ/U01uv1klsWOYEYBgAAAEAWR4k5pVQwGAys0aX9fv8B\r\nIiQdrfWcDWFd+yHkAAAAAJCKTcz9J88b2T7j1rZvv99/6lFf1drYbDYPYRhOjDFfkvvQZggA\r\nAAAAebD5zB3kzCVbCMUqV23J+t/O1XakLGEYLrbb7bto2ZXbDNn6sgIAAAAAvKFwb9YMIXcf\r\nhuGskpGdGRyFC049DgAAAAB0i8I5cy5TYGPMBtEkAAAAAIBmKSTmlFI3Qghbz9BnrfVZmwED\r\nAAAAAJyCN2JOKRUkXxDlcbEFycyyHz5oAAAAAAAnIldkzvf9mcuChIhmqLoEAAAAADgNeQog\r\n/iuEuLLt2O/3H9brNVp0AQAAAACciEwxJ4QY27azBcmy4vEAAAAAAIACJMVckOdN+/3++3q9\r\nnlU+GgAAAAAAUIjC1iTGmM1ut5vVMBYAAAAAAFCQQmLOGPPElauwIAEAAAAAaAG5xRy85AAA\r\nAAAA2scbMWeMOejsEOMSFiQAAAAAAO3itQBCSjkZDAZ/2V7EFiSrxkYFAAAAAAByMSB6EXKe\r\n5/2wvcAY8xUWJAAAAAAA7cQjIhqNRldEdOF4DUyBAQAAAABaSpQzF7heoLV+bGQkAAAAAACg\r\nMAMiImPMvesFm83msbHRAAAAAACAQgyIiLTWl2mCDgAAAAAAtJMBEdFms/kdhmGQFHT7/f77\r\naYYFAAAAAADy8MZnTms9iwScMeZ+t9vNTzMsAAAAAACQh/8PLfxsezOYUgEAAAAASUVORK5C\r\nYII=', 0, '93', 1, '', 1, 2, 'submitted', '2016-05-30 16:33:02');
INSERT INTO `final_drives` (`final_drive_id`, `student_id`, `course_id`, `has_corrective_lenses`, `has_permit`, `instructor_id`, `final_drive_date`, `final_drive_student_signature`, `gif_code`, `final_drive_instructor_signature`, `final_drive_total_deductions`, `final_drive_total_score`, `final_drive_template_id`, `final_drive_comments`, `final_drive_hours_driven`, `final_drive_hours_observed`, `final_drive_status`, `last_updated`) VALUES
(35, 4, 4, 1, 1, 2, '2016-05-04', 'iVBORw0KGgoAAAANSUhEUgAAAmgAAADDCAYAAAA2q+1NAAAABGdBTUEAALGPC/xhBQAAIABJ\nREFUeJztnb2OG8na358iq2FnZxw5PHRkZzWHRThxsH0iR8bOwrEt6go0+16ARQHOZ/YCDHEB\n5xpdgVrBm21T04ATJxYncmS8M+GLKXY5mKK2p1nVbJL9UdX8/4DFSsWvRzPs6n89n0QAAAAA\nAMArWN8GtIkQYhJF0UciiokoeX5+fptl2bpfqwAAAAAAqhn1bUCbFMQZEVE8Ho9vezQHAAAA\nAKAWvG8D2kIIMaE/xRkREY1Go597MQaAAQCPNAAAdMdgPWjj8fiqvKa1zvqwBYAhUPZIm78D\nAABogcEKNMbYm/Ka1nrZgykADIW4/HfjqQYAANAwgxRoQogJY+yyvL7ZbO76sAeAoTIej+O+\nbQAAgCEySIHmCm8iXwaA4xBCXDge2rnWAAAAnM4gBRrCmwA0C+c8tq0zxn7q2BQAADgLBifQ\nEN4EoBVi2yJj7EJKaX0MAADA8QxOoCG8CUArVHnKEOYEAICGGZxAs4U3iSjp2g4AhoIQ4sLm\nlS6AMCcAADTMoASaK7yplFr2YA4Ag8CVf7aFMXZZUUQAAADgCAYl0Gwl/1rrhyzL7nswB4Ch\nEO97gi21AAAAwPEMSqCRPRcGxQEAnMbeECZjLO7ADgAAOBsGI9CEEBe2WZsIbwJwPDXyz7Yg\nDw0AABpkMALNUb2J8CYAJ8A53xFntpm2jLEJxj4BAEBzDEagEcKbALRBbFm711p/LS8iDw0A\nAJpjEAIN4U0A2kFrbfOg3ZO9dU3ctj0AAHAuDEKgIbwJQDswxoRlzSrQMPYJAACaYxACjRDe\nBKBxTIHApLyepmmSpmmitX4qrjPGLoQQdQoKAAAA7CF4gYbwJgDtsK9AQGudWF6DPDQAAGiA\n4AUawpsAtEZsWSteV0nN1wAAADiQ4AUaIbwJQCtUFAgQEdFms0nKjyMPDQAAmiFogYbwJgDt\r\nUVEgQEREWZbda60fys+RUiLMCQAAJxK0QHOEN58Q3gTgNIQQE1eBQGmp/HcihDkBAOBkghZo\r\nhPAmAK0wHo/j8pptgoCtUIAw9gkAAE4maIFmC28SBBoATWA7/CTlBUceGlptAADAiQQr0Gx5\r\nLlrrpzRNIdAAOBFHsv/OtZVl2dqRhxa3YRcAAJwLvG8DTgDhTQBaQEoZM8Yuimvm8JM4XrIm\r\nor+Wnj9pxTgAABggQojLKIpu6CWHN3l+fv4lZIGG8CYA7WDzTicVz0+olHdmKzAAAADwGiHE\r\nRRRF74hoUViOoyj6FKRAk1JeOU74EGgAnE6t8OYWrfWaMVZejps0CAAAhoZJBflIRBPLw3GQ\r\nAo0Q3gSgFUx7jZ0kf1sxwBbG2Nqy/FfLGgAAnD1CiAvO+XvG2HXV80ItEkB4E4AWcLXXyLJs\r\n7XqNLTcNIU4AANhFShlzzr/tE2dEAQo0hDcBaJVa7TXKoJITAADcCCEupJQfGWNf6h5ggxNo\r\nhPAmAK1Rt72GhXV5AZWcAADw4ljinH9njM0PeV2IAg3hTQBa4Ij2GkV2noMwJwDgnDFes0+M\r\nsU/lvXWL1vopz/NfbY8FJdAQ3gSgVQ5tr1F83tqyHJ9mDgAAhImU8o3xmtmifkREpLX+qpS6\r\nXK1Wt7bHQ6viRHgTgPY42juNSk4AAHiphI+i6CNVHFC11k9a64VLmG0JTaAhvAlAC0yn07kt\r\nJFnVXqNImqbJbDZ7tYYQJ2iS0o0veX5+fltVXQxA10yn03eMsQURWcOZRER5nn/ebDbzLMse\r\n971fMCFOW3iTiEgplfRgDgCDQQhxwRh7X17XWn895AaISk7QJiWvRDwejyu9DwB0hRBiMpvN\r\nvoxGo9uqXDOt9S+r1eqqjjgjCkigkSW8mef557r/UACAHc75tcPbtTjwrdblBVRygiYQQkyo\r\nFDIajUa2iAoAnTKbzd5zzr9RRUgzz/PPSqnJofnyIYU4jy3/BwA4EEJcENG78nqe559Xq1Vy\r\n4NslhJmcoAU45/PymtY668EUAIjoZbg55/wjEV1aRt0R0Y+owvVqtTpKqwThQRNCXDryYyDQ\r\nADgBzrnVJb/ZbPZ2uS6DSk7QIm/KC1rrZQ92AECz2ex9FEXfbGPxtmitf1NKXZ7SZSIID5rt\r\n9ITwJgCnYeZu2m58vx2TfI1KTtAGOKADXzA5tTdEVCXMHohoXrN/ZCVBCDRC9eYrzKDVn+jF\r\nOxFXqXgADoUx9m42m+2EPel1M1rbn7XlvSYNmQXOFEd486ACFgBOoe5wc+M1WzTlPPJeoIV+\r\nehJCXERRJIheEqa3/xat9WUhtBT3Yx0ABxE7/mxFa60ZYySl/EZE91sPW57nj6PR6H77vD/+\r\n+ONrw3aCYbFzQEd4E3SF8Zp9rDpsaq0zpdQ8y7J713OOwXuBtj09bTd78+f/HUXROynlpPBD\r\ni/uw7xCKiYSupEIAhgIzX3Lj4f3h5R2NXqe+bvunaa3vieieiBKlVNb0ZgfCw4wfm5TXQzmg\r\ng3A5wGv2IU3TRRs29K4STPPBbZ5KTPTa00QBCC8AQPNorR8ZY/f0EkJNnp+fM+SdnhdSymU5\r\nT9JUGDvH5wBwKlLKKyK66dJrNpvNdlJEOvWgCSEux+PxT9sTtSt3Ct4lAIBJAYjNfxRFEZWn\r\nFWzRWt8ppd5CwA2OYPOPLZMPfsH302+M1+zjnvmZT0R025bXrEhrAk0IMeGcC/oziT1u67PO\r\nEdMDKKGXcFCCCx/UQUq5cEwN+Pu+qqPSVADrnxljtn6FrcMYuxqPx4zs83pBgNimx2itn0IJ\r\nb5YnH0RR9ImI/t6fRaAK4zX76JoEQPRjuPm8qwKVRgRaIRE+1lpf0osoc/4jzw2t9Vfz/23I\r\nhrTW623StFLqHgILtM2pTWlLAs75/K2rXmv9w2Wvtf6Hwp4wMf8REV0wxsS+z64DOssPDpvY\r\nvgthrzTXWlxaLv8deIBxJt3s85rVGW7eNEcJtKpQZVvhycJm/49ElBLRY1HwQOQAUE2TTWnr\r\nwAqbQZqmlRubCS1sPe0xvewrfznk8/I8/3yEmcBDjMAJNrzJOY/La5h84B/b4eY+ec2K7BVo\r\nbYcqTTx3m2R3T0Z4EdF/YIz9Z6KXjZ4xxpAcCsBxNN2Utgqt9QNj7FWDWiHEZVUyrTlcJVTw\r\nzJmD4CVjLKYXweb0tOV5/nmz2cxPNB14wng8toY3T+nK3jG2/GpUJXtCKT/QitEm8z6/c68E\r\nWtuhSuMmTLaVWVVeLynlO7brjkuasgWAc8JsRq/QWj8ppRYtfNyaShMEOOcH7yNG0N0T0bIR\r\nq0BIWMObnVtxPHF5QWuddG8GKLP1mhGRc0/aHvj6jspxoh/C7BO9TvY9+c1N7lVRjK3rvC70\r\n5rQA+IRJ7o8tD932vQEBUEYIceHIJ1x2bcux2IplNptN0oMpwCCEuIyi6IZqeM2OHW7eNJyI\r\nqCzOjsHE1++11vebzSY5pTcI53zn9KS1zjDaA4DDcVRtPnRRJg7AoYzHY9v+/9DEbMMuKFU7\r\nE9HLjR/3r/6YzWbviWhR9Ryt9e9KqWufDq3bEGd8yIsOCVUeCUZ7ANAAQogJ2cMtixY/NiGi\r\nsgchJqQogBqMRqOdXEkKKLxpxviV15J+rDlvTPHRF+pouHnTcKKXUGRV/6JjQ5XHYJKZd36Y\r\nCG8CcDgOb0S2Wq2WPZgDQCWuA4VSatm1LScQW9aSjm0ARDQej5euhvhEzQ83bxpORKSUmnPO\r\nl4yxn5oMVR6D64YC9zAAh+Oo3Fz2YAoAe3GFN0Oay2qrNt62gwLd4uqN6LPXrAgnIjLiJ+7V\r\nEgNuKAA0gxDiwuGNTtr8XNOfsLw8afMzwTCw7f8UUHGAiQBNyuu+C4GhYosOtjncvGlGfRtQ\r\nBOFNAJqjL2+Ew1swafMzQfi49v+Qwpvj8Tgur20nyYDuUUpdbRtYa62/Pj8//y0UcUbU8bD0\r\nfSC8CUCjhN5LCpwRnPN5eS20/d+R75R0bQd4weSWBdvc3isPGsKbADSDq5dUSN4IcHYMYf+3\r\nFdsh/wwchTcCDeFNAJqjz2RrpZTtMxoZiA6GyRCak7tyPpVSSQ/mgAHgjUBDeBOA5jDzK8sk\r\nXXy2rWS9yZFxYHg4wptfQ9r/Oec74swcirxs4QD8xxuBhvAmAI1iKy8PxhsBzo4hNCePLWtJ\r\nxzaAAeGFQEN4E4DmkFJelT1WWuunNE17vZ6EEPCigR2klHHo4U1DXF7ABAFwCl4ItIp8mXUP\r\n5gAQOr1Xb9paC9hCQAAQ0by8kOf559BCg44B6SgQAEfjhUBzNCcM7fQEgC8gvAlCIvjvqxDC\r\nln/2FNIEBOAfvQu0ITQnBMAXTDXcTigRlWTAR2zheKLwwpuOBrVJ95aAIdF7o1rHFzuo2Wtg\r\nWAghLqMouqGXnJLk+fn5bSjhdls1XE/hojWVekJprScd2wD8x5be8nuA4c0dJwPmb4JT6d2D\r\nRh7kywBQpCDOiIjiKIo+9mjOofgSLlqXF2yJ4ODs8eX7eiq2BrVJ10aAYdGrBw3dzoFvSClj\r\n2q3GiqWUse8Dj4fQ7BOcD9PpdO5jtfGhhDwgXQgxiaLor+avMdGLp7vw74nN/4OKJAyFXgVa\r\nn93OAbDBGHtfsZ50a81hcM5t19PX0MJF4GwYRPTE0aC21wHpBwivHRhjtuV4PB7fUsBzLX3G\r\nOAZeobV+6DsHbRAXKBgUsWs9AC+ardlnX9eT7ZAVd20E8BNX9ITC3P9jy1orToYWhFdtHL8v\r\n0ADmd1heXvcm0BDeBL5hO8UU8dmL5poD2GN4E1474MQVPQktvGk4Of+sT+FVl769gkPGkZ+b\r\n9CbQEN4EvuE4xRSJOzLlYDDLFgTGYKInjjZR90RhCK865Hn+ebPZXPdtx4CJywta6/48aDSg\r\nCzRUzObxkRwz5M4tKTTkKsM+h6PbUEo9RlFUXv5LH7YAvxBCTEKPnmyFV57nl0SkiYi01sQY\r\nI631P0dR9H02m1lf65Pw0lo/0Z/h2HsietRaP25bhCil7pHD2gl/LS8wxvoRaAhv9o8Q4pJz\r\n/oWIXPMRY875JyL6W4dm9U3ctwEn4FWZf5Zl9+UblM3TAM4Pn6Mnh3q8RqM/O1VthRdj7F+2\r\na+V+ILzCwlUF3ItA8/kCPQe24szWwbsIY+xyOp3OV6vVsiPT+mbnFBMCrjJ/TA8APtLHaL+h\r\nhBohvIaHq4KTqL82Gwhv9kRdcbaFMXYjhLg7h4s+1BCnYxpHr+01hBCT8pq5uYAzpmK03+2x\r\n7wfhBULGVcFJ1INAG1h5dXBwzj/WFWdERIyxC875NREt2rMKnIJv+WdERJzziWUZHvIzp24x\r\nC4QXOBdcFZxEPQg0xwX65Hl/qUEgpVzYTq9a6yelVJxl2f10Or0rC2jG2HshxPKcCgYCw3bg\r\nSbo2okiNilhwnvwDmaT6LVrrf57NZl/MX2PXC336Phnh9X+J6N+WHsqI6FcIL3AAcXlBa70m\r\n6ifEifBmD5gxQDtd8ovijIhos9lc2zycnPMbIvqlA1PBAZjf645HtO8DT9WpEAyPUzxeo9Ho\r\n37dp2yEc4vGSUi4ZY/+u9PrPfV97IDisFZxEPQg0hDf7gXNuHfhdFGdERFmWraWUH8pijjF2\r\nFUAn/bPDlX/WgyllaofRgb8g1FiJV5XTIEyq5rh2KtCklK7wJgRai1SENj/YKmeVUrec82vG\r\nWLlv1Q2dV9uNEIjLCz2Odypia6mRdG0EsAPhdRpmcsekvI4DLDiEqgpOou49aAhvdkxFaDNL\r\n03Rhe02WZY/T6fSaMfbK62bablyvVqujKq5A8zDGdk7xm80m6cEU4AEQXt3AOY/La1rrrAdT\r\nQMBUVXASdS/QEN7smIrQ5rzqdavVaimlvGaMieJ6oWAACbA9Y8s/01o/+dBP0CYct+NvwOEM\r\nSHgVCwT+DxH9T5+E1wHElrWkYxtA4OzL1e1MoEkpr2w3E4Q32+PQ0KaFayL6UlwwbTduiWje\r\njJXgWDjntpSBpAdTahHIjdcbhBATzvkNY8wWefBNeFV6vLTWn0aj0QUrGJ3n+X8PuAm2bV/F\r\nAQQcSlxe2FZwEnXrQUN4s0NMo9B35fWq0GaZNE0TKeXv5c7fjLE3Usol8i16J7asJR3bsIMQ\r\nwnbzerA9F7ipmJPbGU2EGqWUV6PRaKdoZLPZBLv/I7UANISzgpOoW4GG8GaHmM19Z1PcF9q0\r\nPP+ac36FggH/8PUmwTm3VXCuu7ZjAMRtvXHHOV42T+/voXpUXYnd6BMJDsE1oq/o+OhEoCG8\r\n2S3T6XROdtfpb4fmJ5mCgQVj7Ka4joKBfqm4SfQeZtFaX5bDb1rrIG/GfaK1/moT4Xte42Ny\r\n/dAO53F5AeFNcCiOFkmvCk268qAhvNkRpvz7pryutX5QSi2Oec/VanUrpZyfe8GAZ2G62LKW\r\ndGyDFVvj3K1AAPVRSs0550vG2E+eCq+9TKfT+dAO57YDCHly7YFwqDOiryuBNrQTlLdUzNqc\r\nn7iBo2DArzDdzjXlUYHApLwAD9rhmJBZ3LMZpzK4w7mvqQUgOPbqolHbFiC82R1SythW8ZXn\r\n+cnjR9I0TbTWv5fXTcFAfMp7B0TStwFEP7ykO4n4Ht0kJuUFeNDODyHExdAmx5i8oZ0DsA+p\r\nBSAc6o7oa12g0QBPUD4ihLggop2eZ1rrp81mM2/iM5RS1ybU8gpbI9whUix/7hNHk0yfkpTL\r\nBSXgDBmPx4ObHOPxaDUQELYWSXmefy6vdSHQfA7FDAbO+cJWEaK1vm4qNyXLsket9cLyUGza\r\negyaYvlzz8SWtaRjG5zYvHtoyXKW2A7ny66NaJI6eUMA1CC2rCXlhVYFmi28SRR2/xsfMe5S\r\nW8+zr003glytVre2ZHnO+XWTn+MjHokMW2UfringDUKIiS28qZRa9mBOkwjLWtK1ESBcTIqK\r\nLY9xZw9v24NmdeP5WG0UMlEU2ao2nw7teVYXhxfNlmsyGHyq4LR5qJRSSQ+m7OBo/4EZhWeG\r\nI7zpRRuYY3HlfmKEGTiEQ1JU2hZoOOm3jOnaHlseum0rJ8mm9BljEymldSTNQFj3bQBRZf8z\r\nnw89PtsGWqA8fcQQ9N7vGpDu+bUH/MN2n0xsT2xNoJmw26S8jvBms9hCi1rrh7rjnI7B5KLt\r\nVHSS/Ys3FJK+DTD43qU/tqytO7YB9IipdLR5mpY9mNMkO/8m+rM3HQB1qe24ak2gcc7n5TWE\r\nN5vFuNx3TqqOEGTT2Lxob0w16eDwpYKT7DeJpGsjDmTdtwGgOxzhzSzk8KYhLi+g4A0cgmu8\r\nkytFpc0Q56D63/jIeDyel9e01k9NFwbYSNP0zpaXZduch4AvFZxaa9sg8nUPpljx3T7QPo5D\r\n47IHUxoFDWrBqTgOL19djqtWBBrCm91gq9ykbsvYbV40m03B40sFJ2Psr5a1dQ+mWHGMeVr3\r\nYAroAbP325ooB733O3I/nzzqPQjCILasJa4ntyLQEN5sH9PCZFJeV0p1Nrzc9lm2zTl0Aqjg\r\n9Cl0tCMglVK47s8E295vwpvr7q1pDodnOOnBFBAwjtYzzsNLWyFOhDdbRms9L68ZEbzuyobQ\r\nN90DWPdtANGPit1XmFO8NwLIdmgYQO4RqI+tMfmyBzuaJrasJR3bAAKmwgvr3B8bF2gIb7aP\r\nqwkkY2zZtR3lNZ+8TQ2S9G0AERHn3FaA4Y34GWqBCKhHxd6/7NyYhmGM7TSoxXxZcCAHj71s\r\nXKAhvNk+Fa01OhXBnPOJZXndpQ1d4FGSe2xZ8+YmwTm3efgwp/BMGOre76q88yUvFQTDTpHJ\r\nvjB5GyFOhDfbx1Yl1Vnu2VBxef88SnKflBc8Eo8ADK45LREGpIPTkVLGjuKZpOp1jQo0hDfb\r\nZzqdzh3zTZc9mDM01rZFj07Kk/KCZ2GW2LLmk32gJYY8d9lR+JR0bQcIF8bY+/Kaaa+xrnpd\r\nowLNUcHj7PEBDscxFP33Pn7GWuuJZXndsRlNsiMmfMqps/VhUkqtezDlEHDtnwdDnrts6/yO\r\ngweohSkOiC0PLfa9tukQp62CJ/gTlC9UDOvtJbxp85ZS2ALNdjNZd22EDVtBBpF3lbSxZQ03\r\nsvOg96KlNqjYc5MezAEB4vKe1YnMNCbQEN5sH0cS9hBGqIA92AoyAsmDGYIHBVRgC29qrZ+6\r\nLlpqA8ee+zAQzyBomVO8Z0QNCjTOuWv+2rqpzwDwULRMXF6whRX7wNYokzzx7hXYaUUQQAgW\r\nnIitJyMNoDjAEFvWko5tAIFyiveMqNkQ51AbFHqDo5t1nwJtUl4IvKpwpws+kR/9vXwPJ5tW\r\nBDs/JxzQho0Q4sLWk5EGLNAwQQDU4VTvGVFDAs1szoObv+YbHjZLnJQXPGpJcRCmDHpie8wW\r\n5ugBryvJHEOAsz5sAd3h+L0PIrxJ5ByQjqgF2Mup3jMiIt6EIa7NGafn5jDJqpPyukctIEJn\r\n7nrAeC6TziyxYwsfepMHwxiz9eZb9mAK6BZbd/Rl10a0QcVotZMEmhDiMoqiv2itiw1wY/P+\r\nl0VPtNb6Tin1FjlvYdGE94yoIYGGzbl9XAUCfdgyNIwH2NZkk4iIbKG7LjHi3BY+9OIkDw/6\r\neeIKbyqllj2Y0ziOBrVJ1Wtms9lPRER5nl+ORqMLrXWxCvTV+zHGdl5fXmOMXY3HY0Z2IQw8\r\npQnvGVFzAg2bc/vElrW+b9A7OVshJoXbRmeViLuww4Xv4hwe9PNkPB7Py2umwrHvfakRivc1\r\nrbVmjBFj7J9ms9l7szZhjE1KIoyIiEaj0fY9TrbDkeMHPKUp7xlRQwLNBjbnZjGu7/Jarxuh\r\nLeQa2u/dFAA4vWcGa/FAV5gbQXlt3Y81u8CDfp44vM7BHcyFEJMoirbXeEz0I63hPxphxpi5\r\nABlj8+3rttdkEyKsijzPP7f6AaBRmvKeEbUo0ECz+FYgYMvPCJHxeGwdnVWEMTYRQlz25Rmw\r\nCWFfRjwhvHmeuH7vvoU3C/leO6HGcr5XkbZFV13yPP+82WzmfdsB6tGk94wIAi0IfCwQsIUF\r\nfQq71cU2OsuGGWO2LxTaFrFlzQuBhvDmeVLxe+/se7nN93KEGuPic+vke3WFGR+31lo/Fg5a\r\n90T0qJRa49oJlya9Z0QQaEHgWw6SCQva+t71MnLqWEwH9El5XWv9wXKhvaH+BJotxOpFVRfC\r\nm+dJ2793S7K9M9+rq1BjHcy+/EgvPQrXZjkhIlJK3aMac7g07T0jalGgSSljtIBojNiy1psH\r\nZTweW0e7hBbWsnnPTEjhlnN+zRj7S+G5F9PpdL5arZadGkn2EKcP1xbCm+eJGet31O9dCHER\r\nRdE2XSMm+jPUWGo7QUS7yfZ9irA8z/8XY+z/kRFfRQ+YD9cj6A/jtPhYXj/Fe0bUkEDTWn8t\r\nN/QzHoikifc/d3wrEHCEBe9COh2aHLq4vM4Yu82y7FFKeUel4oHRaPSGBtLjqQkQ3jxPTLj/\r\nFVuP/mw2++nYfK8eQ45P9OeB955ePGD/bfv4tkBgs9n8J3y3QRkhxAXn/Iuj0fnilPduyoO2\r\nIKIvpbUYXrRm8KlAwHV6VkoFFd505NA9FL6vS9qt7oyFEBNs0i8gvHk+FJurEtF/3badMDDG\r\nmIii6Lv5y87r+873Mn9NzP8r873MVJFXKQ6mfcjOc8FhGAG/9ZTGhdD1mojuzX0teX5+zkI4\r\n8BfEmS0N6STvGVFDAi1N00RKCS9aS/gU4nIVB4TU+8jVmFZrvdj+2XynHxhjr/K/jPdgQWcO\r\nwpvDwZXvZR6Oi8/1Ic9riyPZPiE6Od8rtqwlR77X2WPE/Q2Zn2vxO1Twnk7oZXTgFRFRFEU0\r\nm82S5+fnt74K4z3i7EkpdXLOcpM5aAuCF23QDKU4wBGieSrnl2mtbxljN6WnviEINIQ3A2BP\r\nvlerzVVPpZxs33G+V2yxJ5gDqE+Ypr6LI18ec86/CSH+7qMDgHN+UyHO4iZsbkygwYs2fIZS\r\nHEBEthy6HZG52WyWo9HolUBjjE2klFdDGQZ9LAhv9su2uaoj32sn2X5L3/leRC+hH/PHeyJ6\r\n1FqvGWNrpdSjJzfinZSSzWaT9GBHsAghLjnnH4nopH6ZjLELzvkX30SalPJjsWnxlibFGVHz\r\nVZwLghdtsAyhOGA6nVob09py6LIse5xOp5/Lo1a01nMKsGN6UyC82Q9GlH2kgofHs3yvYrJ9\r\nYv4fVH8vk2O7cwj1SRz4zolesx18E2kucWa4atLGRgUavGjDZSjFAY5Ggr+7RCZjbEmlsO5o\r\nNPpZCHERkjBtEoQ3+6EszrpEa/2gtf4XjLF/XXroH5VS/2Uov/vxeGzz+PQuCkKgjtesULSR\r\nbD2nRjfEJvx+SURXxRZHRD9E2kcj0nrbd6WUty5xluf529VqlTT5eW30QVsQvGiDYwjFAaY6\r\na1JerxKZaZre2YoFzKDooMRpUyC82RtxG29ale9VTLaXUv4TK7nn8jz/H0MRZ0REjLHYspx0\r\nbEZwmIT5j7ZD/Bat9Yc0TRe2x4w2SMx7XXLOE4tI2wrAXxoz/ABM9MU6ecaIs2XTn9m4QDNq\r\nOLO0hpgTvuhBMpTiANcYjhoic0lEr15rLtSg/v1NgPBmf9j6TdZ5jfnjq3wvosOS7c3UjZ3Q\r\nXx+Nm1vG9vNNujYiNKIo+kQOz5nWOlNKzese5rMsuxdCxA6RdiWlXLiEXltMp9P5aDTaaURL\r\n1J44I2ppkoCpfnv1j2GMvRFCLIZ02joXhlAcIISYkN0DsVdkKaWWURSVBdrkHL3CCG/2h1Jq\r\nzjlfMsZ+suV7tZxsv/N7p4HlYfo48zgEpJTO0HuV16yKPSLtvZTyvqtCrSpxprX+rc1DSisC\r\nbbVaLaWUC0sPqWvqb54hOAKzae14niiw4gDO+aK8ZhrT7r3Isyxb23Ir6Qy9wghv9ocRwXHX\r\nn2v2gJ3fOw1MoHHO4/JanzOPQ8CE/ebl9SaqGbMsu5dSzonok+Xhj0KIddspNiYtxiXOfk/T\r\ntFU9M2rxvZeWtTcmXAYCIYqiT4fmbflGRYh2Ufc9HCLk53P6PiO8eZ7wgYYxAAATh0lEQVQ4\r\nvKZPA2w1E1vWko5tCAYpZezyLFFD1Yxpmt5prT+U17dFA6e+fxVmHKBNHG7F2bzNzydqUaAp\r\npW6NG/4HjLELk1wNAkBKeUv2po118ra8wQw+PylEu1qtlo7vsy30M0gQ3jxbBh/eNNiajgaz\r\nz3VJlXjJ8/xtk2HhNE0XeZ5/Lq8zxi7NPapxTKHCF1tLpq7EGVGLAs2Ev3YuYlcVBPALV8VK\r\nUyMsOsYWnlkeEaJdlhfO6fuM8Ob5IYS4KPcBJArLg14XWwEGGtTuUqjYtIqXNnKyNpvN3BZu\r\nZoy9k1LGTX7WHnGWdXn/azPESUqpRXmNMTaZTqfzNj8XnIYQ4rLCdV27GscHjNCclNePucEo\r\npZblNXOKi4+xLSQQ3jxPHF7Th5D2gDrYrmEMSLdj0l5cw8HnbXxmlmWPSinXe39qKtVEShnv\r\nEWdxl7nXrQq0LMvWDtfk2Xgd2sJUJbbxvhec83IfOyIiyvP815DyTlwFDqYx7frQ98uy7L7Q\r\ntuAHjiKKQYHw5nnimh7SuSHtE5cXEN7cxVWxacRLq+keWZbd53n+a3m9qXw0c5j3RpwRtSzQ\r\niIgYYzueCsbY5XQ6DS1M1hs2124buU9bcVbhug4mrFH4t0wsDy9PeOuFZS0euhcN4c3zw+U1\r\ntXmSQ0drbevhlXRth8/sqdicdyFeVqvVreOQfHWKppBS3lS00njoQ5wRdSDQ0jRNXF6Hc6qA\r\nOxHbiTVu+kM45zcO13Wncfcm2OOGT45936rv87Hv6TsIb54n5xLeJEL+2T66qNisi1Lqqlyw\r\nRfRDUzgnGdgQQlyY2ZrW+9vWM9hXS6nWBZphUV4wbslgPDJ9opTauRFu50E29RnT6fR6Tz+b\r\nYHqeVbjhmypwWFjWButFQ3jzPHF4TQe3Z5sDyM5eOkQhegxdVmzWwdyL5uX1Q0OdhSjLznsR\r\nvQpr9vY96ESgGa/D7+V1xtibod7UmsTkPj2U15sKc0opr0aj0Y3tsQDFmXWYbRONE7ecmxcN\r\n4c3z45y8puPxOC6v2a7vcyWKopsuKzbrYPqj/VZer5s+ZSo1v7tmh5pWGpd93/u68qCRUura\r\n5pYkIqswADvYWpbEp76pOR05Z4yFdIqsGmZLzVefLixrg/OindONGvyJmfryiqF6TTEg3Y3p\r\nuBCX19us2KyLUmrhaL3xvqqITkp55cq1JvpRDDdvztLj6UygZVn2aOvcjoKB2iSWtZ3+RHUx\r\nsfebKIq+OU5Hrc4Ya5p9w2ybrj49Fy8awptni23yxrIHO7pAWNaSro3wEUcVfOsVm3Vwtd4w\r\noU6r48cc4j857nlPZvC5N2H8zgQa0Y8KDJfiRcFABcalu9PJXkp58IViThDfKhIjv7Y9Y6xJ\r\nhBCXjDHrBam1/tCi0FxY1jrxorXVZqX0GReOZsXLtj8b9Ie5nibl9aF6TR2VqsFEDtrC1UOS\r\niK77Dv1tMek/tlDnVfneKKX8WFGp+aSUin1zSnQq0Aw7N34UDNTmpGpOIcRESvnJnCAmtuf4\r\ncjqqS42RHIu2PrsrL5qjzUrc5GfYMFW9k/L6UG/U4AXO+by8luf553PymvoiQPqioofkSVXw\r\nbWBCnTs52kR0I4S4EEJczGazfcUAlz6m83Qu0FAwcDxa68SyXCvMOZ1O3xmvmVN8mS9qJ/1s\r\nDkFKGc9msy+z2UyX/3OFaPM8/9xRHsHCsta0Fy2xrLUqoit6Hn09pxv1mWLbUyDKzwgzv3hi\r\neWjRrSX7Mfcrm+Nnwjm/MY3XY9tr8zz/bIrH1u1aeRx9eNAqCwYQ6nRj81wwxiZVvV+EEJdS\r\nym+j0ejWlRRpYu+/mqoVb04RQohLc/JxXmA2tNbZZrOZt2ZYgY68aLbf+07fpqZwhYwDncMK\r\nDkBKeQWv6Xlj7sG21IbfffOebUnT9M4xtWheVam5Wq1663FWh14EWlXBQBMjG4ZKlmWPti8h\r\n53zHm1IqAnAKOHOCuPQpMZLoz4G8dGBD3p5Gciwsa4150YwItOUfNvL+RfYMQr72ScCDVtjZ\r\nS0x409ubGGgW4z3buf5ts7V9YrPZuBw/O5jCsXnLJp1MLwKNqLJg4EpKuejBpFBILGuv+lTt\r\nKwIgeukIrrX+xZwg1g3beDJGJBzUFZqIiDEmoijqdNZrF140R3i78TBnxTSJ3noegU5BePOM\r\nMcVHVu+Zj/eJIlmWrW2OnyJa6ydz31t2Y9Vp9CbQiIiUUnPXyIZjqhPPAVeYczqdXtcpAiB6\r\naaGhlLr0dfC5lHJRlStXg4WU8lvHOY0Ly1rcYLWl7XfVaJizIu8suFFf4HBMePOV50Rr/RTK\r\nzQycDud8YfsO+O4928IYs7VM+YFSKvb1vmejV4FmwiVzx8MfD52rdQ6YU4LVW1OnCOD5+flv\r\naZp6UyZdxtwkbNVDT7biEheMsUvG2Bcp5ccu8hqNF621ofa2uYCMscumBOCevDPvCkdAK9i+\r\nq8HczMBpmKbUO1NDiOjWd++ZSen55qrU3MI57zS6ciq9CjSiH/29PpTXt3O1UDRgZVFeYIxd\r\nhFYEUKZqqoHWOnFsHuQosSailyRRzvn36XTa+oVp6w/msvlQjDBvpd0G8s6Aaatg+65CoJ0J\r\nnPNFec0c0LzKTy4jpYxNq6W9Dh3G2NxMRwiC3gUaEVGapgtHBQaKBiy4WpXY8LUIwIZr5lue\r\n559dVYta6w9pmk5sIn8LY+xiNBrdth32dISfG/NyUUvtNpB3BhwTI55CCgeB45FSxhXeMy+9\r\n58Zr9pExVkucbRmNRh9DEWleCDQios1mM0fRQD3MafevVc/xvQigjBExcXlda71mjP20rxFt\r\nmqaL5+fnv9m+Q1vaDntWeLmayqdsvN0G8s6AAeHNM8aRVvLgq/fM9PX8XhXSzPP8bZ7nb22P\r\nMcZuQkih8kagbedqoWigGlOh+Z0q2k9orb/6XARgwxWqY4xN6jaizbLsPk3TyzzPf60qt24z\r\n7NlmmLPpdhvIOwNELwe+0Whkq95cdm0L6B6zf8Tlda31wrc9QEoZ1+nr+fz8/LfVarVcrVZL\r\nR2P8C875F99FmjcCjQhFA1UU3LnWQa/lp3diVLPUFuD7GtGuVqtbpdSkKgzcVtiz7TBnU+02\r\nkHcGtjjCmw++NiUFjWM7pD34lN5QN5xZ6IP5Y/9K03TuEmlRFH3rIj/5WLwSaEQoGrBh5k3u\r\nrVDZEuJs07qhurqNaLMsezQX5t/rhD1ns9mXJoRaH2FOInpzqIcZeWdgy2g0QnHAmWJSHGz7\r\nwKIHc6zUCWfuK4Qz04us94HRaHQ7m82++KgtvBNoRHuLBnbU/pCZzWbvzTSAie1x037C1nbj\r\n4Jt2HxRORnsvDhO6PSj0lqZpUifsSURxU0KtzTCno93GBWPs02w2q9UYF3lnYIsr91Mpteza\r\nFtAtJpfZ5j376sMhrU44k+jlUKmUmlQVwpkUqrjisB5zzr/7ds9kfRvgwoRgElvjuTzP3/rw\r\nBWoTIcSEc/5p35imbaiPc75mjP2l/Byt9Z1S6lffCgWEEBdRFL3TWlvHihQxBQ+LU3/n5jt1\r\nW1MsJaZCNDnicyZRFH0vrz8/P/+bJn4PUsqkoqr1Tin11iVijTf2i6MZZYzQ5nkxnU6vR6PR\r\nq5u0CW9OejKpc2azmS6v/fHHH97eG5tCSnnLGLNNDfh7n+Fts0/f7IsYGbF1fYitZv9bVjW0\r\n1VrfKqU++JB/56UHjWhv0UAQFRjHMp1O5yak6Rry+mRE6lWWZY+u2aZEL1WwURR9l1J6M4h+\r\nNpu9N4UOO12ri2itH8zMtEkTgrwU9tzxOpY42qPWdpjTXBfWkyBj7MqV/Iq8M1DGcVhZdm0H\r\n6BZTIOTdQPRDw5mH2rotJNNa/+Z6DmPs2pcCAm8FGtHLD1NrvRNyGWo+mgn3fRqNRs6QnwlD\r\nXZYFi2u26RbzpfteNwzWBlLKN1LKvcKM6MdG0YgwK2PCnnGbQq3tprVKqdiWBmA+55Jz/qXs\r\nrkfeGShj+z6cW3izvAe4rqshEUWRq3q7lxSHJsOZdUjT9Nrs/9a0F196sHot0IiIKspkB5WP\r\nZrohf98zqumDSYJc2x43nhWn4DBf/IWU8ruUshGxUIetMGOMLatmhHZNm0LNVc15rK1lsix7\r\nXK1WV64GveW8NOSdgbr4lg7RNkqpq60oK6aNDBVzcIstD3XelPaQ6kwTem2s/U+apolSalJ1\r\n0O27B2sQcfah56NJKW8YY86bpGkYeFU3BGVuxot9zWwNyb4///HHHz/EixDiMoqiYq5bXLDz\r\noniRaa0npwiypnK26mKE16JORanW+l5rvdxsNp9dNkopH8t5gc/Pz39rOpRoNtylLQfR2HpH\r\nLwITeWfgFeeaf3WumHvpTtFZH3mH0+n0nblPVXnMnkz+catdCabT6bWxxbqHWuxaE9E9Y+ye\r\niJLn5+esDXEbzIVokvuS8g9Qa/2olPp7iDcZ48VaVIkY49I9ari5Uf/Xdb90fWD+fQvO+b3l\r\nd/thOymgSw4RakQ/BNCdUupz8fdkS+ZvKwG3TvJrmSEcbsBpQKCdF1LKhWNqQGeFAWZ/taZb\r\nlGw6+t53DMb58O3Y12ut74koYYzdFZ0apxDUhTidTuej0WgnLqy1vjcirfeqi30Uqhfne4TZ\r\nExHNT50GYE5MC1tCaJ+YUML11vtk2zi01o9pmv6rXgykw4Ua0Y/cs7s0TT9Pp9O7cof2PM9/\r\nbes0KKV8wxhb1nmuyfGbt2EHCIfyISLP88+r1cqrVgOgGVzV5V39ztuszmwKl4A9FK31I71E\r\noe6UUl+PjQQFJdCIiKSUS1uytdZ6maapde6WD5i2Ge+J6KpGgvxXE9JsTHAKISbj8fjWMdKl\r\nM0yu16J88VVsHq0JmrocKdQeiejREkpo1CtoPGfvqMb3qsTijz/+cA6Y3/OZ22rQq31tPYDf\r\nCCEuxuPxcjQa/bzNv8LvcphIKT/Zcpy7SCXxKZy5Dynl/SGRiGOou28GJ9BCy0czN/d3Vcn/\r\nRdoWJMeIjSZwCbMiLvFNLzH+t30nLzfxs2vitGrE/laUTY59HzOIfq21vmeMPdLLz/nJli5g\r\nrruf6CXn8NXnwusCgN9IKWPG2JfyettpJL6GM6swe91d2/fIOvtmcAKNKIx8NJNfdl23cs94\r\nzTrvRVWqSLT+ufhF1Vo/ENG68Lx7IipeVMn2D0qpx0P+Pa5NpPDZS9NAcO16ThcYgXRNL0Kl\r\nTiHG4EHeEgD+YqroJ8U1U3x22YYoMiLnfVXxm7Ght3DmKUgpY631pbm/Xx7rcdu3bwa7qfqY\r\nj1Y3v6yIaSGyDO0L2hZVXfKJXkQ4Y+z2+fn5N09OW5cFseZNMYbJYVwqpZbj8Tg+pELpGCDQ\r\nAPCTisKAX07NcXZ83hURVY7v8yWc2RQmhSiml/tAXGevHawHbYsv+WiH5JcRvbp53vbtDfIN\r\n87Nc7nMva60fzQXu7AjdNWZjumqqIe2hmO/VHb0UKbzaeA8cc3Xo535N0zRu+n0BAKdhrvvv\r\nlhY7jV+zJo/4I9l7rBU/25twZluYyNQVvbQ3sqVj1cr3DFqg9Z2Pdmh+mZkpebvZbJZD/nI2\r\nQd1ebqYfzSJN051mxn1RTLzu4vNMo8W7zWZzt+971XQOYhsFLQCAZnA5MZrux2gaYi+qnhNq\r\nOLNPghZoRNX5aET0S9NfBtMr5Wet9dUh+WVa66VvBQwhULeB4LYHDRElpqy5F8FQ+H7sHQJ/\r\nCqaz9vIUsW+unQt6OfFeENElEU1cothssAm9/IwTiDIA/KWiMOC3NE0bmR5iDnwf97WMGlI4\r\ns0uCF2hE7nw0Q2IqVZJj319K+TNZqtf2gfyyZjCe0ms6oOlul4LNfD+27uyJ63k+VhkDAIbJ\r\nbDb7QqVwo5keMjl1P6zb06zc7xIcxiAEGlFli4YttYWa+fIVRVltTwjyy9rD5KctjsmjalKw\r\nGTt+opfvRt3wNhrDAgA6oaKv5MmHxJo9zR7opdF6cspnnTuDEWhV+WhFXL2fiOhxPB7/bCow\r\nDu7phPyy7qhbSOALZiB5jO8FAKALbFGlU+dtmvSNG9pfBPDBOCiw353IYAQa0Y+cmtsub9zI\r\nL+uPvpruHgKS6AEAXWOLKB2be7ZtH0X7iwB66eU5ZAYl0La0feM2VXOJqZpbt/EZoD7GexrT\r\ny8nOWtbcJYWqygTfDwBA10gp/8nSWuPggeimddBNjSKAazgpmmeQAm1LU0Jt219Ka53UaWUA\r\n+qVrwWbyLRKy9B8DAIAuMaHIb+X1Q5pJmzSSm33pPufQ06xPBi3Qthw57PqBXpp+Jrjphk0b\r\ngs20nLhTSt3BpQ8A8IXpdHo9Go1uimuHzMtFEYA/nIVAK1LV+wk3XQAAACFjG5eX5/mv+/qQ\r\n1RlsbqJJt20OWAd/wvs2oGsKwivp0w4AAACgaWyRos1mk7iebxravqf91ZlflVJz5NV2x9kJ\r\nNAAAAGCImKT+V2itH2wRoQOE2RO9hDOR6tMxEGgAAADAMIgta0nxL3WFGdFLaw6l1AJFAP0A\r\ngQYAAAAMg53wptY6ITpYmKGnmQdAoAEAAAADwJbgzxh7tM3ltKG1/kpEC1Rn+gEEGgAAADBQ\r\nGGOf9j0HwsxPINAAAACAMwTCzG8g0AAAAIAzAsIsDCDQAAAAgDMAwiwsINAAAACAAaC1/mpr\r\nVAthFiYQaAAAAMAAUEpdcc7vtiINwixs/j8HSPJPHbu+LwAAAABJRU5ErkJggg==', NULL, 'iVBORw0KGgoAAAANSUhEUgAAAmkAAADrCAYAAAAylgEoAAAABGdBTUEAALGPC/xhBQAAIABJ\nREFUeJztnd1128jStatJ4ProjWB4ImgOG/fGRGBNBKYjsCYC0xFYXl8AkiOwHIHpe4EWIjAV\nwZGu2UR9F2xoKLDxQxL/2M9aXpaaJNiSCGB3ddUuIgAAAAAA0DpE0xMAAADQTqSUU9d1PxOR\nn/G05WazeR+G4bqeWQEwHCDSAAAAHDCbzeZCiM9CiIu85zLzk9b6rzAMH+qYGwBDASINAADA\nK5RSn4UQV8e8BkINgPKBSAOdQUo5cV33hnZbL9hiAaBkpJQXjuP8EEJMT3k9hBoA5TJqegIA\nFEFKOXUc5xf9mxvjG8EGACgBpZTvOM7vUwUaEZEQ4sJxnB9SykmJUwNgsECkgdZjBNoPS26M\nL6XMzZcBAGQzm80+CCFs5xgRETHz181m83/39/ci/rfZbP5k5ufkc4UQF1hAAVAOTtMTACAP\nU11mvXk4jjMlomWtEwKgJ5jtzRshxGXac6Io+me1Wl0nx8MwfJBS+o7jLIUQ/0k87Jc9VwCG\nCCJpoNUopXzKvuBnPQYASGEvQm0VaMz8vNls/rQJtJgwDB+01n5lkwRg4ORG0vZXWsx8p7V+\nH4bhUx2TA4CI5jmP+zXMAYDeYa7r1vwzZv6ptb4scq0Pw/DB87zyJwgAyBdprut+I3MjFEJc\njsdjQUSpoXEAykJKORFCvMt7Wi2TAaBHKKUWGQLtSxAER9lvAACqoch2p//qBaPR22qmAsBr\nHMeZ5z1HCHEhpTy5Gg2AoaGU8oUQH5PjzPzMzH9DoAHQHlA4ANrMhyJPGo/HUyKCLxMolT76\n8plqaGvlpdbah78ZAO0ChQOglZiWNAcVncz8NTkmhPBrmRQYFHsCjYjIH4/HqQn0XcFxnIUQ\nYpIcZ+ZPEGgAtA+INNBKhBAHUTQj0G4tT0deGqgCf/+brqd6mG1O23n1MwiCRQNTAgDkAJEG\nWoe5mRzkmWmtr7XWB6v9cxzSAUjDZtTaVSd9s835LTnOzM9a63n9MwIAFAEiDbQOZj5IXGbm\nn2EYPoRh+NSnmydoNQcLAsdxJg3M42yM3YYtfWDR9Tw7APoMRBpoFVLKiW1biZlv977tzc0T\ntBdmPvAIY+ZJA1M5C6XUpc2wlpl/ZhnVAgCaByINtArHcRbJMWZ+XK1WtzkvRQ9PUCpCCNvW\r\n+qT+mZxOWjWn2eaE3yUALQciDbQGKeWFzbyWmReJoaXl5chLA6Vii6QR0aTueZyD67rfUpqm\r\nz9E5BoD2A5800Bocx7Hloj1vt9u7Ai9HJA2Uii2SRh0SabPZ7IosbdOiKPq+Wq2KnFMAgIZB\r\nJA20ArMtYzOvvbas+JeW5yGSBurgj6YnUATTUs3aVWC73c4bmBIA4AQg0kArGI/Hl7ZtGa01\r\nEptBIwRBsEyOdSUnzXVdazUnERVqmg4AaAcQaaAVpKz6v9puKCleaW+qmhsA+5iob2tRSi3I\r\nss1pGqcv654PAOB0INJA45gWUJPkuNZ6YXs+IgGgLpj5Z3LMcZzWbq1LKacpC57HtPMJANBe\r\nINJA44xGo4OKziiKvmeZbDLzY3JMStnamyfoFa2NpLmu+znlIVRzAtBBINJAo5hOAX5yXAiR\r\nl4u2Tg44jtPamyfoLEvLWCsXA0opn+zbnJ+wzQlAN4FIA40yHo/95BgzhwVuKmvL61p58wS9\r\no5WLgZRtzhDN0wHoLvBJA40ihPAtw8sCL11bjtXKmyfoNEsiSoqf1i0G0qJoRHTgPQjAKUgp\r\nJ67r3tDuc7bcbDbvh9D3VUo5dRznDyHE1AQCpkKICTOvhRBrIlrGX9/f3x/ksJ4LRBpomoM+\r\nnUSUa7TJzE9CiOTwpIwJAZDDf5qeQJKUKNpPbHOCstgTaERE/ng8viai3rQWk1JeuK4richn\r\n5okpZvP3n7N/zzGPT4jIj8c9z6OyxRtEGmgMU4l2EP0qcmPpuhs86AZa6wfXdV+NCSFaFUnL\r\niKItap0I6Dv+/jej0ci2wO4Enue9YeYJ7aJiU2Z+dS+yBAAKkyHeHmgXmV9qrX8WLeSBSAON\r\nYctHi6Lo+xmHbF2EA3SbMAyfPM9rehqZIIoGQDpSyonjOG9oJzKn8SIrERWrfB7mfadEdOW6\r\nLimlCok2FA6AxhBC2ELlyyKvTXGDb1WEA/QDZg6TYyZ61ThtiKK13dwXlEObz4N9PM97M5vN\r\nPiilviml/ue67m8hxK0QYt6me4QQYiqEuBJC3Lmu+z/P837YbKQQSQONYesSsN1ul+ccU0p5\r\nAT8oUDKt/Ty1IYrmOI5vmcPBDR10ntadB1LKC8dx3hjx5Zt/NBqVF39i5mcieiCiB2Z+EEKs\r\ngyBYKqWSuWsTIcQ5vX19x3F+SCn/CsPwJZ0HIg00glLqIIrGzI/7H848mPlnUugZN/jl+TME\r\n4IUHIkouKHxq+HPWhiiawTaHZc1zAANCKfVOCDEn+2fvZEyHkbX5t9RaP6Qt+tMWQueINyHE\r\nRVKoQaSBpvAtY8ua5wBAEVoXQSBqRxTNYOubW/ccQPWsKfG3NpYUy7omoJR6R0QLWxvBY2Dm\r\nRxMVeyCiB631+pgAQRa2889E/Hwy0T4hhEx7fVKoQaSBpji4sDPz8shjtDLCAXqH7eLt1z2J\r\nfdoSRZNSXtjyfLTWyzrnAWphnRyow5vSWGN8YOarU9/PRMiWtBNky7pTYsz73Zl/SdE2F0K8\r\nKnrbE2p/QqSB2pFSTmwX9u12m+uPlqCVEQ7QO1r3OWtLFC0tHw15oeBcTFXmByKaE9FF0QpM\r\nZn42C/6lEOKhjVXO+6JNSnnrOM7SJtRc172BSAO1k9YK6tgLuzEKTI61pnoH9AOt9drilWbb\r\n4quFtkTRDL5lbFnzHEAN1GUgbsTZR5NzVmReIe2S+pfb7XbZtS4IYRg+SCl9m1AjIh8iDdTO\r\nGa2gksdZW8ZgBwBKJQzDdZu80toSRTMgH20gVG0grpTyzWfbL/J8s4W5aGOk7Fhioea67q/k\r\nY/BJA01wUiuoJFrrtWU4NSETgFNh5sfkmM3TqGraFEVDPhooA6XUO8/zfgghflABgcbMXzeb\r\nzX+DIPD7INBi0goXEEkDtXJOK6gktggHImmgItZE9KqM3nGc2j9rbYqiIR8N0BldXo6p1DRe\r\nZbda6+uubWcWJc0YOFOkwUkalE0FraAAqIM1NW8/4FNLomgG3zK2rHkOg0ZKOXVdd18o+fEX\r\nzPwq0rnn3UVEtNxsNu+PETxBECwti+Kjosl7lZrzI8TZtRFnvRb/aQuwTJFmjEGTL4KTNDiZ\r\nc1pBJbFtN9m2pQAogXVyoO6obZuiaAbko1VELL5iYbUvuJLNwNNIJvknvvfH4/E1Edmux6Wz\r\nb6NBBSo1jY/ZYrVa3dYxv6bJWoDlbXfaXlSK4RsYJmW2gkrZblqfciwAsmi6krhtUTTko52O\r\n53lviIiiKJqORqOLRITL339u/Jmrohn4aDSy5QaXSrJSs4A4+8nMt0MRZzFZC7CjRdoJhqMA\r\nEFE5raAAaAJbJfFoNHqrlPolhHi1DWME3avnR1H0NBqNDj7n9/f3Pwu+f6uiaMhHO8REi+LC\r\nJZ/o36hXcuuR6N/+kmWJrmMx1ZHHviZMuuUrpQ4S+KWUU8dxPhxho9GbSs1jyVuA5Ym0g0q5\r\n7XaLGyo4Fd8ytqx5DgAcjdb6KemVRmTPybHddNMaPqdZe5iWNU/m6wvaXYvZfB+/x2/P82zi\r\n7SEpHGM2m81zSYsi3zK2LOG4rURKOXFd94+E2PKJDnK9XmGLhLWBKIq+b7fbqxNeminCT7DR\r\n+GryzQarK/IWYKkizVaFx8xlneBgmJTRCmof3zKGzyconTAMH+r0StsXf2m5RWlRiixB4Lpu\r\nqjA8FyHEB8/zPlRy8JZg+902KcBMDu56b+iBXgupZfyF1vqpqvu3yaH7TMeJs0VfKzWLUiSN\r\nIVWkjcdjW74FboDgJMwKq4xWUHkMdrsFVAsz/2yy0wAYDrH4Mi7/8X33gYieTDPwdUNTW5Ol\r\nX7LjOG+JKDNHc0iVmkUwhW/fkuPJNIZUkVaWKzwARESmOW5y7CdOVtAVtNaXjuPcQaiBczAO\r\nCU+0EzxrM7wkItJaP7T8mri2jH3IqjY1gvMW4uxfTM7ej5Tf22L/m6ycNJtz+/KMeYGBIqWc\r\n2CqJmPn2zEPDxw/UhrnB+PtjNgPKFIuECR220LlIJmGDbrOXjP9ARE/7kbC+JsWnCbSh2WgU\r\nxVwzvtl+b7ZioKxImq28Gtud4Ggcx1kkx5j5sYST1xZeX555TAAKk3LjtY0dhVlpXxDRZ0os\r\nmKMo+n+j0eh/aa/N8dGCMDwBs1UX3/+WZmwthFhXmevVNlKarCef88zMVxBnh8xms7kQ4sb2\r\nGDM/aq0PijmsIi3FJPQZoUpwLMZP6V1ynJmvm5gPAF0gvukrpSYicVeMoujm169fjYiC2Ww2\r\nH41GBzeZzWbzf7g/9J+UJuuvQPTMTtq5Q7TbAtda+7ZzyFoXnmISOoiVAigXx3EOVgbM/Lzd\r\nbm8bmA4AnUFKObFFxJqK2pgFl9UuAAINEO2sPVarFRbgCU4VaEQpIs3mpM3MOAnBKdhK8stK\r\nIP0jOaC1xucU9AJbn9tTDEjLwnGcqxQ/sEW9MwFtxCy+503Po214nvfxVIFGlCLSbKu3ImFO\r\nAPYx++8HnyWt9W0Zx7fdMIaSGwL6T0rz6mXd8yDaRfXIsuCKouh7XxPiwSE5f+tLRFRfo5S6\r\noZRFTBRF3/MEGlFKTppJPE2O4ZcPjiJla+Tr0A0MASiIzeqjkUWI4zgL24LrRNd60DOY+QvE\r\n+muUUjdphtPM/HW1WlkfS4JIGqgEpdSlLdKltUa+AgAFaEsDc2NEbSv++YQF1/BIbrkzcxgE\r\nAcT6HnkCLQgC62M20iw4Dkq0kesDjkEIcbA1YhKMSxH7KRXIj2Uc+1SUUu+I6Mpyc11uNpv3\r\nuKGBoqT4rz02sZ2UEhF/xoJrmGit547j3Aoh3pzRA7SXSCkvXNf9RintsY4VaEQpIq1NFUWg\r\nexgB5VseWpT1HikVyOuyjl8U03j5nemokOZN5buue0NEf9U5N9BdUlJOar8GK6UuyXIuM/MV\r\n8o+GiVls+g1Po3VIKS8cx/lBKe2xoij655TK1wORluaRduyBwXBJsd147FPOgol0vItD2gWa\r\nLPtKKb9PvwNQKb5lbFnzHIh2ZrqvKMmIGoDeEAu0lGIfiqLo/annzIFIg0caOAfj7WTLX1k0\r\nMJ3SkVJOXdf9TCesJM220bLsOYH+YesKUHdesFJqkWK5Ma9zHgC0mSoFGpGlcAAeaeAc0sxr\r\nK1h5+5axSm9i5mS8SXnvIvi2XCMA9jELnUlyvM4orJTygiyWG7beggAMFdO+7XdVAo3IItJQ\r\n2QlOxVzYD6JoRFRXgnGliwljQ2A9GWOY+Ssz/3V/fy9sxqO2JGwA9nEcx7ZQrtXE1nGc6xSP\r\nw3md8wCgrSilLk0EzdYo/Xmz2fxZRnDiYLsTHmngVMbj8YF5bV+qwIyliK17Qpyzea21vk1U\r\ncF7TodeVX80MQY+wLQRqWyhnpCx8QYUyAESz2eyDEMJ6XzP3PL+sYssDkYZIGjiVFBFzV1EV\r\nWFolZekYt/WDth7M/MzMV2mrJWa+sCx4wirmCHqFnxyos7LTVCIn3/9Za72oaw4AtBGT8vI5\r\nwwOtVIFGZLfggEcaOBrTAmqSHK/wwl5byxxz07KFtBdZ4WwhhG8ZXpY2MdBLhBAHnQa22+2y\r\njvc2OZO+5aGy+u0C0EnyCgRMH8552XZlhSJp8EgDedhyraIo+t717RGl1IIsN60oir4X8Lyx\r\ntfVZnj8r0FfSLJBqPI9sUbTHIAgWNb0/AK3DFAhY88+IdjmjWutKepe+EmnwSAOnkBZFS9uz\r\n7wqmHY7Nbf1xu93Os14rpZymVOjdlTZB0DvG47GfHGPmZR3vPZvNrlIsN+AoDwbLbDabj0aj\r\ng8VLjOlbWtk58kqkwSMNnEKKkKm6VP+P5ECZ2/KmUjXtxJznrZhSbra1VuiB7mHbSqkjJ1hK\r\neZFxHmNhAQaJUuqzECJVgJVhsZHHK5GGyk5wLBmGl4sq39f2nqUmazrOje09mPlTQfHpW8aK\r\nvK43HGP8y8xrIcSamR+EEE+063f6PMBUi4OcYKrhc+M4jrWtmdYaUTQwOAr04Cy9QCCNVyIN\r\nlZ3gGPpqeGm2fS6T4+bnWhQ5hi35W2s9mIiE53kf6QihbgTxZL/YwnVd8jxvUALOFknTWldt\r\n0jxJiaJ97ePvGIAsTP7ZDaX04DQFAn5dhTSIpIGTMeautRte2lz7mfmxjGObXDLbDeu56M9l\r\nctkO/OKGcMPLu8CdwtAFXNU3A8dxbP05YbkBBodS6pKIbjIKBL5qra/qrHRGJA2chFl926Jo\r\nX2uoRLOdQKW8p9mesx1/fsTP5ScH6kr+bpJjo2dlkCXgaCfY/oZ1RDpmQXEQNaad5ca67vkA\r\n0BRZBrVERFEU/VOgor90khYc8EgDhchYfdeRw1KJR9psNpuTXWB9OTJ5+uAY1ON8tCqiZyXh\r\nm7ySv5qeSIuxncePfegSAkARihjUEtF8tVo1kq6SG0nr07ZBEaSUE2Ne6hNW4lZyVt+V/66q\r\n2pZP2eYMj9n2MVVyNjPSXuajFYmemWKLzOcYoXdBu/PugnaCbyKEOKjiPRL/zNf3FlP0Y7Nd\r\nWuCaB4ZAUwa1x/Ai0uCR9q9hHf273YWVuIU077C6Vt9VbMuneb0R0VH5B47j+MkxZn7s29ZR\r\nkejZMRe4vecsU95rX8DNhRD/KTJP2J7YyfAA/Fm1pQAAbaBJg9pjeBFpQ/dIy/iD+U3Mp62Y\r\nxEo/OV7n6julcvLkz2qOR9TyyMP5lrFjj9Fq8i5uRMWiZ0WJBZyUcm22JQoJNCIirbUt4jto\r\nsjwAYbkBhkDTBrXH8CLShl7ZmZEwDl5jzWGpa/Vtmp0fcI5ANB5RtuMuTjjcgYDsU9GAiTh+\r\nzlh9lr49YDyLPtCRfw9m/tn0KriNmKrsSXKcmT8NLb0FDI82GNQew4tIG3Jlp7nx+w1Po/Vk\r\ntI2Z1zUHx3EO3v+cLa0Mr7evx0bRTMXrwfZfX/LRCqw+S4uexSil3hHRNR25gIq3KsqcSx8w\r\n25y2z3uI/pygz7TJoPYYEEkjovF4jIt5DiVvCZ6M7XNKZ9hvZDitL449VkorqLAP0Zys1WdF\r\n0bOp6fqQWTFq/PHWRLSMPdO6bKRcJWnbnObmhGsg6C3GW/MztcSg9hgQSSMiIcS7pufQdtrS\r\nNiYlkrc+5Vgmglqm15vtRtf5KJpS6iajPL30i1vBitFnZr5q07ZE2zH5fJPkuMknXdc+IQAq\r\nRko5cRznY9r1i6gZg9pj2LfgGKRHWtoWFfiXlrWNsf2tTpqDrWPCOU7ro9HobXKsy62g8rYH\r\noij6vt1uc5vNH/F+hfzWmPmT1roWu5e+oJS6tN2oTDUnPNFAr4jzWJnZGlyIacqg9hgyI2lt\r\n25utAmx15uM4ziI51mDbmAPfLK31+tiDGOFpi6Ce5LRuql5f0eVWULF/EKVvD3xdrVbzst6v\r\nSPTMiMIrRH2OI2ebc17/jACoDnMt/kw7n0Xrc5o2qD2GZMeBQWHyrA62u8C/mF6WpYmZc7Ft\r\n15wihDKE56mrKt8y1voLgA2zRfAjZWu51AKBon5rRHS1Wq2WZbzn0DC5fQeLcGxzgj4hpZwa\r\nlwY/63ltMKg9hkGLNLOVM2l6Hm3GfOhfcaaYOZmyGqubCrc04XnqFtrBVid1VKSZjhsT22Nl\r\nlqeX1a0ApGO2OQ+ivFEUfW/7Ng8ARchr6xTT1TxWh8juPdX3bgNKqWuC7UYmRhT5yfEG28aU\r\n0li97I4JJto4SY5rrZenHK9J0uxoytweKLtbAbCTtc253W7n9c8IgHIxTdEPcouTdDmP1SGy\r\ne09Rj7sNGENOW1Xf8zFu5gPAdoF/bHAFfnZj9SqEZ4r1RieNVFN+ltL8gxA9qw+zU2C7eZVW\r\n7AFAE5jr+E1aSkaM8Uucd3lbf3DbnVLKaYYh5yUR/ahzPm0lq5dlzVN5oSQvv9I7Jti2k5i5\r\nk1udQgjfMnx7rkDL8ykiQvSsTGaz2RVZFiNmm7OTn00ApJQTk47hZz3PpMHM++CZOCiRtlex\r\ndoApxV16nlf3tFqHKaiwiZmfQRA0doE/18vPCM8DkcDMi1PnZH5XB62gOtxl4OBnoTN6j5pz\r\n7mNWGxYiRM+ykFJOjokEZFjmYJsTdJKireFM3tmiT/mWo6YnUBexQEupcvrapz/quaQZ19Jp\r\nvSxL45zG6lkdE86JotksXJj5sYvh9bTculOFuVLqneM4v7MEGjOHm83mTwi0HaaS9RXH2gS5\r\nrmut5iRsc4IOEl9HKF+gfdVaT/p2Lx9MJM1Uf9iiKGEQBPMGptRKyuxlWSbnNlYvuYn6Cynb\r\ng52MoqXl1h17nCNK4RE9O+SODo3Ffdr1L80lbZuTmb80GQUH4FiOaA3303QM6GWaxCBEmmkM\r\nPk+OxwnR9c+ovTiOc11WL8syOaexeprwNPk5yzOnZrPeOPeYTeFbxpZFX3zElgRyz1LQWt+5\r\nrvsq4jsajd5KKS/yFiQmEppWubwoeaoAVMZsNvswGo0yFyYm7+yq74uPWKT5lsd6cQE1PkFp\r\nXl+tbKjaFGku/Mz8pentu3Maq6cJz+12e1YRhLkpHrSV6upFI2U7udDPsu/ynfacPuaLlE0Y\r\nhg9KqUchxKvOGmbL8zbrtWmmtYRtTtAR8lrREb3YAV131VLjWLIiaZ3/4aWUU7LYSBARMXNv\r\nw6OnYqpmXtFg+6dXnNpYvUrh6TjO3HLc5TnHbApj8HsgOPPOkaLVVmX3+ew5d3QY+c0UaUqp\r\nRUo6x5c+VLiB/mMWejdkt40hope8s0F1yujtdqcpFEhrh/Kla67DVZPmH0bnufCXyUmN1SsW\r\nnrZKyE5G0ciex7TMeoHneR+Z+YqyL6qPtDPBzTwWeMWBSLNFOWOwzQm6TJGOAXFruCEuOHor\r\n0tISDk0eUmNeX23E5GxZ/cNalNh9dGP1KoWnqRY9+Hxtt9vlOcdtEN8ytrQ9MTaSpPwGxtct\r\n+vx0hiAIlkqpV8baQogLpdRlcit9L/pwgNb6siULLACsmOKAb1mmtCYaPNh7di9Fmgn926wR\r\nQvgEHZImaM/xDyubExurVyY8HcexVgp3MQxf1OttLzqdaQnRB5fvFnBHRMlt+kvai9RmdW9g\r\n5k9I5wBtJq/7iFnoXQ4xerZP70SaKRSwGjmaGwdWlntkCNqz/MPK5JTG6lUY1yY4mBN1tNjG\r\ncRw/OZb0eivSI28o1VY1YRNpb4n+Fcu0E20HGFuhRbXTA+A0pJQTx3G+UUb3EeSw/kss0ibJ\r\nB05ot9M4WYUCtKtw6uRNtCpyBG2bwstHNVavyrg2cSxbi6qufr58y9iS6CivokobGCeqvpab\r\nzebvPl/AgyC4S3Y/EUJcxH2H0/4esb1JHXME4FjM5/dz2mLPVIBftSVA0AZSRdox7XbaQE6h\r\nwCes7l/TMUF7VNFAVca1+wghkoajnTtn9jjY6mTmh4LN0GsxkkyU5fvm+7+qfM+miaLo+2g0\r\neuXDl9F3GNEH0FqKpEqYBcYl0iRe05vtzpxCgUUDU2otHRS0k+QAM69tT6zYuPblPVLaJ5Vy\r\n/LqxnTcmEpm1tVn3itfP+b6P3JHdLPkAZv6E6xxoIyZd5VtOqgS6j6TQi96dKBQ4jixB29IT\r\nZZIcSItaVWVcm3gPa9FAWcdvAzkX1C+mR95tHXOx5SQOgWThhg0jlv9u6XkLBo5S6rMQwtoz\r\nm2iXx4revdl0PpKGQoHj6KKgTXHCXyfHauyY4FvGurrVWZgmvIrS7GEGwoSZ12n2BGivBdpK\r\nkVxWY0x7hXt0Np0WaR3Lq2qcLgpac5M+wCa66uqY0KeigbTfb5KmtiOMyWVm0UIfif3P0iIQ\r\nyD8DbcUItKzo2TMRzVuYVtNKOrvd2cG8qkbpqqAturVYZ8eEvhQNKKUuHcf5nfUcZv7Z1HaE\r\nqQSb1/2+TeN53kchRGYOz2g0+g8EGmgbSik/R6D91FpPcH8ujkOUup3U6psOCgWK02VBy8wH\r\nrva2ooG0tjhli4s+FA0UrLRqtBm6aXU0qG3OPP+zBL5S6iYIgvdVzwuAIphFVVb18T9NXU+6\r\nTGokrc2rtC7mVTVJBwsFXrAJomTUajabzcnee3JR9ny6XjQQR8/yugZoradNXlDTFhX7SCkn\r\nNU2ncva2iIoINCIiEkLMzWcfgEaZzWbzNHsYZg43m82fEGin0bntzi7mVTVJDwStnxxIRtKq\r\nNq7Nmw91oGhASjnxPO9H3jZaTJNeRWndIpKMx+PCgqbNGOH8I+1njqLoOzP/bXtsNBrdDLX6\r\nFbQDpdTnLIGmtfbbmk7TBTol0rqaV9UUPRG0/0kOCCHW8dfmhj6xvG5RxWSY2RZJa/Xnbjab\r\nfXAc5xd1wFvMbCfbeq4+J8dslbxdIy//zPifXQZBcBdFUdrW5jdzbQSgVpRSN0IIq73RnkDr\r\nwn2mtYyI7H0Q27Y663JeVRP0RdDaogv7+ZJpUbSqcsS6VDQQR89Go5HVO47ILn6axHSLsJ3j\r\nBzcCIcS0q1ueUsoLpdQ3Sm+QfuB/tlqtbpn5a/K5QogLx3FuilbqAnAu5vN7k1bYw8xfgyCY\r\nQqCdTxxJW1sea9UJn7Yd0IW8qrrpi6C13YCZ+Tk+8euOohHZc+TaWDRQJHoWRdF3rfWktknl\r\nYHzuDkS3KQa6teX+dXHLc68CLrVButbat52nQRDMmflnclwIMTWtsgCoFHN/+ZEj0KyPgeOJ\r\nRdrS8lhrwudGsVsTtjuSV1UrXS4U2MdxnIlluLEoWheQUk6VUr/yomfM/Pdqtbps00rXcRxr\r\nNWfcLYKZb5OPCSEOWoC1FSnlxFzLMvPP8nJ4tNaXKcUqvlIqtboOgHPZE2jWz68JAsxrnlav\r\nibc7Dy7UttybJjCJ7/PkeJ15VV3aUulBocALKZ/BNdHLzzmxPL6obkZSqXC5AAAdz0lEQVTt\r\nxvO8j67r/spx+f7SRp8ipZSf8rn9FBcx2NokCSEmSqlWV41JKS88z/voOM6vLN+3OP8s75oW\r\nhuGT1nqekqeHik9QCaYCOfX6EkXR+y4FAbrCiMieUyOE+KP+6bzGbGcdREuIiKqqGLGtUB3H\r\nmZf9PlXQk0KBF1JE2DqtiboJsy8rnlbrUEq9U0r9pgyBysyPzPxXEASta8Ni8icPturM5/ZF\r\ngIVhuE7Z6vvQthzaGFO5+YuIFnmRzWNucObaZ90uRcUnKJu9FJqJ7fEoit7X1ct3aIyI7Ma1\r\nTbdikVJO08p6oyh6X1Xiu21LhYhaX0XWl0KBBLbP4ENacnnZ7Z/aTBydUUr9FkLcpl08iV6i\r\nZ9M2CtisFjLMfCAotdbWSjLaVTi2Jo9WSjndszyZpD0vK/8sjyAIlqj4BHXgOM4iJeXo2Xig\r\n3TYwrUEwItqFz22h86a2+eILt+0xsyVwW9V7p22ptPmC15dCAQu2aO4TpUTRmvT2qos4r8m0\r\nc0rb8iWi86JndXzecwRaaDvPwzB8iKLon+R4XOFY0VQLE1e9ua6bWbTBzM9me2h6zgIqq+LT\r\ndd1fnudZdyIAKIrZobFdc5/hgVY9+z5pB7/olMTtSskRHF+r3vMOw3AdRdH35Hibtzxd1/3W\r\nh0KBJCkCxB9iFE0p5Sulvrmu+1sIMc8zpDXifFIkepayxZ8WsSqFHIH2rLWep712tVpdp2x7\r\nXs5ms0rnnYWpqP2d12+UmT9prSdlLTbTKj4NC6XUrzYvMkF7MdHpg8UPBFp9OHtfr4ko2cPT\r\nJ3vlZ2WkVY4wc1hj1cgdEb1NjL0josZuAGmYai4/Od7FQoF9MqK4rYuiSSkvqsrzUkq9I6Kr\r\noukHpoHx1TEXT2a+tvTce1vVz1VAoOVe/LXWl47jrIUQr8yOhRAfZ7MZb7fbr3Xl3pn8r9R8\r\nnRjzt5lX8Vk1v49lio/f1ETVFvf395/Kfu+uI6WcOI7zhnbX0ak515abzeb9EKLzWRhbF9t5\r\nuoBAq4ekSEsyqWcaO7KsNrTWfl3z2G63d8l8OCHEhVLqsk1bh6awYp4c72qhwD5pUdw2RtHM\r\nNpu1bc8pSCkvXNf9wMxpPnAHmC2v21Pyzrbb7Z0Q4npf8AghLowH2e2xx8uiDIFGtEvRUErN\r\nKVFwIIS4EEJcj0aja6XUHRHdBUFwsB1YBlLKieu61kXSPsYsfF5lTmAYhk9SyrnjOLc2oWZY\r\nKKUutdaV5fR2Ac/z3hCRb6rHrZF5IvLN3/avemfXHkxU2k+OG9/CVldU9wkRf2FK4F/lgRnP\r\nKb+OiRhLhbTKxNrDqkqp22TbmTaZ9Ekppybv5QCTh7SseUqlYvs82jDbeosapkREREqppRAi\r\nGXEuZR5mRf+RiC6L9Nc0eaS3Wuvrc1f8KZ/3hyAI/jznuPuUJdD2UUpd53mlGYuhOyIqpfo3\r\nFtGUY/diqjYXdd/Q0q6lCQYRVTPpM29oJ8amdGRrtPv7e5H/rP6Rdn8x5+mkywGArvHyATSr\r\nwt/7DzLzUxAE/1f1JGaz2TytknOz2fzZxKrPJEu+WqUz85PW+r9Nf0DNzfyX7WYXRdE/fVjl\r\nFLnRNHHBMEJjmdxmM/P5+5RIq9ku+5DmQG95n0dmvt5ut7dl/expF+Wyzr8qBJo57kXaNp8N\r\nZl4T0Z3W+sspwtZsP6caBe+9z1ez7dzItcL8vrOiasTMD32Lqkkpp+Px+E0syIpGom3UGaRo\r\nG57n/SB7Gk3nAwBd49UqwfM8Tj5hs9n8X5UXmqyIUNPeK0qpp+TNuOk5ZTk+tynSdy4FRVqt\r\nUbQYm4CvA2b+ycy3VX3+lFIPyZt6GZ+pqgTa3vEnRpAcRDjr5pScwCrpe1Qt3roks31ZJAJd\r\nBPN3bFVHjrowkeL/JceZ+UsQBK3Ly+47+zlpxMxh8iLtOM6UKioeaNJqoyB3dOiRVnqezjGk\r\ntXyqubCiDiZZDyaNTuskCII7pdSnAje/Ujgn3+zI9ym9gMDkTX6uSqAR7Sqyicg3Yu2KdtvF\r\ntZpxm7yzqzblrBIRBUGwkFLe9SFXbS/BP46SvboOCnH6zqSpjl0S0VJr/TBEcRZj7vmvYOZH\r\nCLRmSIq0tWUlXYlIa9pqowha62vXdV+JtNFoVFnVWx4ZLZ8e6yysqIlJzuPXtr+BuZB/Nr+n\r\n5Waz+buKv1UQBIvZbDYdjUbJKuBSKDPfrChlFxBkpTFUkWtqfk9XRHRltpDntBNsB1vTZWH+\r\nTtfm79TKG7v5HU+zomptrADd27r0aVd1OSnjuCZd4IGIltvtdtlmYdoQvmVsWfMcgOGVSDPt\r\nod4mxipx8W6J1UYmYRg+KKUek6vy8Xg8J6JaozhpLbLMzW5QYfmsKFqi2s4fj8e3lNI+51y2\r\n2+1cCFE4H6oIVeSbFcVUTB5Ej0ej0Y3neX8cc/M2ldpz22OmWrvSLhgm6rgk2p07RHRZtqA2\r\neWeLrtg0FI2qeZ63iL9h5gchhPVzyMxPtpaCRV672Wye9//+cYL/XnK/n/8TFcP4AC7p3yjZ\r\nuqxj9xGzbZwcg5BtCCfxve0P4Zf9pm2x2ijIHSW8uYQQH6WUta3ApJRTIcRn22OmdU7vTqCs\r\n/CLj0ZMmYPz9b6qKdBG92B5clpEPVXW+WVFs0WNDoS0xc7P9nCPQ/DoFqPmd3kopL8bj8dyY\r\nAZ8srM3W2KKLCdRFomr7ZPnzmRt56gIoa/vRdV3yPC/v7Y/GRDYfyIiyLv6Nmibl3BhMEKBt\r\nvDqLUmw41kEQ/LesN2yb1UYetqpXopdKz7+qnq+56f3OaPm0qPL9myAtcZXoJTdikvZaW/HL\r\nUMvoTyXNZmQP65ZYVlELUfMVj+A1RSpA247JBVwy83K73T607f7RRWzXUKLmi+aGysHNK6XC\r\n879lhIjbaLVRhAxvrMqFmlLqV98rOZNkVU/mXSgg0s7H5PXdlbyN29vPa9cpGlVrAyaK+UC7\r\nrcslBH/5ZC3SmPk2CIL3dc/pXMw1TQohpibPPjXHkZnvzI5BKz5bye1Oa4XneDz26cyKRinl\r\nNE2gRVHU6qoirfWVzRtL7Jo6/5BSViLUcraF+1xp49sGmfkRK7nqMQuywltieWAF3m72ctWu\r\n22BjEmPMgJdEtBRCPGDrsh7M/c4aYRVCzD3Pm1RVkFUGnue9iaJoKoSY2AyM86qAhRCX4/FY\r\nUEW5zMdyMFubg7dpA3HyhE2l1bcub9nlmJiWHlGbzWZXo9HoIA/NbAtP+5z8mhY9LHKzt3nb\r\nlRUJHiLnbImZm+wVBFp3MX//tOKxC9rZYVjJ8S27sDgJhET0YLYulzhnm8OkLtxlRNTWQoj1\r\nXnHIMlkMUvH8Jq7r/rEvxph5UlYFMFF7dmBsIs2Wl3ZS54G4zU1GEnGntkDqEmpZ231t3hYu\r\nC9uWZV4uWowtVA+X7PM5NqrW1hxTAEBxbO3i8ihTwHme94aZL+JtSiP6/WOPcyznBqbKxKoU\r\nbdGIY290nud9ZOartJWUsdpIXYW1lTyhJoS43mw2309scTN1HOcdEc1TWj4NYtsoRaQVarkE\r\nkVYd5vOZuyXWNtd9AMDpZOWS95Eoir5vt9t5W7ZzD3LSiIiYeSmESFoXXFIBQzul1CURfSai\r\nSdreb0utNgoRhuGDlNJPy1EjooXrugul1Jp2v6+7IAi+24611/z3knKaajPzlyEINKLdTX5f\r\nCJgeeq1ych8iRnT5Tc8DAFAfq9Xq1tzP7qo0hq6auOjERPo6k+NoFWm08wZLirS3tHPztmL2\r\niPeNRK3sGVm2QqWeQpZQizF743MimnueR8x8R7vf6yMzSyGEb+seYMOIlD4XCrxCa30Z50OY\r\nqMy86TkBAMBQCYJgae55rSousRF3lDBGyw9dNzC2hroyvMEOkvxNNOijECJTRPQxiThr67Ms\r\nmjD/7DLY7gQAgGrZKyjx6d8CkkmdPXNNZGxt/j1ordd9TLFIrV7I8Aa7Mwp1ycwTIrrOax3F\r\nzF9M+5TeCY2ieTqnEEeRurwKqBuINAAAaI4yBZwxK17TTm88CSHiyFjvtEQaqSJNSjl1XffX\r\nOQcfksiQUk6Mn9xZPQKjKPpORHcoQT8NiDQAAAB9IS0nLW4u/ukUM0ujfq+GlOxtBNWt+RcX\r\nUFwSkZ+1gojbmtCuwGAwv6+qMKut5NikmdkAAAAAp5Mq0oh2TtTGs6uQkaVpbnvdBXPaqjGC\r\n647oJfwbV3BKY9p4p7W+6+MeepOYrfi3ibFJI5MBAAAAziBTpBERaa39LOfhGNM8eYEtukOM\r\nEHsgokXDUwEAAABAR8gVaSZBzyfadSMwrr9xg1JpKiwWyPkBAAAAACiPXJG2jxFiy0pmAgAA\r\nAAAAXhg1PQEAAAAAAHDIUZE0AAAAO5RSvql+9y0PL43597LeWQEA+gREGgAAHIHpsvJZCDHP\r\neJovhPA9z4NYAwCcDLY7Qa9gZpsT9aTueYB+MpvNPjiO8ztHoO3jCyF+eJ73QynlVzg1AEAP\r\nQSQN9Arjk5ZkUvc8QL8wXoc3prL9FBBZAwAcDSJpAACQgRFoP84QaPu8RNaklGUcDwDQYyDS\r\nAAAghT2BdmF7nJmfoyj65/7+XsT/mPkv4x+Zhe84DoQaACATiDQAALBQQKB91VpPVqvV9f54\r\nEATLIAj8PLEmhLhwHOeH6fMLAAAHICcNAAASZAk006P4Mi+vzDzum4KBha21njn+t9ls9n61\r\nWt2WMXcAqsBUNd8IIS6Z+U5r/d50JAIVgkgaAADskSfQtNb+MYn/ichaaHvOaDS68Tzv4xnT\r\nBqBSXNf9JoS4JCISQlyOx+Pbhqc0CCDSAADAUESghWFoqyDOJQiCpdbaTxNqRLRQSt2ccmwA\r\nasDf/2Y0Gr1taB6DAiIN9AqttS38/kftEwGdo0qBFhOG4ZPW2o+i6LvtcSHEXCn1TUppzYMD\r\nAAwLiDTQK2w3USHEpP6ZgK7huu7nKgVaTBiGT6vV6pKZv9oeF0JcmspPCDUABg5EGgBg8Jjk\r\nfj85XrZA2ycIgjkzf7I9JoSYwqIDAACRBgAYPKZR+iuqFGgxQRAsoih6nzKnqeu6n6t6bwBA\r\n+4FIAwAMmrQoGhFdVinQYlar1S0z/22sPZL46PkJwHCBSAMADJqUKNrPOvtrBkFwZyo/D4Qa\r\nM1/VNQ8AQLuASAMADJaMKNqi1onQrujFJshGo9FbKeWk7vkAAJoHIg0A0AuklBPP8354nsem\r\ngXludWQbomj7mK3Px+S44ziL+mcDAGgaiDQAQOcxHme/6N+omO+67res17QpirYPMx+8vxDi\r\nHSw5ABgeEGkAgE6TYULrZ72ubVG0mO12e2fLTXMcB7lpAAwMiDQAQKfJMKE92DaMaWsUjWhn\r\ndktE15aHPiCaBsCwcJqeAACgfKSUF2a7zyei5Waz+dvc/HtFhtgiIlqnva6tUbQYrfW167qv\r\n5iiEuBiPx5dEdNvMrAAAdYNIGgA9ZE+gERXIz+oqNrG1x9I22OYoWkwYhk+2tlE5Py8AoGdA\r\npAHQT/yc7ztPThSNmNkaOWx7FC1Ga71IjgkhJrPZbF7/bAAATQCRBgDoJHlRJSHEQbeALkTR\r\nYsIwXEdR9D05PhqN3jUxHwBA/UCkAQA6R14UjYhIa30g0mxmsW2MosUIIWwFBH7d8wAANANE\r\nGugdtqo+KeW0ibmA8jEVjpmNx5n5OVkoIaWcjEajt5bn3pY7w/Joq3gEANQDRBroI+vkgOM4\r\nsC7oCY7j3Agh8kT3QRTN5trPzI+r1eq2nJkBAEC5QKQB0DP63OdRKbUQQlwWeOp6/xsTfbNF\r\n0WzbiQAA0Aog0gDoGcZLq3copS6PsKBY73/jOM5V0vCWmZ+32+1tSdMDAIDSgUgDfeRgq4sG\r\nlGwthOhd9Z/JKbyxPWZroUSHHmm238lt2w1+kUsJwLCBSAN9pNU33iqRUk4K5Gt1iozenMTM\r\nn4iIk+Na63X89Ww2mwshJpbntHqrM/65m54HAKA50BYKgB7Rt63OLIEWRdH37XZ70D6JaOcx\r\nFn8thPiQfJyZv+4/p23kCNOfTcwJDBOllF9VpwvP897sfetnfc3MD7SLkC+11j/bHgUvC4g0\r\nMBQGUd3Zp63OHKESbrfbueM4B1FDZg7jr80NxhZZvC13tuVhPOC+pfzcz1rree2TAoNDSjl1\r\nXfczlZAqIqWcOI7zxhxrekq037xmSkRXruuSUmoQog0iDfSRJRElV3692gK0kSFIOkeOQHvW\r\nWs/DMHyazWZTIUTy8fXe11eWx1tpXmtuZJ/TqlfNz+23OQII+sM5Ak1KOR2Px2+EED7tRNmk\r\nvJntSIo2z/OWm83mnzAMbTnJnQUiDYCe0Jfm2wUEmh9fiG3PidtBdcW8Vkp54bruB8poTZX8\r\nuQGokiIdPfYx25Y+EfnMPLWdlzXgu677y/O8xf39/acG3r8SINIA6AFFLqpSyknbozDHCDSD\r\nbznMA1E3zGuVUu+I6JoytuMh0EDdFF3weZ73gxLnYDJy3QALpdSl1vp9H84ZiDTQO7TWT67r\r\nJof/aGIudVHkouo4zhURHfSubAsnCDQi+9/1qW3mtSa/5z+0izRcCCGmzDzJ2wZi5tBs7Xb+\r\nZgO6wZFRtKLPs5Ioglnavg6CYCmlvHAcJ56XL4SQWccVQkz7ElVrXPICUAWe5x3YMtzf3/fy\r\n825y0XKtGph5HQTBf+uY07GcKNBS/86mM8Er4WqOM6krwficxGtmfmbmqzZF/cAwsEXHmPmn\r\nEOKN/RXFMILsgXaJ/stzzsOEaLsUQqQuwpn5QWv9V1cLCxBJA6DDGLPTb8lx20VVCDFRSl0G\r\nQXBX2wQLYC64N8cKNFv7qz1j20bNa/c8zo7OzWHmT1rr667eVEB3yYiiLYiosGefOQ9fqi/L\r\nLtQx58ad+XdlW5TFmKjaNyL6q8w51AVEGuglzPyYXF1JKad92jbKij4R0YKZ5xZLjkvaXdha\r\ng+M4C1tVal4uluM4E8vwQ9PmtaZKM+3vkorxfbtqe94g6C82oRNXQyulUqNpzPwY+5htt9tl\r\n3dfZIAgWUso7x3FuU7ZC/TrnUyboOAD6yjo54DhOb7zSZrPZ3HXdX2lmp2bleiDGhBDvTL5W\r\nKzD9OG1msycnyzdtXuu6rjUqmAYz/2Tmv1ar1SUEGmiKnCgaaa0v4xwyZg6Z+WsURe83m81/\r\ngyCYrFary9Vqdd3UQjgMw4cgCKamC8kB5ufrHIikgb7yQETJVZ9Phz0dO8dsNpuPRqO0PpaP\r\nWusrIqIgCO6UUgcRRdOV4Lb6mWZjtisPfo4jBJpvee3TaDSyrfZvT5njifjJgb3tnwfatS1b\r\naq2f+hTZBd0mK4pG9LLF6Nc8raMJgmBh8nRfXQeYedLQlM4CIg30FVs+T2siSKcym80+jEYj\r\n67adqQT0E7lMd0T0KrJkLsa31c2yGK7r3pDlb8LMi1PFS4ovWlineW0yHxAWGqAj+MmBtnkK\r\nHsGSEov0Kgx16wDbnaCvLC1jnXbjV0rdHCnQrHlYQojJbDabVzTNQiilFmS5KURR9H21WhXN\r\nHZsUeVLdN5rEttBPrXWvciFBP7H1hB2NRp1sM7ffdWQPv+ZplAJEGuglWmtbJK2zXmlKqRsh\r\nxNz2WBRF320CjWjXaNx28RVCfG4qNy2tYTMzP2632/kRh5oUedJ2u7094phnE4bhUxAE/v39\r\nvQiCAG2cQFdYWMb8LuZyCSHWluFOXv8h0kAvsUUuuhjullJeKKW+pQk0Zv5qEs6z7BoWyQEh\r\nxIUxt60VIwyt+XRENC/bdiKKou+wsgAgnyAIlikLus61m9Na9+L6TwSRBnoMMz8mx4yvWCcw\r\n/mE/Mhpufw2CYJ53nCAIllEUfU+OCyE+2rzGqsT4oR28JzN/OjZvrIi5phDi9phjAjBwFpYx\r\nfzabHVRMtxnHcWyWPmETczkXiDTQZ9bJga7YcOwJNKuojKLonyICLWa73VqjZo7jfD5xikcz\r\nm82ubILTVJAtyn4/Zn5um3EvAG0mLZo2Go2ulVK/lVKtsvDJwLeMdTIvFCIN9BnbSenXPYlj\r\nMSa1vzIE2vsjkuuJ6CU37cA/SAhxqZSyRurKQko5mc1mH1Ly0J611vNTjlngaRBoABzPwjYo\r\nhJgIIW4dx/nted7HNos1ZrZF0iDSAGgZnbPh2OsiMLE9bgTa7SnH1lpf77VNekEI8U0p9a3M\r\nrc9YmCmlfrmu+3s0Gl2nGLzOT0msT+k28Iq6OgwA0CfSomkx5jxeuK77P6XUTd0pE1kopXzP\r\n837YrHiEEJ0Uab1sOA0Akb3xuNla8xuaUianNhk/hiwjXMNis9l8OSXZXko5GY/Hb4UQ87Qo\r\n4D7M/CUIgpOKF/KayjPzYxAEk1OODcDQMa3Nbos2VWfmOyL6Uqcf4T57FeN+2nPu7+87qXdg\r\nZgt6i9b6yXXd5HAry7DNluPRTcaPZbVa3SqlrlL62xERLRzHuVJKXQVB8DXveMcKsxjj67Yo\r\n+nwLfs7xEUUD4ERMdNtXSvnMfGWLTO1jck0vlVIvTdW11j+rrqwuIs6I7B5wXaGTyhKAonie\r\nx8mxzWbz3zZ5VxVo83RZphmqidilNSKuHGPwmmcbkolSapFlDdC2vzEAXcZE1hZCiKPMbeOm\r\n63SGaPM8L47m+eaYUyHERfx/gTmcfb1pEog00GuUUg9JMXLONlvZ5Ag0axeBMt9bCHEthPhP\r\nFcffxzRkvt1ut3dliCel1G3aDaPNW9oAdBlTdX5FRFenXDeSoo2ILlzX/YOZJ0KICTNfCCGm\r\n8f/nzNVEzxZNbcGWBUQa6DWz2exqNBq9splg5nUQBP9tak4xJ/ThLJ34oluFYWXZwmwfpdQy\r\nLV/mnOIKAEA+UsqL8Xh8KYRYCCFalULSF3EWA5EGeo2U8sJ13f8lx5n5ryZP4qw2T3UJtH1M\r\nbtl1Xu5JHlUKs33SRJrJ35t0dWsDgK5hIvLzokUGVdE3cRYDkQZ6z2w2u0uKj6Ju/VWQI9Aa\r\nmxfRLhGXiBbHXHDrEmb72HINzVwa/f0BMFRMVN6nXe6YX1fOa1/FWQyqO8EQuCOiZITorIjR\r\nqbRZoBHtPJKoA4a/GcDAFoAGMNHrO/OvNNFm2jk90c6c/ImZ10KItdZ6PYTiIETSwCBQSj0l\r\nE13rzF3Ka/PUBoHWFaSUU9d1fyXH4Y0GQHuxiTZjrv3AzE97ZrNLopcF4+BBJA0MhTsiSlYD\r\nXhLRbdVvXKQP57FtnoZMRv9VRNEAaCnJSBsoBtpCgaFwmxwYjUZvq+4/V0CgHd2HE9i3Y9EG\r\nCgDQNyDSwCAw/egek+Pj8XhexftJKS+UUu8KNEq/reL9e46tK8PjEPJTAADDAiINDImDMLsQ\r\n4kOZbyClnCqlbhzH+S2EuLU1SmfmZ2b+GwLtZGyid133JAAAoGqQkwYGg9b62nXdV6JMCDFR\r\nSi2CIFicelyzpfmWdi7cmS7ZZfbhHDA280z8PgEAvQORNDAYwjBc2xrtCiE+SimPbkFiiZpB\r\noNWALTpJuxJ9AADoFYikgUGhtb6y2Tc4jnNDRH/mvf6YqNk+psnvFQTaeWSI6WWd8wAAgDpA\r\nJA0MijAMH5j5U3JcCDFVSi3SXnds1IzoJffs62az+TMIAkTQSiDNfkNrva55KgAAUDkwswWD\r\nRCn1UFXbEtMm6dq0ScI2XIkopRa2ZvD39/e4lgEAege2O8Eg0VrPbduep2Kcs++01teImFWK\r\nzX4jbGIiAABQNdjuBIMkbdvzWJg5jKLovdZ6EgTBHAKtcmzbzIhWAgB6CSJpYLAEQbBQSl0e\r\nu+2JqFmj2Ow3lnVPAgAA6gAiDQwarbXvOM6dEOJN3nORa9YsUsqLFHNg/C0AAL0EIg0MGiO2\r\n/KbnAfJxHMdaUSuEQDQTANBLkJMGAOgKvm1Qaw2RBgDoJRBpAICu4NsGsfUMAOgrEGkAgK5w\r\nUOBha/MFAAB9ASINANB6pJRTIYTNIw1RNABAb4FIAwC0nvF4jKIBAMDggEgDALQeIYRvG2fm\r\ndb0zAQCA+oBIAwB0AavhsBBiXfM8AACgNiDSAACtRwhh3e4MgmBZ81QAAKA2INIAAJ3EtOcC\r\nAIDeApEGAOgqKBoAAPQaiDQAQFdZNz0BAACoEog0AEBXWTc9AQAAqBKINABAV8F2JwCg10Ck\r\nAQA6idZ63fQcAACgSiDSAACdJAxDRNIAAL0GIg0A0HqSjdTRWB0AMAQg0gAArUdrfRkLM2b+\r\nqbW+bHpOAABQNf8fTlV9ZygOltcAAAAASUVORK5CYII=', 0, '93', 1, '', 1, 1, 'submitted', '2016-05-27 20:05:12');
INSERT INTO `final_drives` (`final_drive_id`, `student_id`, `course_id`, `has_corrective_lenses`, `has_permit`, `instructor_id`, `final_drive_date`, `final_drive_student_signature`, `gif_code`, `final_drive_instructor_signature`, `final_drive_total_deductions`, `final_drive_total_score`, `final_drive_template_id`, `final_drive_comments`, `final_drive_hours_driven`, `final_drive_hours_observed`, `final_drive_status`, `last_updated`) VALUES
(44, 5, 4, NULL, 1, 2, '2016-05-04', 'iVBORw0KGgoAAAANSUhEUgAAAlQAAADKCAYAAABja94zAAAABGdBTUEAALGPC/xhBQAAIABJ\nREFUeJztnV1227bWhjck8Pr4G0F1RgCV0H3ZEcQdQZQRxB1BlBHEGUGUEcQZQeX70LFGUHsE\nJ74WRHwX3kpkCgBJ8Q8g97NWV1tKpmBLIl/sn3cDEARBEARBELVgfS+AIAiCIAiiL4QQF5zz\nT4yxS631jVLqzXa7/VH1PLyNxREEQRAEQYRAFEVfACABAGCMXU6nUwYAl1XPM2l4XQRBEARB\nECGRHP/PZDJ5dc5JSFARBEEQBEHUhAQVQRAEQRBETaiGaoRIKRPG2DvIhTlLsNntdm+22+1D\n86siCIIgiHAhQTUihBAzzvk7xtjyzFMknPMvAPB7g8siCIIgiOChlN9IWCwW7zjn32uIKQAA\nYIzN4ziudQ6CIAiCGBokqAaOlPJSSvkvAKwYYxdNnJMx9kEI0ci5CIIgCGIIUMpvoAghZlEU\nfYLqdVKFMMYuOOcrALhq+twEQRAEESLklD4w0PH1HWPMKXa01k9a66u7u7t10TmllGvG2Ov8\n8d1u918qUCcIgiBCZrFY6Pyxb9++VdZHlPIbEFLK15zzf0uIqY9KqVkZMQUAoJRaaa2f8scx\nAkYQBEEQo4cE1QAQQsyllN8ZY2tXnZTW+na32/03TdOrKnOKMAp1bXgokVJWtucnCIIgiKFB\ngipwMMX3hTE2tz1Ha/2otf4rTdPk3BRdmqYrrfWj4aEP55yPIAiCIIYECaqAQTH1D2NsZnoc\n66Tep2k6S9P0poGXPEklMsZmUspVA+cmCIIgiGAhQRUwnPNPtsiU1vqzUmqepumqqddL0/RG\na31reOitEGLW1OsQBEEQRGiQbUKgSCk/McZO6pewePwyTdNNG6+rlFpGUfTv8bEjG4VlG69J\nEARBEL5DEaoAieP4yuR4rrV+UkolbYkpgOcCda31x/xxxthrKWXS1usSBEEQhM+QoAqMOI6X\nk8nEWAiutb7abrf3ba/BZqOAA5cJgiAIYnRQyi8ghBDzyWRi9H7KsuxNWV+pumy32x8YJcuv\nJeni9Qm/sLjyb3a73V9V7DkIgiBChiJUgSCEmHPO/zE9prX+3JWYOnB3d7c22ShQ2m9cHGw7\n4FRMJ7bPK0EQxBAhQRUAR15TJ6adWuvPaZoue1gWaK1P0ota61kPSyF6gnP+wdZpyhibx3FM\r\n8x4JghgFJKg8x+U1pbXeKqV6u2Exxk4ElctglBgWtuaIYxhj74QQVvd+giCIoUCCynNsXlMo\r\nppKea1RMBfAkqEYA1vMVuuSjpYZpbBFBEMSgIEHlMS6vKaXUsu+CX6XUg+Gw6HodRLcc1U2d\r\noLXe5o+RpQZBEGOAuvw8pchrqgt7hCK22+39YrF4cYwxdiGEuOhb7BHtEUXRFwCY5Y9rrT8q\r\npVac8wfG2H+OH0NLjU03KyQIgngGG7peA0DCGJtj7e+1Uupr0/cpElQe4oPXVFm01reMsT+O\r\nj3HO50A3z0GCcxuT/HGt9TZN0ysAgDiOV4yx/Oc3EULMzh3OTRAEUQaMoL+C5+vUZb6ZC0to\r\n1lEUgZRyDQBNzLkFAEr5eYcvXlMVeDAcSzpeA9EBUsrEZN6KUdOfqem7u7trk6XGdDpNWl4i\r\nQRAjRAgxj+P4rZTyexRF/2OMrRljS1Nn/DH4nMYEFUWoPMI3r6mSPBiOzTpeA9EyOPzaWDcF\r\nAJeGyNMNALzNPw8A1o0ujCCI0YFRqD/g+ZqSmLrg+4AElSfgB+STb15TJdgAQD5qMet+GUSb\r\nOHzQ3ptmRyql1lEUvRBUk8nkVYtLJAhiwAghZtPp9BVjLDE1a/kACSp4OTpDa32jlPq761oP\r\n9Jqy2SN4a46olLqPoujFsXxNFRE2Uspry2fzNk3TlelnttvtvZTyKV+cLqW8TNO0sRA7QRDD\r\nRUp5XAs1O+ccWusnrfUGAG4YYw/wHNW6ZIz91swqf0GCCgCO55Axxi6jKLoAgD+7en20R/DV\r\na8rJdrv9YbpxCiHmPhXPE+cRx/GSMZZP3YHW+vG4bsrCDQC8zh27hAaLQAmCGA5CiFkulXeW\r\nKTDWcN4AwMawgdsAwJWU8iCs8teosyFB9UxS8P+tUWCP0LvXVEnuASDf6TcDs/EnEQhCiLmh\r\nWw8AAJRSlyU+myZBRdFLDzhqMEgAYGNL3RJE2xyl8pZ1Jm1kWfYVADb7/f6mTIYJhdaNEOIq\r\niqL/nfu6x4xeUPU5FkNKeWm7YcFzoW8oguREUMGzYzpFIgImiqIPAHDy/ciy7O8yn02l1MaQ\r\nDp5R9LI/ckLqQMIYS6SUayx3CGETRwRMEyIKo1AbALhRSm3O/dxut9sfeT/Fcxm9oELPpBdo\r\nrW/bfl0hxBwAXPYIm7bX0BRa63vGWP4YjaAJGPx8Jvnj2G1aapTMdrv9Ecfx13wxOuf8Eih6\r\n2SkWIfUCxtiSc34Zx/Hq7u7uY3erI8ZAQyJqq7Ve7/f7TZObsryf4rkaYPSCqg+OBh6buqY+\r\nemqPYAUL/fLHaARNwHDOTxohsG6qaoPEBgDy3X2vAGB13sqIKpQRUscwxi4YY9dSyqVS6i8y\r\nYiXqUFdEaa2fAOBGa31I5bUSPVVKXXLObxhjf2itb0vUhxoZvaDSWs8M0ZXWQt4uMZVl2de7\r\nuztvO/psKKUeTKmdXhZD1EYIcWEq1NRar6pe0Pb7/U3e9b9OnQRRjqpCKg9jbI7NOp015xDD\r\noAERtQWAjVJq3VVpAF7XkrrnGb2gMt34GWOtvYmc8w+2jr79fr9s63XbxOSAbRqSS4SBJTr1\r\ndE7kdLvdPjRVn0AUU0VIYVpjAwBX+S5dJKF6N6IMTYgoTOWVKij3ldELqi6RUq4cHX1luqZ8\r\nxRQe3XS9CKIxTG3EpeqmiH4QQsyxiSApei4KqdWhq08Icc05vzZFJVFcL5tdLTEUqnzu8gxF\r\nRB1Dgsrg6t1Gyg/9fGxz0JKQP1AmI0+l1LqHpRA1wc7TWf44vZ/+cjSyytmxnBdSB3Ajt4zj\r\n+N4wlP2VEOIi4M0e0RKH6R7w3NFdiiGKqGNIUBkEVdMpP9fAY631VcghdbwBv7iQa62fQv6d\r\nxozJxDPLsq9DvPgNgYOYchkg2oRUnv1+v2aMrY7Tf4yxi+l0SjMYiRcc1QIXiqmhi6hjSFC1\r\nDDq/2gYevw+to89AYjhG/lMBggOQk/xxxhil+zykSEyVFVIHcOrBiRkriux1zeUSA8JWC3xg\r\nTCLqGBJUACft/Uqph0ZO/KzibUNlP9vmoAXGycBbnJtEBAbnfJU/prV+JAdt/8ASgg+Wa8sj\r\nACzPed+UUtdRFOUFFXVlEj/BUWnL/HGcmbcam4g6ZvSCynRBaurDwDl3zegLzh4hjxBiZqq3\r\n2e/3FKEKDJwYYBLHq+5XQ7iI43jpKCGoNf9zu93eU1cmYQOF/DJ//KgWeNSlHpO+FzBUUMWf\r\ndL+hOaLXA4/LgrUVL9Bab4fwu42N6XRqrIUjcewXbYopgnBR8NkLuha4KUYtqKSUSf5YE/5J\r\nBSo+ZHuEPEn+gNZ63f0yiLqYOlABoDVnYqI6JKaIvnANSsdRaeuOl+QloxZUFmpdkKSUie2i\r\nBwDLoah4IcRFfkYbAMB+v9/0sByiBmgGOcsfV0qtOl8MYWSxWLwjMUX0gav5AWd7rntYlpeM\r\nvoaqSXCg7BfTY1mW/X13dzeY9AnnPMkf01o/DkUwjgmt9ZVh/NLtWAtLfUNK+Qks5prY3GJ8\r\njCCaAI07bY1Vy+5X5C9jF1SJ4djZgsD1wbu7uxta6zm5ow8AIcTMFGkEckb3AltHFQDd0Ij2\r\nwbKYJH98KI1VTUMpv1POCps7Pni3A73onbijA/lPBQfnfJk/hlYJ9F72DIkpom+01qa5npRi\r\ntjD2CJVzVEMVLGNltkopUyQnaLBAcZY/rpTadL4Yoi4nzuhAJo69gv51H0hMEX1ii15rra9J\r\nTJkZu6AyGdZtqp7EFp0CgKshfvCm02mSP4bjSQb3uw4Z7EY92VQopSjd1xNFIz2wFpPeH6J1\r\nbEa/VIRuZ+yCqhEs0anboTpMm6bSA9VPBYdpbp/W+nOTwhjH2RAlKCGmqD2d6AQhxIXpOk9G\r\nv27GXkP1W/6AUqrSzcQRnVqdtSLPwS/ayQWfDCDDAl3uT97HpqNTlhqt2l5vQ4PEFOETnHNT\r\n7RQZ/RYwakFlqgOq2vY/tuiUxR39kVrsw8KUtkWX+6ZtL0y73HXDrxE0JKYIn8AxVKbaSqqd\r\nKoBSfjUYW3QKAIAxlhgO064lPFq3vbA1L9Au9xcFpolPALAckn8d4T+mMVQAVFtZhtEKKlNt\r\nB17ASjO26BRi8izadL0Ioh6MsdZtLyzpPjIMPQIHqBvFVB/DZqnmjbDc1xqtrRwqo035cc5n\r\nhsOlL15jjE5hxOFkgC55FoWF433cNPxSppbrdcOvESxxHF+Z0nx9iSkA+8DzrtdB9AN2/s7y\r\nx2kMVTlGK6jqMsbolCXisOl+JUQdOOemm+amydegdJ8bbAowXUN6E1MA5g5eEsHjYTKZnLz/\r\naInz0MNygmO0gkprbSoAfSjzs2OMTiGmdB/dIMOj9bStqUuIvMp+gcadpjqV3sSUrfOTRPCo\r\nSPIHGGNUO1WS0Qoq08UMSgqqMUanpJQrS8Rh0/liiLPp0PaCxLcFKeUlY8wUJfzY53BxW7qP\r\nohPjZsj3taYZraA6lzFGp7BQ1WQCSQXGgdGF7QUKhpMNC0U6frakf8gf11o/9l2nQuk+gqjH\r\naLv8wCyKCneHY4xORVH0CQxzD2naeHh0ZHthEm3UJQTP4zxMkV7oeUwVpfsIoj5jFlQmnBe0\r\nMUan4jheguF37js9QZyNyS5h0/BrULrPABbqn0R6syz72rfXFKX7CKI+lPKrwNiiU1hv42V6\r\ngqiOrfOuSdsLU7qPrDWe4Zx/yh/DcR69R3op3UcQ9RmtoDIZGyqlrBGXMUanbKaDALCk9E14\r\nWMbN3Db5GlrrpeHw6MWUw3Nq1XcUiNJ9BNEMo0z5YRrrBJdIGFt0SkqZmDqRMD2x6WFJRE0s\r\nnWWN3TSFEBeTyYTSfTkcnlPbu7u73lvSKd1HEM0wygiVTRzZnj+26BR2ItnSE8vuV0TUBdO3\r\nJ1HZJm0vLDfm0af7HJ5Tyx6WcwKl+wiiGUYnqDD0PjM8tLL9zNiiU7ZOJK11r51IxPlwzpP8\r\nMbRLaLKxwDRwed3g+YPDV8+pA5TuI4jmGJWgwl16JXE0wuiUsRNJa317d3e37mFJRDMkhmOb\r\npk5uS/cppdZNvUZo+Ow5dYDSfQTRHKMSVJzzq6qh9xFGp4ypPl/SE8TZtFrb5DAM7T0K0xe+\r\nek4dQ+k+gmiO0Qgqh9v3Z9tubGzRKRwvY5pxeE071nDBtM4sf1wptWnqNUxRTRhxMbrLc8qX\r\nmjJK9xFliOO4d1uPUBiNoMLd4ok/jiv0PqbolENwbtM0XXW+IKIxHGmdRqIkthvzmNN9PntO\r\nHaB0H5HH1JzFGHuH6WuigFEIKrzgn4S2wRF5GVt0Kooio+cUpfoGQWI4Rum+lvDZc+oYSvcR\r\nBlb5A4yxC8557/YeITAKQYWz6F6A0Snrh2RM0SkaLzNsLMXijQkqy415lBdg3z2nDlC6jzCR\r\npulGa/05f5wx9hqDDISDwQsqW6QJd4vGlMeYolM0XmbYmC6CWuunpoQyGsDSjRnx3XPqAKX7\r\nCBtKqSut9ZPhoZP7BPGSwQsqsLQtu3aLY4pO0XiZwWPyhmpS7CzzB8Z6Y/bdc+oYizXKuoel\r\nEJ6x3W5/aK1X+eOMsTkVqLsZtKCK43hpq2Ww/cyYolOu8TJDFI8j5cQdXWu9aeLEttrEMab7\r\nQvCcOmAzNx5rVJE45e7u7lprvc0fpwJ1N4MVVI5UltOgcizRKRovM3wcdTKbJs7POV/mj2mt\r\nn8ZoABuC5xSA29x4jFFFwslJNIoK1N0MVlCZbBKQle1nxhSdovEyw6eDOhmT99ToLrYheE4d\r\nsKX4lVKUyiFe4CpQj+PY9N0fPbzvBbQB7syNJp62SJMjZD/E6BSNlxkHieFYIzd4TKebbszr\r\nJs4fElEUma4bXnlOAdhT/D7WePmAEGIWRdFvAJBorecAMGeMzbTWDwBwzxi711rfK6UGaxGi\r\nlLrinF8yxv5zfHwymVxLKa8AYJWm6YnoGiuDFFQOm4SV7WewO8fkEm79mRARQlzQeJnh45it\r\n14igsm1YxpY2Kugifuh6PQVUvi6OBSHEnHMuMGqfaK3nxxsGxhgc/fcMAGYAcMkYgyiKYLFY\r\nAABstNYPjLEHANjsdrvGzHP7Yrvd/ojjeGUqn8G/wxonbKx3u93H0H/fugxOUEkpL8G8M7ea\r\neOJue5k/PrToFIqpf2i8zPBp02zTZpUAAOu65w6NEDynAH6OlZrlj48xxb9YLP7IsmzOGJsf\r\nBFT+OccCqgLJ8c9FUQRSyh+HSBY8R7Uevn37duJG7jN3d3fXUsolY0yYHse/4YpzfrVYLK7H\r\nLKwGJ6jA0mljG5+C6S9jyH5odQW2KByNlxkejLHEcLipep5l/gB+hjYNnT8IcFxTkj/uW5ej\r\nw2x0NCl+IcQcU7MJAMBk0k35MEa5kuPv4yGatdvt3oSyiVVKXXLO14yxk67hA/i7rqIoWkkp\r\n10qp9139fovF4ue6UCzP4Pnvbtr4VWWz2+3+KiMSByWobLswMHQrAPxKf5lqQXDnNpi8uJTy\r\n2hKFo1TfMDlJ9wHApu5JySrhF5zzVf4YetytO1+MA1MJBIB/ZqNtgVmLTwDgU7t/wjn/AgC/\r\n972QMqAwSjDFvXIJKwAAxtgyiqIlCquzavRQBP9Ha31xEEZa6+NB74np51oQy0kURV8A4M+i\r\nJ54V1/QRIcSMc/7dMAD5Nk3TxPQzUspPFpHxOU3Tk+OhEsfxcjKZGC+qu93u9yEJR+KnweSX\r\n42Na66c0TWvfUHDT8iLa0dS5QwILlv/NH8+y7I1Pgsr0WQAA0Fq/H0NUerFYvIMadbA4LPhB\r\na33PGLtP03QjpUzwxj4HgEOx+n8KTmXEt89LWbDm7MoyI9fERmv9Xil1H0WRAHiOJE0mk8N1\r\nIwE4EUxe8e3bt0K9NJgIlc0mwbYLc9RNbYeU6sMLqlFMZVn2hsTUIEkMx5pK95FVAoThwVVg\r\nNjro9+yo+cY0KeAEHLVyD1hYvt/v723XRlNqG19vDs/fvRkAzIqiOAAAjLEPQoib0GqO8G+z\r\nFEKs8N5bJKwSxlgSRdHPA6ZI0pm1a62DwrqQQQgqLJI1pSE+mnK4BXVTgxm5IoSYg6GzBwAg\r\ny7K/fbr4E41yku5rwh2drBKeQaHivbAMxWy0aTB68slWP6O1fjxEnABgo5R6qFvrg3/PDeTS\r\n6riWGQDMtdbzfOctGmVeQaDd5Ph3WwohrvD3uDo3WucrWutbpVQpYe6nHKyIlPJ7/suD4miW\r\nv3C4Ot1CDb+awN/zX0t92KBSmsQvsO7ge/74brf7v7o3Ucv3bHSfJVva03S96Qvb5yDLsq93\r\nd3elbg4hcqiXspg6Q5ZlX/f7fW+b5jiOb0x2Jrvd7r+hFKi7wPvOFQAsGWO/9bEGHJmzAYAf\r\nWusfKJwBwBxdbJLgI1SOeX3GXZij0+3zwMTUPxYxdTu2G+CY4JwbZzM2IKbIKuEXpvSGV2mb\r\nUMxGm6SoXkpr/f7u7s76eBfs9/srk6DinH8AgL96WFKj4HdgBQArvDev2hZWRwJqo5Ta9Pk9\r\nDFpQOeb1bU3iaCx1U9iRYLRHKBu6JIKlle4+IKsEAPh5DZnlj/tkjhnH8RIqevGFTFG9FNZH\r\nLX0YA7Tdbh+klO/zEU7G2KWUMhnK9wmNhf+F55KTVZPn9klA5QlaUDnm9Z2Io7HUTUkpP4HZ\r\nG+dJKZUM5fckTnEMQ651IyGrhF9Y/Jy8cYh3bTKH2NVXol5qi9d3b5pvlFLX2CH3otYIP1ub\r\nflbVDEKIC9zQJ02d02cBlSdYQVVlXt9Y/KbiOL5yeE2RmBo4bQ1DDqGjrQsw7TnLH/epY45z\r\nfl12kxk6vtdL2cBxLleG7uukj/U0Cef8HzBkR8py3G0JzwLq3rf3z0WwgqrKvL4x1E2h19TJ\r\nzhTxaodGtEZiONZEmsP7jrYusLmN+/LdcnQ7W4fCh0oI9VIu7u7u1ovFwtiBHSrYrFFJTGH0\r\n6V5rvXFZVYRCkIKqyry+puum8iFNrfWNUupNnypaCDG3GXdi52LvtQNEu7Q1DJmsEp6xDUEG\r\nv9rdBz9CK6R6qTGBJTUnG45jQo8+lSFIQQUl5/W1UTeVzw8zxi6n0ymDkgZyTYMX+hMnZIBn\r\nH66hROAIN20NQ7al1X2pGeqQZf4AXnM23S/lFFt0QGu9GspNK8R6qbGAIvcErfXnoUSfyhCc\r\noCo7r6/Fuqkkf8AUGWgbDO+/M60H4GeYfzA7U8JNG8OQbZYkMDKrBEdR/qqH5ZyAQ5pNwvf2\r\n7u5uEKlZFFNGKxgAf+ulxoBDzI9ivNExQQkq14UjH+Jto24KX/+ELMu+nnO+c9fAOX9nSmMe\r\nGJoNBFGKxu0SbDVDvkRlusL3Ich4rTOlZQdxDSgSU77XSw0ZW6pvqF2lRQQlqMrO62vLb8qW\r\nVtnv9yev1TRlhBSuZ0sdfeMC5zW++F7gwOKzI1Q2vyXwq2aodXDMjGmUjxeRH4xUm65LH4eQ\r\nYnGJKaqX6h9bqs82Q3foBCOoys7ra9NvyubF06Z4wSL4t1rrK9sO7Wgtt0qpQc/pIowkhmNn\r\n32TQy4iiUwCAfkEnYnW/3697WtJPUOyV7nYOjSIxhRvH4EVjqLhSfWN9X4IRVJYL/IsLR9t+\r\nU22YJto4FlIAcOGawo3DPle+pCCIzml0GDKKiJnhodW55wwR1xBkHzYtjvcp+FoiElN+Q6k+\r\nM0EIKiHEHMzu3y+iMX34TbXR7SSlfA3PN68ZCSnCBV7YZvnj5wp9m4gYopdREdPp9CSVCuCH\r\nZQQWytuiiEGnwLC8gcSUx1Cqz0wQggqnV78gXxQ6hDl9ByFl2XX+BGsHrpVSXuyUif5oehiy\r\nKcUF0OysOowkvwKAK8bY/DAR/vDvLMt+TCaT+91u99TnjdPnMTMmY2OAYdzQ8HcjMeUplOqz\r\n472gwnoOZ8ty6HP6iiwQDpCQIgw01t3n6KJtRESgZ9rr/MYHBVyC0djLyWQCAABRFMFisQAA\r\n2Ox2u7+7vFj7PATZZmyMN7SHzhfUPEn+wNDEFA6wDg5K9bnxXlBNp9Nl/tjxHLGQ5/QJIWa4\r\nG0uKnqu1/qyUWg3kgkk0QNPDkE1dtHULnPEz/lprbesaLEMSRdH3xWKx+vbt2/tz11KFyWRy\r\nsonDyN9DF69vw1GIfmJsHCpa61vG2B9H/z8oMeVq+uhjPVWIosg43mwIkdEm8F5QmZya4chY\r\nMMQ5fWUtEABISBF2mhyGbDOvBMM4pzJg+vry0NLvqgWswEpKeYmjnlq7uWKkLskfZ4z1bpVg\r\ns44Bg5N7qCilLjnnN4yxP7BzeTmk61+oTR8YVUvyxynV9wuvBVXRdPfQ6qaqWiAAwGpshcBE\r\nJRLDsbOjU/ljGBkoLSKwM+s1ABjn/zUBY2zedrSKc77MH8OUxqaN1ysLpltONphZln29u7vb\r\n9LCkVsByhqTvdbSBLa0ewntIqb5ivBZUKDxeHDuE3X2pm4rjeFkmEhbH8VvG2AqKLRBISBGF\r\nNDkM2ebxBiXtAYQQc0wFJGVfE+sB14eOOc75hdZ6zhj7+W8AmDPG/mM5xSFa9WcL33VTzea6\r\n4deojKmzCj2xvNs8EmZsEUbf30OH0a/X6+4abwWVEGJmumEwxtYAzxcXH+qmJpPJJynlH0qp\r\nv00X9gqde2SBQJSmyWHIlp3nY5noFF5oP4ChK8sEjmm6sXzON/kD2FFknGKP0aovAPBnmdcu\r\nQ9M2FE0Rx/GVY/jxQw9LIiqCny2TWPe6mQBrvkzBi9EZ/RbhraCyhN0f0zS9cbRttlo3lS+W\r\nPMAYW0ZRtMSOpKrnfEIh1Xt9BhEOTQ1Dxs67k3PhjdoZ+ZFSfipZB/gIGI2qeuNI03QlhLjh\r\nnK8ZY8LwlKTK+YqwXHdu+7zhOYqYt3TdCAdTQXfVtHofOKxUKDqVw1tBBWaH4rXD0K71uiks\r\nltxYLuyVIAuEauQ6Ije73e6Nz7u6DmjELsEWnXJtTLCp4otpU5M7z2cAWNfdxWLUbe6KVjWI\r\nyXV+3fJrOuGcX1tq0uiGFggOq4vCjUufuIx+qRD9lEnfCzCBaQSTIr52Gdq1/cHcbrc/lFIJ\r\n3ijOBjv35mmaev1l8omcvURi+xyMgaaGITu6dlau1+acf7eJKa31Y5Zlb3a73f+labpsMiWQ\r\npukKo10vwEkKtfEx3eeYYTp453ohxGyxWPyzWCz0YrH4B2/uoWKKTj36HmG01Xz54MfmI15G\r\nqEweMFrrz+hJlRge66xtEwXQMo7jDWPs2lE0e8IQW4A7JCn4/zGRGI5VvunbvHBs0Skp5QfG\r\nmDUqghuFtodzPwDAb8cHOOeN3GhNExnquM43hG348aCjU4dZfvCrNi9pul6uK7D+bWZ4aNnt\r\nSqqB2SBTdOoj3cPMeCeobB4wWuuNpTCuVPFs09zd3a2FEPcYjj+pqzqGOveIhqk9DNnRtbPK\r\nH0C7jy/gELFZlr0ZQEOFKY3aZ3TK2MySn2E6NByz/JI+1lMHl4mn7/cDh5XKyXHiGe8EleVN\r\n3GLUymho19fFBaNiSR+vPSZMKR2t9baPtfRNE2mpKhd5LFr/ApYuPtzQXPZcT1E7QmVKowL0\r\nl+5zjAGyRhCHgmOWn/dO4nkcKTOvI4y2jkQoaaUyVryqocIcuWn3/QDmqNVH31U+UR9LSmeU\r\nX+omhiGXdWpeLBbvGGOmSMHP11VKzTsWUxvDsSZqqEw2FJ/7unngBIjgbsR1cWQogktzOlJm\r\n3hd0h9qR2DdeRaim06lxl2jyo8Kd8aqThRGEP9Tq7nN17Rw2J4f5mGAQGQeyLPvb94LainiT\r\n7sNomUngDX7EB+f8i+m473NZTXDObaLEa2HosFIZdKq5CbwSVBVboumH5n/0AAAdEUlEQVTN\r\nHQ8hd/c0RhPDkB2eMit8jTlaIsxMP492H5e+j8moQlNdk02AgtebWtEukVJe27pHQ0tzYnem\r\naUMSQsrM1pG47mEtQeFNys82t89ElmVf+7jYEb1hushuul5E39Qdhuyoy/m83W4f4jh+G0XR\r\nd4eYulVKzfpMs2P6P3+sVspPa700HO7l+uJIxw56A4nXf5P3YHCELIpdjvw9LCc4fIpQLcs8\r\nCWdXlXouQQyMxHCsSnTqpED2UBdR5HqutX7vwxBUxtiD4djZEUzbTEToQVBhIbCtWWCwG0gU\r\nIMZUH0B4xeg4Fs02JshbUexqVqHoVDm8EFT4Rpo6Ckz01tVHEH1RdxgypgtN/m4b2w0AH38C\r\ngOVQb+iWqF8v6T5HIfCy67V0CVpy2LpIva85OgatLkyfKe9FicORf9X1WkLFC0FlMtQzMfSd\r\nGmFllj9gSv0MmbrDkE12JAAAjDHhSPFt0RLhofRC+6G0ua4BU53Lusb5zsLmWg/PNTcPnS6m\r\nQ6SUK3BYz4RUjI5pS1OEx3tROGZH/ibxQlABQGF0agw7tTGBnWSvAOCQs9/sdru/LRfPWf6A\r\nKfUzZOoMQ7ZdLPG8M9NxtCTx7iaQpukmP4S8aKagDUfUb33e6s4DI/TGmhsf0qxtYUtxHmh7\r\n2H2TYH2iLW25DEAUBtmR6Bu9F6Vjh82s6HmYf35ofUFEqwgh5lLKT5zzfxlj66ObYRJF0ffF\r\nYtH28NtQOdsuoUr3rNb6KcuyNz6KKYCfN65GqBv1awqb+SN4PpqkDrihctVNtT7svikOv4vp\r\nPcTaQ6+zKq5CdCqvqUbvEaoynR2Yf/a6O4KwI4SYTafTV4yxZYlowkpKeamUehPArq4T6rT1\r\n2zxlTOCONPH5727rdDznXJZrT6c3P1t3W5ZlX4dkTZEH6/ZmpscO2YhQbuZowmoSJLe+Rxgd\r\nhehbuudWp1dBZXPFzUOpvvCoKKJewBibc84/CSH+3G63P0yzEpVS3t70WyAxHCu88dvatx14\r\nn5qw1Hmsq57H5unVZbrP0V4/6E5mjIhYTWNDqpvC32WZP34YydTDkirhKEQPIjroG70KqjLF\r\n6OgO/NDBcoia1BFReVBUfQCAN6bHQ9m9NsRZw5Bd3Xt50Pnc69REE8amB3xI94XaXl+HgdVN\r\nzSeTia326NL395AK0Zun75Sfsxhda731PWQ6duqIKGzJvwGAB9NFljG2jOM4KA+apjl3GLKt\r\nfdsE3sS8D+/XNTY9xnIj6exvYIvSDDnVchhpZPMNC7Bu6h/TY6FE2ELtSPSZ3gRVHMfLIkM+\r\nSvX5i5TyNfzq0KuE1nqrtb7e7/c3h12cEOKGc75hjL1ogbd0Pz2dvfDAOGcYMtZclSpED+km\r\n1lS6D8/VSKTrHDAyMCrPqRIjjbaB1U0Zh4ZrrT+GEmED87y+wUZHu6A3QVVUjD6GQaChIYSY\r\ncc7fAkChGM6DImqNIuoh//h2u73HXfun4+OW1xnT56JSdx/WJX6yPX5MKKkJgGbTfTa6KC0o\r\ncAX3vobtHOI4Xk4mE+tnMsuyr/v9PhgxhVMFTKnara/dsXmwWeUFOK9vkNHRruhFUGEawxrZ\r\nCGHm0ZiQUr5ijF1ByW6xA0UiKs/d3d3a5Zk0NvBvUVpEuNq3TWBH30PNZXZCk+m+PnFFNnxv\r\nrz+HopFGWLsXzLUeMyvL/PFDh2z3KzoPrfWcMZY/Njgx3zW9CCrO+bLgKcHsVoaKEGIWRdFr\r\nrfWy7NBqgOoiKo9S6opznjDGfqv6s0PDNlfL9ne1tW+byLIsKFuKJtN9feGIbNyGEtkoC0az\r\nvxRsnD+GJKYwEGDsmsXNSTD3LNM1nTEWzPXAV/pK+ZnSGADwc6e26XAtxBEYCn592IXldzEm\r\n6oqoY7bb7Q8p5Q0AuFLCtV4jBBz+USvT823t2yZC6qQC6Cbd1zYFkQ3v2+urgJ9dZ6QUf+9V\r\nZ4uqiSv6G9rmBDEJ3dB+B+/oXFC5nNEx1bfqdEEECCEuptPpa8bYVdlo1KFDTyl1XeZighGv\r\nT/AsEja73e4vx45uAyMXVLbolGmzYStyNoF1Hsv6K+yO0NN9Q4psFBHH8VvGWGHUCTvhgvm9\r\ncYDzLH88tM3JAfL2a4c+IlSu3VhQX7LQwc6btwBw4sRtQ2v9iB1667Lv1dGYieMxM18A4E/T\r\n85VSmyiKypx6kFSJThXMEHsBblhM5/WakNN9A4xsGDmyRCiMtuHki3UHy2oEKeU1mDvigumQ\r\nPcY2vimUDYrPdCqo0ObeWHCMoxaCCeGHjBBiHkXRB6hQZK61/gwA63PSsZbaHutrY9pvyxgT\r\nVV9rCFSJTpUtQg+po++Y0NN9thEroUY2TODGrLSJbEgiBDMqJ9HyUL9PAACcc2MdXx9rGRqd\r\nCipT6B5g+KMWfAKHD6/KPFdr/QgAa6XU+tzdi612pAQbALAJqs05awmBKtEpW5GziVDMBvOE\r\nnO6zmauGGtkwUeV6AhCWHY4QYg52C5LLED6DFqh+qiU6FVQO7ynq6muZXA2TE9ytXNdt43bV\r\njpSgqDB9kJSNTlURqoGZDb7AEh1Y97CUStjMVUOObBxz6OID883ZSEh2OBh1M1pcoNXDpodl\r\nNYLFMuGhn9UMi0lXL2Tz1MGbRRDh+1CJ4/gt5/w7OMSU1vpJa/1xt9v9N03TpIn3JIqiD44x\r\nE84Qc5qmmzE5ogOUj07hDLFS5p1Zln0NtSUfIzyz/HHf030F5qrLgCMbAPDrenLGlIQgamQL\r\nxNTXkKweTJhKKcgyoRk6iVChO/DJBWbIoxZ8oEyhKBaZr5qOYOBNJbG8Zqn3XWu9YYydWGwo\r\npby/KJ9DmeiUa4aY4We3oabSbUN0XT5cPuAqQtdavw9581glyp0nlI2zS0yF/H06xrRJIaui\r\nZuhEUHHObe341z5fHENGSnkJANZBpAA/Pb9aiV5Mp9PE8XDZ+oMbMHiWhVKDUYWy0SnbxT7P\r\nQbSGEBEwwTk3Rnh8rz2ymatiZGPVw5IaAVPMHwDAdT15j+34Se54EBvnAjEV9PeJ6IbWU362\r\nnSYAgFJq3fbrjw0hxAUWK1u7vzAq9WebqSDGWGJ57c9ld0P7/b7U84ZAmeiUlPK6QhH6KlTh\r\niak+U3mA1wXNDvPOx1AjG3g9+TKZTKybM6314263+x3rcBLDU7zfOMdxvHRFppRSM58/e1XA\r\nZqMXYAE+UZPWBRW255+QZdlX379koSGlTLC2YWl7jtb6s1Jq3kGI9ySyhLu80iJuu90+5Gut\r\nsiz72sTifKJMdApv1qWK9EOu83Ck+rZpmq56WFIpbHVtIRehSykvOef/FpQMfFRKzQHgwdSA\r\norV+9Pl9A/g1vNkhpgZlvgoGY2TOeSkfQsJNqyk/x40C4DmdQzSElPIDDjA2ggXeyy7qGPDm\r\nb7o4rapemJRSy+l0ej2ZTF5prW/3+73XKZ9zKIpOVemWDDkaAuBM9S07XkppXHVtIdpVlK29\r\nhOfryQbgZ/TUdFNetrPKZjiIKdNjAxVTRIu0Kqi01lemWXBa66dQ27h9o4ypXpZlX/f7fWf5\r\nf1uE4ZyoCUYxBzXr7Jii6JSryNlCsHUeoab60PXftIEIzrwTP49GM9IDGOX+2bGHHdwn0VOM\r\nlG5aWmptSEwRTdOaoBJCzCaTiW0IMkWnGsIlptAKYdVl+geH9M4Ma1l3tYaQKIpO2WaImcAu\r\nsk2T6+uKUFN9rrEkIc1MROH+7pwot81vy+dI6cjF1D0A5Gf5JTBgw+SuaK2GinO+cjy8but1\r\nxwSm1mxi6lYpNe9STOFoIWMDgu/eQX1QFJ2y3axN+C48ivAh1WebcWajYCxJ0tS62uao9tIq\r\nprIs+6qUmuXFFBYzJ/nnn5Pe74o4jt/axBT+nkMWUwAAQ/7deqWVCJVrZh8WKW7aeN0xgX9j\r\nY10NRipWHS/pYI9hSn08UgPCKa7olO1mbeJQ+Nz8Cruhj1Sf1vpkViSOuSm1ASkxliSIm1bR\r\n6JhDVMo2Z5VzfiLCtNaPvjZFYAf00vQYpmiNjxFEGVoRVKYv2RHrNl5zbHDOVxbx8mcfghV3\r\n9zYBsOluJUGRGI6tCm7WJoJ13+4r1ae1Xuc3JLgJLBQCQxhLgtHRD+AYHYNR7qLPlqmbd1V3\r\nfW1QJKZCStG2AHX5NUDjKT90RbfurMl7qj54EzKlGkp7PDWNTeAhlO4riVLqHuviSl3g8D0P\r\n9u/bV6rPlIJmjM2L0n5oJRDsWJIjn7p/XLWXWZb9naZp4hJTpm5erJ3y7vNIYuoFG8Mx8qFq\r\ngMYF1XQ6vXTNbwt1J+0TJm+vqh5PTSKEmNlSvAAASqlNh8sJAowQvEBrvY2i6EsF885H353D\r\nXfTZ1YceZ9v8cUz7GUEBYRsr4/1YksVi8Q59pZa251SpvZxMJqbv/I1v6U4SU0RXNJ7ysxUl\r\nA1CnVxPgSJnE8NB1XxcynO9lBEW0VxdYXzENLXURqmEkgB9dfVXSfljIbBQZ2BXmrV3FwQoB\r\nAGYmG5sDVWovHbM611XX1yYkpoguaVRQ4Q5uZnvcx1BwSGA61Ss34gLzVgCqn2qFLMv+9tmb\r\nycXBW8v0WJddffv9/mYymeQF1VwIMTuOpBfclL1tsRdCzHC2oLNh4UgQlv482YrRfWk4EkJc\r\noOVIYno8y7I3oXmENYVS6kcURfnDv/WxlqHRaMrPEgIGgOfdgI8XnZBwDJledruSZ1DgGW+M\r\nB5RSJKINaK3PrlnQWt/6Xqtj4+AqbvEq69TAs0zar0BM3foopoQQF5je+17gdv6UZdmbNE3n\r\nZ/zdTcXoXnwmj5zrE9PjYxZTAObh8q5ACFGexgRViUgF3VhrgHVKJymSLMu+9tTVd2Erzj2g\r\ntX4KNYrSNhWcz18QskXC0WfGVDfVi4+WqQyBMfYai7etczExXeSdmMKi+e8A4GoSOczgm50j\r\nLNDSY5Y/vt/vK5+raVyfMQASUy6q+rARpzSW8rONmcHHHkPuRPIBzrnRc6qP2XZFF60j6D1v\r\nHm9rdYpwiKmnvmb12dJ+rs+3j7U3QogZ1jImrudhVK3WfEGt9TJ/rcdh971+LklMlaeuDxth\r\nppEIVcGYGQC6sdYCZ2WdRCUwRfLQ5VoqiCnQWm86WFKozKr+gNb6Y6gbE0yd2cRU0lck05b2\r\nc92UfRJTh/ReFEX/gkNMaa0fce21/ta2az1jbH3uOZuAxFRlTNeRpOtFDI1GBFXBmBlQSpHq\r\nrcdJFx22zHf+dy0rpgAA9vv9puXlhMysypMxJRakRYKtDqlvMXW0jnWZ5/l2U5ZSvuac/wsO\r\np3OA540XWiGs676myVai7wwEFt9bo59a6798et98wFTbOplMXmFdLHEmtVN+rjEzAM83AvKe\r\nOh/06pkZHrrqOsRuizKYoPfdDtag5IeTHsZ8aFPtS18psbq4irrhOX3Ze42dKe13DL4vl744\r\noAsh5uhFl7ieV9LpvBKWcUjrps5fFZdrvS+C3Ue22+29lPKRMfaiuw8F87qfVYVPbUFVMGaG\r\nvKdqYHOdx3lvne4IXVEGAPiR/2IC2SUYKRgr82DyotJafwzxphDH8ZVNTGG0x4v05XQ6TWyP\r\n+XRTxrTWO9cQY4DniBEAXDV9jcDSg1n+eF/TL1xzCH163zzmBnL3F8ZYAiSozqaWoCoaMwNA\r\n3lN14JxfW6IVnaZ+ClrHryxDmul9z3HwX3J0X514wWBqd9XuyponjuOlLerjU+rMZdiJaAB4\r\n6Gg5VuI4fssYK+rcewKA6xa7JZeG1+x8+gWm+L6AZVwKianSbOD0/u2qhSYKqCWoXGNmAJ5v\r\nBpT2OQ/cDZ6kUruOVrjEVJZlbxhjD6Z5Xr4Y/PmEzX/pgOW7FFxXH4opYxQOhwevO16SkYJ0\r\nJAA8vyc4b/Cvblb1DIqGP+A5rWeMDB2TZdnX/X5/1db11lba0XUGokhYkpgqT5qmN1LKJ8bY\r\nfw7HGGMXUsrLUJtf+qaWoHKNmUHoTTkf27y+VVcLQOf7pemxQ5RBSnmyu6fuvlOq1J8dwGG7\r\nm5aW1ApYH2YUU1rrz74YkpYRUwcYY5dxHF+1uXYhxHw6nf6Bn5FCAXUA03vLtj8nlmL0p67E\r\ncRlbiHMc3wm4AYC8UE6A7t1ncbagKhozA9Bfbj108G9r6ljprBC9IMpwnLI5Ka4G+jK+wCVM\r\nbWitn3wftpvHVR/mi3dTUXu91vozAFwe79oBnjePUsrfAGCjlKo9n3KxWPyRZdkca1aSqkav\r\n2L226kqg9lmMjt+fDwDgyoaUnkNI/EJrvTFEHl8BQJAdxX1jn5RZwGKxsFr7A/xspZ2de/6x\r\nghf8fw1ptG2apmePK6mCS0yhF9IVrnWG/jcv2O12/6VU7zOYuv2n6s/5VGdUhoJuq2DEVJqm\r\nS4yyOUcqaa3v4bkGpZTAWiwWP9N3UNPvR2v9Gc05O0sFLxYLnT+22+1+bzMahO/Xp4LxOY84\r\nJJyiUmeAMw//lz/e9ns7VM6KUJUYMwNAUYqz4Jzb6gM62TEUiKnPx15Ipu4oskv4BY5ycN6Y\r\nTeCsvnXjCzKAgu8dlLvJb7TW6zRNP+fPAQDGYnvcCCybWGsdcI2fbFH1YwGLtSUfLVEZAPhp\r\n/DkHgKsoikBKeSywtpxzAb/qnxrZCGmtbwFg1Ud9otb6pMW+TaSUl/D8fhWNz1mFVmPoE9vt\r\n9kccx1/zZq2c8yVQlOqExWLxh9Z6hteR5Oi/N7vd7s1Zgso1ZuYIElQVwXl9JpuEz11cRIUQ\r\n8wIxtcwdNu0cN02vK0RKdPQZ6WoMS1kvoxwJYyyRUq601tfYkHBlOwfWtFQ5f+OUEYymaKBS\r\nasU5T0w2FibyAqsJUEDdw7NI2/QsHB4g14XKOW/cBLJsVAoAltT40hgbyHX3McbeLhYLganU\r\nTS+r6gmM2glMyc8YY3Ot9fxwLT/WPkf/nURR9KmyoCoxZoa6vM4Eiy5f0FUh+iFlY3rMlrIx\r\nmVMCCWkAAMCbgqkO7tbydztw3UWEDzvXzoqc4EXGWbtzEFN9iQDskvtQcGO2GnZut9sfQoiE\r\nc35T8H41BgqoDQBsPLx+3sNpvWQCDW6giqKIAP2kO4eOw9g2YYwli8ViM0RhhSUrv8FzpOki\r\nL5wmk1+DZEoEkAAAksqCqmjMDEI31YpgiDsxPNT6Dbag/uXWJKZw5092CQaklNeW2YuPSqlL\r\nU80CPr7torAW3fdbq8fD37MXMYVC6l1RE0CZ9npcf4JRkwR+pfBKRa2KXh+7YTf7/X4TQL2K\r\n6b1sJEJVxrAUxe+S2vmbZ7vdPkgpXRu9oIVVTjj9TNcdP+cgmEoKJyNa69tKgqpozMwR9KGv\r\njskm4bHtG2yBmNoqpWw7fJNg2DS9vtDAjiRT2vYJi2d/LBaLk5/rMtVXwu6kLt85538IIWp3\r\nw5WlrIs4wM+RLFdlRQz+Djf4D5wjsDBNtdFab/b7/X0AAirPBgDyn5vaorxMVAo9toLzYwsJ\r\npdSSc74uiMZ6LazwXvbbIdIEALP8xrGOYHJxGPNUSVAVjZnBEz/RLqIarnl9bb1m0Q2oRMqG\r\n0n05UKzYZsL99MfJp/26NCPEuqkTcIDuTRRF/4GXIfCZ62ZnAqNzl4Zi7cYFFtY7vMW6TmfE\r\nRGv9iFYD6zqvWUZgaa238Cyg7jEC9VDnNftGKfXDUBsm6phAukbHAPyKSvkyomjI4OczQYG7\r\n8llYHReG9yCctlrrB8bYPTynwX8c//6lX9XWzm94QS9apEMBUxTfDemz2zRNkzZeE9OLH2w3\r\nyjL1L5Y26tHaJbi+H3mPHHzuDWPsjzYG2LowvW9dgnYD1/lOwXNYLBbvuhRSY8fx2Vl9+/bt\r\nve3nDimXXJGvU6h3/b0gXlJSWA0WrfWt1vrHQTgppR7KbHhLR6iKxswcLWRT9pyE3SahjfRP\r\nBV+Xs+pfxnzxK/BgWh0fO9TmdLS0/HqKiuJLnweeI0/LKu30uJNcY53Z9W63+1z1cyOlfA3P\r\nkY2ZayfawWy7UeH47KyklHPG2LWhuDc5PKlMkW/XhqWEGYy6lI1YBQtexx7wnw0Kp4dzz1c6\r\nQiWl/LdM6H+32/0f5brLYTN9PDbPbIqSw1VLj24w7Va/ffvWTpzVc2xjTPrudDOBEdGiWgkr\r\nJi+kgxN8jXOuAaDQGuQgpIquQwchpZS69ulvHzr42blpoijfBEWl/CVkYYXXg3sAuD+k6+oK\r\nJxulboAus8djcPaYNfpBvMTkNo/1NLOmbgRl/IbO2cmToHomjuMrU8tx0+9j01S9QJYxlWyj\r\nG64qZPbYLkKIi+l0ui6yzqkKjY4JA5+FFTZ+PMBL4XTf5bWg1A2waMzMgdDGZfSNSZQ0+Tcs\r\nKvoEOH9XSILq5yBgoxN6KKMbji+QxxckeG6T3yilfpz7e3QpsNCfaEXRjW7ARpra3aJVOy4J\r\nP+hTWB1dpzYonB586TgsvAGWjU4BULqvKm2JkpIGebV8XcYuqFx2E7SxMIOfy2VJ65VSYEv9\r\nFQmp7sHmljXLDZI2katVKV3kSxAhUViUXnYXorXuzHOGMIMRgQ8lTA3JbfhMSthNfCQxZQZ3\r\nkRshxOowK6zMzdjEIQVpcjknuiFN0xt0k7/ORTg3hw6prlMuBNEnTkGFxaazMifSWpNXSI+U\r\nHCZKM7BqUMJu4rbpZoIhgtGkFQCs8BpzVTYdWKaWi+gOjDIlfa+DIHzAKqjQFb10jny/35Og\r\n6gH0ePkEBRc1Kvo8n5J2Ey5XecICRvPWPS+DIAiiNlZBxTm/qhCduqUahu45GBuCY6YWFX3W\r\no6LdBKU2CIIgRopRUAkhLgDgZB6ZCWwPpzRHQwgh5i7xg9GSV1BgbNi2QZ7W+jFv6CilTIaS\r\nimnLboIgCIIYJkZBhdGpUpPEu5pBNhY45/8IIf7M/02xq+wtABQ61ncxTFRrfZ8XVDhXadPW\r\na3ZFm3YTBEEQxDA5EVRCiBmUjE5lWfaGxNT5mEY5MMYuOOefAOD3o2jUVX74o+V8jwBw1cUw\r\nUZxx9Cp3rPb0+T452E0AwMz2nLp2EwRBEMQwORFUttlyebTW76k9vB5KqSXn/D7fOs4Ym0sp\r\nv8NzSq9UpLAHh+gNAOSbFjp3xm4CspsgCIIg6vKiAAc7xv4t+iEc+LpsbVUjAlN5mzp+PH0U\r\nnQshLqIo+l/+eGjmnmQ3QRAEQTTBi5uflHJd5GKstd6maRp0asc3sAD6e9nnY9rpBoe/9pZy\r\nlVI+GOqo/gxBeJDdBEEQBNEkk8N/SCmTMmJKKZW0vqqRsd1u77XW74uep7XeZln2Rik1S9N0\r\n2Xf9mtb65PWxMN1rFovFO875d3B38N3udrvfSUwRBEEQZfhZQ1Vk4on2COS10xJpmq5w2O6L\r\nOiRfolEmQipMF0JcTKfT1zgypje7CYIgCGKYMICf0al/bE9CMUX2CC2DxdE3OBdrq7W+3u/3\r\nN76KWNvnRmt9o5T62wdLASnla3i2mih0Me/CboIgCIIYJgwAYLFY/AOW9AeJKcKGrTD9gNb6\r\nWin1vmuBgvYHByFVpmP1EQCuyAqBIAiCOJeDoNKmB0lMEUVIKTd5L61jcOr89bdv3wprxOog\r\nhJgdGZ/Oyv5cD3YTBEEQxACxCioSU0QZjtOUrudprR8AYJWm6ecmXxvropZVa7doxiFBEATR\r\nJC5BFUT7O+EHcRwvcYjwb67nYWfgBgA2SqnbcyJDVeqicq/9CL8K/B+qvi5BEARB2DgUpb9I\r\n22itb9M0TXpbFREsUsoVPI/KKWVUWlZgVa2LOjr/EwDcAMCaNggEQRBEWzCAn/Una+wuo6Gv\r\nRC0wDbhijJWaCXlMTmA9cs4PImpW5TxZln0FgBsaj0QQBEF0QVBjQoiwEELMptPp9WQyeVX8\r\n7Pqg1cR6v9+vqcicIAiC6BISVETrYLpuVVS4fg5UF0UQBEH4AAkqojMwFZjAs+dZkneFLwvV\r\nRREEQRC+QYKK6I2qAovqogiCIAhfIUFFeINJYFFdFEEQBBEC/w8D5UnZ9RO0owAAAABJRU5E\r\nrkJggg==', NULL, 'iVBORw0KGgoAAAANSUhEUgAAAooAAADGCAYAAABVcaGyAAAABGdBTUEAALGPC/xhBQAAIABJ\nREFUeJztnd11Gsn29ndB9/XojWD4R1Aainv3RGBNBMYRWI7AOALLEQhHYDkCo3uBRQSDIjjW\nNQX7vaDQtJqq/v7m+a016xwX0L1B0P3U/iQCAAAAAADAgmjaAAAAKAMp5cj3/VsiCohosd1u\n/1mv178bNgsAADrNoGkDAACgDEIikYgo8H3/e4PmAABAL4BQBAD0hSDh3wAAADICoQgA6DxS\nysvoGjM/NWELAAD0CQhFAEDn8TxvZFne1GwGAAD0DghFAEAfOPEoEtFj7VYAAEDPgFAEAPSB\nUXSBmTf1mwEAAP0CQhEA0AdG0QUhBDyKAABQEAhFAEAfkNEFrfWmATsAAKBXoOE2AKDTSCkv\nfN//X3T94eEB1zcAACgIPIoAgE7jeZ6tNc66CVsAAKBvQCgCADoNM48sa5v6LQEAgP4BoQgA\n6DRCiJFlDYUsAABQAl7TBoDzRCkVCCE+0WHM2mK73f6zXq9/N2wW6CDMfCmEiK5tmrEGAAD6\nBYQiqJWIQDwS+L7/nYj+bsYq0GWEEH9a1jYNmAIAAL0DQhHUgpTy0vf9L/RaIIZxrQMQixDi\npJhFa43QMwAAlACEIqgFz/NuyT5mDYDcSClH0TVmfkYaAwAAlAOEIqic8Xg8tXl9ACiK53mj\n6JoQ4g+l1C86zHpeaK3v1+v1pm7bAACgD0AogkqRUl4IIb40bQfoJ7ZCFqKXcPQlEU193yel\n1IaIHpl5sdvt7tfrNULTAACQAghFUCme582EEBdN2wH6ia01TszzRkKIq8FgQJPJhIhocfzv\n4eHhvhIDAQCg40AogsqQUo6EEB+i68z8TQjxrgmbQO8oktIQmP9oMpkQMz+SEY5a6zXC1eBc\nkFKOfN+/JbQrAxYgFEFlmAvPK5j5mZkXUaGIkWsgJyetcfISCldfh8LVC/pPOCJcDXqJ53lz\nInpj/ol2ZeAVEIqgEpRSV2RveXPj6HGH3SvIjC30bDYj1+axQAjxJvqcDMee0n95jr+JaGGm\nviBcDXqD5TcSNGEHaCcQiqAqTgpYmPlpuVzOlFJBA/aAHsLM9+GbHDM/a62DqPfPfOcCU/wS\r\nCCH+yHouk2t7Zf57lefIzI+muhobHtApbNdjZn5qwBTQUiAUQekopWaOIoNrImel6qZaq0Af\r\n0VpfeZ53J4R4w8z3WutrW4h4uVwu6CDqiOjQAH44HF4KIQI6eB3zhrCPryff92kymSy22+17\r\n5DeCrsDMI8sITKRZgBcgFEGpmAbItgKW++VyeUf04pmJsqnWMtBHjAcvyPG6Rzr0WZwTHb63\r\nnudd0n/CT+Y0KfA876eU8i94F0EXsG3qTXoFAEQEoQhKxtUOR2s9bcAcAFJhPIAbIro7rh3D\r\n1ZQxz1EIMTJi8W+IRdABAssahCJ4AUIRlIZSKrC1vWHmr5FQ3MjyHNxQQatwhKsDOgjHy7hw\r\ntRDiEmIRdATbrPRNA3aAlgKhCEpDCPEpumaKC2aR5ZHltdjBglYTClffEB3C1cPhMDB5jlfR\r\nAhkjFm+J6J/ajQUgBWZy1klhF1pBgTCDpg0A/UBKeUGWEAYzX8OjAvrIer3erFar+XK5nGqt\r\nA2Z+jj5HCHGllDrpJwpAGzB5ua9AT1sQBUIRlMJwOLyKrjHz02q1mluenrk1CQBtZr1eP2qt\r\nA9tjQogpxCJoI8xsE4qbBkwBLQZCEZSCCb9FubOsHSdgvMLkgwHQWdbr9eN+v39ve0wIMR2P\r\nx9d12wRAHKh4BmmAUARlYasKXUQXTPscAHrJarWau8TiYDD4Mh6PpzWbBEActlnpi7qNAO0G\r\nQhEURkp5aduZHvsmhnGEqJETA3qDEYsfbY8NBoNbiEXQIlDxDBKBUASFMS1DXsHM1jm4jvY5\r\n8/KtAqA5VqvVDTN/sz02GAxupZQ2Tw4AtSGlHDkqnjcNmANaDIQiKIMgusDMJ95Ec2E6uUHu\r\ndjtrLiMAXWa5XE5dYtH0WIRYBI3hed4ouuba4IPzBkIRFMY2tWK32y2ia66wM3awoK8sl8vp\r\nfr//EV0XQlxALIKGCSxrm5ptAB0AQhEUwkxjeTWyj5mfbQ1bEXYG58hut5va8nCFEBe+739p\r\nwiYAyDL4gCAUgQUIRVCUILrAzIvoGsLO4FxZr9e/TUNuW9FWgE4AoCFGlrVFzTaADgChCIry\r\n1rKWutoZYWdwDoTE4lP0MdtvA4CqsaUMaa3RQxGcAKEIcmPmhNq8hIvoGsLO4NwxoyznloeC\r\nei0B547Ni21ShjBuFZwAoQhy43leEF1j5qeolxBhZwAOaK1PvvODweCtmZUOQC3YZjwTEbyJ\r\nwAqEIihCYFlD2BkAB+v1+hHhZ9ACIBRBaiAUQRFs+YmL6ALCzgC84mQz5ZiVDkAlMPOJUGTm\r\nTQOmgA4AoQhyYcLJo+i61npheR7CzgD8x8KyZtt0AVAJtmu3EAIeRWAFQhHkwjG2bx1NhkbY\r\nGYDXLJfLO2Z+Dq8JIS6UUgg/g1oQQsjoGiqegQuvaQNAZ7Hd1GwhNYSdATjljoiiv42ALL+h\r\nNiGlvPR9/4/9fn85GAwumPlSCPHyv0S02G63H20N90E7sE0DMkWIqHgGViAUQS5sPbgoElJD\r\n2BkAO8y8sGyi3hLRdRP2uJBSXgyHw3dCiGn4tzwYHIJRQohX/0tEged5P8fj8cfVajWv2VyQ\r\ngJRy5JgGtKnbFtAdEHoGmZFSXtrG9i2Xy0V4DWFnAOzYNktCiFFbZj8rpd4qpb77vv+/wWBw\r\nY9vwuRBCXAwGg1ul1C3a/rQLz/PmZO9WsajVENApIBRBZhz5iYvoGsLOANhZr9e/9/v9j+i6\r\n53mN5SlKKS+VUl+UUv8TQtwJIQrZIoSYep73E2KxPTgiQah4BrEg9Awy47iBLML/QNgZgEQW\r\ndFrt/JaIZnUZ4Aotl4UQ4tL3/e9E9HfZxwbZ2e/3PwaDwUmFvRBi04A5oCNAKILM2Hal0bF9\r\nCDsDEM9ut7sbDAav8sWqEGs2lFJviWia1WtoqrUfmfm3EOLlf83DU1sUgTCisDUIIW7I0oop\r\nmjYEQBgIRZAJWwsPUzH3qsoRYWcA4lmv15vJZFLb+aSUl57nvaODoEsdDjaTZO601jcJG72F\r\nUmojhPgUef06n8WgbJbL5UIpdR/e7DPzfZM2gfYDoQiyEljWFuF/jMdjaxgLYWcA/kNKOYqu\r\n2cb7lXCeS1PpGmR5HTN/I6K75XKZ5XdrE6CLLOcF1aK1vvI8704I8YaZ77XW6N8JYoFQBFk5\r\nCTtHC1miHgXznHuEnQH4D8/zRpblTZnnGI/HHwaDwU3a5zPzmplvdrvdXc6+eolts0CzmL9r\r\n0LQdoDtAKIJMJHkKx+PxtW08FNWYoA/AuSOlvDBFJEHSczOElhPPabs+RMd6AgC6BYQiSI0j\r\nVPZ89DyYG4XVm4hkaQDqweQR35I9DPxCztCyE8/zAss5TsZ6AgC6BYQiSI0jVPYYevzaliSv\r\ntZ5WaBYAnYSZR6GJJkc2eY8npbzwPO+TEMI53YWZn5h5ViC0HEdgWVuUfA4AQM1AKILUOG5s\r\nRPTibfxgec035CYCcIojRWOT51imovk2rr0OM39dLpdVjghEfiIAPQRCEaTGcWNbEBF5njez\r\njfXTWs8qNwyAMyapYMX0PryqMv0D+YkA9BcIRZAFa86TmcJia7RbKDkeAOAmTcHKfr//sdvt\r\nplXnCSI/EYD+AqEIsmALay1837+NLhpvYuq2HACcIaPoQtqZu0kFK8z8zMyz1WpV128wsKwt\r\najo3AKBCIBRBUQKy3CSYeQZvAgCxjKILSTN3UxasrLXW0+i0pIpBfiIAPQVCEaTGNuOZLHND\r\nmfmpRk8GAGdBSwpWTlBKBchPBKC/QCiCQthuEMw8a8AUAHpLGwpWXMRMYkJEAYAeAKEIUiGl\r\ndHoxwjDz/Wq1mldsDgB94M/ogtZ6E/53mwpWbCilArLbNqvVEABAZUAoglR4nhc75SHErEo7\r\nAOgLtnZT4S4BLSxYOQGTmADoPxCKIBXMfOlqth16Dm4QAKRAKTVzPdbigpVXwJsIwHkAoQhS\r\nYRvNFwWj+gBIJmaK0X1bC1ZswJsIwHkAoQjSMop7EKP6AEiH6Ttq23jN4kRikwUrUeBNBOB8\r\nGDRtAOgMI9cDGNUHQDrG4/GU7H1HvxLRF5dI3O/3P7TWozaIRCJ4EwE4J+BRBGn5I+YxjOoD\r\nIAEzD/lLdJ2Zn4joT0erqcYLVqLAmwjAeQGhCFIRFw7DqD4AkjFhZVvIeSOEuIoumt9W0GTB\r\nig14EwE4LxB6BoXAqD4AkjHTS07EIJFz4hG1USTCmwjA+QGhCBIxN4cTMKoPgGSklBd06IeY\r\nmv1+/75tIpEI3kQAzhEIRZAIM7vCzrOaTQGgc3ieN7M113bBzJ/bON0I3kQAzpP4Dsrg7DHN\r\nf/+N5lYZL0LQkFkAdAIp5aXv+7/SPp+Zvy2Xy2mFJuVmMpn8pIhQxHUAgP4DjyKIxfO8G0cC\r\n/qJuWwDoGp7npQ45M/O6rSIR3kQAzhcIReDEJOC/sz3GzJuazQGgUyilZnETVsKYkXxBxSbl\r\nBrmJAJwvEIogDqc3RAixqdEOADqFa0yfDdMGZ9rW7gHwJgJw3qCPIrBivCEj1+Na61be1ABo\r\nAzFj+k5oYxucMOfmTZRSjnzf/9P8MyAiYuZR6Hp4XHtk5vlut/uBgQOgz6CYBZwgpRx5nvfL\r\nkZtIREQPDw/47gBgYTweTweDQarcxP1+/76NFc5HTPrJz+g6M//dJ6Fo3ucnsntO07DYbrfv\r\nIRhBH4FHEZzged6XOJEIALDjGtNno61tcML03ZtoNsVfXM3QMxAMh8MbIip6HABaB4QieEXc\r\nBIkjzHxflz0AdImYMX2vMG1wZjWYlJs+5yZKKS983/9AJb6XwWDwtqxjAdAmIBRBlEwTJAAA\r\nB9Jssoja3QYnTF+9iePx+IMQYkYpc0jTwszrMo8HQFuAUAQvJBWwhGht4j0ATZB2TF/b2+Ac\r\n6aM30byn26RrHDM/03/XuEci+s3Mv4UQj0SHQj5bE3VmxjhT0EsgFAERHXJ1bB4EB6h4BiBE\r\nmjF9bW+DE6ZP3kRTxXxLCYUqzPzEzLOkvFGl1Mzy2ue255sCkBcIRUBEL+08TmDmJyHEn5Fl\r\neBQBMEgpL4UQiT0T294G50hfvIlm/OgXIcQ07nnGg3ijtb5JKeJtf2t4E0FvgVAEpJS6IsuN\r\ngZk/m/WoUGy9RwSAukgzpm+/37/vgkg0IfTv0fWueRMnk8knZr5OKixi5m9a61natjbj8Xhq\r\nO6bWep7PUgDaD4TimWNuDCftPJj5SWt943neye5Za72pwzYA2k6aMX1daIND9OKB++kQV7O6\r\n7cmD2fR+IaKREO5Wr8x8r7W+ziLeTesjW0j+G/ongj4DoXjmeJ537citul6v178nk8nJTQMX\r\nRQDSjenrQhscolci8UT0dsGbmLZhNjM/EdH1crm8y3oO0/poZHlonvVYAHQJCMUzxlXAYm4M\r\nmS+kAJwTSWP6utIGJ0EkPmutr5uwKw2mYfantHmIeUW7UurG1vqoCyIagKKcnVCMVMAtttvt\r\nxy7kDlWBrYDlWJlJdEjStzyOXmHg7BmPx1OK8V51pQ1OCpHYygKcY8PslHmIX00eYq7capOX\r\neOI5bruIBqAsBk0bUDeRNgmB53k/zUX/rIi50d0cQ8ue59kuwChkAWdN0pi+rrTB6apIVEq9\r\n8zzvFxHN4kQiM99vt9v/Wy6X13n/Fqai3fW3nrbx8wGgbM7Ko2hr+yCEuBBC3Cql3mitP7b9\r\n4l4GrhsdMz91IZ+qbKSUl77vv2XmKyHEJTM/EtFCCHH38PCAcYXgFUlj+toqsKKY1jGdEYnm\r\n+m21OYzJQ5wWDQkbIf3d9rfe7/cfV6sV0nPAWXBWQjGuobQQYup53qWUshNtLIpgmgPbbnTT\r\nyL9PnsPMvRDSSqm3dNg0XB0T1I9VkuZGdElE10qp30S0IKI7rfU9CnnOm6QxfV1pg6OUurXl\r\n9bVRJJo8xC8pZtA/M/N1WRXmvu9/J6KR5TzfVqsV+iaCs+GshCIlVMQJIS5NKPpjF9pZ5MHV\r\nHHi/3/9YrVaLyPLJzv04xqprGO9AWBymmvNqnndFRFe+79NkMllst9v3EIznR9KYvq60wXGJ\r\nRENrwqnHPERK0ZqHmT9naJidiFLKOsnF5J4iLxGcFWclFB1TRl7R91C07/u2kPPzbrfr3cVP\r\nSjkaDodvhRCxXqCMBCbP9e+Sjgc6QtyYvq60wYkTifv9/n1bwqlKqXd0mHYSu6Hb7/c/drvd\r\ndZkbN1O8Mo2uG2/rVd/uCQAkcW5C8TFJKB7pYyg6TQFLHzA5h18owYNcgKqOC1pK3Ji+rrTB\r\nSSES5/VadIrJQ3T1K3yBme+JaGaJghRCSnk5GAxcXuOrPl0nAUjLWQlFEzZ9G147tnsRQkjL\r\n8y89z/supfyr67vImAKWtcsTwsyXlukGrRbNk8nkE+WYIrHf73/QoYDlkZlHdAhPB0KIP0o2\r\nEXQQ15i+rrTBMRNkprbH2iASI23LnDDzEzPPqrD3WAVue8x8RouyzwlAFzgroUiHooRoQQtr\r\nrf/2PO9GCPEu+gIhxMjzvJ9Syr+7LBbN+7OFcZwhZ8fzW/kZpL3RHDENeO+YebHb7e4sf9s5\r\n0UvxgvXmAc4DE4p0VQe3vg2Osd9ayNe0SDTi7JMQIjb15dgwu8w8xCiu8YWmeGVexTkB6AJn\r\nJRS11o++779aE0JcmgvPdDweL4QQN1Ev0rHIpati0YidExFs8qoWDZhUKuPx+IMQYkYJ+Uym\r\nbcYdES3STp5ZLpeLyWRS3EjQSeJ6JjJzplnBTTAej6euUKpp8TKv2aQXjr/bFA2zv5mG2Zuq\r\nbDFheeuAgS6kFQBQJWclFM3sYufjq9VqLqV89Dxv4RCLt0T0T9V2lomrUjPlVIGTsKvWujVC\r\n2XgjbuMKVYw4nGut79p+Uwftw9UzsQtepjiR2GSLF6XUFR36IY7innfMQ6x6Mzsej6/jWgVV\r\neW4AusBZCUWiww4xmo+olAqOF6P1ev0opQwcYvFKKXW7XC7f12hybkKTF0bRx5g5caSVbYfd\r\nFrFlbjaxjY+Z+etyuexdNTeoByMgbPN9W+9lShKJTdiftsjMbO6u65g3b6ItVo+x6SfZmo0x\r\nAE1xdkKRUuTYHcWi7/u/oo8JIaZKKWq7WEwYz7XuasNY876+xPSBK20ygzlf7BQI0E9M9au1\r\nlZTWuqxWS5XQNpGY5jdL9F8eYl1thqSUIyL6bnusK43TAaiDs5v1nJb1ev243++tYlAIMR2P\r\nx631VKWY4TptwKzCKKUCz/N+JYjEb1rry7LCVZ7nnZzrWCkP+slxdJvj4Va3koqbTdyESJxM\r\nJp88z/s3hUj8prUe1SgSneP5mPlr29MKAKiTc/QoPhLRm8haQIeK6FesVqv5eDwm2+58MBh8\r\nGY/Hv9t4QSljhqvNk9akQFJKfYmrjDTeiGkF4SpbEVAnvbGhsYWB+X4sttvtPwivvcbkJY6i\r\n68z8pLVu7d9eSnkZV7lbp0g0DbNnRDSytNh6gZnvtda1FwXFXCPvka4CwGvOUShmuikasXhh\r\nC0MNBoPb8XhMbRKLZc1w9TyvFa1xzM3PWpF4xExnKL1NiVLKOupvt9u1YnpFEiYn7EUcWp4S\r\nmHm2mDJjcOUlGq7bKqoTRGJtOZUm5+8TpctDLCU9JCuunpJmI9DqtAIAmuAchWJmVqvVjVLq\r\n0tZiZjAY3EopH9uQz5Iww/WqDTZmIVTVbBWJzPxsmu9W4uVh5mnUG8LM31osFl5GFtLBa5hm\r\nnnVQrVXdIa6wwXiaWrlBSBKJdVTuSilHph/iNO55Vf9mkzCbv5OekhjPB4CbcxSKNrEUJL1o\r\nuVxOlVJkE4uhHouNCTGl1E3C5IVFxkPabjq1XkTNbF2XSLw3zY43VZxbSnkxGAzeWh5qjVgw\r\nQjocTh5lPYZpQXL2mDZSrrxEStFKqhHSiMQqxY+U8sL3/Q/MfJ2iH+JX0w+xETFm0mlcRT6t\r\n74kJQFOco1DMfZFaLpdTE4Z+JSCEEBdNikUzecE6h7bA5IUTgWZGINaC2fm7Zut+rjrpfTgc\r\nTi3nfWqDVylteC8JIyQQaiMiE4K3Ch3jRW6liDDtZhoRiRnzECvb1KUhoXjlc5vShwBoG+co\r\nFAux2+2mQohFtBejEOLCXLRrzfdKmLzQ+AzXPCQ0CU+dZ1nk/A6R2qhILEsgEtUjtruCUmpG\r\njs80ZWP6RlBKBWSxu2qRmCZv+GgHHfohLqqwIy1x/WT3+/2P1Wo1q90oADrE2bXH0VqfiAwh\r\nRLQK2sl6vf6ttQ4cFcCBuXjXQkK/tM62ePB937Xzn9Xh2XFVvTZV8aqUCiaTyU8zczoocixm\r\nXm+3278gEg+ExLeLymYLF8WRa/dUpUicTCaffN//FScSmfl5v9+/Xy6XpbWpKoK5nli7OOx2\r\nu2kDJgHQKc7Oo+ga4yelvEh7cV2v17/N9JZHIcSf4cfMxXtRirExmBtcXFPdQl4QZr60hJMq\r\nF2ku747Z+Vcu1ExFpG0ax33dobMyPYhEbi9iqAhmGmqb877N/QLLICkv0aQazOqzKD0x3sRK\r\ncgCPXkSypKREzv9Za90aca2UuiX75/RswuGtsBOANnN2HkUiez9Az/OCLMcwFxibGKvcq2iS\r\nsq03uLL6pTkS0yu9qJpmwVYvSR07f5d3qe7wYxYPomkzEovLiyilHE0mk5++7/87GAxuQl6X\r\nwPd96yakT7g81yGmddmSg2l0gZmfqogipPEi7vf7H9vt9v+Wy2VjxSpRymoVBsC5c3YeRcMj\r\nEcnI2iVlzEFbLpd3SqmnOr2KbWqqWyYJ0zAq3/nHjfMy56/Dm5rag8jM98x8Z6rw/4x5nnXe\r\ndejzdt38E23oMkqpG4p5j6YdzqI2gzIgpRzZui8w86zk8yR6EY95iDm6KlSKKfCbOh6u5fcM\r\nQF84V4/iwrIc5DzWzHasKmYEp2iFUabX64/ogta6MrFmJiWMousmXLqo6rxEyRWRVVc6Z/Qg\r\n3jPz38z8fTAYWKdLmOc9M/PfrhSEuNZDx/NkeQ9dIq6i/kibx1x6njeLrpXtTUyZi/i5LXmI\r\nYZIK/NrQuQCALnGWHsXdbrcYDF5r5CwFLWFWq9Xc5LW98up4nndNJYauEsRM6VWOthtEVbtw\r\n1+7fTJSYVXHOMAnjvCo7f1YPIhHNtNaPJmTqfE3SpJokodTmSt+iGM9xbFidmb+2NT8zxptY\r\nSv5uWi+iye9rnVdOSnkZIxI/drXAD4AmOUuP4nq93pjZwK/Im1to8yoKId6Zm1Jh4to71NEv\r\nrUrMje9kGsZxUkLV5zcj26aW81c2ziuPB3G5XAZEdOF53r+u15hq04+r1co5YcLVeihMn/O3\r\nXJutI+Z7N6vRpEyYDegrmPl5t9vNix47ixexjd+PY8TF9hgzf2tqGgwAXecshSJRueHn1Wo1\r\ntxUV2EJEWQmJRJvHq5JWGDbBnKZoIg8xN+7KG/Qa74NTpFbxueYRiFrrR6XUFyGEU+QcNwxJ\r\nN8OkAo79fv++jSKgDMz0oqSq3dYUY0QxIv/Em0gFW/hIKS+VUr/o0DzbStvbKpkRgr3L3Qag\r\nDZxl6NmwIKJXE1aYOXdeITPPou1qjFdxllfwJIjEKmeT2oTEpuyTmJC97b19qzqP6PjZ2h4r\r\ne5xXnhDzMe/LiHZnLqJ5jbVgJcp4PL6Os6HPobk0eYnMvG6z18nzvJMxeeY6kNvmyWTyiWIE\r\nojlHq5uzp0jL6WUaRVNIKUe+7/+53+8vhRAjIcQlM48cI0QX2+32n7ZuvkA6zlYolpmnaI53\r\nJ4S4EUK8KgIxXsVpnmPG5M5V3d7BJkpKPVdMK5qnOi7sMd6H0hqVFxGI5ub3SQjh/CxM+sRV\r\nmmICl/c0dKzehubS5CUaWisojDfRJnTneW7CXc9FPJKwme50Wk7TTCaTN8x8YYTgpbleBsfH\r\nw/fPmBGOgRmPWevEMlAuZysU1+v1Y7TxthDiQkqZK/9mvV7/Ni03XomfvF7FhnuAjSxrpV1s\r\n4xodV+glfcF8ttYbS9FG5eb4uQWief0VEd0mhIhjC1Yi9lxRjFAyRTvTpON0kThvUxjT0H1R\r\nk1mZGQ6HU9t7yONN7IMX8UiKzTREYkrMb+UtEV0fP9OjAIyb5Z2CoLBxoFHOVigSHW6QUS/i\r\ncDi8pJzeM631jQkPRb2KU0q4MIdxiUTDVQ07/JFlbVHWwc2IvJOb3n6//1j1e4upsH7WWgdF\r\njl1UIJqQjnWSRNhOZp6l9f4liQLjdam8aKgpXEIiym63a603kYjIFjZn5m9ZNqB98SIeSbGZ\r\nhkhMgVLqLRFdxdxzwJlz1kKRDuLnlVA0bUfmeQ7m8ioS0QcpZaqEc5NwP7U9tt/v39fk9Yg2\r\nIyet9aaMA5sq4xNhwsz3VYc+zeQXa/i1yI1FSnnp+/4XyikQiVJ7eVLfxI134JaInCKw4jzX\r\nxklouvwCM39uazscopf3MYquZ6nO7pMXkeglv3lqe6zPVftlYYp/PtBBII4aNge0HAjFU1GX\r\nO0+RyO5VFEJcmLYWs7jXmhuCNeHeiMR5EdvSIKW8sHn7yriRxozoq7wVTlwIMm+lr7nYfkop\r\nRqwC0RSr3JLdi3t8bSYv4tFzlFAAc/S6bNIcs2vEbQrCFC0GqQPHbyaVN7FvXkSil+vkyWdC\r\n1O+q/aIcQ8vmehUUOZa5nm3Mf49a683xc59MJlzMUtA2zloomubFr9aEECMp5SjvDTSvVzFp\r\nmkBd1aie51lz98o4tvG6uVrhVOrVMgnVo+i6KeKYZzlWGQLRXLS/JB3D5CJep/0+pslvNHRG\r\nGOQh5rv2ClPh3lqPqsubSCmiHn3zIhK9VK83fp3sEmYz+o4O3sPE38QR0xJtQ0QLZv4thHjU\r\nWj/G/V7G4/G0oLmghZy1UDSibi2EeBVqNWJpk/e4Wuu57/vRohanVzGa6y4DAAAXtUlEQVRO\r\nJJZZhZsG0+Ygulz4RmpGGgaW832tYUTejePcmVpnpKlEDh37iYiube9tPB5/EELMEho/PxHR\r\nNEuqQRphQPRyQ630M28S13ctikl3mFduUAEcuYmxc6j76EUkevm7tuI62XZMvvM7ZnZtNKyY\r\nTgpzrfVNHmeJw/vd23Gg58JZC0XDgk5z8gIiyn0jXa/XG6XUN8uorROvoimAcF38vpVRhZsF\r\nVy+sosd1TJR4qvr9ufrnZcnPk1Je+L7/gZlP+thZjvtkwsRzy3FS5TIy82dzoU4l0NPkI4aO\r\nndmD2jVs3zUbbe+vZ7yJNrE3c72mj15EosQ597VfJ9uKUuroObwiSl+tvN/vfwgh5kU27THe\r\n71neY4J2AKF4EEFRIVEoT5HokGju+/4roSiEuBgOh1dkwkZmh2xtE9PUNAHTLyu6VsijaPIe\r\nbfNpZ0WOm+K8Tg8EHarHNwmvfxGIRHQRd9FNEIgXvu9/oOQb+L3WOlOz7zT5iEdMC5hp2mN3\r\nEdd3LYopYGmtN828D9vUIKs3sa9exCOuTgl9bu2UFvO3PxamZAktr5l5vtvtcvXijNhw4fIm\r\npunzCtrN2QtFR55i4k03CZdX0fyY5il2yNOiNuTBZo8QotCNZTgcTqNrzPxcpWcr7vM1E0gW\r\nca83O/MbShaIz0R04/IAmpzBL5RcrHKd9fPIkI9IzLze7XbTLMfvImm8iaape6sLWGxTWAyz\r\n6EJfvYhHTKcEV0Pt3rZ2ikNKeTEcDt8JIa5zhJbvzPWqtA2D+b7a7JiVdQ7QHGcvFI2gexJC\r\n/BleV0oFRXdCDq/iSCn1hYisDXSbHjllm06jtS50QXFUcs+LHDOOBJH4I6562AjEWdLFN0kg\r\nmoKXL7ZWQJHjfDNexEw7+rT5iOYclcwEbymJ3kSqoXiqCFLKkc07E24KHhYKFL8J6awXkSjW\r\nU3WWU1dMz8Np0nUlyn6//0FEd1Vszl1Tg4zDY1H2+UD9nL1QNCzo9AYTUMHcvBivolUINn3x\r\nM6POTihij8kRPDluVR6dBE+t06uWViCa48TmEGYpVsl6Ic2Sj2jO0+teiWFc37UwpnhqUYtB\r\nOfE8z9rWZ7fbXUdz0OLoshfxiOd5N47fUaur1cvEXNPekcO54MKkw9zsdru7KttgubzfWfp8\r\ngmYwefN/7Pf7y8FgcMHMl0Q0CnnwF9vt9h8IRSJi5kdLXlNQxrG11jdRr6LDhsZ3yJ7njaJr\r\nRSvWTNXdq7X9fv+jiguXSab+4hCJT8az8urzzdgs+5vW2jqOMTT+KlZsHj2ReW7gps1Fqkkj\r\nIeqY5NMKXD1Ij5jvwKwmc3JhittsDel/e573K22aQZe9iEfMZ2HLbe69pyrkMXYVNFk5hpaJ\r\naF7HZ2ScC4WnBoHqODoX4jaXx7ndljSrwPf97xCKRLTb7RbhAedE9hBsHtbr9aNS6mRUYJi2\r\nhAbLLmSRUo4Gg8Hb6LoQYp73mC4SWgxZRfjR+0gJ/fYSBGLqRHJTrDLNegFN23MxSo2TfBrH\r\n3LCChKe13gvlaiSd1pPUBy9iCFsxz3Pbq9WLkDe0zMz3pjDlrs7vuOd5J5ET8zea1WUDiMf0\r\nEA4KHCKAUKQXMfcsIjOapZSXRXflpgHpyUi8I6Hdf+M3sLILWWJa4pTaw6+ISEwID1uFXch7\r\naE2ytxznmQ5h5szvezKZfErTlsdyztr6ytnCF0KIl/8NPXWx3W7/qeK77nneLO5xk9/Xhd6R\r\nQZ4X5amYbzMxBSyzNlwry6RA1fITHXoezpvw3plcWlu0LFcPRlAZQZEXM/M9hKKBmRdCiFfe\r\nr+FwGBBRrgtvBi/QLyrQ3LtkgugCM28KHM8WNio1N7EKkRgzTSXzBZ2ZvxpvZKabW3i0X9pe\r\naKFzVtpXTko5Gg6Hb6NhsWj4whXGIKK/S7bngohOPNdHmPm5jxXfRigcK1g3TdtTFnEFLFXP\r\ng6+L0G8oU9Uy0eH3TUR3VQ8qSMK2OevCSMy+Y7THGzrksRfqCmA2oFcQigbjOYvebAI6tEjJ\r\nRJbedkKIqed5gVLqY9M/fCL6I7oghNjkOZDJFzwRU7vdbp7neDbiKn/ziETj+bsKC8Ss3sPQ\r\nsXJ5eNJWS8ecd11FayWXOMxBUJZNR4bDYZJwb4XHvgzqzkFrgrgCltqNKZEis5ZNz8ObukPL\r\nLlz5o3TwJjZu37kRuj5bc5zTcqyO3+12j+F7F4TifywoMp9ZREb7pSGuoMKF2VF+V0rdaa3f\r\nN/VDswmAvDcjW2GBSXAu5b0ppW6JaGp7zNWHMkkkGmH5GHpuVu9h7h5lWaa/xJx/rbUO8rzW\r\nYVNZ4vCFKsZ5ufL6judrwQYsNcxszWeusr1Jm+hjAYvJO7yifKHlVnqMHR7f1vcn7ROhavgg\r\n7/XZfMcWlOChhlA0LJfLxWQyebUmhBhJKUdpfqRpQs0mZHDpEqBCiCvP84LxeDxbrVZfs72D\r\nYpgpJq8wwicXji/uJu/xwiilbl2fcxGRSEQb034kq/ew0G4/3JQ7obn3VyL601EV+1xGrmsV\r\n4jDCrMyDGWExsj12/EzKPF/VaK2vPM+7E0K8KXNyRofoRQGLiQwcN5qjtK8LeYwbDy27MGkx\r\nQXS9j/mjbSIaUi7iUKDDBuQurUMDQjGEbTdv8hTnca9LCjVHJ28opWZ0ECO2UO+FEOJmMplc\r\nbbfbj3Ulp3ueZ/vS5T637bMUQnySUqb+ctqoQiQy83Wd3sOQXSPf928pefbzvdb62vO8DzEi\r\nMShiRxFxaD6LR2b+LYQ4/u8nSzVk6eO8jAfW9Zi1Ur3NmBtt0LQdTdD1Apa8LW2ImqtazoPL\r\nm9h3b3cTVBBSXuS5JkIovuaRInOehRABxQjFpFCzrafZcrmcSSnnnufNY9rmBL7v/5pMJrOH\r\nh4fPmd9JdgLL2ibvwbTW177v/4qum2bRf2U9XpLHNo9IPL7UVQzjOE/hXKEMs59f5kcrpW5c\r\n7z2PSDSVym+Z+SqnOFyHbmyb8GOu/FQq2Zvoar9k7LvvS+HDOdDlApYCLW1qaYhdJq42VMw8\r\nq9uWvjKZTN4w8xXVEFJOC4TiaxZ02jzUGiZOG2p2jWczF4bAhB3nNu+iYaaUmhLR+4pzdGw3\r\n9k3eg5mWQ5+jF38hxKVSapal15v5rH+6fjRmdrP1ZmI8vU4vYRoPYhnewyPhGdIJ53yZ/mKE\r\nl7WZ9H6/f5/WplBOy0s4LEtFdZw4DJ3jQghhCx+W7k30PG/qeqxrIedzp2sFLAVa2lQya7ku\r\nhsOhLaKxhjcxPyZN4RhSDojoImunC6J8IeW0QCiG0FovfN9/tWaETRCphM0Uao5juVzemS/K\r\njaOK7Fjs8lMpNddaf6woNGF7L4W+bMvlcmbGqr0S20KIT0qpf7XWP5LeSwqR+N71OSulZkXy\r\n7MqsNEw7ASbauzGu/U/cez+SN5E+ZE+iOAzjGudFJXsTDVbxzMyfu+KhAd0pYCnS0ma/3/8Q\r\nQszbmneYFsffad6AKZ2mDK8hUfGQclogFEOs1+vftikqzHxNZu5znlBzmvMS0VQpNaeDd/FP\r\n2/NMK50rpdT7Ci44J+fUWm+KHlRrPbWFoIUQc8/zfptK76+2zyuLSJxMJm/2+/2lEOI4pzLI\r\nY2/ZO37zHj4Jx3zv0HmfiOg6/Hc1N1BXj8jPNpEYaucTUE3iMHTukS18aJpdL7LaEYfZBNhy\r\nTtc9mkxyFsRUrTcuqkpoadObYiTz+z65Fu92u8b/Tm2nRK9hqSHltGS3tOe4PDjb7fYvU0ww\r\ndb02LtScBXMTdLb8MCy22+37MnYRrvf88PBQyvcjzfth5kciujl6GZNEonn+hg5V5KOiNlbR\r\np2w8Hn8QQlgFTei81tnPCQU4r/IxQ+LwKm/Cc15xGEYp9d12/u12+39l7naNl/p7dL1oUQ9o\r\nhslkwjEPL/gwlnBRlz1E/WxpU5TxeHw9GAxepZWYjVkV3RE6T1lewypDymmBULSglNq4vHo2\r\nsoSa02KEwk1MsQuZ6tKbosUuSql/o2LL5JQFRY4bOcejqy1Q5Ly/6bBjCvKW/6elAu/hcdcY\r\n0MH+Udzz9/v9j91ud20ZEZgoEstoY2MqLe/KSKY33s+flnOUOns44bP5p+uhvXNEKbWIu84Z\r\nKheMfW5pUwZKqV/Ra01cfvi5EfUaFmhf88zMC6ohpJwWCEULcXlhUfKEmjPacm28Uq5il+OY\r\nvTshxN3Dw0Omhsau98rMf5d5UTY/orgq79ooy3sopbwcDodvjqHutDcX43WYuj7fyWTyk+yV\r\nhU90aAqfqc9jmFBOS2meU5f313j4RmWG3WI+m1I3NqA+zPfnLuW14ZVgPM4ZDz+BmS8cbXai\r\ns8edz01Dl1raFMW08vo3ul52tKBrlOw1XNBhs7EoybzSgFC0YC5cmzhxRlReqDmNPcPhcO5q\r\nBWKx646ZF7vd7kfcj9i8z38d/e6CYlbbz5emLUwV7Pf7j0KIxyI/wlAeZEA5doxmpziL24Gb\r\nz+h/eW20nZOMt0NrvSj7uxqXIpCm2CYrtjAlQs79wDRynrVhM+miiy1tygBh5wN99hrGgWIW\r\nOyMi+h9ZZh8TVRNqjsPc3K9MK52bpLC4EOJKCHE1GAxulFIbMjsVrfV9WCi4KlTLmoIQ6iQf\r\nUMEdVxLmAv5oE9Om8CNzeGQymbzYbv6jwWCQ175UmwrP84JcJ3h9rtoSnk2LKJv3ppKWGRxp\r\n5A6R2B/MJi5om2DsekubMjjnaudz8RrGAY9ihCqqmsvEiK+Zq69eChbH/5j5zuJNtDauzmBb\r\n5cKQD/OCH5l5E/US2jxOaYpyqrLd2DpLe2EwjbUz/21DSfTzur6brik5VYq3cApDtJUQ6BdN\r\nC8a+tLQpyrmFnc/VaxgHhKIhTQNtokM+4HK5/L+azHKSptglD8z8txCCQ/+25fAEkdec5P4U\r\nOP+aiEgIIY9eQiHEIxE9aq0fk35sCRWUlXMUsUS0yBLqTTvOL3KuY6Xyou6NS0xuKzx8oFTq\r\nFIx9a2lTBucQdi5rxn2XvYZxQChScgPtKFXkXuXFfMEDkzd3lZRX2TZCP6xMwspF3ULRCMMF\r\nES0K5j9aizQs52s8DFa0CTgAebAJRnP9eHXNMN0gbL+Nx+hztda/samJp6/VziV1juiN1zCO\r\nsxeKSaFmB4uHh4e/KzOqAEb0Hl3mrcjxCVO2MIxSpVAMXRQWZXvxkuyuos9jHuLa00AkAtA/\r\nbNemroadSxKHvfQaxnHWQlEp9SVuYgYzf6ND2xlbc99S28dUgQmnB/RfrkXq3pBlUbUwjJKy\r\nJ1sqjkUhpoL8sUrPg83uNngPw2RpAg4A6Ad5877bQlFxeC5ewzjOsuo5xdSPV1XNSWP92ooR\r\nZXfmv2OS7s8yJpm4qFsYRtFaX2XoyfaKo+3M/Fj3BUFrPQ0VabTCexjG/GZuIRIBAG2nBHF4\r\ndl7DOM5OKJo8l+9ZqpqZ+aRR9GAweCulHHVpd+F53sgmEpn56ehtNF6sqPdqEfn3q1wfrfWm\r\nLZ+DEVZB03ZkxXx+QcNmOHHl8JrfS+Z2SmbTIoUQl8x8SWYUI0dGOZZhOwCg/5QhDrngGNO+\r\n0hn3cRmMx+MPg8HAmYAb1+vONtava54UW8EEMz8tl8tRIwaBTuCa1W1EYpAk6EKNykfHKTZp\r\nzmv6tN0tl8sfeewGABSnzaFniMN6aMUfu2pCYbMr13OSqrhclZ7b7fb/dcHz4ZrFiwIEEIdS\r\n6sqRo/ustQ6I6Lfv+39G2igF5jmltE06jqjUWn/FxRyAemmbUIQ4rJ/eC8Wk1jdp+765xvqZ\r\nuaOzEk2uBIc3EfNxgZOE4pXfZfXOzMhiu91+bENxDwDngKMjw+zh4eFzXTZAHDZLr4Viiikr\r\n91rrq7QeQVsIjpl/a63/r81eRZc3sQuV26A50vZ2bIhab1QAnCuu1l3M/Ki1fl/Vpg3isD30\r\nViimaH3zdblcZkrCl1Je+L7/v+h628O38CaCPFTdvDw6ilFrvfE875oOjeMTWzmZG9Xfbd6k\r\nAdB1UrQcK23TBnHYTgTRyfiwxXa7fd/VDzlN6xsimuad36mUmkcHpLdlrJ8NeBNBXsoSinlG\r\nMSqlruggGN/FPW+/3/9YrVbO3GMAQDFMh4I7IYRs2hYbEIfVI4hOPU5dvfjmaX2TFdeA9LZ6\r\nFeFNBHlJIxQj7ZQW5n8fieh3GW2TpJQXw+HwSggxc3kZ21KBCUCfcXU/aAKIw3o5CsVWVTXl\r\noUjrmxznuhsMBm8jx39cLpd/FT12mcCbCIrgCjk1dZF25Ahj0wNATZgCt3kT3kWIw+bofMPt\r\nMlrfZEUIcUNEbyNrl0qpWZsqoB297+4hEkEawlNu2nCRXi6XMynlned5N0KIN/v9/sdut5s2\r\nYQsA54iJxl3W5V1sw3UHGI+irZn0drv9q+0tKMpqfZOHGG9LK7x18CYCAACoCnP/vckzLjUO\r\niMP2cfQobojolVD0PK+JHmmpKbv1TVa01te+7/+yPHQrpfyr6UpMeBMBAABUhXHABE3bAapn\r\n0LQBeVBKfRkMBrcxIvHrcrlMHC1WhPV6/cjMJy0BhBAjz/NmVZ03DaaoJ7A8NKvVEAAAAAB0\r\nmk4JRSnlhVLql6s/IjM/M/M/Wfsj5mW5XM5ML7hXCCE+mPYejQBvIgAAAADK4CgUbTl8QY12\r\nJKKUCjzP+zcmH3GttQ7y9kfMi9Z6alqERLmVUtYevoc3EQAAAABlcRSKrZ5sMB6PPwghrDNn\r\niV5a31RStJLEer3eMPMsui6EuPA877ZOW6SUl0T0PboObyIAAAAA8tDq0LMJNX+P64+43+8/\r\nLpfLaZPFI6vV6ma/3/+Irgshrsbj8bQOG0wFmktMz+qwAQAAAAD9Ik4oNlr1bELNP139EZn5\r\nebvd/lVmf8Qi7HY7awhaCPFFSjmq8txxIhHeRAAAAADk5SgUF5bHMg/kLgMp5eVkMvlpQs2u\r\nfMR7rfWoTX0ejUdzGl0XQlyYOdqVkCASn7XWtRT2AAAAAKB/tCb0LKUcKaVuTW/CwPW8Olrf\r\n5GW5XN4x8zfLQ8F4PC5dsKUQiY3kbQIAAACgHzQuFKWUF5PJ5JPv+/8KIaau59Xd+iYvWutr\r\nZn6Krg8Ggy9KqXdlnQciEQAAAABVMyAi0lrbvHN/WtZKZTKZfPI8719KKLYwoebaW9/kwRWC\r\nJiISQsyVUv8qpd4VaZ0DkQgAAACAOhDH/zOZTDj64MPDg4iulYHxrM2EEKO45zHzEzPPVqvV\r\nvAo7qkQpdSOE+OB6nJl/CyFuttvt17RhdCnlpe/7b5n5GiIRAAAAAFVTq1A0zaBvUwjEZyMQ\r\nW1HRnBel1KMQQiY9j5nnWuvPtgHoSqm3RHRFREHc5waRCAAAAICy8eo4iVIqMGPlgrjnmfYy\r\nN1rrmzYWq2RFaz31PO9GCPEm7nlCiKnv+1Ol1B0RzenQmujK1RooCkQiAAAAAKrgxWOolNoI\r\nIV7lJW6327+KiA8p5cjzvE9xRSpHzHSV6z4IxChKqYCZrweDwduyjw2RCAAAAICqCHsUNxQp\r\nYPE8L1fBhZTywgjExArl/X7/Y7fbXdvCrn3BNLxeGOE8E0KUUv1sinyuIRIBAAAAUAWlhp6l\r\nlBe+739wFVuEYeZ7IpqtVqtFmTa0GSOGp1LKa8/zronoWgjxR5ZjmFGBd7vdbtFncQ0AAACA\r\n5ilNKJpK5hsiuhDCXQNjegxed6HVTVWY8PpMSnkzHA6vhBCzaNj/iPm8FkR0d86fGQAAAADq\r\nJywUH4koWnQRkH283wtKqSsi+tLnVjdVYQTjnIjm4/F4KoSYCiHeMPOaiO601ncIKwMAAACg\r\nKcJCMVMRyblWMleFEdDzhs0AAAAAAHghc+jZFGR8SdO6hZm/aq1nEIgAAAAAAN0jSSi+FKTk\r\naHUzQ7EFAAAAAEB3CQvFBRF9ijx+maeS2bSDAQAAAAAAHSbJoyg9z/uXkiuZ13SoZF6UaBsA\r\nAAAAAGiQWKGYwoOISmYAAAAAgJ7yIhS11r9930/1omMl83K5nFVkFwAAAAAAaJhX8eTJZMJJ\r\nL2Dmz2h1AwAAAADQf1K3x0ElMwAAAADAefFKKDLzvRDiTXRNaz2FQAQAAAAAOC9eCUWt9dTz\r\nvLkZI4dWNwAAAAAAZ8z/B2aRz5QfJsWdAAAAAElFTkSuQmCC', 0, '100', 1, '', 1, 0, 'submitted', '2016-05-09 19:12:46');
INSERT INTO `final_drives` (`final_drive_id`, `student_id`, `course_id`, `has_corrective_lenses`, `has_permit`, `instructor_id`, `final_drive_date`, `final_drive_student_signature`, `gif_code`, `final_drive_instructor_signature`, `final_drive_total_deductions`, `final_drive_total_score`, `final_drive_template_id`, `final_drive_comments`, `final_drive_hours_driven`, `final_drive_hours_observed`, `final_drive_status`, `last_updated`) VALUES
(45, 6, 4, 1, 1, 2, '2016-05-10', 'iVBORw0KGgoAAAANSUhEUgAAArEAAAExCAYAAABrgvpoAAAABGdBTUEAALGPC/xhBQAAIABJ\nREFUeJzt3b+PI9myJ/Y4ZFLYBR5wSzIu3rWGMiXgIUtMLrBe55iyuq61WEDAsCFHXtesI3nN\n/gu62hMgo9nOCrK6+i8YlvAMGU1O8Wo9GVNlDa71ugAZC1UyQ0ZF1mQlzzn5O/Mk+f0Ag5lJ\nssjTbLIYGRkngggAAAAAYGBU3wsAAAAAgG7M5/NXzDxVSk2JKEz9dx3rx8fHn3e73W3d9ZWB\nIBYAAADgyLQUrFox81UURe93u933Np8ngSAWAAAA4Aj4vn8+mUw+EFHY1xqY+Y6I3mw2m3Xb\nz4UgFgAAAGDgfN8/9zzvF6XUWd9rISJi5usoit60mZUdtfXAAAAAANA+1wJYIiKl1IXneb8F\nQfBTa8/R1gMDAAAAQLvKBrDMfE9Ed0S0ZuY7pdRdnUv/QRAsiehSKfUny93Wj4+Pb3a73V3V\n59FBEAsAAAAwQLYAlpkfiOiWGgpWc9Yx9TxvpZR6ZboPM39XSl19+/btfVPPiyAWAAAAYGDy\nAtgoisKuW17NZrOFUurKlpVl5lupla29NgSxAAAAAAPiYgCbWtvZeDxejUaj16b7SCD7Y91N\nXwhiAQAAAAbC5QA2LQiCkIhWSqkfDHdZf/v27cc6zzGu88MAAAAA0I2hBLBERL///vvdn//8\n59VoNPrXSql/q7nL9C9/+cv0999//1r1OZCJBQAAAHCc7/tnEsCeZ29zLYDNkuB7rauVjeP4\nzXa7XVV5XASxAAAAAA4bcgCbCIIgVEr9oruNmX+s0jkBww4AAAAAHOZ53ochB7BERJvNZh3H\n8RvDzV983z/48+VBTSwAAACAo4IguFJK/U/Z40MKYBO///777V/+8pf/OhuQK6X+1Wg0+rd/\n/vOf/4+///3v/7no4yETCwAAAOAg6bv6Vnfb0ALYxGazWTDzTfa4Uup8Mpl8KfNYCGIBAAAA\nHBMEwcVoNPqkuy2O40aGBfQliqILZt5pbgqDIND+mXVQTgAAAADgEN/3z0ej0Rel1L/K3hbH\n8c/b7fZ/7WNdTfn73//+n//85z//X6PR6N9n/4xKqfN//Md/vP/9999zg3R0JwAAAABwhHQi\n+M3QC/bzZrNZ9LCsVtTtWIByAgAAAAAHpFpp6QLYm2MKYInqdyxAEAsAAADggMlk8sXQSmsX\nRdFFH2tq23a7XTHz5+xxpdTZZDL5YPtZlBMAAAAA9CwIgk9KqUX2uLTSmu52u+89LKszQRCs\nlVKvssdtZQXIxAIAAAD0aDabXVoC2PDYA1gic8cCpdQ7088giAUAAADoyWw2W4xGI9Nl88WQ\nW2mVIYH6peamMAiCUPczCGIBAAAAeiCttIy9YDebzXXXa+rTZrNZGwYhaLOxCGIBAAAAOub7\n/rnneab2Uh+32+2q4yW5Yqk5ps3GIogFAAAA6JjneZ8svWB1l9VPQplsLIJYAAAAgA7NZrOF\npZXWyQawKUvNsYNsLIJYAAAAgA7psooSwJ5EJ4I8RbOxCGIBAAAAOhIEwVIpNdXcdIkA9oWl\n5tiLbCyCWAAAAIAO+L5/RkRvs8dlpOy6+xW5q0g2FkEsAAAAQAc8z1vqNnNFUbToYTlDsNQc\r\ne87GIogFAAAAaJnv+1OllC4L+3m32931sCTn5WVjEcQCAAAAtMzzvGX2mIyVRTcCu6XmWEhE\r\npDpdBgAAAMCJCYIgVEodDDZg5vebzWbZw5IGZT6fc/bY4+Pjf4lMLAAAAECLDC21HqIouupj\r\nPUOjKynwPO8cQSwAAABAS4IguCC5/J3GzGipVROCWAAAAID2fMgeYOb77Xa76mEtQ3WXPcDM\r\nyMQCAAAAtEHGy041Ny26Xcng3WUPKKXOEMQCAAAANMz3/TOllC4LuyOit/P5nOfz+S8yAAHK\r\nQxALAAAA0DTP8y51gw2UUr5S6kL+NxyPx6tuVzZIa80xlBMAAAAANMn3/SlpxsvqjEaj1+2u\r\n5nghiAUAAABokGm8rI6ufRS8FEXRneawjyAWAAAAoCEyXvanIvfFxK5idGN5sbELAAAAoEGT\r\nyeRT0fsy83K32922uZ5jhiAWAAAAoAFBEISkGWygE8fx1+12i4ldNSCIBQAAAGiAbrysDjPf\r\n7/f7RcvLOXoIYgEAAABqKpOFJaIFRs7WhyAWAAAAoL5FkTsx8/vNZrNudymnAUEsAAAAQA1F\r\nOxIw881ms1l2sKSTgCAWAAAAoAbP8xZ595F2Wrn3g+IQxAIAAADUU2Q610LX7xSq8/peQF98\r\n35+Ox+PXSqmFUuq8o6ddPz4+/oyecAAAAMdhNpst8qZzMfPHzWZz3dWajs1sNlvojquO19Gr\r\nngLXF5j5exRFPyKQBQAAGL4gCH61xRTMfB9F0Tm6EZTn+/6Z53kflFIL3e1HH8S6ELhmMfN3\r\nZv55u92u+l4LAAAAVBMEQaiU+sV2nziOf8ZQg/J83z/3PO+TKXZj5pujLCdwMXBNU0qdKaU+\r\nzWYzQiALAAAwWIu8O+z3+1X7yzguUqLxwVSmwcy7KIoWR5OJdT1wNWHm1WazedP3OgAAAKA4\r\n3/enk8nkN9t9ZLTsRVdrGrq88gEiImb+HEXR5W63+z7oTKz8YV8T0WWVwJWZd8y82u/3123u\r\nGJR1rpVSfvY2pdQiCAKKouhn1MsAAAAMQ5G2WkqpVfsrOQ4FygcemPkyfQV7kJlY+YO+JaKL\r\nvB2BWV0FrlkSyF6ZmiEz861s+EIgCwAA4LggCP7FFoMw88NmsykVo5yqouUD2U3xgwli62Rd\r\n+wpcdYIgWOUEsn/te40AAABgNpvNFqPR6JPtPsz8ebPZLDpa0iCVLR/I3uZ8OUHVrKtLgWva\r\nZrNZzGazte7Nr5Q6H4/HV0SE+hkAAABHKaVyhxtEUYSOBBZBEPxElsSkrnwgy8lMbNWsq6uB\r\nq46kzq+UUn/K3vbt2zcn/14AAABOXZG2Wsx8v9lsph0taVAkeF0qpaam+5jKB7KcysRWyboy\r\n8wMRXUdRdDWkAQLb7Xbl+/7tZDL5te+1AAAAQGGLvDswM7KwKankpDV4JbKXD2T1HsTWzLpe\r\nSdZ1kJuhdrvd7Xw+73sZAAAAUIDv+1PTvpa0/X6PEbP0FONNJpO3zHxZYDRvbvlAVm9B7Cll\r\nXQEAAGD4irTVYuYb10sa25YOXonoTCl7lSQz30j2tVRs13kQK7Uk74goLPozx5B1BQAAgMHL\r\n3dDFzKsO1uEk3/ennue9S7oNFAleiWi52WzWVZ6vsyC2bPCKrCsAAAC4QjZk514SP8VSgmzw\r\nmoeZPxPRqmrwmmg9iJU/2AelVKG2Uci6AgAAgGuKtNUiopOKXYIgCInobYkY73MURcumyi1a\r\nC2LLROXIugIAAICrZENXkc3nJ5GFLXN1PRXjNRa8JhoPYqXbwDul1GXefZF1BQAAANeNx+Mw\r\n7z7SG/Yog1iJ7V7RU9AaFgnoJXi9kgRlKzFeY0FsyTYK98y8LNNGAQAAAKAnRS6XH1UAO5/P\r\nn4NWKrcZv/XgNdFIEDufz98VaaOA4BUAAACGRin1Ku8+Qx8z6/v++Xg8fqWUCovWuKb1EePV\r\nCmKT0WFENM0JXh+I6Gqz2SzrPB8AAABAl4IgyO1nP8TesLJ36RU9ZZnDoj37s/pMUFYKYovM\r\nvSXqNqUMAAAA0IKwwH2WLa+httSE1JCegtZpnceTHq9XfdYBlwpifd8/n0wmH6jYbrSPshMN\r\nwSsAAAAM1Wvbjcx8U7ffaVt83z8bj8c/KaUWBbsrGDHzPRGtmXntyob8wkGsjIn9hYjyUuqN\r\n9gADAAAA6IO01prm3G3Z/krKkSvmF1VqWxPM/MDMayK63u/3axfjukJBrEyp+GCrl4jj+Ot+\r\nv7908Q8JAAAAUNZ4PLYGgS5lYWXwQBK8VqpvjeP4KxGtJWh1vm9/bhA7m80Wo9Hok+n2ZO7t\r\ndrtdN7mwU+D7/rTvNQAAAIBRmHP7soM1GMnmrLf0FLhOy/68xHBrIlq7EoyXYQ1igyD4ZJq4\r\nxcw7Iroc4h/aFbozPHldAQAAoEe+75+NRiNjPSwzf+4jBqpT5yoxxpqI1lEUrV2oa61DG8TK\r\nDrYPtgA2iqJw6H/4vimlfsoeY+ZVD0tpxHw+f8XMSasO3Qdr/fj4+Fe8bwAAwHWe54W226Mo\r\nWnazkidV61xlQ9a1dIq6a2VxPTkIYiWA/cUU3cvGrUsEIvWY5jDv9/vBTPzI9pijnGEXRBRO\r\nJpMvRPRjB8sDAACowxgsMvPnLgLCqnWu0uL0mohWx3zF/EUQK0HJF1sAu9lsFp2s7MiZSgmG\r\ncJYUBEGolHpHJcbQpVT5GQAAgK4Zp3S1mYWtU+cqG7OuT2Uy6osgdjKZfCIibQAbx/GbU3lR\r\nujDEUoKawSsAAMAg+L5/bgog28rClunFn1nPjplX+/1+dWpXyZ+DWN/3z0jzwkmfsEsEsM0Z\r\nWikBglcAADgl4/E4NN3WRha2aC/+xDHXuZbxHMTqCpiZ+UE2cDnfK2xIhlJKUDZ41TVGns/n\r\n3OYaAQAAmqa7WkpExMzvm/6uTgLYvJrXU6lzLSNdThBqbl8hgG2e66UEZYLXVLuOa3yoAABg\r\n6HzfP9NdLZXE3lXDzzXNC2BPrc61jHQQqytgXne0jpPhcilByeD1hoiWCFwBAOCYWKZ0XTVd\r\ncyp7kQ4CWLmyuTzFOtcyPCLzWUcURevOV3TkXCwlKFNMfqrBq+Y1Qs9bAIAjpJQKs8fayMIK\r\n03OhlLMAj8hYD7vDF3TzXCslCILggoi0Z4Jppxq8EhHN5/N3dDhaED1vAQCOjFwt1dXDNp6F\r\nJXr6blVKvUr9PwLYEpJyglBz27q7ZZwG10oJZrPZW6WU9czylINXKbY3tp0jdGsAADgqnud9\r\nyB5rMQtLURRdeJ53rZR6xcw3URQtXNvk7bIkiEU9bAdcKSXIGytMdNrBK5Ex+woAAEdK9oXo\r\nvqfXbV2ZlscN23jsU+AREaEethsulBIUmMq2I6LLUw1eC2Rfn8lrBQAAR0A2Nuv0vvEa9Dwi\r\nbU3GDephm+VCKUFeL7o4jr/u9/vFqf7dF+3Vl3KSrxMAwLEJgiAkQ0Z0v9+vu1wLFDcieqrJ\r\nkMvHJDUZpvYSUFHfpQSz2WwxmUx+NQVozPxxu91eIIA1vj4PXa8JAAC6YcrC9t09COw8ItRk\r\ndKHPUoIgCD6Z6l/bHCvs+37uJXkXyBn4F0sA+56ZvyulsgX/d22vDQAA2mXLwro0iAgOefl3\r\ngbr6KiWQDVy/WOpf76MoumirlYfneZea53SqjnQ2my2UUp90t6VfnyAIlpq73LW6OAAA6MJB\r\nR4KEC4OIwAxBbAf6KCWQy+NflFJT3e3MvJNedK2UD/i+f0ZErzXP20qbkipms9liNBqZAthW\r\nXx8AAOifJDKMG51RSuA2BLEd6LqUQD6UHyyXxz9vNptFW89PRDQejxfZ52fmB1dmP1cIYKea\r\n+yHABQAYKJlWaupIgFKCARj1vYBj13UpQRAEH0aj0SdLB4I3bQewRERKqbeaw6u2n7eI+Xz+\r\nrkIGdpq9r1IKE1UAAAbK87xL09VKIpQSDAEysS3rqpRA6l8/6Ro1y3N2NspOGkZPs8fbmnhS\r\nRhAEn4hoobvt1FuMAQCcCil50yVbiAilBEOBILZlXZQSJA36bXU9skHprsnntVho1nDT9y+E\r\nnC4Nn7fbrfY28adWFgUAAJ3zPO/K1hMcpQTDgHKCFnVRSpDqb2oKYD9LBvauqefMWc+ZC5PJ\r\nsvIC2LwSC93re6pTzQAAhky+mw++p9JQSjAMyMS2qO1SggITuH7ebredXsI3tNW672tDl+/7\r\nZ5PJ5AuZewDmBrCG9loAADBAk8lEuycigVKC4UAQ26I2M5K2AFamSy22220fZ5K6s9tV14sg\r\n+qNPLhFps9RFgnzf96ekqZtKJtwBAMBw2AYbJPq+cgjFIYhtiWxuaqWUIC+A7WoDV1YQBBeG\r\nDV2rrteSN+ghjuM3RbLDcsZ+8DpHUXSQcQYAAOcZBxskUEowHKiJbYmu91wTm5tcDWDl+RfZ\r\nY3Ecf+36skxTAexsNrskzRk7M3/s6zUGAIBqbIMNEiglGBYEsS2wXK5Y1nlclwNY3/eno9Ho\r\nYEKXUmrV8TrOPc/7rW4Aa2qCLaNol/VXCgAAXckbbJBAKcGwoJygBabgp85udpcDWCIiz/MW\r\n2WPyZ+7sskyTr5G0LNNtmEMfWQCAgckbbJBAKcGwIBPbMFMWlpmXVR/T9QBW6DY/ddYZocnX\r\nSGp7dZ0lPqOtFgDAsOQNNkiglGB4EMQ2b5E9UKfF1BACWKkzOljffr9fdfH8QRCETb1G8svu\r\noPBfHgebuQAABiZvsEECpQTDgyC2QaYGylWzsEMIYImIRqOR7s/8uYvL7hJAm16j+7Kvked5\r\nS8MlJ5QRAAAMTJHBBgmUEgwPamIb5HneMnusahZ2KAGs9FENNTet2n7u2Wy2GI1G2qbVMmo3\r\nLBN4Sls0bU/YLmt7AQCgGXmDDRIoJRgmZGIb0mQWdigBLJF5QlfbtaNNB7Di4PHk9V5UWSMA\r\nAPSnyGCDBEoJhglBbEOaysIOKYCV+tHGyieKms/n75oOYIMg0JYRMPMSZ+cAAMNTpKVWAqUE\r\nw4QgtgGWmptVyccZTABLRDQejy+ya2XmhzZ/GQRB8IkM/XbjOP5aJYD1ff/cNJwibywtAAC4\r\nx/f9c9J3CtrpjiFZMUyoiW2AIQv7EEVR4QBoaAEskfEs97qtDVBBEHxSSi10tzHz5+12q70t\r\nz2Qy0Y4hRDcCAIBhMpS67YiINcdXXawJmodMbE1ySf1gUhURXRUN5oYYwEpXgGn2eJnAvYy8\r\nAHaz2Whvy2MZLfvetdccAAAK030vX+umOaKUYLiQia1JpoAcXFIvGswNMYC1jGS9aXqtvu+f\r\nTSaTL2Qozq8TwEoZiGm62rLKYwIAQL90vcuZ+UF3X5QSDBuC2BosU0AKZWGHGMASWcf3LZt8\r\nHt/3zzzP+4WIDs6ciYjiOP65Ts2qtF7Rjpat+pgAANAvXe9yIromTXYWpQTDhnKCGupkYYca\r\nwJoC9ziOvzbZVisJYHWXfuT53tQJYIMguCB9GcFHjJYFABgmS+9ylBIcIQSxFVmysKu8LOxQ\r\nA1gi8/i+/X7f2CaoggHsqs7jk74n7H0URcuqjwsAAP0y9S5nZu1UR5QSDBuC2Ip0WVii/I1N\r\nEqB9GmIAK62odH1hPzb1i0AC/N/aCmCJrHO0LzFaFgBg0HQlA1dEdKG5L7KwA4ea2Op040k/\r\n5wVzpgyj6wEskb4Vlax72cTjS4D/pc0AX0bLHgTicRx/3W63+IUGADBQQRBc6PZr7Pf7a933\r\nVxRFqw6WBS1CJrYC3c5HIqK8YE7aRA0ygDWN75OJVrWzl6kSgqnmORp5fSxlBA/7/X5R57EB\r\nAKBfzLzIHovj+Ot4PA419713+TsXikEQW4GhLZM1CzubzS51fU6HEMAKbQ1pUxOtpMSi1QDf\r\n8zzbaFmUEQAADJTv+9PRaHRQSqCUWhFKCY4WgtiSLE3+l7afGY1G2qlQRHThegBr+jMTUSOb\r\nuSRDffBLpskAVup5dSUgGC0LADBw4/FY9x1yv9lsrpVSrzQ/giD2CKAmtqSyWVgJnrQBrGxS\r\nWje7wmbJYANdLezNZrOp/Uugqwy1pZ734LkBAGBYdEkKIlpJnexBK0y0UjwOyMSWUHbUaqrO\r\nU7dR6WPdXfZdMHVhoAYGG9gy1Mx82VQAO5vNFqTvG3iF9ioAAMMmG3an2eOycQulBEcMQWwJ\r\nZUat2gJYGQzQWF/VtljGsn6uexYbBEE4Go0O6myJmmmjlWb4M+wwWhYA4Cgssgfku/mONC23\r\nCEHs0UA5QUGm1h1kyEhaNirthrIT3vO8ZfZYEy21fN8/J6IvutuazlC3Xc8LcIp835/K2OaQ\r\niNaPj49/xeZI6IOUvOn6l9tKCRDEHglkYovTZmF1GckgCK5yNio5/8ve1E+Val6Czymx+Nxk\r\nhjqnnnfd1PMAnBIZSPIr/VGiE04mE+1JKUDbDBu6HiQZEmp+BAHsEUEmtgDJ5ukmSC0N99Xt\r\ngh9MAEtkvAT/kDeRzCYngN1tNptF1cfWsUxVQxYWavN9fzoej18rpbK/H442M2kZmR32sR4A\r\n3XcVEa3k37rpXes21wPdQhBbgKkWNpvNk+ylts6zyY1KbQuC4IL0gw1qjWWVbI22xCKKooPn\r\nq0MGG5imqg3i7wHcYwlc05LM5I9drq1tlgCWmPmmjzXBabNstl5JZ6CD2/b7PTKxRwRBbA5L\r\nTeUy/T+2Os84jn8eQieCFN0l+Ps6f4YgCJL6uezjPkRRdNF01koGG5SeqgaQVTBwzQrbXFPX\r\nbAGsWHa5HgBbudhut7sNguDgqmEcx1+P8QrJKUMQa1G0plIuk38y1XkOqZl+EATaqVak2f1Z\r\n4jGvcnrB3lV9bB3pqqDLwn5ESy0oyvf9c+kvHPa9lj7lBbBNdCsBKMuUqKA/TqjQleAEIIi1\r\nKFpTKb/gtZfJm67zbJPlEnzljVCmGmHRyrSytroqwOmYzWZvR6PRYE4+21IggMXnCjpnSVR8\r\n3mw2a5QSnA4EsQZFayplZGondZ5ts1yCX1R5PGlvYusFu67yuDbyy8vUVQGXkcAq0zoqFzPv\r\nmHllGSs9WAVKCIgwMAR6IJ/RF9InVOPxONTcfoPvgOODINagSE1lzsjUxZA+MLYz2ypfUlIj\r\nbNrk9r6tGmHLeNmTz6qBnWxo/EREtqDtOXDd7/fXyWdjPp8fVRBbJICVufTLDpcFYNx4TKkT\r\nKkPfWGRhjxCCWI0iAZ1tZCq1dJm8TZ7nmYK/0u2ofN+f5vSCXVZcplUQBCG10FUBjluqpl03\r\nnpKIngI2Zr5KB66pn5+2vcYuyefoS04GlggDQ6Af2o3HyfeKXI07uDqKUoLjhCBWw1JTeUn0\r\n/CHRBrBtXSZvk7QG032Bl74ELwGB9gtQamsXVdeZx9AKrVZXBThuErB9MmxmJKKnDYG2IRyG\r\nS5e7BpbXOalh115BSZPPMoIC6JRl4/Hz59PzvIPPKjPvUPZynBDEZkgW1lhTmdOwv9GRqV2Q\r\n2l/tmW3ZS/Cp18ZUI2zMdNU1m80WpM/CLtt6Thi2IAg+KKWMwSkz3xPRosCmRt37Ou9nnCNX\r\nl3IDWKLqdfIAVckVD9PG42u5j2kELcrJjhSC2AxLwfiVLYCN4/jrdrsd3OU1qf3VBZ3LsllY\r\nz/M+GB7rvu1pZaaBFEM7qYD2Sb2ndkNmIo7jr/v9vlBdu1LqVfZYFEWrmsvsVJkAFq3qoA9F\r\nNh4bsrAP+B44XghiUyw1lcvdbvc9CIIvpizjfr9ftL/CZkn3AO2ZbdkPvXRpWGgeq5VhBmlF\r\nB1IAFGkZRUSL7XZb6FK5fIZePBYzPwypJr5kAIuWWtA5KXnTZVizJ1Taq6itLQx6N+p7AS6x\r\n1FReScP+g8uGqYb9g9o4JJdmTFnnUhllCSIXutvktWntC73oQAqAAgHsTRRF5yVrPUPNscHU\r\niko/3EIBLBE2SUI/DN/NL06o5IRymr3f0K6KQDnIxApT2w5mXpoa9g81gCV6LpvQ1fUuywSd\r\ntixOHMdv2s5IFR1IAactL4CV0dBVMjYHU4GYeV3hcTpnunpiwsw7XJaFrsm+jTB7PHtCpfuO\r\nljGzd60uEHqFIPYP2s1NSqk7pdQvuh+QD9FgLhsmgiBYkuaXgtT1Fv4iz+nS8HPbX3hFB1LA\r\nabMFsKkT0dLvF9kEOs0eH0IrnwoB7MMpbObyff9sMpl8oaffj+vHx8e/DjFJcUw8z9Pus0h/\r\nv8iVxTB7P6UUSgmOHIJYMtdUMvOVUuqL7me6CNLaILVF2rKJMnW9OYHB54pZrVKKDKSA09ZW\r\nAEtENB6PdeVFO9eDnrIBLFH7ZUF9ksDVJ6KQmS+IKAmaQglof+xvdUD6kp11+n8MbTHvUVJ2\r\n/BDEkrHeZqeU+qnPIK1pkrk01b8VnjCWag5vGmawqLHMQiwDKbBzGoio3QBWhJrHXdV4vNZV\r\nCWC7KAvqg+/75zLhL0yOKaWydwuzB6BzYfZAumRHvtd0ZT3LNhcFbjj5INbSPPkHw5ffrosg\r\nrQ0SeE6zx5n5fZkz1pxesJ3UoloGUhwch9PTdgDr+/7ZaDQ6+OLc7/frqo/ZJjnx/FA2gG1z\r\nRHSfZEPb4BIRJ8rPHtjv98+f3fF4rO0QMoSyHqjvpINYU00lEZEpgI2iKGx7XW2YzWaXhu4K\r\nN2XGwEomxxTAdrLJTWpxjQMp2n7+NqXKPUJmviOiW6XULT3V5zl/qdoFHWRgyfO8UPPY9y5m\r\nLG1DSGzaHBHdF9/3p7KpNSxyf2a+aXdFYCO/660t7HRXUonoGr8rT8NJB7Gmne06ycaGIX4w\r\n5BeBqUXJoujjSNb64P5dvzZyCVC3hsFmVtLBa3JMsuZTkolQk8mEgiC4IwS2Rl0EsGIQU7pq\r\nBLCDveJkIh1otF1ZdE5lM5vLxuOx7n37/PmV35vT7B1wRe50nGwQaxphZ7FwMcuSx1a/Sk9/\r\nprsijyOb33RnvJ1u+rAMpBhk/0pd8GpjCGxv6ekX+zqKops2a4J935+Ox+PXSqmFBEbrx8fH\r\nNy7UIXcYwBIRHUzpIsf6w9YJYF284pS9SqGUuiOidfLf375902ZNU78DC4+9Tr1f7ppZPVSh\r\nlAo1h9fJfzDzZbaOmZlb/R0IbjnZINa0s11Hakad+oIqyjJW9mPRP5Pv++d99oLN0LZCG1rd\r\nXtng1Ub+fs+JaCFB7Xd6+nJfj0ajW9OXe1GawDUtlMuzve7g7jKAlSsb0+zxKIrWTTx+E/IC\r\nWGkf+IPmuHNXnHKuUoRJEDOfz4me3vfPNf5y0qvdC2DSwgkPVHdQD0sSxPq+P9XVpRMmdJ2U\r\nkwxiZWe7rqbygPROXba8pFZYxsruil5uSYID3W1db/qQul5dQL7sag11NRm8mkggd5FknpIv\r\nd3r6gr+VbK01SMkJXLPCBpZdWccZWBqPx2H2mDRVdyLw831/6nmedkQ+wj0PAAAgAElEQVQ2\r\n0VOmSimlyyQ71Uqr4mclVEqF8/k8ydAuyjwnAli36N7DURTdEhF5nrfI3iZttQaZcIJqTjKI\r\n1e1s1ynbO9UlOWNlC2VaCrTSWjay2ALkxENX13szhCysrp2PiWwmWcp/nyeZVqWULitRVEiS\r\ntZpMJklg24g4jr829mAldR3AEhEZToDXTT5HVXmvBzNfOnRVRauhE73nDG1RCGDdIln0F2Tz\r\nZPLdpSsHXLW5JnDPyQWx8gsyNwsrv9AuXMmulNXEWFlbK62uN31IeyDdYINOWnrVVSSATYLX\r\nTLuz9H9TEARhg4Ftbcy82+/3vfwdpC6ZdxbA+r5/pvtMuNDOR16PL7YA1jRhz4VWWl1cpTBB\r\nAOseZp5qTkTuiJ73aOi+D1BKcGJOLog1bU7KGupIWaJmxsrmtdKqu8YypCxC1x7s4xD+jmaz\r\n2YIsX8yG4FVL7vN8PwlcQnqqiQ1Nl4mbJkHRsq+hH30EsETGKV33fW8kSb0e0+xtyevhylWV\r\nrBpXKZKxvyERTXU1vkUw800URYP9fX+sDHXMa7lNd1Xu81CTTlDdSQWxpp3tWcz8se+sRFVN\r\njJV1pZUW0XMvX1NLrWVX66jDdOJUJng1kb+La0rtjE+ytST1gUqpP1V9fB1m/ixf+r18Ydg2\r\nLbWdUTPslu41C1vk9fA878KVqypZnud9oj9GvWrZPiup1lmFMfMDEV1HUXSF4NVZYfYAM9+Z\r\nBhQhC3uaTiqIJU0wlCXN/wdxiTqribGyrrTSSkgv36nmJqd2UJvI6znNHmfmv7a1ASGVrb0i\r\net6kdaGUele0I4dOE0F3XX0GsEK3G3rd4vNZFXk9iOg7aeoHXWilJZ8PYwBre89VbJ21Y+ar\r\n/X6PZvju02XWz0x7I3AycppOJog17WxPY+b7KIoK/0J0Td2xso610rINabgZwg5UqZ/sff3S\r\nZaBQACtf8iv5kr/rYHmF9R3AmqYH9flelFpx6+sxn89/IU19fN+ttOTzYarRtZ4wFWmdJW0E\r\nB5mQAH05gWk/y1D2RkDzTiKINQUTaUPfyFV3rKxLrbQSlslci67XUoUli7zs4vnlMuuHvB6Z\r\nLgeuaUUCtpaff6F57nWbz2kjdeuL7PH062Gqx3ahntw0MTHvKkUQBB+UUsaghZnviWjR5hWD\r\nzCY0ZwZ+HDvD5/993+9l6M9JBLGe513lZaGGvJGr7lhZl1ppJWaz2SXp65evhvBlIaUduku4\r\nn9u+HF9yo8zdZrPJ6wPbuyIBWwfL0JUS9JKFNb0e4mK3292aMp1yxWnZ6gJzWFrmfTYFsJJ9\r\n1Z7IJOI4/rrf71vLMBs6KITj8fiK9KOIoUVS073sex3Qn6MPYou01GLmz0PdyEX0XEagC9IL\r\njZV1qZUWkfUy/P1QfmGZskxtBg/S5P5dmQbvZSYZ9SUnYOtkHLRpM8l+v1+3/dyatVyZXo84\r\njt9st9s1Ue7vhV6vOEkLwBdMmzXlJPtdTvb1gYgW2+22lZOKvBNDw+QoaNlQrspBe44+iKWc\r\nzVwu7M6twzLFqtBYWZdaaSUsmfNF12upwpaFbSOL7Pv+2WQyeSt9QEtt3GLmXdPraZItgJWA\r\nrfVMqAwO0f19dj6jXTZC6Zq8J6/Hiuj55P0gMyht9tbtrtLO0iXm4CpLEAQ/EZH1Spq0yCp0\r\nwl6FrPcLaeqK02to47nBDGUEQHTkQWzeZq7U7t1BsmQsC42VdamVVmpN2sx5F5fhm2IKwtvI\r\nwsqX/JKe+mRWeQhnvwQKZBxXXazDNDik680ks9lsYdt4mbwepi4lzPzgyARC3dru0y2SipbE\r\nxHH8c5u9iuWkIbd91ylsLEr/nTDzdRRFP/dV2oUyAkgcbRBbZDOX1NINciMXkfVyYW4PT9da\r\naaWYLjMO4ktCav10Qfj7Jn/hF6kPLIKZnQxii2Ycu1gHObAxyhbAZvtae56nLX2Quv9ef99J\r\nYmGquelyt9t9T64qUM7mRzlRb7WUJKeMJb2Wo88Ipjb+nhERKaUuJpPJGRH92Md6UEYAiaMN\r\nYvM2c7kyJ7wq0+VCKSNY237WtVZaCVPdoQtfvkV5nrfMHpMgvJFsUdG6V2Z+KDLkQCnl3Geg\r\naMaxba5sjJLPuimA/ZxuIyWbPLWlD33X/ee1nEu6aRDR1PQYXUyKk0D6CxXbGHn0GUE5odSN\r\n/Q77WM8pnDRAcUcZxOZt5hr6Ri5ReGNEmouttIisu5V7//ItSgII3fvuqokgfD6fvytS98rM\r\n7+kpELBuaCR6HozgjJyMY6efWxc2Rvm+f05P9ZgHJIBdpI+53JbOkli4kl62oe3n2+48QPT8\r\n+zF3gljChde1TTknlF/bfG5mvsmO0T6FkwYo5yiDWLJs5hr6Ri6i6hlLF1tpJXS7lYmGVWtm\r\nCSBqZY3SGSpb3at8yV+Ox+NwNBpZS2lkbU5tRskLYLv83LqwMSo54bR8XheZ+0/J0bZ0phM8\r\nZv5OTyfktk1T9/TUeWDd3gqJZrPZW6XUsujmyGPPCNrKKZh5t9/vW/3dHEXRhed510kgm2zg\r\na/M5YXiOLoi1beZKBhp0vaYm2XZK52WpXGullZAgLcweH9KXhGnHdZ1SCN/3pxLcHzxu5jl2\r\nRHS53W7XtkBQY1llXW2wlbh0HcC6sDEqJ4Dd6U7uxuOxrrzIibZ0uhM8IqKcrgMPRHTV9vqr\r\njK8lInLhdW2DvB4fbAFsF/tJ5PHDNp8Dhu+ogtgCm7ku+s5I1FV1p7SLrbSIrAHDfVN1pF0w\r\n9bWtcvm7SF9MefwHZr7MtFUqFMC61O0hp8Sl0wCWqP+NUfP5/B0ZTjBsAYShRr73z5DpJNWm\r\n7bZZiaR9limYlkD6QimlfX8eG9toZ6Knz2MURYPZowDH76iCWNtmLmnFsu54SY2qmrF0sZVW\r\nQgIGJxuyF2XJwi4rPFZuX0x57I9RFC2T18hWO6n52dza6a7kZBxvug5g+9wYlVePaQtg5QT+\r\nVfZ4H8MY0uQk1dqrO01KBy6L9Liuq8D42ucOCPP5vO3l9C55/9kC2KGX4sHxOZog1raZSzaE\r\n9J6RqMP0ZZCXsXS4lVbyd3YQMLjQkL0kbSa5TNBTtGWWLkNlCwQNeq+RJCp0ybzz0p++NkbZ\r\nsq+yhnvbJVxTKUHf5TgyuW5a5L7M/D6KokY2QdpIh48vOT3EX5wkHru83yFddgUBKONoglgy\r\nnO2b6seGxvJlYLy042orrYThEvxD2xsGmiQnCVPNTYsiP1+iZZY2Q2XbrGd6HBdq+QoEsJ33\r\ncJYTxVBzU2tBf5Hd8KmMoO310AX8rWczTeTP9Zb063pBTswuu/h9ZGkXlazlgYgWXWSCXWF7\r\nTbIlSwCuOYog1jJ69SGKoouhn03LJU5jf0XTz7jYSishl7/D7HFmXrqQJSzK8veyzvvZIi2z\r\n8ja32OrXDHo/QcjpktFLAEtE5HleqFlPa0F/XvZVnv99kecfjUavs8eiKFpVXVtVQRD8JCdk\r\nYd59uwyQimzekmB68N8XZeR0BHno+2odQJ7BB7GmAE8MfiMXUflLnJLds7XmWTa/ynI8zzsI\r\npuQS/GDKPizTh5a2nyvaMks2URiDestmPe2gA9tJT1dsG0f6DGBFqDnW+OtVMvuaG0DI+yn7\r\n8w9dBR/y++YtES1KXBHo7HK9lOp8spU15I2vZeZ7pdQP2cd1ZXNkFXkttNqeiAbQhMEHsZaM\r\nzvsh/4JJmMZekuESpwQJ2t22fbfSyjjIHFXZCNWXnOlDa8PPlGqZZXv/2jbrEdEdEfnZ2/ru\r\nsZgTwLpw1eRgYxQRrZt8giazrym9lBKUybompDfxsqvfzQVrjS8KBGt3RPQiiGXmad319cGV\r\nFloATRh0EBsEwZXuC1E2Bi17WFKjbGMvdV9yRbJc7ay0HKnBehFkSy3sYOrQpEZZ1+pskT1W\r\ntWWWiW2zHjMvR6OR7j3zsc+rEgUC2LDv9enWFkXRuqHHbzT7mnFwQkgtBbFVsq6JvGxnk4qc\r\nMJZsF7WmzElO0Q1rLkELLTg2gw1iTTvbu2xI3jZb+6nsgQJBgjMtq0ajka6LxLUr68sjG4B0\r\n773P2UCsasssy3NbN+vpXlsXWmrJLHpbANv3Lvowe4yZd02NC6bms69E9Px78OCEsOmykSAI\r\nXtNT4FqpYwQz77oKYKW8wjgFrMrmLWa+05T+hFXX2Ae00IJjNMggVoII0zzxo2iLUqb9VMEs\r\nlxO1TZbRmKtOF1KDJQu7TP67Tsssk7zNevv9/lYX4HbVpN8kCAJtRsyx92aoObau84AtZ18T\r\nunrYdcXHekGymT8xs6kDRxmtbyjMu0xOVH2IglJKd/8fNMechBZacKwGGcTadjYPaWNQDu1m\r\nrmyWeUgBLJF5Q9dQ6pd9358aamE/73a7uxKlA6Wauufs6P+82WyWQRCsdM/T55eTbfOIY+/N\r\nRuth28y+ZjReSpDNuto2HyaY+Z6Zr5RSP2V/FxXt1lGHBGlfbMF2ndd7s9msswMPhlJOgBZa\r\ncMwGF8TKB9J0Sav39kFNsLQMO8gyu36ZVkO3oWswJx6e5y2zx+S1vixSOpDXMsvyvMZa581m\r\ns5CaTl0pQannaZItgHWhT3FaU/WwHWVfn59LF0hVqS33ff9sMpm8LZt1ZebPRLTabDZruXqk\r\n69e9LLueMmaz2dvRaGTtLEBP5QPrOs8zxA4FaKEFx25QQaxkwUxDDZyZBV+HZdf7QZZ5IJdp\r\nnwVBcGH40l11vpgK5P2nreeVk4nQ9vN5LbNMLK20njfrjcfjheb2h74yLHkBrEuZH+lZ/IJM\r\nuypVgtFh9pWIiDzPOziZj+P4a5l1S9lL0mWgVNZ1v9+v0s9Vp2dyFRJ4Wz93cRx/3e/3Te0H\r\nuKMBdShACy04BYMKYmW3qfaSyDFM5SIi8jzPlMl78eez/YIiIid/OUmW58Wxsl+6ffI8T3sC\r\nZRp3nCjSMsvE1korvVlPVz9NPdUZy5WEhe421wJYIiLP83Sft7uiP99l9jVDV0qwzvsh3/fP\r\nxuPxT0qpwiNhiZ4+q0qplaUEJtQcWxZ9/DKKbN5q4TL5mgbQoQAttOCUDCaIDYJgSYYz7iPb\r\nzKW7JPwiy1wgy+Vcqyrf96e6qUJKqVUPyylN/m5K7cyWL9Jl1TptWyutdKbdlOGOoqjzMg25\r\nfKkN9l0MYEWoOVYo2Ow6+5qmy87bSgmyWdci5FL8KoqiVZUWaE1nYYvUnEuQ1vigmyF0KEAL\r\nLTg1gwhibVO5TmEzVzrLPKTLtGnj8Vi3i/q+7wlSRVmmwmnJZczLql+kea200hk9S4a70nNX\r\nlVN/1/uoYwtdNi+31VlP2Ver7N+5BDWviWjZcNa1U77vn08mk9d5NbvM/HGz2bRyVc7VDgXS\r\nu/cVPb0XtSe0RGihBcfJ+SA2mUBlur3vKURNKbKZa6gBLJFbl7vLkgxWWOS+ySaSbBu0MvJa\r\naaX/nl3JcOcEsE6MOrbQBaJr0537zL7mkbWtmVkR0U/0FNQUGkqQbDqsmnXVCYLgQxRF76tk\r\n/ubz+StmvqBUYGaq2ZW1X7S5L8KVDgWpoDUkorDIGlz/fgCoyvkgVhr+T3W3MfN7F2s/yyqy\r\nmWtodYZpcil+mj0eRdGq88VUUDQLy8zvoyi6qnOpztbPURcMWlqWdZZBk3IGWwC76GotFR1k\r\n06IoOvg7dDX7mrEkKrZBK8HMN8y8auN3iFLq0vO8iyAIfi7ynpT2Xhfyz1mRP0eTm7dSrewu\r\niGj9+Pj41/Tj9tGhwPf98/F4/EopFdJT0FropIQILbTg+DkdxMqXoy6DZxy9OkR5m7kGWmeY\r\ntsgeYOabPseMFpHU31F+14FKDdSzcvo57gzBoK6GurPyGtnZP+QAVptNywahLmdfq5DM5UpO\r\nuu4aeswbpdRBv115fb8EQXAdRdHP6edLlTtcdF1znqWpJw2l+8GPqbvdUcsdCubz+SsiCpn5\r\nnEoGrZl1OdmlBqBJzgaxMpVL++UoFh0tpVV5m7nyLtO6HsBa+peuelhOYUV7vjaV5cj5e35u\r\npZX9Gd36umpZViBrvOhiHW2Yz+dc9L59ZV9NQWPez7SVdY2iaOF53rVSytfdrpS68DwvnM1m\r\nSyKi0Wh0QRU3RsmJ42WTr7lc9ctm2cPM/6+p4Q4FSdCa+id53MqP2cbrA+AiZ4NY03Qioufi\r\n/XXHS2qLcTNXgTrDReurq8mwoau3/qV5ZNSmtv9uGjN/lJ6vtS9hFuznePA8uqsUMjms9Z3H\r\nOQHs7lha3uXpM/saRdGFBI3WQFayrtdVehSXIY99LqVPS6XUn7L3UUqdKaUqZU7jOP5KROv9\r\nfn/d9J/DdNWPmW8y/6/rUPBWAtHk9jtZ7/fRaPQcRH779u1Gsr3pelZjaUoZ0sZvTUTrKIrW\r\n6D4Ap8LJIFZ+CWovLTHzfXpG/ZDZNnONx+OLoQewRMPZ0JVMLKL8S8aNTP9JnrNOP0fDlKnW\r\nSwkKBLBH34PSgdpXktc4JHq6osPM5/KeOFdK+cy8k6EE113+fWy32yvf96/H4/GVbtNhUXKl\r\nY01E123+GUxX/XT9x3UdCuRzEMp/Px8fjUYv7pfdFFaHBNdrIlofUUIHoLTq1ytaYvuCJCJi\r\n5h+P4UMrAcxv2T9n8sVzDAGsZDV/yx5/fHz871y6zCXdBz51ucu3bj9HKUP5JfMz95vNZlp3\r\nbTZ5dbtDDGCDIFiXuSw/pNrXvslQgqvsZiiTJGtMRNddbU6cz+e/kObKSxzHP+vqbcuUmjQh\r\nCeaVUreEoBXgBecysTllBEcxWpbIvJmLmVc5o3UXrS+uIYZSgp0rAay0qvlQdEMJMz9UmUuv\r\ned5zeZ8bA9gCf8+1pkxVEQTBB1OT+aEGsESlLsujzrCkzWZz7fv+WupNjZt06ancYdX1azub\r\nzS5JH8B+NW0Yq1KLXEYqA73e7/drvN8AzJwKYmXEpumL/WhGy1o2c+2UUu90wa38Ul10ssCG\r\nuLyhazabvZW6vTI7f2u1zyLKv9JQItNbqrdpHQWyxvdDDWCJXl6Wh+bJ63vp+/5KTt5fyRWn\r\nVZ9BmgwU0e5J2O/3C9PPFT3pKUqC+DUzJ0HrXROPC3AKnAliJbCz9eNspA9g36T+SptpNe3q\r\nZead7Zeqi3zfn5Ydi9n2eso2CM+qW2+acym+VKcDqX/MHmv88yGlFl8sV0eMG8/geMjErA/0\r\n9PlZS0nFusxjSLAaNr+6aqTnr86F7f2cPemRzwgRPX8uk8/KVP4heup568t9dvT0Gt4iaIUu\r\nSYnfD8x8lm4lR/Tivbt+fHx8M5T3pRNBbF47LclCOjH+sC7pO1h4R+pQL9NaSgnuunj++Xz+\r\nKo7j87INwmXDhK+pVa616z+n00Tpfo66P4/UzDVGstXGwD2vbheORyqAJXr6PIXz+XxQX3Zp\r\npqt+VTrfZO5f6mfhuCRBYvZ4JmjMCnUHMydEjdK1b0sdC6VDz48Hd3KQE0Gs1CVOdbflXdoZ\r\nkiAIcls3pQ01gCXqtpQgaVsjvyRC+edgd7BNkgmVnzsINut0xCjYQqtUAKq7lBlFUSNBbGZq\r\nkZZp0wscrVB3bEhfdgnf989NExI3m81RlKxBM1Kt056D0ExwGRZ5nCo9f+v0CW5A2OeTl9F7\r\nECv9+Ram25n5KDI9cil5UfT+Qw5g2y4lyJQGnFvOcAtJ93yVncovxHH8tUq2qW4LLcvjTnXH\r\nGxq7mbfpDFOATpBlM1PY9VrqMpURRFG06Hgp0AMpjUl6GIdE1iCViF4GlD0Hl53I9kd2Wa9B\r\nrHwZG8sImPnG1ab4ZUi9r2362AtDDmCJmi8lqFoakEc+qMvkcqC8H8Ps/ao0Z6/bQsvG87yp\r\n5vFq/9Kx1ewmzxFFkbVeEI6TaRqX1HcOhqWM4D1OzIZL+nz7RERxHJ+PRqMXmdKcy/knF6Ta\r\nxHH8dUhXv3sNYuVSlOkL8+EYzoxltvyXovdPZboGGyjUKSVoojTAJNUg/FY31WY8Hoean9mV\r\nrZGTkbXaQRbymLVapek2dVHN9lq29lnynB9xqfV07Xa7uyAIDvqjutJtpIicMoJlD0sCkVy2\r\nTzDzNF1iqAtCTTWjuu+KUw9ME9KHOTlZW8u/b4noexRFd0Osb+8tiDX150swc6sjErsiGyKK\r\nbio6ip3eZUoJmi4NSKR7LSqlbgsGoroa0CI/R0TPwevS1vmgiWEJhse/q/JYBTLGD/Q0oewo\r\nNlZCNa51G6lCfhcfOIZkSV8MG5nC9P9kg828rCjRYdCZsxHJGZkgMWttOH5LRAff+UMNKrvW\r\nSxBr6s+XkDKCY9k0EubdQQKu5RH9mQ8kH8YWSwN2RHRbp9eioebP+iWdjKtl5oUteC3bQiuH\r\n7gug9KXQEu2zcJn1xPXdbaQuea+H2eMoI7Cbz+evkqAzyY5ms6R5igSkrpLvlSTAXMuxu2T8\r\ncBRFt0NPOg1dL0GspT8fEZ3WmbHUn1wO5cugqvRoxy5KA8qSuuVsW60HUwY3Fbxe0lMPSNta\r\nm94MddDCJYqiuzIPgPZZUIbLg0uKQBmBXlJLmg1Q09nT5Hdb9t9DJcMl7uR/01nQNREyoEPT\r\neRBrm8pF9HxmfNfhknohH6TLY+l/W0BY9QcrlgaUpcs0HTyPlD+8SzoO5P1Cb2NUqS4LUvTx\r\n0T4LypITvMGWEpiysER0EjXeqQb32QA1TO5zDIFqanPrHWmC1GMZWQ8vdRrEmgrrE8d4Zqxr\r\nTZNu6dTXulzWRGlABQelBMklI6Ln1lNvi7ZJy3Y+6EPy5SXlG9P0JUHd/dE+C3QMWcyboSQb\r\nTOs/pqAm/VmXnflhtvbU5QA1c9me6GUgmlin/weX8oGo4yDWVkZwLN0IstJzttvIyh2DpksD\r\nqtBlmpRSb4Mg+CGbtbCRy/BXXf8dB0HwWoLUgyxLunzD9AWG9lmgY8liLjtdSEVDX39aqr/p\r\nc4CaPSkt8llvkmEj0zpzn7t0QiCKou/4DoSmdBbEzmYzY8shIqJjzQBl52yfAktj9K5KA0oz\r\nrdl22T3z858lu37X+OIKUEpdy79L/yzaZ4HJ0LOYQ1y/XPX5IWkzqLt60lVWNZUhTS7LrxGE\r\ngks6CWKlPYuxjCCO4zf4UByPTPa5j9KA0qIouvQ8b5Vt5m4jWYgrybx2lsG0nSSUfBy0zwKj\r\noWcxXV9/qj1VyMxTMrQY7DBQXTPzd6XULTY3wVB0EsTmDDV4fwxTueAPQ8w+73a7W9/3Q8/z\r\nrnQ7sdNkU96q6+A1ZUlEB+Nxy0BpC+QZYhYzzZX1Jx0AMrXpL3qndhCo3iQBanJ5HzWlx0c2\r\nYb6jp+/f9ePj45tjPxlpvWhmNptdmnrC1p1cBNAGGb96pZT6U/o4M99LP99VT0t7FgTBukg2\r\nVuqN7+SfJMOCwBWs5Mvw4ESJmX8cQhDb1/qlFMCXy//aUoA2pGpT7+SfZAoTAtUjkRksERId\r\nTDYLNT+2/vbt24+tL65HrQax0o7oV10zdelE0Mh0JoCmyZfRVbIhj5lXLgSvCflsrWR9Sd/D\r\n9OVAfHlBZem+zgnJYobaH3CIaQpdk+uXz5+fZFWJSDvRrEmpz3lSn3pLRN+HcFIBxaSz9qku\r\nE7VOhL59++ZeO4oGtVpOYCojkElAYZvPDVCHZCvDvtdhIpeIwp6XAUfI9VrSPJPJ5Avpp9ot\r\nyz5WphTgPMmwpu/TdClAKqt6y8y3Sqk7BKrHJVsPnR0w0VSXiVTv3KPVWhAbBMGS9GP+HmSU\r\nJbJEAACOcaWWtIogCK5I/72Tu34ZsTol2WBlCiqalJT7SLCKKyhHJjO2V5uxb6vThOx7WDT6\r\noA5qJYiVmkJtN4JjbaUFADB0Q87CyvfO2+xxSZw8t5Cz1a2mA4kmgwpm3smGqlt6qk2/PfYN\r\nN8cq1a+XUpf9iV5+bp7/u+shEy4M2ulS46+q/AX/qrstjuM3LtUVAgDAH4Ig+LXNWtK25Hzv\r\n/O9KqX9N3datrpn5br/f3yJp47akZISIKD3lLH1y09UGPZvMYIlbIvqe7IEgOt0JZo1mYuUM\r\nV9v6J47jrwhgAQDcZBlIs+x6LWX80z/90z+Nx+P/U3cbM/NoNPr3TT9npm71zqXBLaCXClZD\r\nubR/ng1MTZn4Lkf1ZrP2hM17Vo0GsZ7nfTJ0InjY7/eLJp8LAACa4fv+meu1sIbNMK+IiJQm\r\nymBm1h0vK9Ombo1BAO7TdI94EbB2GZTqaFqi4X1VUWNBrNQjmS7VYCMXAICjpJ2cbiDNsuu1\r\n6IYDkLkjgDZQZWYu+7zSB/o2VbeKnsoDkA5YSbKsXQ6SsEH7w/Y18rcrffl+1dWMSBlBofnz\r\nAADQLctggFaH0RSZZGVjyrQmAawpC5utW0ULq+FINuXRHyN6w67XkHr/EP2RSSX6o3/vydan\r\n9qGRTKzneZe6AFbKCC4PfwIAABxxMFExu6O/rqR9la4jQJWemHmlAkophbrVYZvP569s2fgm\r\nZfqpruVYetPUd2Tl3VQ7iPV9/4yIDtqaEBEx8xI1HgAAbjJt5pLf3aUzSbbNM01tlLGVCuz3\r\n+/84Go3+t8fHR2TCBiQVsCbvmXOi5vvzMvOO/hgigZOaI1A7iDXVUjHzzXa7var7+AAA0DzL\r\nZq5dkd/debu926hFZOZ/JqL/Vin1X2lu+/jrr7/iyp/jpIb1FT1lVtsMWG8IU8+OXq0g1vf9\r\nqVLqp+zxZCpXnccGAID2WDZzHQSCXQesScaMMju3pY+tLoC92Ww2CGAdNJ/PX9Ef75uwaM1z\r\nUdkxvejNe1pqBbGTyeST7jjKCAAA3CWbuXQJiM9RFN1mAo/WAlbNJCtjR4AgCD4ZSh92URRh\r\n87ADZJP3K3oKVl/UsTbxvkkFrGvC5DOgGkGsaTwhyggAAJyn28z1SEThZDL5l+RYUwFruiMA\r\nVWhfJbW7C83jPkRRhBaOPfF9/3w8Hr9KAtYmp1plWp6hjypoVQ5idbVURERN7mgFAIBmpFpa\r\n/c+Gnt6eUuqHus/T9OaZ2Wy2GI1GB0G3uMCl4+4kGXrS9GOtI1S5loYAAA4HSURBVJORX6NF\r\nFRRVKYi1ZGHf4xcKAEC/TDWs0prq4P5Vp1u1vdvb9/1zpZQ2gI3j+M12u230+eAPqQ1YSZb1\r\nxYlPzQ4TN/SUlUfACrVUCmJNO1o3m82y9ooAAKCwspuuqo5i7bo9kdRX/mLofvNxu92u2nz+\r\nU5MqDQgp8x6qIykLIKL1fr9fI9EFTapaThBqjqGMAACgJekJV6PR6IwyQwOI7Nkx24Sr7PG+\r\n+2nmBLCf0YmgnmQDVmrzVdjUY8t7Z01/ZFnvmnpsgKxKQSwz3yilXqX/Hz3YAADq831/OplM\r\nfqBUkJquP6wy4cpEBgf8J2beutQA3vM8WycCBLAl2Kal1ZXpFrB24b0Dp6VSEBtF0cLzvJVS\r\n6hUz36AnLABAORJcnCmlzqUMYGqqO2wiWDVkYf+Da91kgiC4UkodtMySTgQh6icPpbP0yZjW\r\n9IlPg9PS7olozcxr9GMFFzQ/UgUAAIioWAlAW5KSgDiO75VS/2E0Gv1D9vbNZqPrUtAb6URw\r\n0H88FcCedNCUydKfZYPVpiVTr+ipNGCNEwhwTe2xswAAp67LEgAdWw1rEARflFL/kP0Z166g\r\nyQAG7QAdIlqcUgCrez9Rpm61qSx9gpkfmHlNRGtXykoA8iCIBQAoqMsSAJ3shCsi+m4LNiQw\r\n1F2a/+hSUOj7/jkRfdHdFsfxz9vt9rrjJXXC9/1zz/N+KPJ+alrqxCfpGnDXyhMBtAhBLABA\r\niu/755PJ5E/08pLtcwlAm0Eq0YvNMnfyT6VpRb7vnxGR6dL8svZCGyI75b+YOhG4VrNbRXpz\r\nVR/BapkTH4AhQRALACcnL1BNtJxVfR7FyszflVK3TTZ+9zzv0lB768yY1lQrrWn2Nul6s+h8\r\nUTXN5/NXssEq6dl7TtTJyc9N8j6iCqN9AYYIQSwAHCUXAlWifjJhvu9PDUNpbjabjTOX5iWA\r\nNbXSOiiDcI2UA/j0R7AaEr2sgW6abLa6oxpZeoBjgSAWAAbLoUC1kRKApkwmE+0GKZc2cwVB\r\nYOoF+xBFkTPZ4oSMYfWTYLXlrgDJ++k2OQFCsApwCEEsADjNlUCVqP0SgCbMZrMFaSYwMfN7\r\nV4IgCWAX2eOutNLKG+VL1Mz7LPV+SgerTr2fAFyGPrEA0LukpVCmWXsn/VSz0oEFEX2np6zq\r\n974DqyKkxvS3bIaQme83m820p2W9MJvNLkej0Qfdbcz8Yx+bjkx1rE3JnPzcKaXusLkKoD5k\r\nYgGgM9ld2hJshcntbfdTTQw5ULXxPG9puMS96HotOjLMQBvAxnH8ZrvdrtteQ9t1rMx8n/Tr\r\npaf3FTKrAC1BJhYAGmW4/N9a/aDJsQaqJtIT9pfs8TiOv2632943SQVBcKGUMvWCfbPdbldN\r\nP2fbdayp2tU1PXUEuHWlZAPgFCATCwClJTWD6WlCScCavl8HG6pOKlDNcZDhZOaH/X6/6GEt\r\nL8gwA+1mM+kFu2rgOVqvY03GsDLz7X6/vz3R9xmAMxDEAoBRZqLQwfjLdFCAQLU/QRAsDTv9\r\nl31fypb30C+mYQZVesGmM6y6gLWhTVfGUb4A4AaUEwCAbvzlQRarbZn+l2jWXpCUb/yaPc7M\r\nu81m0+gGpbJyAtibzWYT5vz82WQy8ZNNV9mTqKagjhVgmJCJBTghmUuuB5lVotY3VO1IsqnJ\r\nLm0EDPV4nudkT9icAPZgmEH6RIpevj8bHR6AOlaA44FMLMCRSjoBkOzC7mpzVbpRO+Hyf6uk\r\njEA3mev9ZrNZ9rAkIsoNYP9vIvpflFL/Jv3+bGstqGMFOF4IYgEGrq9SgPSsdvS+7J6rZQS2\r\nADaOY1ZKkWop3Y86VoDTgnICgIHooxTAMFEI4y8d4FIZQTKsgpn/HRH9j0qp/yJ7H2ZuLIDN\r\njGW9xQkUwGlCEAvgoLxSgBaCVQQFA2LpRvC+7cvlqelW0/R7k5mZiLRBqu22PMy8S06g6Kk0\r\nBSdRAEBEKCcA6FWR3pZNy3QBwE7sgemijCDdFWA0Gp1RZqOV5rlrB7DpDVfMfIf6VQDIg0ws\r\nQEfyAtY2SgFSbYPQsupINFlGkJQBUCpITWf9i4wBrhLA4kQKAJqAIBagBV0GrCgFOB1Vywik\r\nPOV5BDARTZuYrpYXwDLz70qp/4eZ14QTKQBoGMoJAGrqsiQAGazTlVdGULYEoC5bABvH8f8b\r\nRdF//7e//e2f23huAAAiZGIBSukqw4pSAMgylREw8/8XBMG/lCkBqIOZ7+M4/k9KqWA0Gv2j\r\n5vaH/X4f/u1vf8P7FQBahSAWwKDDgBW9LeFApgTg3yml/pvsfZiZR6PRv2nj+TNdAW6J6Hvy\r\n3gyC4JNSShvARlEU4oQLALqAcgIAIU3afXrqvdrKFCEErKDj+/75eDx+Je+5F+896a+qrTmt\r\n23M1VU99R3+UqFhbWM1ms8VoNDrICiOABYCuIYiFkzWfz1/RU8AatjGSFQEr6Pi+P01OliRY\r\nDU33zds4VTSITQ2tWCdT1qrUU5umcSGABYA+oJwAToIEDq+I6Jz+CB6e1S0NQMAKJsnJUtlN\r\nf1UCWFsJQF2+7595nvdJd7LHzJcIYAGgawhi4SilpgqF9BS0NpZlRcAKJraSlKZaV8VxvFdK\r\n/TMz31HBEoAmeJ73wdDe6/N2u121+dwAADoIYmHwTJdn07u0q0LACiaSmUzqWBsrScnJwD7s\r\n9/vOL9vPZrOFUmqhWc8uiqLLLtcCAJBATSwMTmYTTNhkH0zpw7om9GCFjEx2v9FewMz8IAMB\r\nfiei/2E0Gv2D7j591J2iDhYAXIVMLDgtm+0iyyaYsmSzy5qZb/f7/RpfxpBI11A3nd0nej5Z\r\nuk299+5SwaIzASzRU39a1MECgIsQxIJTUtmug1ZDdSWBAz1lWdfIsgLRy37A1EKnivTJkqkk\r\nxZTtlJ/vLYCdzWaXqIMFAFchiIXepDbBvOgY0FAt6z0z3xLRGrWskGbryUpUr1NFqu/qmp4m\r\nreWeLLkawPq+P1VKvdOsCXWwAOAEBLHQiTK9MauQDVjp0oC7Jh8fhqnNchSig/fdbdlg09UA\r\nlui5G8HBuqIoWuAqBgC4AEEsNK6tXduJZBOM9MJcI8sKiZY3X90nJQHUwPsup+9qrwFsEAQX\r\nSqkLzbo+og4WAFyBIBZqSdcTmpq5NzhIYF0l2wXHqc3WakQvOlUk063uGnlgYem72msA6/v+\r\nGRF9yB5n5vsoipbdrwgAQA9BLJSSZFlJLs1WbeZuks12oc0VJDKTr1obYNFFpwpL39Xe21Z5\r\nnrc0ZLAv8VkEAJegTyxY2YLWuqpsgoHTYNr014TM+67zEyWX+64GQRAqpX7JHo/j+Ot2uz0o\r\nLwAA6BMysfBCy0FrusVV45dnYZg6aHHlzKa/nDrY3vqu+r4/nUwmn0iz8U2mhKEbAQA4B0Hs\r\niWsraK27axuOm+/755PJ5DUzXzTc4qrRzVdNs9TB9tp31RTAEhEx8xInnADgIgSxJ6aNoDVd\r\nT4ierGASBMFrIrqg1KjgBjb9DSa7b6mDdaHvaqg7yMy77XZ71fFaAAAKQRB7xOQS4Q9k6RxQ\r\nRZJlJUy+AovU6FZtu6ayiky+cpXv++dKKd2O/wcX+q7Gcfx1NBq9Th9j5psoihY9LQkAIBeC\r\n2CORbISRIPWgrrDmJVoErVCIrUygrEyLq8G+73IGGvRWB5u23+8vlVJnSqlX8rovh3SSAACn\r\nCd0JBijV0D3JrIZNPj6CVihDVyZQ1rH2As4JYD9vNptFD8sCADgKyMQ6zlTD2lRDdyIErVBO\r\nU2UCcRx/JaLrvjsGtCUngHWhDhYAYNAQxDqmzRZXCQStUFYTZQJJTSsRXW82m+tGF+gYWwBL\r\nRMTMd/jcAQDUgyDWEbY+jXVIfdvdEDfDQL+a6CYgJ0zXURRdH0uJQJ68AJaIKLuJCgAAykMQ\r\n64i6AWx6ChEz3x1TXSF0A2UC9c3n83dEtMy7n7xGAABQA4JYd4RF75ht6B5F0d2pBQvQDN/3\r\np+Px+LVSaoEygerkBOALPY3JtcIELACAZiCIdQQz3yilXhluQw0rNKahwPXkygRs5EpKoQA2\r\niqIQJ50AAPUhiHVEFEULz/NulVJ/yt622Wwa39wFp6WJwPWUywRsfN+fUoErKakA9uSDfgCA\r\nJiCIdcRut7vzfT/0PG+dDmRROwdV1Q1cUSZQzHg8zq0fRgALANA8BLEO2e12t7KzeZVMztnv\r\n94u+1wXD0UDgijKBkpRSP9luRwALANAOTOwCGLgmAldmXu33+2uUCZQ3n8/ZdBsCWACA9iAT\r\nCzBACFzdYdqUiQAWAKBdCGIBBgKBq5tkU+YqHcgy800URQu8zgAA7UE5AYDjgiD4iYguEbgC\r\nAAD8AUEsgIOkef5bIlrYxpfqIHAFAIBTgCAWwCFBELymp8C11NhXBK4AAHBqEMQC9Mz3/bPx\r\nePyTUupSKTUt+nMIXAEA4JQhiAXoifQEfquUWhT9GQSuAAAATxDEAnTM9/3pZDL5RAVGlSaY\r\n+XMURVdo1wQAAPAELbYAOuZ53hciyu00wMz3zHy13+9Xu93uewdLAwAAGAwEsQAdms1mua2y\r\n4jj+qpRabTab667WBQAAMDQoJwDoiO/7Z57n/aZrmcXMD0S0kpKBu+5XBwAAMCzIxAJ0xPO8\r\nK10AG8fxz9vt9qqPNQEAAAwVMrEAHQiCIFRK/ZI9zsyfN5vNooclAQAADNqo7wUAnAKl1Lvs\r\nMWZ+iKLoso/1AAAADB2CWIBuhNkDzLxE1wEAAIBqEMQCdICZbzL/v0MdLAAAQHUIYgE6EEXR\r\nIglkmfkmiqKLvtcEAAAwZP8/RUbpPAORwDEAAAAASUVORK5CYII=', NULL, 'iVBORw0KGgoAAAANSUhEUgAAAxUAAADiCAYAAAA4Yuo2AAAABGdBTUEAALGPC/xhBQAAIABJ\nREFUeJzt3dt120jSB/BqCngebQTDjaC5aL6bjmA0EZiOQJoITEdgOQLJEViOwNT7gBYjGCqC\nT3omiPoeVNBAYONK3Ej8f+fsmTVJgbDMSxe6LkQAAAAAAAAHUF2fAABk01qPXde9IaKZ3LTc\nbrd/rtfrpw5PCwAAAODVqOsTAIB0WuuJ4zi/6N+Agoho5rru945OCQAAAGAPggqAHnMc50Yp\ndW65a9b2uQAAAACkQVAB0FOe582VUhPbfcx83/b5AAAAAKRBUAHQQ1rrc6XUp7T7gyC4avN8\nAAAAALIgqADoIcdxrpRSY9t9zPx5vV4/tHtGAAAAAOkQVAD0jNb6nIgubfcx82MQBNctnxIA\nAABAJgQVAD3jOM51SnE2EdEcrWQBAACgbzCnAqBHZCbFP7b7mPmr7/uopQAAAIDewU4FQI/I\nkLs9zPwcBMGi5dMBAAAAKARBBUBPGGNmlD5/AmlPAAAA0FtIfwLoAa31ueM4v2wdn8Iw/LFa\nrS7aPysAAACAYrBTAdAxCSh+2gIKZn7e7Xbz1k8KAAAAoAQEFQAdigUUaZOzF0h7AgAAgL5D\nUAHQoZyA4n61WmEmBQAAAPQeggqAjhhjbjICiucgCOYtnxIAAABAJU7XJwAwRBJQzDMecr1e\nrzctnQ70hNZ64rrub0Q0Y+ZzpdSEmce2epuqmPmBiK593/9W1zEBAADQ/QmgZXkBBTOvfd+3\n7mDA8WsjcCiCmZ+I6DYIgq8IYAEA4FAIKgBa5Hne1Wg0+pL1GGZ+7/v+sqVTggb0JXAoipnv\niOjW9/0fXZ8LAAAcJwQVAC3xPG8+Go2sE7MjzPzN9/15S6cENdBajx3HeUcvgwsnaXUyx4CZ\nN8x8vdvtvqHrGAAAlIGgAqAFBQOK5yAIxljM9ZvWenJ2dvZOgodZX3cfDsXMUWrUQ9fnAgAA\n/YegAqBhxpgLpdT3vMeFYfgXWsj2z3Q6fReG4UQpNaOXIOK8qedi5kci2hDRAxE9EdEyCIKn\nuhb2WuuJ4zhXSqkPJX5sud1u/0SwCwAAWRBUADRIFnE/8xaiKM7uj+l0GqUyRf+rVdOBQxFa\r\n6/Ozs7O5UupKKfV7gR9Z/v333+8bPzEAADhaCCoAGlI0oCBCcXZXZKL5axBRVz1EHwKHoowx\r\nF8w8H41Gf2Q9brvd/hddogAAIA2CCoAGlAwoUJzdMmPMByK6qjGIuKeXAGIZBMHyGFOFpOD8\r\niojmSqnfkvcz81ff9686ODUAADgCCCoAaiZXv38WWbCiOLs9Wutz13UvmXl+aHG1BBFLIlqe\r\n4g6TMeZaKXUZv42ZN77v/7ercwIAgH5DUAFQM2PMr6JXwFGc3Ty5Av+JiC6qFFkz8zMzL4lo\r\nudvtln1MYaqbBGD/l7wdaXoAAJDG6foEAE6JTMsuFFAw8xoBRXOMMTMiulRKXZT5OamHWDLz\r\ncrfbPQwhiEhar9dPnuf9sNRZzOllhwYAAOANBBUANTHGLJRS8xI/gvz0BpStl2DmNb0EEQ+y\r\nE7Fp9ASPxx0RJYOKzGJuAAAYLqQ/AdSgyHC7OBRn16tKvQQzfyOiW6TzpDPGPCWLtsMw/Lha\r\nrW47OiUAAOgp7FQAHEhrPVFKfSn6eCnOxi5FDeL1EkR0rlT2dRJmfiai2yAIrrEjUcgdESUH\r\n5V0Q0W37pwIAAH2GnQqAA8ii9leZAmAUZx+ubL0EMz8y8/Vut7tFp63ijDEzpdTP5O3b7fY/\r\n+D0CAEAcggqAirJax4Zh+EMp9S4ZbGBy9mG01mPXdW+o4KRrZr5n5luk61RnjNkkp24jMAYA\r\ngKRR1ycAcKxc1/1uCyik8JdSdi+Q9nSAogEFM3+T9qczBBQHu0veoJRKpkQBAMDAoaYCoAJj\r\njHVxK+1IF6PR6Lvlvm8oCj7YLO0O1Es0IwiCa9d13wzCq2sSOQAAnA4EFQAleZ43t7WOlQLs\r\nC8dx9rpAoTi7OaiXaBx+pwAAkAtBBUAJxpgLpVRa69j52dnZLCUlaoEFbzN83x93fQ6nzHEc\r\n2+v5votzAQCA/kJQAVCQ1npCRNaAIgzDj7vdbuk4zj/J+zA5GwAAAE4dCrUBCoh1etorvmbm\r\nb6vV6tZxnGsUZ8MJsr3msesGAABvYKcCIEdWQBGG4Y/VajWXfv57HXFQnA0nYC/9SSn10MWJ\r\nAABAfyGoAMjhOM6XtNaxu91uLn/cm6iN4myAfpILBe/opZtYvA5qud1u/0T9EwBAeQgqADIY\r\nY66zOj2t1+snz/OuUJwNJ2ycvOHY0p8ygoikmeu634nofWsnBwBwIhBUAKSQ1rGXydsloJit\r\n1+uN1vpcKfXJ8hgUZ8OpGCdvOJb0J0lL/EQFJ7CLMo8FAACBoALAQhYj1k5PzHy1Xq8fiIhQ\r\nnN0uZr5XSr2L/hyG4Y8uzwf6SXYmPimlSr8P0S4XAKAadH8CSJDWsXsTsYmIwjD8a7Va3RK9\r\nBh4ozm5REAQXUSARhuGPWE0LNOf35A1BEGw6OI9CjDEfHMf5p2JAgTooAICKsFMBECNXOL9n\r\ntI6NpzShOLtlUqNy0fV5DIlSapy8bb1eb1o/kRxa67Hrujd0WPrSPNqFBACAchBUAIhY69hx\r\n8j5mXvu+P4/+jOJsgH7QWp+7rntJRIusxzHzIxEtbbuLcv9n3/fvGjhFAIBBQPoTgHAc5yat\r\ndWwQBLPozyjOhqGQVMA3ZHHeC8aYmeM4vygjoGDm5zAM//J9f0xEv9keE4bhD9/3U48BAAD5\r\nsFMBQETGmBul1F5ajaQzzeO7DyjOhqFwHMf2Ot+0fR5JWuuxzI/JTIWTupur9Xq9McYsUt7j\r\na9TmAAAcDkEFDJ6kMs2Tt8dax77mWKM4G6BbnuddKqUWKYE9Eb3upsxXq9WSiMgYc5Gyu7h3\r\n0QAAAKpBUAGD5nnefDQa7RVcE71tHRuD4mwYDGaeKKWSN286OBXSWk/SUhTjmPlzEATXUaAg\r\nKVzW9tCEwmwAgNogqIDByppFEYbhx6h1bATF2TA0KbsBm7bPYzqdfqL8Qux72XXYRLdJ84Wb\r\nlG5uKMwGAKgRggoYpKxZFMz8NRlQoDgboH3R7gQRpe5OMPMzM18l37NE6c0XwjD8sVqtFrWe\r\nLADAwKH7EwxOrHWsdRaF7/t7qUwozoaBmlluayVdaDqdfnJd91dWuhMzfw2CYGwLKFCYDQDQ\r\nLuxUwKDkBBRvZlFEUJwN8EajqX4FdyfWRHSV9v5DYTYAQPsQVMCguK77nSyLleQsigQUZwO0\r\noGDtxOesmRIozAYA6AaCChgMY8wNWdI5JEC4sF29RHE2DJXUEb1L3h4EQe2L8qK7E7LLkPr8\r\ncpy0nUgUZgMANAhBBQyCMeY6ZxbFJnkfirNhyBzHWdhurzuYrmN3gig7oEBhNgBA8xBUwMnz\r\nPG+ulLpMufsi7conirNhqKQmYe89w8z3dT1HXbsTRK/zZqwpTyjMBgBoB4IKOGmyOMqaRbFM\r\n+TkUZ8Mgaa3PyVKTUGcdUV27E0S5AcUjCrMBANqBoAJOVlbBJjN/trWhjEFxNgySNDOw1SQs\r\nDi1yrnN3gojI87zL0WhkTUWMmi8goAAAaAeCCjhJWutxziyKRdrPojgbhsrzvCuyNDOQmoSD\r\n6ojq3J0gemm8YKuTkuMgoAAAaJnq+gQA6habRWELDO5935/l/Ow/yWBEZlikXl0FOHZa64nr\r\nur+St8sO3bjqAj3ancgZYld4d4IoO6AIw/DHbrdDyhMAQMuwUwEnJSegWAdBsDdhNw7F2TBE\r\n8r75nnK3td1yEXXvTsh53tgmZcuxvq1Wq3nZ8wQAgMMhqICT4jjOl5SA4jEvHQLF2TBU8r4Z\r\nJ29n5q9VXvt1107IMVMvGMjxvvm+Py97rgAAUA8EFXAy0lIisobbJaA4GwZHOqTNk7dLyl/p\r\n137duxNE+QFFGIZ/YXYMAEC3EFTASZBZFHPbfbJDkdfnHsXZMDha6zGlt4/NTBW0HKv23YnY\r\ncb/bdlKIXltD35Y5VwAAqB+CCjh6WX3qwzD8mLeAweRsGCrXdW/I3j72yjZlPk3WNOvYMUvt\r\nThQ5LgIKAID+QFABR01rPVFK7aUtEb2mRNzmHQPF2TBExpgFpbePvS16nLyFf5Xdibzjyk5K\r\n7g4kAAC0B0EFHK2cRce3IrsMfSnO1lqPXdf9Pfb843i6R86fl9vt9k+kaUFR8rq37c497na7\r\nedHjFAgoSu9OEOVOyUZAAQDQQwgq4ChFLTAzhtvNCx6qk+JsmQnwhSxXiomIlFJl/jyTKcjv\r\naz1JOEla63NKmTRPRIXnOxhjZkSU9h6svPDPCSgepekCAgoAgJ5BUFETrfW5LOxm9HLl+GOZ\r\nnGQoLtYJZpy8T1ItCgUEUtzdenF2ke44FcxqPh6cKJnzME7eLrsKyyLHkPdO2sK/8jRrz/Mu\r\nR6ORdYcRU7IBAPoNQUVNYgEF0cuV4xvCleNGpE3nLbPo6KI4u0h3nKqYeV33MeH0SDCw19VJ\r\nJs0vih4jYyeh8sI/a0o2AgoAgP4bdX0CJ2SW/LOkGUCNZOFhWxQ9SzFooUWH4zhXKS0qG0l7\r\nmk6nn1zX/ZXWZ78GSAeBTFrrsa2pQfTeKXKMLgKKMAx/IKAAAOg/7FQ0yHGcGRHddX0ep8IY\r\ns8gYblc4f1t6818mb5euN8tDzzPxXIV2J5j5kYg2sZs28T8z80YpFf35WimlEz+PoAIypdUg\r\n0UsdxSbv55sIKCSV0XqhQI77bbVazcscEwAAuoGgolkzQlBRC0nb2EtXInrtqV94Ue04zsK2\r\nuNrtdrXuUjQ0WXjiOM7vyduVUggqIJUx5jolZfCb7/u5n1FN1DrkTcku2XABAAA6pvIfAkVM\r\np1NO3sbMT0EQvEenksMYYy6UUt9t95UdfiWtNH8mb6/a+tIm2p3ISnWq0rs/60rx33//jfcy\r\nWGW85h+DIJjkBQM5tQ6VFv55AYXMmMHgSQCAI4KaigYppc4dx/mptW4qj/7kye8uLeXia9lp\r\nuinF2c9BENSygClSOyEBzKRMQDGdTj9lpJ7cVzlXOH1S12UNyKU1axcBxcRxnNT3iFwoQEAB\r\nAHBkkP5UE2ZeJ/Pcid4EFtixKElrPc4abuf7fql0Jc/z5mRpvSrpUwcVgRapnag6WdgYc0NE\r\n86xjljkeDIfsmO29f8Iw/CvvddjwDoW1iUXZnUcAAOgPpEzUJCs1hQipUGVlpUdI+8tZ2WMa\r\nY/5Jdnxi5rXv+wftJDVRO0FUKOccbTYhled5V6PRyNbtKff903bKE6ZkAwAcPwQVNTLGPCml\r\nfku7H4FFMTmLj0oLaekcZUt9el904JflPBupnSAiMsZ8IKIrFLFCFfLa3NsRkMX7OO39I++9\r\nLwgoAACgLNRU1CszDxg1FsXIoiZr8VG6ywxZWsjKFdtllXNsqnbCGPNBdlRuMwKKzwgoIE2s\r\nTWta+9isgOJnxryIjwgoAAAgDWoqahQEwa3ruta2pxHUWGRLS7uoGlAQETmOc21bYFWpRWii\r\ndkJrfe667iUzz1MG8r1CzjnkkZbJtgX817T2sQW6MVV63SGgAAAYDqQ/1czzvLvRaPRH3uOQ\r\nCrUvLQeciGi73f6vyu9Kaz1xXfdX8nZZYJUq9M5beMlxC9dOxIKJq7TC1dhxsQCDXGntl7PS\r\nBhFQAABAHZD+VDOlVKFWiEiFeksK3a0BRRiGH6suPlzXtRWqPgdBsCh7rLyi6e12+78iAYXW\r\nemyMuXFd9/+IyDqIL3HseyzAII+k+e01i5DXuzXtqamAgqhQGiNezwAAJwQ7FQ0wxmyUUntT\r\nj22wY5G+m0B02KIm7aptlcFaOd1wCu1OSOrUZdpxLMe9J6JF1boPGJbpdPqTLC2T017v0rL5\r\nexMBRYE0xsF+3gEAnCrUVDSAmRdKqdT2snFDr7GIutTY7mPmbwfWD9h2KR4rBBSLQxZIMtH4\r\nE1kWfDbM/C0Igushvh6gGs/zrsgeUPxICSis3aGIDl/4ZwXg9FIojtc1AMAJQvpTA3a73R0z\r\nPydvZ+avttujwMIYM2vlBHsiaxDWoS1TPc+7Sil6LnVMz/Pmtla0RER5Cy9jzGw6nf5USlmv\r\nICcx87ftdvtf3/ex8ILCtNaTlHkUz7vdbm57fBcBhXSPshaKAwDA8UNQ0QDJXbZ9ef4RBMEs\r\nLbBQSv2Uqc8nLyegWAdBUKqIOnnslJkUpVrIaq0nSqnSdR5a63NZXOUGE8z8zMyft9vtfySY\r\n2BQ9P4CofWzK3RfJOgrP8+bSCrn1gAJdywAAThuCiobYCoGVUmPHcc7TAgsiotFodGOMsS5k\r\nT0ndw+0Sx7YWP5cJVCTfPC3o+Zq2QJpOp58cx/knr26CmR+Z+XMQBGPf9xeYig1V5LSPXcZv\r\nm06nn0ajkTUAqSGgsKYIEiGgAAAYChRqN8gYs1RKvYvfJjnOF5KCcKuU0rafZea7IAg+nuJi\r\nM6eIc3LI1Xqt9dh13X8sxy6cTpXTCtN6HEldu8mbMyHBxAKLLDhUVvtY3/cnicdmNRqoNPU9\r\nIp3brMEKAgoAgOFAoXazronoTVAxGo3+0FqP1+v1g9Z65jjO0hZYKKUuHMcZSwH3yQQWxpjr\r\nnKLnzSHHd103raVm4V0K13W/k2W4nS0tS3Y0viilLrKOycxrZr7GAquYRHH7crvdfkRq2L/y\r\n2sfGHyev55ntOIfuDOYEFH/h9Q4AMBzYqWiYrb1ssgWpMeZWKfXB9vOn1HI2awHCzO8PbZ0q\r\nC9G9TlJlBtJl7KI8yi7KE1HxwXVSM3GFxVUxaZ2yoh2+bs6qf4q0j81rGVtDM4Ss9/NBx4Zi\r\nZFf1DyK6yhrKmWK53W7/PKWLVgDQLdRUNO/Wcttl/A++78/DMPzL9sNRZ6hjL+DOS5GoaRaD\r\n7crtY9GAQjo9zS3HeA6C4LXo1Rhz4TjOL8oZXMfMX4MgGCOgyJfXKavIlPqhKNI+VtIrf2UE\r\nFF8RUBwvY8zMGHMj9Vu3FQIKIqKZ7GIBANQC6U8NC4Lg2nXdN52IlFLnnufN44vN1Wp17Xne\r\nk1LqWin1W/LxSqkbz/N+W61WX1s69dpkdVFi5s91LLolIBhb7iqU9iT56WlddOaSrjaW9KpZ\r\n1rFkAvbVKewuNa3oDA8ZBDh4RdrHynvhS1rAe2idAwKKbmitz8/Ozj4opdLaZVcxq+k4AABI\r\nf2qDLb2JmR983/9f8rFyhXGZDCxiP3fr+/7Hps61bjk98WtZgEgKwD/J55AWsrNDzjEMw4+7\r\n3e7Odd1LIlpkHQdF2MWVGQgoQdrg2+3mNBB47/v+MmfB/0xEF4fsCrbxfoa3jDF/ENE8r26r\r\nCltRPwBAVdipaIHsVrwJKpRSE2PMLPkFH10RzyjgnhtjJlJn0etc2JzF+o/VajWv43kcx0mr\r\na1jk/WzeAD6lFDuO8w8RpaY5yWM/yxTsXv+bdK1kMLEmoquaUuOOXl772JwOT4+Swld59wwB\r\nRXtkV/QDM6ftwNaCmfemrQMAVIWdipbY2ssS0fLvv/9+b3u8bHXfpuWSM/MDEf3V1wVXzgLk\r\n4FkUseep3EI258rvo1LqHyqW6jT4q+h5tNYT13W/UMF0C2b+JilkCNIou31sEAQzx3Fu0q5k\r\n1/F+y3s/42p3PYwxHyQwnBX9GdmBug2C4DYtaPQ87yqZNsfMz77vZ14sAQAoAzsVLWHmW0tQ\r\nMbPtVhC9TuW+kBasl8n7ZSH8czqdLqW70d4xumKMuaCXmQ2NBhRERI7jWPPLbcMHbT+bVuAo\r\nHbt+t90nz/FIL1fRbZPTIWY6nX6iArtGROiWZZPVPpaIrtICY6KXHcHdbjdvMqAIgmBW9djw\r\n+vv9QC8pToUX+cx8z8y3Rd4rtu8QsjcRAQCoDDsVLUppL5t7RT0rTzqmF8FFTk73wSkYcYe0\r\nkE0L1vLIQu66aEepIZPF0k3RzjSHDmE7VWntY5n5GxH9kbYQrSMlqa0dx6Gp2gpWLmZEuxKb\r\nIj+Ttsu13W7/ix1WAKgTgooWpS24i3y4y8Tmu7QC7pjOgoucgKL2BYhtsZWcJxEnsyV0GIaT\r\n0WhUOpdYrvpe4Ys4X5ndCSKkO6Wxpa0QETHzhojOm+rwRISAoglSdH2RVvuSJgzDH0qp2yo7\r\no57n3SXTaDH3BQCagKCiZVV3K4hev+SvLWlUNq0GF20HFJKj/8vyXNfMvBmNRufMPFZKjaP/\r\nVn0uuTo473oX6BhU2J1AulOKtNd4FtlJmx+aloeAoj7SeOOSXoKJcdGfk25y17vd7rbq7zqj\r\n5uxPpG4CwCESbfaX2+32TwQVLUu78lhmK1p2LRZ9CS5yus7UsgCRF+/vsQBhRg33WJcF7yIa\r\nKAbZKuxOIN0pRVYTgTRSSzQ79PeZE1Ck7gTCv6L0popF13dEdFvHZ7YtzVMGgo4PPTYADJft\r\neyIMwx8o1G7Zbre7VUotkmlMjuNcUcFBbfJlMysYXMyUUrOmCrpzAoqiOzDnrutG7XNn8f8y\r\n8yT+olWqnTgY6TjFRbsTRFRmAYzfb4asJgI2EqBdHJqalxNQvJksD/vkM/kDvexKlCm6Xsuu\r\nxF3Nv98PyRvQRhYADpH2PTEajf7ATkUHjDEL6dX/ipmfgiD4b5UvlK52LooGFNPp9B0RkdQy\r\n1JaW1ASZ3LxAqlMxFXYnkO6UI62wNo20NT54sV8goDh4F+QUVZ0pEWsFe91EnVZGDd9/EBgC\r\nQBV588cQVHRAtsY3yd2KIl2LspQMLiLLxDlslFKbrMdst9vnAjMHljn3d06Gqy2I6CkIgg0K\r\nsIsrWztBlJ7uZJlhsdxut38OceEj+fe/il7lrnEqPQKKkowx0Y5EqYLnQ4qui0r798SQQgCo\r\nqsD3xARBRUdScl0r71Ykjj2j8sHF0ZMg4YmINkS0YeYnpdQDvczMGCcfv91u/4eFUnlldyeI\r\n0gPmjJkmqYMhT5kx5lfRQC0Mw7/qqPdBQFGc/K6iouuy6U23hxRdF5XVNAOfeQBQhlwEf0cv\r\nF/2ss3Ti3xOoqehIEATXruu+CSqUUudnZ2dzIjpooVCy5uIoSKrAAxFNLDs8qRN9pTB+bDne\r\n51P8crV0Y/hY1w6MvJ6+ULnaidRi7JzgZFbhFI+aXGgoGlAc3DKWCAFFEVrr87Ozsw9KqasK\r\n6U13kt7Uyu/Q87zLtHbZzHw/9H9LAMgnKeszKtAQJ/k9gaCiI+v1emOM+aaUelNIJ7sXtRTS\r\nHVNwIbUMRC+Bw1P033hakkTMtvaI1t+X1nqcrF2Rxz8GQXCSxYqxgIKIaCZ/PuiKv/zePyml\r\nCjUSiKTtTsjxbogoNW0k9noYBBnkmDuMsc6FPgKKbDJTYl4lvYmI7tquGyrQha/U+xcAhkFr\r\nPTk7O3unlJqV+byzfU8gqOhQEAQL13WTQcXY87x5nV9IXQcXaWlJQRA8lVm0nJ2d7aUcMPPz\r\nbrez5iZLBx1bisL8FPP15d93lrg5+eeyx/xARNdlUz3SdieK1GLIB9W82hkfH631ORHlFmYj\r\noGie/F4+UMo2f5rYTIm7tmuzpHved0p5r2OuCADESe3eO3q5sDcr81kXSfueQFDRoYzdik9E\r\ndFv380XBRfRnuWL8ZnGXbOHKzJPkNNbE45+J6CFWv0Akhd1BEDzU+UWWciXX2oJROujsRdzM\r\n/PVUOzvZdmWqSqRRFZbVbCCjfiL+89EH1abM8x4zWRBmfqgjoGiO1np8dnb2h1JqXnYuCNU4\r\nU6KKaJ4JpaQkonUzAERzc0jSmQ7tuikdB69s3xMIKrp3S4le4k3sVtjIF80ycfPrn2NFiXva\r\nXnxorSe2L3xbGpNc+d0rVJRzXjRzht1K2aUoTa56XlL5QuzMQXae510qpTJTzoa4oDXGLKjY\r\nv9sFAor6VA0kiF6+UKXouu6ZEqVk/VsSvV5AQcoTwAAd8hmXxMyP9DKOYJn3uYegomO+7y+N\r\nMffJlKTRaPSBGtitKCqrg0gXiw8ZDpg8j7U1UnactHSdk0x7Iqpnl0ICkxsiGpf5uazdCblC\r\n8iUt1zt2jMEsaCMSKOf+u0lR9rKO5xtyQHFgIPFILzMlbvuwi5a361dXIT8AHI+6AgmZJ7Uk\r\norvdbrcs85mHoKIfFkT0M3HbTGs97uILLCegqGVybxmy87CXgmUr0JaC170psmEY/litVo31\r\nhe9S1i5FkYJnya/8UrYgNW93Qo77Pe/DbQgL2iQJtnLrKOpcHEoty6ACikO/ZJn5GxHdNTlT\r\noizP8+ZKqdQLPkQ0P9XPOgB4K5baVHpmTpw0mFhKEFH5uwBBRQ/IbsVaKaXjt5+dnc2o5d2K\r\nAgFF6wV/RQu0s9KedrvdvNmz7E7a1W5ZLGamP0ha0qJsoVbeoMa81IzEOZ7kgjaLLPDHWY9h\r\n5m91BRSyEN1bVJ/i77+GQGIdK7ru1c6mMeZLWhe2U/y3BIB9dQQScsFxSUTLOmvCEFT0x5KI\r\ndOK2C2oxqMiaG9BlB5GiBdqO4yxsCzVmXvRtcVAXSYOYpdxtzcOPLbpK9d0nyt+dIMoOTBPH\r\nGuQiyPO8q7wvgjonH2utz1NaK5/M77+mQOK2i+5NReSlEaLDE8Dpk26MlQIJ6cK5JKJlEATL\r\npj4rEFT0xx0RJYfhtdb61RhzQ0Rz231hGP7Y7Xad1CMULdCWx+0FH8x8X8fU4T7SWk/IsjND\r\ntJ+HX0euZd7uBFF2r/zEsU5mQVtGkToKZr6vK6AgeqlHSgkeayn+7sqpBxKRqMNT2t9ROrFc\r\nIKAAOD0yL+eCXoKJshkFrX/GIajoCUmBeo5Pi1ZKnRtjZk23K8wZmvRttVpZ72tD0QJt13W/\r\nWB53svMOopz8lBz5b6vV6rbGoq3c3Ym8hU/ieIMNKPJSwqKapRqf85wSFyuIXmuMlnU9T1uG\r\nEkhE8ua61LmjBe2Qz8rXicWHduYhouV2u/0TQeXpODCQeCSiO2kq0fp3LIKKHmHmpVIqWZB8\r\nQfttX2tRYEu90y+sMgXaZE8Buj6GhUMVsjgd2+5j5l/GmF81fFkV2p1kPaKgAAAcM0lEQVSQ\r\nhc/3IqlUCChyA4paU1jSOqHtdrujaTU6tEAiEk2eT/s7h2H416nuwp6a6XT6GkRQDa2/E2Yy\r\n6+Z9zceFFsVa+B9dIBGHoKJf7mh/Ed1IClSBLfXOr4AVLdCW7keUeNxj3mL4WMnOUuriajQa\r\nHbzQKLI7QfRaAJw2uTx5TAQUKaJdtToDCq312NYJjZm/9n1xPdRAIk4WimkBBVrG9pjWenJ2\r\ndvZOKTU7pCNPCbMWngNqJt8NUZ3EuMzPSqe32z4EEnEIKnpkt9stR6PRm9uUUpO6W8vmBRR9\r\n+cIqWqDNzGOlVPJxm6bOq0vGmEWRmoVDFNmdkHNJ7URjOSYCihRN/W5kIrrtuRZ1Pk9dEEj8\r\nS2rcZsnbh/o+6jtpn/2OXjILZmWvNMNw1BBI3FHP2lzHIajokfV6vWm6teyxBBRlJminvDGX\r\n9Z9Vt2RX4OAhd2mK7k7E0jIKXYEb6kKoaFtdaqBgOmN2yXXXudda67Hrur+HYThRSo2VUhO5\r\nMDAue6xTCiQi8j6fJ28f6vuoj2ItPWf0EkSMOz0h6LUDOy72PpCIQ1DRP0tqqLVsXu57XwIK\r\nonITtMl+RW/TwGl1RoKsvWL0PNJG7vcC8yIK7U7kFY5ajjvIhVDRgKKuadlJKS1kW00JnE6n\r\n76JggZkn8ruYRffHd2UtO42pTjGQiGitJxntmI+6W9cpMMZ8kIBvdshxJAd+yczLKvNQptMp\r\nH/L80A5pAXtVZec1DMMfSqnbYwgk4hBU9E8jrWWzFjkSCV/0pRtMyQJtIqLfkzcopTY1n1Zn\r\nYrtL1k5PRDSOv0aiRZf8Dj4VKA7O3Z0gep2JYZ3KnHLsQQYUROnTq+MaDuJnyRuYeVH3k2it\r\nJ67r/kZEM2Y+l12HKIB4DRbKBA02pxxIRCSF5qftPinKXrZ8SkAvn79nZ2cfqlxljjDzMzMv\r\niehOJhZvajxF6BGt9bnrupfMPC/7epGp1nd9HLxZFIKKnmmitWxWMW0fF35FC7Qjtjdu0214\r\n25IVUEhb0Lnt52SQ4fesYxfdnSB6nbxduAC8j6+rtkjdS+aVqTqnZRdV9fnkS1LHUpReA4j4\r\n4+oKICJDCCQiBVpEo8tTyyTIuySieZUaCVkgLiWIqO1z0BizqOtYUB95vXyKUheLfg6eQiAR\r\nh6Cih+psLZs13bivC7+iBdpE6Z2fmjivLkjL370FKjOvd7vdPHl7lJ5EKV1jop8tujuR13Y4\r\n5fi9fF21oeBwu046q02n05/MvInt4i2JiLbb7eN6vd7Ia+f3RI3DLPr5+JdkXYFD0pACibi0\r\nlEJmXnfdhW9ootaeZRtiMPM9ycTipi5qpX2+yHNDB4wxf0jDklnRn4l9zt2eQiARh6Cin2pp\r\nLZsz1K7wwrJNZQq0iU6781Nap6fYov3Nh5HsTiyyjllmd0KuvHwvkw865ICCyD6EMa7uadkl\r\nzWzBgOu6NJ1O39zWVNAQkUXQRv73EATBZqivGXmf7zU9YObHIAhmHZzSIJVdHEq92pKIlkEQ\r\nLNtYHMoFoz1BEBzN3JlTUCUlbigXTBBU9NChrWULDLWrfchWXUoWaJ9s56e0Tk+2gKLu3YnY\r\nMYt0LrKd2yAXh2KWdkfd07L7ThZdT/RSkLpRSm2CIHjo4+dOV3Le5xf4XTUr1sVpUXRxKAW0\r\n122n2KalVTLz54F/5ramSkqc1D3enkpKdh4EFT10SGvZIkPtgiC46uOXVYUCbaIT7PyU1QGG\r\nma/iXyB1704QZafMZTwHAgp6uQJva6zQdiCfdh4NPM8zET3I/57o5art09BfB0VkdXRLvs+h\r\nXrFi2quigzvpZWLxoourzBlpT+tTHfLaJ5JmfVmmjToRXctguk2T59Y3CCr6a0klW8vmtfvs\r\nw5TsLGULtMVJdX7K6gDDzJ+jYtsmdieIslPmMp4HAYUIguDCcZy7RDeu+7qnZVc5j0Mw8z0z\r\nPymlHqJdh6FceWtCTke3z31p7X1qyhbTSn3ebRAEnc53yUh7mrd8KoNStiUsMz8y8+JUiq6r\r\nQFDRX6Vay+alq0hLwl53EClToB37mXHytmNd7OR1gImuSDWxO1Fgh+uRiH5LObcFAooX8lqd\r\n9ek85N92QkQUa/d6Tv8GpBOl1G/yb7whoihwiGodNq3/BU5cVotoXHmunzFmJlf6Z0UeHy0O\r\n+xDcIe2pXTKc80PRXSyi7lLi+qjZajw4iDHmKd5aloiImd8nX7h58wP6NNQuTVrKzXa7/V/a\r\nB6d8Uby5qi8DvsYNnWajjDHfUwo211KwOc4bPFdldyJvKKLkxt/Ztt+lre1g6gQADpW2G9jn\r\nWrdjJVeaC9dLSAOBRV8WhzIH5lfydkl7Kj1QDdKV7frVdUpcX2GnoseKtJaVQr+jahlrk9Ym\r\nL+vcT6nzkzHmOiWgeA6CYOa67iXVvDtBlD3DRI75LQiC65QvtmdbW1sAsPM87yqjoxsKs2tQ\r\nZfiYfM71bnGItKfmlZ2SLrtY16fYDrYOCCr6LbO1rDHmi7TA2yPtCC+OIaCQhe3Yctci6+dO\r\npfOT/P33Ur9kCuuV1FjUujtBlP36Ifp3h2s6nVprPIgIiyCAgowxF2mF2XLxZ9PyKZ2UqF6C\r\nXi68nReol4iKaTutl0iDtKfmVGwJe8/Mt33P+ugagooey2otGy82Szq2bfS0XYoCW9Azy89t\r\n6jmrdmR1eiKif/K6MFXZnZAc+5u0ThbxHS7pyDWzPOZrX1IE2jCdTt8lJkpH/3+53W7/wpc8\r\nZNFaT4jI+l4Ow/AjXj/VVejM0/tiWnR7akY88CzTElYCT7xHC0BQ0WNprWUdx/mVUT/xY7fb\r\ntdpp5hBVdynEUXd+yur0RPQSQKbdd8DuxIyIrFO6Y8e9iK6aRgW+icc8+r5/csOWpEDv9zAM\r\nJ0qpcWKydNpE6ZnjOD+11v/DlWawiQXxtsLsr7jyWZ7Wenx2dvaHUmpeojPPPRFd+76f1U2w\r\nF5D2VK8Khfq93sXqMwQV/bekRGvZrPz31Wo1b+GcaqG1Pj9gl+KoOz9ldXrKc8DuROpARDmu\r\nbYbJzPLQZZnn7hvZdTiXoCHqhjSL7o/vDhaZLK2UOndd94aI3jdwunDkHMdJS2O5P8XgvClV\r\nAgmi47vSjLSnelQZbChTr68R6FeHoKLngiC4lSLdTFUWml1zHMeazxgEQe4XrVxxf0NaYh4F\r\n13W/U0adhE3V3QnP8y6VUousACaj5fDMch7LMs/fFSnY1PSSrjShl9apY6J/g4UiQUNBs7oO\r\nBKdD6ihs9VKDmq5eVWxheFE0vYno9UpzNF9i09gJ1gxpT4dDS9huIajoufV6/WCMeU62lo07\r\nhpaxSZKrb/uy/VZk0XzMnZ+MMTdUchFaJWjMS3WS4z4T0Xy1WqWlBCQHMNJut+vd1TJpB/i7\r\n/F1nsR0IIqo1eLCS1AqAV/IZt5fGIjVLR5Oi2raqgQTR8XfmcV03rZB/3vKpHB35vos6ORUZ\r\nbHiUgWffIajoOak5sAYU8qa4WK1Wy3bP6nCyS7F3FSEIgkWRnz/Gzk/JD70iZBrzVcm5E7mp\r\nTnLszJ0PuWq2N+G86y34qGiaXnYeJmQJ0JoOIuKi32NrTwhHQXYjMSyygEMCCaLT6Mwj3w+z\r\n5O1Ie0oX6+JUpram94X6xwxBRY/lTU4+lhkUSTm7FJuCh5lZfr7oz7amYl5nNFSndB5wkVQn\r\naVW7yJuwfnZ2ZvuQbu31lkhfGtO/QURjQYPsOGzkOT7kPPaZXgo/F42cDBwtz/OuyPIZJcMi\r\nM993Q2KM+YNeWsAW7sYTkfz3W1kcbho5wRYh7amYA1LijqZQ/5ghqOgpSZGZd30eTTh0l0LY\r\nOj/15qpDxdZ1lbfui6Q6yXPYirGtlFIzy83LMudVlPy+dFQ8TbH6BzmX2p5Lam82RLRk5iel\r\n1EMQBA/R72Q6nX5i5sy6HtlBmp/CYgbqJW2i99JYMCzyxYGBxCO9XHC5PcYLamnSdimICIX8\r\nourrpq+DDU8Vgoqekauz36lAzr3jOBfU4pXjOmitx3T4LkVa+tON53nnXW6Bl53OSXRYkViZ\r\nVCciuir5HHv1FFRDUCH1D5pk56HJ+odo54GZH5RSD1l/fzmvGzmvtOM9M/PVMadZQLPS8uJp\r\nwMMiEUhkO6QL4imTz+QP9PK6GRf9OXnN3KIlbPsQVPSILBAzpycn/EHF5jn0hrRX3MvTL9Lx\r\nKfEz90qpd/HblFLnSqkbz/OozUVflW4TRIdf7a4z1cnGtusRBEGpD+jpdPpO5j5EOw8zy/OU\r\nPbU9kor0QC+7D5vdbvdQdAEi77tPWdPFiY5vBgx0Zpa8YWjDIomqLwiJhhFIRDJ2KRatnkhP\r\nVG0dTHQatTXHrr1qRsgkH8A/s2ZQ2HK8t9vtf49lW08W3/8kb684d2HiOM5tcjBg7Ji3vu9/\r\nrHiqhZSd5Bp3yNTzJlKdUp7nIe332yVJE3tQSj0QUZS6tKlyLGPMBb38LsdZz0dE86EtCqGa\r\n6XTKydv+/vvvQXzXHhhIPBPRHRHdDSnvfTqd/qREUCG7FDPrD5ygqE6i7C4/0ZsAFF2cegA7\r\nFT2QF1BELWONMZPkIu/s7GxGRLctnObBHMdZJG+TXYrSV9HX6/WD1nrmOM7StvBVSs2NMRQE\r\nwV91XlmOdZuwztgoofRiv+FUJ9txbpVSaakcrZC/y0MURMRrHw4hNRxf8gJCZv4q+bjYnQCw\r\nQCBR3dB3KaK0uDIdEYkOa2YCzUJQ0THP8+aj0WivlzmRdYbAkvbz3C/oCIIKrfU4pZtO5ZzH\r\n9Xr9JIHFte3YSqm54zgTrfX7QxeF8sV5WbIdrHW+CDN/K7vgbzrVyWa3293ZCk6bIvUPUQCx\r\naWpnICrEzvldVho0CDAEB6aoDDqQiBtiLUUsCJ2Xra+R+sPbob9u+gxBRYc8z7scjUbWBaBc\r\nwX/TMtY2XXs0Gv3R9HnWoc5dijgJFubGGGsLUKXUxHXd/5tOp4c8TSnM/I1eAr0vlKiPKVs/\r\n0laqk816vd4YY/ZqVw4Vr3+gA9OXypDdie+UX4hdW2AGcAritVEUa+1cRhiGP4joDvMBXgxp\r\nlyJWdzivsJu1lq6IeN0cAQQVHTHG3KRd9ZarpBfJhVbadG1jzEWfI3djzKzuXYok3/fnnuct\r\n03Z9mpbsNuF53tVoNNr74pXBV7l/57ZTndIEQTCX2pVKgYV8IWyk/mFZV/pSFa7r3lBGEwQp\r\nxL5CXi4MmdZ6cnZ29i4ZQIxGo9LHQiCR7tR3KWLzJK7KzheKtVc/iRkkQ4KgomXyRrtJy+Uu\r\nUMB7R0TJBfqF3N5LKR+ej3UP9VmtVree55FS6jptCnndbNuxWuvztEFGRa6Ad5HqlEY+0GdN\r\nPkcbpJXxzHafBIRXsTRDgEFItnemGt7rCCTynfIuhdRJzMs2MJEd7NshdPw6ZQgqWhS1jE3b\r\nOi6YwmILKmpNT6lT2ocnMy+aeL7VanWrtX6QAu5GAovYh5+124TUeNgCgsy0py5TnU6dNDTY\r\ng0JsqBszPyql3gzn1FpPul4oRQMmiWhWVwARObXp1i2YJ2+Q6dnL9k/lcPLdFRXrl51D8o1Q\r\nX3MyEFS0RK4IfU/LJ5Ti3XnecXzfv0vWByilxn340rJJ26Voso90rDPUdZ31AFFuZ9a5p6V6\r\nZRVn9yXV6cTtXTWT2QGYWAt12xDRm6DCcZxSC61DxSfUE9EsOWCyDggkqklrWsLMR1XHJa+x\r\nS6rQ9Qu7WacLQUULJIr/ntcytujxwjD8kSzQ7uN07bZ3KeIkwNp77qalBFGpxdl9SnU6ZSnB\r\nZW1XxrTWE5mkPCOi5Xa7/YiF1mA90P7u8YxqmEZvo7U+d11XkwQP9LIT8ebz5NABk4nZMJ3W\r\nRh07x3HmyduY+bnvA9skiHhHL6/l0sX6CEKHAUFFwzzPmyulUlvGMvNVhQ+TO3qZph3Xx+na\r\ne+1Im96l6FJa3r6tOBupTu2R3aO9Ke517vjEAgoiopkUhb+v6/hwVGzv1Vp2CSwBxCR+lbiu\r\n6fTMvEQA0ZhLy229u2A0nU7fUUagWsSQJqPDCwQVDTLGfFFKWa9Q21rGFrXb7ZbJThxKqYnW\r\netyXKwDGmEXKgvlk003Ozs5sKTaP8R0GpDp1wvbvsix7EPmSJWYeK6XGzHwee43PEg9P/hmG\r\nY0lEb3YslVKX0+nUtpisrK4Agjpo7zxUcpFxb3EeBMFtB6fzSr6X3pGl3qbs6wxzSIYNQUUD\r\n8haOhw7WkvkB675O15ac0bR2eSf7IZOXJ4tUp87spT4ppd4ZY26CIPhKRE+u60Y58DMioigH\r\nPRE4RD/75r82kjMMAxQEwZPrul2fhlU0YJL+3YHYdHxKg6KU2gssmflb2/8OibbBs7I1ETZR\r\nncSpZiJAMQgqalagw1Ney9iilpSYrq2UmlEPggpJ/dhTZujbsZFAau/ffLfb3SHVqVu237sE\r\ndnPXdecpP/PmvxWeE0HhQK3X64c2h22miU+o3+12D0g/6V7Kd8Bt088bpTJRzUX7sTqJW3xv\r\nARGCilrV1eGpoDvaz83sfLq253lXZK8r+HzKX2ppqU+O43xCqlO3mLn2qeB5z4d/y2Hr4DW3\r\npn8DiOUpf9aemro/K2IF1dEuhHWntQoJVJeEWhtIgaCiJsaYCyK6SbsCwMyf6xz25vv+0tJa\r\n9rzL1rIZaU+PQRCc9JVbW+qT9Kqfp/0MUp3acehU8DKiqdxNPw/0WxAEF47j3DXxmosHEEqp\r\nBwSwwxZLZZpRonD/EFHHLyJaIlCFohBU1KChDk+5+tZaVupIbEHV/NSvaFRor4dUp5ZEU8Fl\r\nJ/GKXvqqlx6MKIu5J2Z+ks44RNImNAiCDfLTISLv61nX5wH9N51OfxIRJT5XSILGJyKi7Xb7\r\nLPOXzh3Hea2FoJoHGNLbXYhNXceG4UBQcSBjzE1GQXblDk8FLWk/5WnW0HNlMsZcKKXSBowt\r\nOzilVhVNd0CqU3fkfTjXWp+fnZ1dKKWulFI61gGH5L9PzLxRSm2I6k9PAACImRG9piW9fofG\r\n05Rc16U663QSXb+W+IyDuhzek26g5IrBjW0hTfRakH3RZLSvtR67rvtP8vbtdvufNq+Ay+/i\r\nH9ssgCAIxkO4Gi9XwZdpV8CR6gQAMGzT6ZS7eF6ZF7Fk5iWK9qFJ2KmooECHp3sJKBpdTEtr\r\n2UfJ3X/lOM6MapwWnMdxnOuhpj1FZGt6ZgsskOoEAABtFfAnWgcv8d0DbUFQUZJckf6ZUZBd\r\nZ4enIpZElCwSvqCWggqZVrxXpByG4Y/VanWyMylsJLCYREXB8sG+wNYyAAA0UcAfTUAnoiUK\r\n96FrSH8qQQqy04qRKQzDv9pOb5Fahu/x25h54/v+f5t+btmx+ZXsNjGktCcAAIAq5CJUtJ44\r\np5c2sET07wDO6L5o2G2s+1fUlWnT6kkDZEBQUZDneZej0cgaMEjR07yLadFa63PXdf8veft2\r\nu/1v0x82xphr24TQLoIrAAAAAOjOqOsTOAbGmJusgCIIglkXAQXRS+tCSbN5wzaMrU5a64kt\r\noGDmewQUAAAAAMOCoCKD1vp8Op3+zGgZu5Y0n647KSwtt82aerKoriR5uwRY86aeFwAAAAD6\r\nCUFFChl1/5NSFudhGP6QGRSd1w0EQbC3S5IcileXnEL1a+R3AgAAAAwPaiosetjhKZcx5snS\r\nyvR9nZ0gsn4vzLz2fb/UVGkAAAAAOA3YqUjwPG/uuu6vjA5PH/sWUAhbTUdtdRU5AQXSngAA\r\nAAAGDEFFzHQ6/TQajW5s90kv6Per1eq25dMqRPpUJ33QWh+8e1AgoJj1oK4EAAAAADqCoEIY\r\nY26IaGG7j5kfpcPTstWTKmG32y2Ttymlzh3H+XlIYIGAAgAAAADyDL6mQga4/VRKWRfe0uGp\r\nFwXZeYwxS9ukTmZ+CoLgfdnFPwIKAAAAAChi0DsVsUVzWkDx7VgCCiKiIAiuZBDfG1V2LBBQ\r\nAAAAAEBRg92pmE6nnygl3YmIiJm/+r5/1d4Z1UOCgWWyExRR9o6FtNDVSqkJM0+IaIaAAgAA\r\nAACKGFxQYYyZEdGNUmqc9pgwDD/2tSC7iLzAgojmzDxWSo1ll2ZW5LgIKAAAAADAZjBBhdRO\r\nfFJKpe4+nNKiOSuwqOKUfjcAAAAAUK9BBBVFdiekIHt+SovmugILBBQAAAAAkOWkg4oiuxNE\r\nRMz82ff9RUun1apDAwtmvpdga1PzqQEAAADAiTjZoMIYc0FEX3J2J+6DILg69SvwRQMLZr4n\r\nogdm3iilHvo8lwMAAAAA+uPkggrZnbhRSl2kPUamYy9Wq9V1m+fWJQksrpVS75j5kZkflFIP\r\nRPQQBMEDdiIAAAAAoKqTCipkd+LG1go1gnQeAAAAAIB6nURQgd0JAAAAAIDuHH1QYYz5QETX\r\n2J0AAAAAAOjG0QYVWuux67o3lDG4jZmfiWju+/5daycGAAAAADAwo65PoArP8y4dx/lFGQFF\r\nGIY/giAYI6AAAAAAAGiW0/UJlFFmd2K1WiGYAAAAAABowdHsVGB3AgAAAACgn3q/UyHzFW6U\r\nUpO0xzDzI73sTizbOzMAAAAAACDq+U7FdDr95Lrur5yA4msQBBNMfwYAAAAA6EYvdyqi3Qki\r\nyt2dQDABAAAAANCtXrWU1Vqfu657SUSLrMfJ7sRivV4/tXNmAAAAAACQpjc7FcaYGRHdENE4\r\n7THMvCaiK+xOAAAAAAD0R+c7FVrrc8dxPimlrrIex8yffd9ftHRaAAAAAABQUKdBRbQ7oZQa\r\npz2GmddBEMzX6/VDW+cFAAAAAADFdRJUyO7EF6XUPOtx2J0AAAAAAOi/1oMKY8wFvexOnKc9\r\nhpnvgyC4wu4EAAAAAED/tRZUyO7EjVLqIu0xzPzMzIvVanXd1nkBAAAAAMBhWgkqSuxOzNfr\r\n9aaNcwIAAAAAgHo0GlRorceu694Q0SztMdidAAAAAAA4bo3NqfA871IptSCi1N2JMAx/7Ha7\r\nK+xOAAAAAAAcr9qDiqK7E0Q0X61Wd3U/PwAAAAAAtGtU58E8z7t0HOcXZQQUYRj+CIJg7Ps+\r\nAgoAAAAAgBNQy06F1noinZ0maY/B7gQAAAAAwGk6eKdiOp1+cl33V05A8RW7EwAAAAAAp6ny\r\nToUxZkZEX4goK5h4JKK57/vLqs8DAAAAAAD9VrqlrAyx+6SUusp6nOxOLNbr9VP10wMAAAAA\r\ngL4rFVQYYz4Q0XXOEDvsTgAAAAAADEihoKJIm1giImb+7Pv+oobzAgAAAACAI5EZVGitz13X\r\nvSSiRdbjmHkdBMF8vV4/1HlyAAAAAADQf6mF2lKIfUNE47THMPMzMy9Wq9V1/acGAAAAAADH\r\nYG+nQms9dhzni1LqIusHwzD8sdvtrtbr9aaxswMAAAAAgN57s1Phed6lUmpRpBB7tVotmz45\r\nAAAAAADoP0X0ujvxPWuAHdFLIXYQBNdoEwsAAAAAABGHiEg6O2UNsbuXQuxNWycGAAAAAADH\r\nIUp/mtnulELsq9VqddvaGQEAAAAAwFEZpd0hE7HHCCgAAAAAACBLaktZ3/ev2jwRAAAAAAA4\r\nTqk7FQAAAAAAAEUgqAAAAAAAgIMgqAAAAAAAgIMgqAAAAAAAgIOMiF7mUMRvDMPwRzenAwAA\r\nAAAAx2ZERBQEwUUUSIRh+GO32807PSsAAAAAADga/w89Z+J7WPCjxgAAAABJRU5ErkJggg==\r\n', 0, '95', 1, '', 1, 1, 'submitted', '2016-05-10 17:00:17');
INSERT INTO `final_drives` (`final_drive_id`, `student_id`, `course_id`, `has_corrective_lenses`, `has_permit`, `instructor_id`, `final_drive_date`, `final_drive_student_signature`, `gif_code`, `final_drive_instructor_signature`, `final_drive_total_deductions`, `final_drive_total_score`, `final_drive_template_id`, `final_drive_comments`, `final_drive_hours_driven`, `final_drive_hours_observed`, `final_drive_status`, `last_updated`) VALUES
(46, 9, 4, NULL, NULL, 0, NULL, NULL, NULL, NULL, 0, NULL, 1, NULL, 1, NULL, NULL, NULL),
(47, 0, 0, NULL, NULL, 0, NULL, NULL, NULL, NULL, 0, NULL, 0, NULL, 0, NULL, NULL, NULL),
(48, 7, 4, NULL, NULL, 0, NULL, NULL, NULL, NULL, 0, NULL, 1, NULL, 1, NULL, NULL, NULL),
(49, 8, 4, NULL, NULL, 0, NULL, NULL, NULL, NULL, 0, NULL, 1, NULL, 1, NULL, NULL, NULL);

-- --------------------------------------------------------

--
-- Table structure for table `final_drive_behaviors`
--

CREATE TABLE `final_drive_behaviors` (
  `final_drive_behavior_id` int(11) NOT NULL,
  `final_drive_id` int(11) NOT NULL,
  `final_drive_behavior_deduction` tinyint(1) DEFAULT NULL,
  `final_drive_template_behavior_id` int(11) NOT NULL,
  `last_updated` timestamp NULL DEFAULT NULL
) ENGINE=InnoDB DEFAULT CHARSET=utf8 COLLATE=utf8_unicode_ci;

--
-- Dumping data for table `final_drive_behaviors`
--

INSERT INTO `final_drive_behaviors` (`final_drive_behavior_id`, `final_drive_id`, `final_drive_behavior_deduction`, `final_drive_template_behavior_id`, `last_updated`) VALUES
(1, 3, NULL, 1, NULL),
(2, 3, NULL, 2, NULL),
(3, 3, NULL, 3, NULL),
(4, 3, NULL, 4, NULL),
(5, 3, NULL, 5, NULL),
(6, 3, NULL, 6, NULL),
(7, 3, NULL, 7, NULL),
(8, 3, NULL, 8, NULL),
(9, 3, NULL, 9, NULL),
(10, 3, NULL, 10, NULL),
(11, 3, NULL, 11, NULL),
(12, 3, NULL, 12, NULL),
(13, 3, NULL, 13, NULL),
(14, 3, NULL, 14, NULL),
(15, 3, NULL, 15, NULL),
(16, 3, NULL, 16, NULL),
(17, 3, NULL, 17, NULL),
(18, 3, NULL, 18, NULL),
(19, 3, NULL, 19, NULL),
(20, 3, NULL, 20, NULL),
(21, 3, NULL, 21, NULL),
(22, 3, NULL, 22, NULL),
(23, 3, NULL, 23, NULL),
(24, 3, NULL, 24, NULL),
(25, 3, NULL, 25, NULL),
(26, 3, NULL, 26, NULL),
(27, 3, NULL, 27, NULL),
(28, 3, NULL, 28, NULL),
(29, 3, NULL, 29, NULL),
(30, 3, NULL, 30, NULL),
(31, 3, NULL, 31, NULL),
(32, 3, NULL, 32, NULL),
(33, 3, NULL, 33, NULL),
(34, 3, NULL, 0, NULL),
(35, 3, NULL, 34, NULL),
(36, 3, NULL, 35, NULL),
(37, 3, NULL, 36, NULL),
(38, 3, NULL, 37, NULL),
(39, 3, NULL, 38, NULL),
(40, 3, NULL, 0, NULL),
(41, 3, NULL, 39, NULL),
(42, 3, NULL, 40, NULL),
(43, 3, NULL, 41, NULL),
(44, 3, NULL, 42, NULL),
(45, 3, NULL, 43, NULL),
(46, 3, NULL, 44, NULL),
(47, 3, NULL, 45, NULL),
(48, 3, NULL, 46, NULL),
(49, 3, NULL, 47, NULL),
(50, 3, NULL, 48, NULL),
(51, 3, NULL, 49, NULL),
(52, 3, NULL, 50, NULL),
(53, 3, NULL, 51, NULL),
(54, 3, NULL, 52, NULL),
(55, 3, NULL, 53, NULL),
(56, 3, NULL, 54, NULL),
(57, 3, NULL, 55, NULL),
(58, 3, NULL, 0, NULL),
(59, 3, NULL, 56, NULL),
(60, 3, NULL, 57, NULL),
(61, 3, NULL, 58, NULL),
(62, 3, NULL, 59, NULL),
(63, 3, NULL, 60, NULL),
(64, 3, NULL, 0, NULL),
(65, 3, NULL, 61, NULL),
(66, 3, NULL, 62, NULL),
(67, 3, NULL, 63, NULL),
(68, 3, NULL, 64, NULL),
(69, 3, NULL, 65, NULL),
(70, 3, NULL, 66, NULL),
(71, 3, NULL, 67, NULL),
(72, 3, NULL, 68, NULL),
(73, 3, NULL, 69, NULL),
(74, 3, NULL, 70, NULL),
(75, 3, NULL, 71, NULL),
(76, 3, NULL, 72, NULL),
(77, 3, NULL, 73, NULL),
(78, 3, NULL, 74, NULL),
(79, 3, NULL, 75, NULL),
(80, 3, NULL, 76, NULL),
(81, 3, NULL, 77, NULL),
(82, 3, NULL, 78, NULL),
(83, 3, NULL, 79, NULL),
(84, 3, NULL, 80, NULL),
(85, 3, NULL, 81, NULL),
(86, 3, NULL, 82, NULL),
(87, 3, NULL, 83, NULL),
(88, 3, NULL, 84, NULL),
(89, 3, NULL, 85, NULL),
(90, 3, NULL, 86, NULL),
(91, 3, NULL, 87, NULL),
(92, 3, NULL, 88, NULL),
(93, 3, NULL, 89, NULL),
(94, 3, NULL, 90, NULL),
(95, 3, NULL, 91, NULL),
(96, 3, NULL, 92, NULL),
(97, 3, NULL, 93, NULL),
(98, 3, NULL, 94, NULL),
(99, 3, NULL, 95, NULL),
(100, 3, NULL, 96, NULL),
(101, 3, NULL, 97, NULL),
(102, 3, NULL, 98, NULL),
(103, 3, NULL, 99, NULL),
(104, 3, NULL, 100, NULL),
(105, 3, NULL, 101, NULL),
(106, 3, NULL, 102, NULL),
(107, 3, NULL, 103, NULL),
(108, 3, NULL, 104, NULL),
(109, 3, NULL, 105, NULL),
(110, 3, NULL, 0, NULL),
(111, 3, NULL, 106, NULL),
(112, 3, NULL, 107, NULL),
(113, 3, NULL, 108, NULL),
(114, 3, NULL, 109, NULL),
(115, 3, NULL, 110, NULL),
(116, 3, NULL, 111, NULL),
(117, 3, NULL, 112, NULL),
(118, 3, NULL, 113, NULL),
(119, 3, NULL, 114, NULL),
(120, 3, NULL, 115, NULL),
(121, 3, NULL, 116, NULL),
(122, 3, NULL, 117, NULL),
(123, 3, NULL, 118, NULL),
(124, 3, NULL, 119, NULL),
(125, 3, NULL, 120, NULL),
(126, 4, NULL, 1, NULL),
(127, 4, NULL, 2, NULL),
(128, 4, NULL, 3, NULL),
(129, 4, NULL, 4, NULL),
(130, 4, NULL, 5, NULL),
(131, 4, NULL, 6, NULL),
(132, 4, NULL, 7, NULL),
(133, 4, NULL, 8, NULL),
(134, 4, NULL, 9, NULL),
(135, 4, NULL, 10, NULL),
(136, 4, NULL, 11, NULL),
(137, 4, NULL, 12, NULL),
(138, 4, NULL, 13, NULL),
(139, 4, NULL, 14, NULL),
(140, 4, NULL, 15, NULL),
(141, 4, NULL, 16, NULL),
(142, 4, NULL, 17, NULL),
(143, 4, NULL, 18, NULL),
(144, 4, NULL, 19, NULL),
(145, 4, NULL, 20, NULL),
(146, 4, NULL, 21, NULL),
(147, 4, NULL, 22, NULL),
(148, 4, NULL, 23, NULL),
(149, 4, NULL, 24, NULL),
(150, 4, NULL, 25, NULL),
(151, 4, NULL, 26, NULL),
(152, 4, NULL, 27, NULL),
(153, 4, NULL, 28, NULL),
(154, 4, NULL, 29, NULL),
(155, 4, NULL, 30, NULL),
(156, 4, NULL, 31, NULL),
(157, 4, NULL, 32, NULL),
(158, 4, NULL, 33, NULL),
(159, 4, NULL, 0, NULL),
(160, 4, NULL, 34, NULL),
(161, 4, NULL, 35, NULL),
(162, 4, NULL, 36, NULL),
(163, 4, NULL, 37, NULL),
(164, 4, NULL, 38, NULL),
(165, 4, NULL, 0, NULL),
(166, 4, NULL, 39, NULL),
(167, 4, NULL, 40, NULL),
(168, 4, NULL, 41, NULL),
(169, 4, NULL, 42, NULL),
(170, 4, NULL, 43, NULL),
(171, 4, NULL, 44, NULL),
(172, 4, NULL, 45, NULL),
(173, 4, NULL, 46, NULL),
(174, 4, NULL, 47, NULL),
(175, 4, NULL, 48, NULL),
(176, 4, NULL, 49, NULL),
(177, 4, NULL, 50, NULL),
(178, 4, NULL, 51, NULL),
(179, 4, NULL, 52, NULL),
(180, 4, NULL, 53, NULL),
(181, 4, NULL, 54, NULL),
(182, 4, NULL, 55, NULL),
(183, 4, NULL, 0, NULL),
(184, 4, NULL, 56, NULL),
(185, 4, NULL, 57, NULL),
(186, 4, NULL, 58, NULL),
(187, 4, NULL, 59, NULL),
(188, 4, NULL, 60, NULL),
(189, 4, NULL, 0, NULL),
(190, 4, NULL, 61, NULL),
(191, 4, NULL, 62, NULL),
(192, 4, NULL, 63, NULL),
(193, 4, NULL, 64, NULL),
(194, 4, NULL, 65, NULL),
(195, 4, NULL, 66, NULL),
(196, 4, NULL, 67, NULL),
(197, 4, NULL, 68, NULL),
(198, 4, NULL, 69, NULL),
(199, 4, NULL, 70, NULL),
(200, 4, NULL, 71, NULL),
(201, 4, NULL, 72, NULL),
(202, 4, NULL, 73, NULL),
(203, 4, NULL, 74, NULL),
(204, 4, NULL, 75, NULL),
(205, 4, NULL, 76, NULL),
(206, 4, NULL, 77, NULL),
(207, 4, NULL, 78, NULL),
(208, 4, NULL, 79, NULL),
(209, 4, NULL, 80, NULL),
(210, 4, NULL, 81, NULL),
(211, 4, NULL, 82, NULL),
(212, 4, NULL, 83, NULL),
(213, 4, NULL, 84, NULL),
(214, 4, NULL, 85, NULL),
(215, 4, NULL, 86, NULL),
(216, 4, NULL, 87, NULL),
(217, 4, NULL, 88, NULL),
(218, 4, NULL, 89, NULL),
(219, 4, NULL, 90, NULL),
(220, 4, NULL, 91, NULL),
(221, 4, NULL, 92, NULL),
(222, 4, NULL, 93, NULL),
(223, 4, NULL, 94, NULL),
(224, 4, NULL, 95, NULL),
(225, 4, NULL, 96, NULL),
(226, 4, NULL, 97, NULL),
(227, 4, NULL, 98, NULL),
(228, 4, NULL, 99, NULL),
(229, 4, NULL, 100, NULL),
(230, 4, NULL, 101, NULL),
(231, 4, NULL, 102, NULL),
(232, 4, NULL, 103, NULL),
(233, 4, NULL, 104, NULL),
(234, 4, NULL, 105, NULL),
(235, 4, NULL, 0, NULL),
(236, 4, NULL, 106, NULL),
(237, 4, NULL, 107, NULL),
(238, 4, NULL, 108, NULL),
(239, 4, NULL, 109, NULL),
(240, 4, NULL, 110, NULL),
(241, 4, NULL, 111, NULL),
(242, 4, NULL, 112, NULL),
(243, 4, NULL, 113, NULL),
(244, 4, NULL, 114, NULL),
(245, 4, NULL, 115, NULL),
(246, 4, NULL, 116, NULL),
(247, 4, NULL, 117, NULL),
(248, 4, NULL, 118, NULL),
(249, 4, NULL, 119, NULL),
(250, 4, NULL, 120, NULL),
(251, 5, NULL, 1, NULL),
(252, 5, NULL, 2, NULL),
(253, 5, NULL, 3, NULL),
(254, 5, NULL, 4, NULL),
(255, 5, NULL, 5, NULL),
(256, 5, NULL, 6, NULL),
(257, 5, NULL, 7, NULL),
(258, 5, NULL, 8, NULL),
(259, 5, NULL, 9, NULL),
(260, 5, NULL, 10, NULL),
(261, 5, NULL, 11, NULL),
(262, 5, NULL, 12, NULL),
(263, 5, NULL, 13, NULL),
(264, 5, NULL, 14, NULL),
(265, 5, NULL, 15, NULL),
(266, 5, NULL, 16, NULL),
(267, 5, NULL, 17, NULL),
(268, 5, NULL, 18, NULL),
(269, 5, NULL, 19, NULL),
(270, 5, NULL, 20, NULL),
(271, 5, NULL, 21, NULL),
(272, 5, NULL, 22, NULL),
(273, 5, NULL, 23, NULL),
(274, 5, NULL, 24, NULL),
(275, 5, NULL, 25, NULL),
(276, 5, NULL, 26, NULL),
(277, 5, NULL, 27, NULL),
(278, 5, NULL, 28, NULL),
(279, 5, NULL, 29, NULL),
(280, 5, NULL, 30, NULL),
(281, 5, NULL, 31, NULL),
(282, 5, NULL, 32, NULL),
(283, 5, NULL, 33, NULL),
(284, 5, NULL, 0, NULL),
(285, 5, NULL, 34, NULL),
(286, 5, NULL, 35, NULL),
(287, 5, NULL, 36, NULL),
(288, 5, NULL, 37, NULL),
(289, 5, NULL, 38, NULL),
(290, 5, NULL, 0, NULL),
(291, 5, NULL, 39, NULL),
(292, 5, NULL, 40, NULL),
(293, 5, NULL, 41, NULL),
(294, 5, NULL, 42, NULL),
(295, 5, NULL, 43, NULL),
(296, 5, NULL, 44, NULL),
(297, 5, NULL, 45, NULL),
(298, 5, NULL, 46, NULL),
(299, 5, NULL, 47, NULL),
(300, 5, NULL, 48, NULL),
(301, 5, NULL, 49, NULL),
(302, 5, NULL, 50, NULL),
(303, 5, NULL, 51, NULL),
(304, 5, NULL, 52, NULL),
(305, 5, NULL, 53, NULL),
(306, 5, NULL, 54, NULL),
(307, 5, NULL, 55, NULL),
(308, 5, NULL, 0, NULL),
(309, 5, NULL, 56, NULL),
(310, 5, NULL, 57, NULL),
(311, 5, NULL, 58, NULL),
(312, 5, NULL, 59, NULL),
(313, 5, NULL, 60, NULL),
(314, 5, NULL, 0, NULL),
(315, 5, NULL, 61, NULL),
(316, 5, NULL, 62, NULL),
(317, 5, NULL, 63, NULL),
(318, 5, NULL, 64, NULL),
(319, 5, NULL, 65, NULL),
(320, 5, NULL, 66, NULL),
(321, 5, NULL, 67, NULL),
(322, 5, NULL, 68, NULL),
(323, 5, NULL, 69, NULL),
(324, 5, NULL, 70, NULL),
(325, 5, NULL, 71, NULL),
(326, 5, NULL, 72, NULL),
(327, 5, NULL, 73, NULL),
(328, 5, NULL, 74, NULL),
(329, 5, NULL, 75, NULL),
(330, 5, NULL, 76, NULL),
(331, 5, NULL, 77, NULL),
(332, 5, NULL, 78, NULL),
(333, 5, NULL, 79, NULL),
(334, 5, NULL, 80, NULL),
(335, 5, NULL, 81, NULL),
(336, 5, NULL, 82, NULL),
(337, 5, NULL, 83, NULL),
(338, 5, NULL, 84, NULL),
(339, 5, NULL, 85, NULL),
(340, 5, NULL, 86, NULL),
(341, 5, NULL, 87, NULL),
(342, 5, NULL, 88, NULL),
(343, 5, NULL, 89, NULL),
(344, 5, NULL, 90, NULL),
(345, 5, NULL, 91, NULL),
(346, 5, NULL, 92, NULL),
(347, 5, NULL, 93, NULL),
(348, 5, NULL, 94, NULL),
(349, 5, NULL, 95, NULL),
(350, 5, NULL, 96, NULL),
(351, 5, NULL, 97, NULL),
(352, 5, NULL, 98, NULL),
(353, 5, NULL, 99, NULL),
(354, 5, NULL, 100, NULL),
(355, 5, NULL, 101, NULL),
(356, 5, NULL, 102, NULL),
(357, 5, NULL, 103, NULL),
(358, 5, NULL, 104, NULL),
(359, 5, NULL, 105, NULL),
(360, 5, NULL, 0, NULL),
(361, 5, NULL, 106, NULL),
(362, 5, NULL, 107, NULL),
(363, 5, NULL, 108, NULL),
(364, 5, NULL, 109, NULL),
(365, 5, NULL, 110, NULL),
(366, 5, NULL, 111, NULL),
(367, 5, NULL, 112, NULL),
(368, 5, NULL, 113, NULL),
(369, 5, NULL, 114, NULL),
(370, 5, NULL, 115, NULL),
(371, 5, NULL, 116, NULL),
(372, 5, NULL, 117, NULL),
(373, 5, NULL, 118, NULL),
(374, 5, NULL, 119, NULL),
(375, 5, NULL, 120, NULL),
(376, 6, NULL, 1, NULL),
(377, 6, NULL, 2, NULL),
(378, 6, NULL, 3, NULL),
(379, 6, NULL, 4, NULL),
(380, 6, NULL, 5, NULL),
(381, 6, NULL, 6, NULL),
(382, 6, NULL, 7, NULL),
(383, 6, NULL, 8, NULL),
(384, 6, NULL, 9, NULL),
(385, 6, NULL, 10, NULL),
(386, 6, NULL, 11, NULL),
(387, 6, NULL, 12, NULL),
(388, 6, NULL, 13, NULL),
(389, 6, NULL, 14, NULL),
(390, 6, NULL, 15, NULL),
(391, 6, NULL, 16, NULL),
(392, 6, NULL, 17, NULL),
(393, 6, NULL, 18, NULL),
(394, 6, NULL, 19, NULL),
(395, 6, NULL, 20, NULL),
(396, 6, NULL, 21, NULL),
(397, 6, NULL, 22, NULL),
(398, 6, NULL, 23, NULL),
(399, 6, NULL, 24, NULL),
(400, 6, NULL, 25, NULL),
(401, 6, NULL, 26, NULL),
(402, 6, NULL, 27, NULL),
(403, 6, NULL, 28, NULL),
(404, 6, NULL, 29, NULL),
(405, 6, NULL, 30, NULL),
(406, 6, NULL, 31, NULL),
(407, 6, NULL, 32, NULL),
(408, 6, NULL, 33, NULL),
(409, 6, NULL, 34, NULL),
(410, 6, NULL, 35, NULL),
(411, 6, NULL, 36, NULL),
(412, 6, NULL, 37, NULL),
(413, 6, NULL, 38, NULL),
(414, 6, NULL, 39, NULL),
(415, 6, NULL, 40, NULL),
(416, 6, NULL, 41, NULL),
(417, 6, NULL, 42, NULL),
(418, 6, NULL, 43, NULL),
(419, 6, NULL, 44, NULL),
(420, 6, NULL, 45, NULL),
(421, 6, NULL, 46, NULL),
(422, 6, NULL, 47, NULL),
(423, 6, NULL, 48, NULL),
(424, 6, NULL, 49, NULL),
(425, 6, NULL, 50, NULL),
(426, 6, NULL, 51, NULL),
(427, 6, NULL, 52, NULL),
(428, 6, NULL, 53, NULL),
(429, 6, NULL, 54, NULL),
(430, 6, NULL, 55, NULL),
(431, 6, NULL, 56, NULL),
(432, 6, NULL, 57, NULL),
(433, 6, NULL, 58, NULL),
(434, 6, NULL, 59, NULL),
(435, 6, NULL, 60, NULL),
(436, 6, NULL, 61, NULL),
(437, 6, NULL, 62, NULL),
(438, 6, NULL, 63, NULL),
(439, 6, NULL, 64, NULL),
(440, 6, NULL, 65, NULL),
(441, 6, NULL, 66, NULL),
(442, 6, NULL, 67, NULL),
(443, 6, NULL, 68, NULL),
(444, 6, NULL, 69, NULL),
(445, 6, NULL, 70, NULL),
(446, 6, NULL, 71, NULL),
(447, 6, NULL, 72, NULL),
(448, 6, NULL, 73, NULL),
(449, 6, NULL, 74, NULL),
(450, 6, NULL, 75, NULL),
(451, 6, NULL, 76, NULL),
(452, 6, NULL, 77, NULL),
(453, 6, NULL, 78, NULL),
(454, 6, NULL, 79, NULL),
(455, 6, NULL, 80, NULL),
(456, 6, NULL, 81, NULL),
(457, 6, NULL, 82, NULL),
(458, 6, NULL, 83, NULL),
(459, 6, NULL, 84, NULL),
(460, 6, NULL, 85, NULL),
(461, 6, NULL, 86, NULL),
(462, 6, NULL, 87, NULL),
(463, 6, NULL, 88, NULL),
(464, 6, NULL, 89, NULL),
(465, 6, NULL, 90, NULL),
(466, 6, NULL, 91, NULL),
(467, 6, NULL, 92, NULL),
(468, 6, NULL, 93, NULL),
(469, 6, NULL, 94, NULL),
(470, 6, NULL, 95, NULL),
(471, 6, NULL, 96, NULL),
(472, 6, NULL, 97, NULL),
(473, 6, NULL, 98, NULL),
(474, 6, NULL, 99, NULL),
(475, 6, NULL, 100, NULL),
(476, 6, NULL, 101, NULL),
(477, 6, NULL, 102, NULL),
(478, 6, NULL, 103, NULL),
(479, 6, NULL, 104, NULL),
(480, 6, NULL, 105, NULL),
(481, 6, NULL, 106, NULL),
(482, 6, NULL, 107, NULL),
(483, 6, NULL, 108, NULL),
(484, 6, NULL, 109, NULL),
(485, 6, NULL, 110, NULL),
(486, 6, NULL, 111, NULL),
(487, 6, NULL, 112, NULL),
(488, 6, NULL, 113, NULL),
(489, 6, NULL, 114, NULL),
(490, 6, NULL, 115, NULL),
(491, 6, NULL, 116, NULL),
(492, 6, NULL, 117, NULL),
(493, 6, NULL, 118, NULL),
(494, 6, NULL, 119, NULL),
(495, 6, NULL, 120, NULL),
(496, 7, NULL, 1, NULL),
(497, 7, NULL, 2, NULL),
(498, 7, NULL, 3, NULL),
(499, 7, NULL, 4, NULL),
(500, 7, NULL, 5, NULL),
(501, 7, NULL, 6, NULL),
(502, 7, NULL, 7, NULL),
(503, 7, NULL, 8, NULL),
(504, 7, NULL, 9, NULL),
(505, 7, NULL, 10, NULL),
(506, 7, NULL, 11, NULL),
(507, 7, NULL, 12, NULL),
(508, 7, NULL, 13, NULL),
(509, 7, NULL, 14, NULL),
(510, 7, NULL, 15, NULL),
(511, 7, NULL, 16, NULL),
(512, 7, NULL, 17, NULL),
(513, 7, NULL, 18, NULL),
(514, 7, NULL, 19, NULL),
(515, 7, NULL, 20, NULL),
(516, 7, NULL, 21, NULL),
(517, 7, NULL, 22, NULL),
(518, 7, NULL, 23, NULL),
(519, 7, NULL, 24, NULL),
(520, 7, NULL, 25, NULL),
(521, 7, NULL, 26, NULL),
(522, 7, NULL, 27, NULL),
(523, 7, NULL, 28, NULL),
(524, 7, NULL, 29, NULL),
(525, 7, NULL, 30, NULL),
(526, 7, NULL, 31, NULL),
(527, 7, NULL, 32, NULL),
(528, 7, NULL, 33, NULL),
(529, 7, NULL, 34, NULL),
(530, 7, NULL, 35, NULL),
(531, 7, NULL, 36, NULL),
(532, 7, NULL, 37, NULL),
(533, 7, NULL, 38, NULL),
(534, 7, NULL, 39, NULL),
(535, 7, NULL, 40, NULL),
(536, 7, NULL, 41, NULL),
(537, 7, NULL, 42, NULL),
(538, 7, NULL, 43, NULL),
(539, 7, NULL, 44, NULL),
(540, 7, NULL, 45, NULL),
(541, 7, NULL, 46, NULL),
(542, 7, NULL, 47, NULL),
(543, 7, NULL, 48, NULL),
(544, 7, NULL, 49, NULL),
(545, 7, NULL, 50, NULL),
(546, 7, NULL, 51, NULL),
(547, 7, NULL, 52, NULL),
(548, 7, NULL, 53, NULL),
(549, 7, NULL, 54, NULL),
(550, 7, NULL, 55, NULL),
(551, 7, NULL, 56, NULL),
(552, 7, NULL, 57, NULL),
(553, 7, NULL, 58, NULL),
(554, 7, NULL, 59, NULL),
(555, 7, NULL, 60, NULL),
(556, 7, NULL, 61, NULL),
(557, 7, NULL, 62, NULL),
(558, 7, NULL, 63, NULL),
(559, 7, NULL, 64, NULL),
(560, 7, NULL, 65, NULL),
(561, 7, NULL, 66, NULL),
(562, 7, NULL, 67, NULL),
(563, 7, NULL, 68, NULL),
(564, 7, NULL, 69, NULL),
(565, 7, NULL, 70, NULL),
(566, 7, NULL, 71, NULL),
(567, 7, NULL, 72, NULL),
(568, 7, NULL, 73, NULL),
(569, 7, NULL, 74, NULL),
(570, 7, NULL, 75, NULL),
(571, 7, NULL, 76, NULL),
(572, 7, NULL, 77, NULL),
(573, 7, NULL, 78, NULL),
(574, 7, NULL, 79, NULL),
(575, 7, NULL, 80, NULL),
(576, 7, NULL, 81, NULL),
(577, 7, NULL, 82, NULL),
(578, 7, NULL, 83, NULL),
(579, 7, NULL, 84, NULL),
(580, 7, NULL, 85, NULL),
(581, 7, NULL, 86, NULL),
(582, 7, NULL, 87, NULL),
(583, 7, NULL, 88, NULL),
(584, 7, NULL, 89, NULL),
(585, 7, NULL, 90, NULL),
(586, 7, NULL, 91, NULL),
(587, 7, NULL, 92, NULL),
(588, 7, NULL, 93, NULL),
(589, 7, NULL, 94, NULL),
(590, 7, NULL, 95, NULL),
(591, 7, NULL, 96, NULL),
(592, 7, NULL, 97, NULL),
(593, 7, NULL, 98, NULL),
(594, 7, NULL, 99, NULL),
(595, 7, NULL, 100, NULL),
(596, 7, NULL, 101, NULL),
(597, 7, NULL, 102, NULL),
(598, 7, NULL, 103, NULL),
(599, 7, NULL, 104, NULL),
(600, 7, NULL, 105, NULL),
(601, 7, NULL, 106, NULL),
(602, 7, NULL, 107, NULL),
(603, 7, NULL, 108, NULL),
(604, 7, NULL, 109, NULL),
(605, 7, NULL, 110, NULL),
(606, 7, NULL, 111, NULL),
(607, 7, NULL, 112, NULL),
(608, 7, NULL, 113, NULL),
(609, 7, NULL, 114, NULL),
(610, 7, NULL, 115, NULL),
(611, 7, NULL, 116, NULL),
(612, 7, NULL, 117, NULL),
(613, 7, NULL, 118, NULL),
(614, 7, NULL, 119, NULL),
(615, 7, NULL, 120, NULL),
(616, 8, NULL, 1, NULL),
(617, 8, NULL, 2, NULL),
(618, 8, NULL, 3, NULL),
(619, 8, NULL, 4, NULL),
(620, 8, NULL, 5, NULL),
(621, 8, NULL, 6, NULL),
(622, 8, NULL, 7, NULL),
(623, 8, NULL, 8, NULL),
(624, 8, NULL, 9, NULL),
(625, 8, NULL, 10, NULL),
(626, 8, NULL, 11, NULL),
(627, 8, NULL, 12, NULL),
(628, 8, NULL, 13, NULL),
(629, 8, NULL, 14, NULL),
(630, 8, NULL, 15, NULL),
(631, 8, NULL, 16, NULL),
(632, 8, NULL, 17, NULL),
(633, 8, NULL, 18, NULL),
(634, 8, NULL, 19, NULL),
(635, 8, NULL, 20, NULL),
(636, 8, NULL, 21, NULL),
(637, 8, NULL, 22, NULL),
(638, 8, NULL, 23, NULL),
(639, 8, NULL, 24, NULL),
(640, 8, NULL, 25, NULL),
(641, 8, NULL, 26, NULL),
(642, 8, NULL, 27, NULL),
(643, 8, NULL, 28, NULL),
(644, 8, NULL, 29, NULL),
(645, 8, NULL, 30, NULL),
(646, 8, NULL, 31, NULL),
(647, 8, NULL, 32, NULL),
(648, 8, NULL, 33, NULL),
(649, 8, NULL, 34, NULL),
(650, 8, NULL, 35, NULL),
(651, 8, NULL, 36, NULL),
(652, 8, NULL, 37, NULL),
(653, 8, NULL, 38, NULL),
(654, 8, NULL, 39, NULL),
(655, 8, NULL, 40, NULL),
(656, 8, NULL, 41, NULL),
(657, 8, NULL, 42, NULL),
(658, 8, NULL, 43, NULL),
(659, 8, NULL, 44, NULL),
(660, 8, NULL, 45, NULL),
(661, 8, NULL, 46, NULL),
(662, 8, NULL, 47, NULL),
(663, 8, NULL, 48, NULL),
(664, 8, NULL, 49, NULL),
(665, 8, NULL, 50, NULL),
(666, 8, NULL, 51, NULL),
(667, 8, NULL, 52, NULL),
(668, 8, NULL, 53, NULL),
(669, 8, NULL, 54, NULL),
(670, 8, NULL, 55, NULL),
(671, 8, NULL, 56, NULL),
(672, 8, NULL, 57, NULL),
(673, 8, NULL, 58, NULL),
(674, 8, NULL, 59, NULL),
(675, 8, NULL, 60, NULL),
(676, 8, NULL, 61, NULL),
(677, 8, NULL, 62, NULL),
(678, 8, NULL, 63, NULL),
(679, 8, NULL, 64, NULL),
(680, 8, NULL, 65, NULL),
(681, 8, NULL, 66, NULL),
(682, 8, NULL, 67, NULL),
(683, 8, NULL, 68, NULL),
(684, 8, NULL, 69, NULL),
(685, 8, NULL, 70, NULL),
(686, 8, NULL, 71, NULL),
(687, 8, NULL, 72, NULL),
(688, 8, NULL, 73, NULL),
(689, 8, NULL, 74, NULL),
(690, 8, NULL, 75, NULL),
(691, 8, NULL, 76, NULL),
(692, 8, NULL, 77, NULL),
(693, 8, NULL, 78, NULL),
(694, 8, NULL, 79, NULL),
(695, 8, NULL, 80, NULL),
(696, 8, NULL, 81, NULL),
(697, 8, NULL, 82, NULL),
(698, 8, NULL, 83, NULL),
(699, 8, NULL, 84, NULL),
(700, 8, NULL, 85, NULL),
(701, 8, NULL, 86, NULL),
(702, 8, NULL, 87, NULL),
(703, 8, NULL, 88, NULL),
(704, 8, NULL, 89, NULL),
(705, 8, NULL, 90, NULL),
(706, 8, NULL, 91, NULL),
(707, 8, NULL, 92, NULL),
(708, 8, NULL, 93, NULL),
(709, 8, NULL, 94, NULL),
(710, 8, NULL, 95, NULL),
(711, 8, NULL, 96, NULL),
(712, 8, NULL, 97, NULL),
(713, 8, NULL, 98, NULL),
(714, 8, NULL, 99, NULL),
(715, 8, NULL, 100, NULL),
(716, 8, NULL, 101, NULL),
(717, 8, NULL, 102, NULL),
(718, 8, NULL, 103, NULL),
(719, 8, NULL, 104, NULL),
(720, 8, NULL, 105, NULL),
(721, 8, NULL, 106, NULL),
(722, 8, NULL, 107, NULL),
(723, 8, NULL, 108, NULL),
(724, 8, NULL, 109, NULL),
(725, 8, NULL, 110, NULL),
(726, 8, NULL, 111, NULL),
(727, 8, NULL, 112, NULL),
(728, 8, NULL, 113, NULL),
(729, 8, NULL, 114, NULL),
(730, 8, NULL, 115, NULL),
(731, 8, NULL, 116, NULL),
(732, 8, NULL, 117, NULL),
(733, 8, NULL, 118, NULL),
(734, 8, NULL, 119, NULL),
(735, 8, NULL, 120, NULL),
(736, 9, NULL, 1, NULL),
(737, 9, NULL, 2, NULL),
(738, 9, NULL, 3, NULL),
(739, 9, NULL, 4, NULL),
(740, 9, NULL, 5, NULL),
(741, 9, NULL, 6, NULL),
(742, 9, NULL, 7, NULL),
(743, 9, NULL, 8, NULL),
(744, 9, NULL, 9, NULL),
(745, 9, NULL, 10, NULL),
(746, 9, NULL, 11, NULL),
(747, 9, NULL, 12, NULL),
(748, 9, NULL, 13, NULL),
(749, 9, NULL, 14, NULL),
(750, 9, NULL, 15, NULL),
(751, 9, NULL, 16, NULL),
(752, 9, NULL, 17, NULL),
(753, 9, NULL, 18, NULL),
(754, 9, NULL, 19, NULL),
(755, 9, NULL, 20, NULL),
(756, 9, NULL, 21, NULL),
(757, 9, NULL, 22, NULL),
(758, 9, NULL, 23, NULL),
(759, 9, NULL, 24, NULL),
(760, 9, NULL, 25, NULL),
(761, 9, NULL, 26, NULL),
(762, 9, NULL, 27, NULL),
(763, 9, NULL, 28, NULL),
(764, 9, NULL, 29, NULL),
(765, 9, NULL, 30, NULL),
(766, 9, NULL, 31, NULL),
(767, 9, NULL, 32, NULL),
(768, 9, NULL, 33, NULL),
(769, 9, NULL, 34, NULL),
(770, 9, NULL, 35, NULL),
(771, 9, NULL, 36, NULL),
(772, 9, NULL, 37, NULL),
(773, 9, NULL, 38, NULL),
(774, 9, NULL, 39, NULL),
(775, 9, NULL, 40, NULL),
(776, 9, NULL, 41, NULL),
(777, 9, NULL, 42, NULL),
(778, 9, NULL, 43, NULL),
(779, 9, NULL, 44, NULL),
(780, 9, NULL, 45, NULL),
(781, 9, NULL, 46, NULL),
(782, 9, NULL, 47, NULL),
(783, 9, NULL, 48, NULL),
(784, 9, NULL, 49, NULL),
(785, 9, NULL, 50, NULL),
(786, 9, NULL, 51, NULL),
(787, 9, NULL, 52, NULL),
(788, 9, NULL, 53, NULL),
(789, 9, NULL, 54, NULL),
(790, 9, NULL, 55, NULL),
(791, 9, NULL, 56, NULL),
(792, 9, NULL, 57, NULL),
(793, 9, NULL, 58, NULL),
(794, 9, NULL, 59, NULL),
(795, 9, NULL, 60, NULL),
(796, 9, NULL, 61, NULL),
(797, 9, NULL, 62, NULL),
(798, 9, NULL, 63, NULL),
(799, 9, NULL, 64, NULL),
(800, 9, NULL, 65, NULL),
(801, 9, NULL, 66, NULL),
(802, 9, NULL, 67, NULL),
(803, 9, NULL, 68, NULL),
(804, 9, NULL, 69, NULL),
(805, 9, NULL, 70, NULL),
(806, 9, NULL, 71, NULL),
(807, 9, NULL, 72, NULL),
(808, 9, NULL, 73, NULL),
(809, 9, NULL, 74, NULL),
(810, 9, NULL, 75, NULL),
(811, 9, NULL, 76, NULL),
(812, 9, NULL, 77, NULL),
(813, 9, NULL, 78, NULL),
(814, 9, NULL, 79, NULL),
(815, 9, NULL, 80, NULL),
(816, 9, NULL, 81, NULL),
(817, 9, NULL, 82, NULL),
(818, 9, NULL, 83, NULL),
(819, 9, NULL, 84, NULL),
(820, 9, NULL, 85, NULL),
(821, 9, NULL, 86, NULL),
(822, 9, NULL, 87, NULL),
(823, 9, NULL, 88, NULL),
(824, 9, NULL, 89, NULL),
(825, 9, NULL, 90, NULL),
(826, 9, NULL, 91, NULL),
(827, 9, NULL, 92, NULL),
(828, 9, NULL, 93, NULL),
(829, 9, NULL, 94, NULL),
(830, 9, NULL, 95, NULL),
(831, 9, NULL, 96, NULL),
(832, 9, NULL, 97, NULL),
(833, 9, NULL, 98, NULL),
(834, 9, NULL, 99, NULL),
(835, 9, NULL, 100, NULL),
(836, 9, NULL, 101, NULL),
(837, 9, NULL, 102, NULL),
(838, 9, NULL, 103, NULL),
(839, 9, NULL, 104, NULL),
(840, 9, NULL, 105, NULL),
(841, 9, NULL, 106, NULL),
(842, 9, NULL, 107, NULL),
(843, 9, NULL, 108, NULL),
(844, 9, NULL, 109, NULL),
(845, 9, NULL, 110, NULL),
(846, 9, NULL, 111, NULL),
(847, 9, NULL, 112, NULL),
(848, 9, NULL, 113, NULL),
(849, 9, NULL, 114, NULL),
(850, 9, NULL, 115, NULL),
(851, 9, NULL, 116, NULL),
(852, 9, NULL, 117, NULL),
(853, 9, NULL, 118, NULL),
(854, 9, NULL, 119, NULL),
(855, 9, NULL, 120, NULL),
(856, 10, NULL, 1, NULL),
(857, 10, NULL, 2, NULL),
(858, 10, NULL, 3, NULL),
(859, 10, NULL, 4, NULL),
(860, 10, NULL, 5, NULL),
(861, 10, NULL, 6, NULL),
(862, 10, NULL, 7, NULL),
(863, 10, NULL, 8, NULL),
(864, 10, NULL, 9, NULL),
(865, 10, NULL, 10, NULL),
(866, 10, NULL, 11, NULL),
(867, 10, NULL, 12, NULL),
(868, 10, NULL, 13, NULL),
(869, 10, NULL, 14, NULL),
(870, 10, NULL, 15, NULL),
(871, 10, NULL, 16, NULL),
(872, 10, NULL, 17, NULL),
(873, 10, NULL, 18, NULL),
(874, 10, NULL, 19, NULL),
(875, 10, NULL, 20, NULL),
(876, 10, NULL, 21, NULL),
(877, 10, NULL, 22, NULL),
(878, 10, NULL, 23, NULL),
(879, 10, NULL, 24, NULL),
(880, 10, NULL, 25, NULL),
(881, 10, NULL, 26, NULL),
(882, 10, NULL, 27, NULL),
(883, 10, NULL, 28, NULL),
(884, 10, NULL, 29, NULL),
(885, 10, NULL, 30, NULL),
(886, 10, NULL, 31, NULL),
(887, 10, NULL, 32, NULL),
(888, 10, NULL, 33, NULL),
(889, 10, NULL, 34, NULL),
(890, 10, NULL, 35, NULL),
(891, 10, NULL, 36, NULL),
(892, 10, NULL, 37, NULL),
(893, 10, NULL, 38, NULL),
(894, 10, NULL, 39, NULL),
(895, 10, NULL, 40, NULL),
(896, 10, NULL, 41, NULL),
(897, 10, NULL, 42, NULL),
(898, 10, NULL, 43, NULL),
(899, 10, NULL, 44, NULL),
(900, 10, NULL, 45, NULL),
(901, 10, NULL, 46, NULL),
(902, 10, NULL, 47, NULL),
(903, 10, NULL, 48, NULL),
(904, 10, NULL, 49, NULL),
(905, 10, NULL, 50, NULL),
(906, 10, NULL, 51, NULL),
(907, 10, NULL, 52, NULL),
(908, 10, NULL, 53, NULL),
(909, 10, NULL, 54, NULL),
(910, 10, NULL, 55, NULL),
(911, 10, NULL, 56, NULL),
(912, 10, NULL, 57, NULL),
(913, 10, NULL, 58, NULL),
(914, 10, NULL, 59, NULL),
(915, 10, NULL, 60, NULL),
(916, 10, NULL, 61, NULL),
(917, 10, NULL, 62, NULL),
(918, 10, NULL, 63, NULL),
(919, 10, NULL, 64, NULL),
(920, 10, NULL, 65, NULL),
(921, 10, NULL, 66, NULL),
(922, 10, NULL, 67, NULL),
(923, 10, NULL, 68, NULL),
(924, 10, NULL, 69, NULL),
(925, 10, NULL, 70, NULL),
(926, 10, NULL, 71, NULL),
(927, 10, NULL, 72, NULL),
(928, 10, NULL, 73, NULL),
(929, 10, NULL, 74, NULL),
(930, 10, NULL, 75, NULL),
(931, 10, NULL, 76, NULL),
(932, 10, NULL, 77, NULL),
(933, 10, NULL, 78, NULL),
(934, 10, NULL, 79, NULL),
(935, 10, NULL, 80, NULL),
(936, 10, NULL, 81, NULL),
(937, 10, NULL, 82, NULL),
(938, 10, NULL, 83, NULL),
(939, 10, NULL, 84, NULL),
(940, 10, NULL, 85, NULL),
(941, 10, NULL, 86, NULL),
(942, 10, NULL, 87, NULL),
(943, 10, NULL, 88, NULL),
(944, 10, NULL, 89, NULL),
(945, 10, NULL, 90, NULL),
(946, 10, NULL, 91, NULL),
(947, 10, NULL, 92, NULL),
(948, 10, NULL, 93, NULL),
(949, 10, NULL, 94, NULL),
(950, 10, NULL, 95, NULL),
(951, 10, NULL, 96, NULL),
(952, 10, NULL, 97, NULL),
(953, 10, NULL, 98, NULL),
(954, 10, NULL, 99, NULL),
(955, 10, NULL, 100, NULL),
(956, 10, NULL, 101, NULL),
(957, 10, NULL, 102, NULL),
(958, 10, NULL, 103, NULL),
(959, 10, NULL, 104, NULL),
(960, 10, NULL, 105, NULL),
(961, 10, NULL, 106, NULL),
(962, 10, NULL, 107, NULL),
(963, 10, NULL, 108, NULL),
(964, 10, NULL, 109, NULL),
(965, 10, NULL, 110, NULL),
(966, 10, NULL, 111, NULL),
(967, 10, NULL, 112, NULL),
(968, 10, NULL, 113, NULL),
(969, 10, NULL, 114, NULL),
(970, 10, NULL, 115, NULL),
(971, 10, NULL, 116, NULL),
(972, 10, NULL, 117, NULL),
(973, 10, NULL, 118, NULL),
(974, 10, NULL, 119, NULL),
(975, 10, NULL, 120, NULL),
(976, 11, NULL, 1, NULL),
(977, 11, NULL, 2, NULL),
(978, 11, NULL, 3, NULL),
(979, 11, NULL, 4, NULL),
(980, 11, NULL, 5, NULL),
(981, 11, NULL, 6, NULL),
(982, 11, NULL, 7, NULL),
(983, 11, NULL, 8, NULL),
(984, 11, NULL, 9, NULL),
(985, 11, NULL, 10, NULL),
(986, 11, NULL, 11, NULL),
(987, 11, NULL, 12, NULL),
(988, 11, NULL, 13, NULL),
(989, 11, NULL, 14, NULL),
(990, 11, NULL, 15, NULL),
(991, 11, NULL, 16, NULL),
(992, 11, NULL, 17, NULL),
(993, 11, NULL, 18, NULL),
(994, 11, NULL, 19, NULL),
(995, 11, NULL, 20, NULL),
(996, 11, NULL, 21, NULL),
(997, 11, NULL, 22, NULL),
(998, 11, NULL, 23, NULL),
(999, 11, NULL, 24, NULL),
(1000, 11, NULL, 25, NULL),
(1001, 11, NULL, 26, NULL),
(1002, 11, NULL, 27, NULL),
(1003, 11, NULL, 28, NULL),
(1004, 11, NULL, 29, NULL),
(1005, 11, NULL, 30, NULL),
(1006, 11, NULL, 31, NULL),
(1007, 11, NULL, 32, NULL),
(1008, 11, NULL, 33, NULL),
(1009, 11, NULL, 34, NULL),
(1010, 11, NULL, 35, NULL),
(1011, 11, NULL, 36, NULL),
(1012, 11, NULL, 37, NULL),
(1013, 11, NULL, 38, NULL),
(1014, 11, NULL, 39, NULL),
(1015, 11, NULL, 40, NULL),
(1016, 11, NULL, 41, NULL),
(1017, 11, NULL, 42, NULL),
(1018, 11, NULL, 43, NULL),
(1019, 11, NULL, 44, NULL),
(1020, 11, NULL, 45, NULL),
(1021, 11, NULL, 46, NULL),
(1022, 11, NULL, 47, NULL),
(1023, 11, NULL, 48, NULL),
(1024, 11, NULL, 49, NULL),
(1025, 11, NULL, 50, NULL),
(1026, 11, NULL, 51, NULL),
(1027, 11, NULL, 52, NULL),
(1028, 11, NULL, 53, NULL),
(1029, 11, NULL, 54, NULL),
(1030, 11, NULL, 55, NULL),
(1031, 11, NULL, 56, NULL),
(1032, 11, NULL, 57, NULL),
(1033, 11, NULL, 58, NULL),
(1034, 11, NULL, 59, NULL),
(1035, 11, NULL, 60, NULL),
(1036, 11, NULL, 61, NULL),
(1037, 11, NULL, 62, NULL),
(1038, 11, NULL, 63, NULL),
(1039, 11, NULL, 64, NULL),
(1040, 11, NULL, 65, NULL),
(1041, 11, NULL, 66, NULL),
(1042, 11, NULL, 67, NULL),
(1043, 11, NULL, 68, NULL),
(1044, 11, NULL, 69, NULL),
(1045, 11, NULL, 70, NULL),
(1046, 11, NULL, 71, NULL),
(1047, 11, NULL, 72, NULL),
(1048, 11, NULL, 73, NULL),
(1049, 11, NULL, 74, NULL),
(1050, 11, NULL, 75, NULL),
(1051, 11, NULL, 76, NULL),
(1052, 11, NULL, 77, NULL),
(1053, 11, NULL, 78, NULL),
(1054, 11, NULL, 79, NULL),
(1055, 11, NULL, 80, NULL),
(1056, 11, NULL, 81, NULL),
(1057, 11, NULL, 82, NULL),
(1058, 11, NULL, 83, NULL),
(1059, 11, NULL, 84, NULL),
(1060, 11, NULL, 85, NULL),
(1061, 11, NULL, 86, NULL),
(1062, 11, NULL, 87, NULL),
(1063, 11, NULL, 88, NULL),
(1064, 11, NULL, 89, NULL),
(1065, 11, NULL, 90, NULL),
(1066, 11, NULL, 91, NULL),
(1067, 11, NULL, 92, NULL),
(1068, 11, NULL, 93, NULL),
(1069, 11, NULL, 94, NULL),
(1070, 11, NULL, 95, NULL),
(1071, 11, NULL, 96, NULL),
(1072, 11, NULL, 97, NULL),
(1073, 11, NULL, 98, NULL),
(1074, 11, NULL, 99, NULL),
(1075, 11, NULL, 100, NULL),
(1076, 11, NULL, 101, NULL),
(1077, 11, NULL, 102, NULL),
(1078, 11, NULL, 103, NULL),
(1079, 11, NULL, 104, NULL),
(1080, 11, NULL, 105, NULL),
(1081, 11, NULL, 106, NULL),
(1082, 11, NULL, 107, NULL),
(1083, 11, NULL, 108, NULL),
(1084, 11, NULL, 109, NULL),
(1085, 11, NULL, 110, NULL),
(1086, 11, NULL, 111, NULL),
(1087, 11, NULL, 112, NULL),
(1088, 11, NULL, 113, NULL),
(1089, 11, NULL, 114, NULL),
(1090, 11, NULL, 115, NULL),
(1091, 11, NULL, 116, NULL),
(1092, 11, NULL, 117, NULL),
(1093, 11, NULL, 118, NULL),
(1094, 11, NULL, 119, NULL),
(1095, 11, NULL, 120, NULL),
(1096, 12, NULL, 1, NULL),
(1097, 12, NULL, 2, NULL),
(1098, 12, NULL, 3, NULL),
(1099, 12, NULL, 4, NULL),
(1100, 12, NULL, 5, NULL),
(1101, 12, NULL, 6, NULL),
(1102, 12, NULL, 7, NULL),
(1103, 12, NULL, 8, NULL),
(1104, 12, NULL, 9, NULL),
(1105, 12, NULL, 10, NULL),
(1106, 12, NULL, 11, NULL),
(1107, 12, NULL, 12, NULL),
(1108, 12, NULL, 13, NULL),
(1109, 12, NULL, 14, NULL),
(1110, 12, NULL, 15, NULL),
(1111, 12, NULL, 16, NULL),
(1112, 12, NULL, 17, NULL),
(1113, 12, NULL, 18, NULL),
(1114, 12, NULL, 19, NULL),
(1115, 12, NULL, 20, NULL),
(1116, 12, NULL, 21, NULL),
(1117, 12, NULL, 22, NULL),
(1118, 12, NULL, 23, NULL),
(1119, 12, NULL, 24, NULL),
(1120, 12, NULL, 25, NULL),
(1121, 12, NULL, 26, NULL),
(1122, 12, NULL, 27, NULL),
(1123, 12, NULL, 28, NULL),
(1124, 12, NULL, 29, NULL),
(1125, 12, NULL, 30, NULL),
(1126, 12, NULL, 31, NULL),
(1127, 12, NULL, 32, NULL),
(1128, 12, NULL, 33, NULL),
(1129, 12, NULL, 34, NULL),
(1130, 12, NULL, 35, NULL),
(1131, 12, NULL, 36, NULL),
(1132, 12, NULL, 37, NULL),
(1133, 12, NULL, 38, NULL),
(1134, 12, NULL, 39, NULL),
(1135, 12, NULL, 40, NULL),
(1136, 12, NULL, 41, NULL),
(1137, 12, NULL, 42, NULL),
(1138, 12, NULL, 43, NULL),
(1139, 12, NULL, 44, NULL),
(1140, 12, NULL, 45, NULL),
(1141, 12, NULL, 46, NULL),
(1142, 12, NULL, 47, NULL),
(1143, 12, NULL, 48, NULL),
(1144, 12, NULL, 49, NULL),
(1145, 12, NULL, 50, NULL),
(1146, 12, NULL, 51, NULL),
(1147, 12, NULL, 52, NULL),
(1148, 12, NULL, 53, NULL),
(1149, 12, NULL, 54, NULL),
(1150, 12, NULL, 55, NULL),
(1151, 12, NULL, 56, NULL),
(1152, 12, NULL, 57, NULL),
(1153, 12, NULL, 58, NULL),
(1154, 12, NULL, 59, NULL),
(1155, 12, NULL, 60, NULL),
(1156, 12, NULL, 61, NULL),
(1157, 12, NULL, 62, NULL),
(1158, 12, NULL, 63, NULL),
(1159, 12, NULL, 64, NULL),
(1160, 12, NULL, 65, NULL),
(1161, 12, NULL, 66, NULL),
(1162, 12, NULL, 67, NULL),
(1163, 12, NULL, 68, NULL),
(1164, 12, NULL, 69, NULL),
(1165, 12, NULL, 70, NULL),
(1166, 12, NULL, 71, NULL),
(1167, 12, NULL, 72, NULL),
(1168, 12, NULL, 73, NULL),
(1169, 12, NULL, 74, NULL),
(1170, 12, NULL, 75, NULL),
(1171, 12, NULL, 76, NULL),
(1172, 12, NULL, 77, NULL),
(1173, 12, NULL, 78, NULL),
(1174, 12, NULL, 79, NULL),
(1175, 12, NULL, 80, NULL),
(1176, 12, NULL, 81, NULL),
(1177, 12, NULL, 82, NULL),
(1178, 12, NULL, 83, NULL),
(1179, 12, NULL, 84, NULL),
(1180, 12, NULL, 85, NULL),
(1181, 12, NULL, 86, NULL),
(1182, 12, NULL, 87, NULL),
(1183, 12, NULL, 88, NULL),
(1184, 12, NULL, 89, NULL),
(1185, 12, NULL, 90, NULL),
(1186, 12, NULL, 91, NULL),
(1187, 12, NULL, 92, NULL),
(1188, 12, NULL, 93, NULL),
(1189, 12, NULL, 94, NULL),
(1190, 12, NULL, 95, NULL),
(1191, 12, NULL, 96, NULL),
(1192, 12, NULL, 97, NULL),
(1193, 12, NULL, 98, NULL),
(1194, 12, NULL, 99, NULL),
(1195, 12, NULL, 100, NULL),
(1196, 12, NULL, 101, NULL),
(1197, 12, NULL, 102, NULL),
(1198, 12, NULL, 103, NULL),
(1199, 12, NULL, 104, NULL),
(1200, 12, NULL, 105, NULL),
(1201, 12, NULL, 106, NULL),
(1202, 12, NULL, 107, NULL),
(1203, 12, NULL, 108, NULL),
(1204, 12, NULL, 109, NULL),
(1205, 12, NULL, 110, NULL),
(1206, 12, NULL, 111, NULL),
(1207, 12, NULL, 112, NULL),
(1208, 12, NULL, 113, NULL),
(1209, 12, NULL, 114, NULL),
(1210, 12, NULL, 115, NULL),
(1211, 12, NULL, 116, NULL),
(1212, 12, NULL, 117, NULL),
(1213, 12, NULL, 118, NULL),
(1214, 12, NULL, 119, NULL),
(1215, 12, NULL, 120, NULL),
(1216, 13, 1, 1, NULL),
(1217, 13, 1, 2, NULL),
(1218, 13, 1, 3, NULL),
(1219, 13, 0, 4, NULL),
(1220, 13, 0, 5, NULL),
(1221, 13, 0, 6, NULL),
(1222, 13, 0, 7, NULL),
(1223, 13, 0, 8, NULL),
(1224, 13, 0, 9, NULL),
(1225, 13, 0, 10, NULL),
(1226, 13, 1, 11, NULL),
(1227, 13, 0, 12, NULL),
(1228, 13, 1, 13, NULL),
(1229, 13, 1, 14, NULL),
(1230, 13, 1, 15, NULL),
(1231, 13, 1, 16, NULL),
(1232, 13, 0, 17, NULL),
(1233, 13, 0, 18, NULL),
(1234, 13, 1, 19, NULL),
(1235, 13, 1, 20, NULL),
(1236, 13, 1, 21, NULL),
(1237, 13, 0, 22, NULL),
(1238, 13, 0, 23, NULL),
(1239, 13, 0, 24, NULL),
(1240, 13, 0, 25, NULL),
(1241, 13, 0, 26, NULL),
(1242, 13, 0, 27, NULL),
(1243, 13, 0, 28, NULL),
(1244, 13, 0, 29, NULL),
(1245, 13, 0, 30, NULL),
(1246, 13, 0, 31, NULL),
(1247, 13, 0, 32, NULL),
(1248, 13, 0, 33, NULL),
(1249, 13, 1, 34, NULL),
(1250, 13, 1, 35, NULL),
(1251, 13, 0, 36, NULL),
(1252, 13, 0, 37, NULL),
(1253, 13, 1, 38, NULL),
(1254, 13, 0, 39, NULL),
(1255, 13, 0, 40, NULL),
(1256, 13, 1, 41, NULL),
(1257, 13, 1, 42, NULL),
(1258, 13, 1, 43, NULL),
(1259, 13, 1, 44, NULL),
(1260, 13, 0, 45, NULL),
(1261, 13, 0, 46, NULL),
(1262, 13, 0, 47, NULL),
(1263, 13, 0, 48, NULL),
(1264, 13, 0, 49, NULL),
(1265, 13, 0, 50, NULL),
(1266, 13, 0, 51, NULL),
(1267, 13, 0, 52, NULL),
(1268, 13, 0, 53, NULL),
(1269, 13, 0, 54, NULL),
(1270, 13, 0, 55, NULL),
(1271, 13, 0, 56, NULL),
(1272, 13, 0, 57, NULL),
(1273, 13, 0, 58, NULL),
(1274, 13, 0, 59, NULL),
(1275, 13, 1, 60, NULL),
(1276, 13, 0, 61, NULL),
(1277, 13, 0, 62, NULL),
(1278, 13, 1, 63, NULL),
(1279, 13, 1, 64, NULL),
(1280, 13, 0, 65, NULL),
(1281, 13, 0, 66, NULL),
(1282, 13, 0, 67, NULL),
(1283, 13, 0, 68, NULL),
(1284, 13, 0, 69, NULL),
(1285, 13, 0, 70, NULL),
(1286, 13, 0, 71, NULL),
(1287, 13, 0, 72, NULL),
(1288, 13, 0, 73, NULL),
(1289, 13, 0, 74, NULL),
(1290, 13, 0, 75, NULL),
(1291, 13, 0, 76, NULL),
(1292, 13, 0, 77, NULL),
(1293, 13, 0, 78, NULL),
(1294, 13, 0, 79, NULL),
(1295, 13, 1, 80, NULL),
(1296, 13, 0, 81, NULL),
(1297, 13, 0, 82, NULL),
(1298, 13, 0, 83, NULL),
(1299, 13, 0, 84, NULL),
(1300, 13, 0, 85, NULL),
(1301, 13, 0, 86, NULL),
(1302, 13, 0, 87, NULL),
(1303, 13, 0, 88, NULL),
(1304, 13, 0, 89, NULL),
(1305, 13, 0, 90, NULL),
(1306, 13, 0, 91, NULL),
(1307, 13, 0, 92, NULL),
(1308, 13, 0, 93, NULL),
(1309, 13, 0, 94, NULL),
(1310, 13, 0, 95, NULL),
(1311, 13, 0, 96, NULL),
(1312, 13, 0, 97, NULL),
(1313, 13, 0, 98, NULL),
(1314, 13, 0, 99, NULL),
(1315, 13, 0, 100, NULL),
(1316, 13, 0, 101, NULL),
(1317, 13, 0, 102, NULL),
(1318, 13, 0, 103, NULL),
(1319, 13, 0, 104, NULL),
(1320, 13, 0, 105, NULL),
(1321, 13, 0, 106, NULL),
(1322, 13, 0, 107, NULL),
(1323, 13, 0, 108, NULL),
(1324, 13, 0, 109, NULL),
(1325, 13, 0, 110, NULL),
(1326, 13, 0, 111, NULL),
(1327, 13, 0, 112, NULL),
(1328, 13, 0, 113, NULL),
(1329, 13, 0, 114, NULL),
(1330, 13, 0, 115, NULL),
(1331, 13, 0, 116, NULL),
(1332, 13, 0, 117, NULL),
(1333, 13, 0, 118, NULL),
(1334, 13, 0, 119, NULL),
(1335, 13, 0, 120, NULL),
(1336, 14, 1, 1, NULL),
(1337, 14, 1, 2, NULL),
(1338, 14, 1, 3, NULL),
(1339, 14, 1, 4, NULL),
(1340, 14, 1, 5, NULL),
(1341, 14, NULL, 6, NULL),
(1342, 14, NULL, 7, NULL),
(1343, 14, NULL, 8, NULL),
(1344, 14, NULL, 9, NULL),
(1345, 14, NULL, 10, NULL),
(1346, 14, NULL, 11, NULL),
(1347, 14, NULL, 12, NULL),
(1348, 14, NULL, 13, NULL),
(1349, 14, NULL, 14, NULL),
(1350, 14, NULL, 15, NULL),
(1351, 14, NULL, 16, NULL),
(1352, 14, NULL, 17, NULL),
(1353, 14, NULL, 18, NULL),
(1354, 14, NULL, 19, NULL),
(1355, 14, NULL, 20, NULL),
(1356, 14, NULL, 21, NULL),
(1357, 14, NULL, 22, NULL),
(1358, 14, NULL, 23, NULL),
(1359, 14, NULL, 24, NULL),
(1360, 14, NULL, 25, NULL),
(1361, 14, NULL, 26, NULL),
(1362, 14, NULL, 27, NULL),
(1363, 14, NULL, 28, NULL),
(1364, 14, NULL, 29, NULL),
(1365, 14, NULL, 30, NULL),
(1366, 14, NULL, 31, NULL),
(1367, 14, NULL, 32, NULL),
(1368, 14, NULL, 33, NULL),
(1369, 14, NULL, 34, NULL),
(1370, 14, NULL, 35, NULL),
(1371, 14, NULL, 36, NULL),
(1372, 14, NULL, 37, NULL),
(1373, 14, NULL, 38, NULL),
(1374, 14, NULL, 39, NULL),
(1375, 14, NULL, 40, NULL),
(1376, 14, NULL, 41, NULL),
(1377, 14, NULL, 42, NULL),
(1378, 14, NULL, 43, NULL),
(1379, 14, NULL, 44, NULL),
(1380, 14, NULL, 45, NULL),
(1381, 14, NULL, 46, NULL),
(1382, 14, NULL, 47, NULL),
(1383, 14, NULL, 48, NULL),
(1384, 14, NULL, 49, NULL),
(1385, 14, NULL, 50, NULL),
(1386, 14, NULL, 51, NULL),
(1387, 14, NULL, 52, NULL),
(1388, 14, NULL, 53, NULL),
(1389, 14, NULL, 54, NULL),
(1390, 14, NULL, 55, NULL),
(1391, 14, NULL, 56, NULL),
(1392, 14, NULL, 57, NULL),
(1393, 14, NULL, 58, NULL),
(1394, 14, NULL, 59, NULL),
(1395, 14, NULL, 60, NULL),
(1396, 14, NULL, 61, NULL),
(1397, 14, NULL, 62, NULL),
(1398, 14, NULL, 63, NULL),
(1399, 14, NULL, 64, NULL),
(1400, 14, NULL, 65, NULL),
(1401, 14, NULL, 66, NULL),
(1402, 14, NULL, 67, NULL),
(1403, 14, NULL, 68, NULL),
(1404, 14, NULL, 69, NULL),
(1405, 14, NULL, 70, NULL),
(1406, 14, NULL, 71, NULL),
(1407, 14, NULL, 72, NULL),
(1408, 14, NULL, 73, NULL),
(1409, 14, NULL, 74, NULL),
(1410, 14, NULL, 75, NULL),
(1411, 14, NULL, 76, NULL),
(1412, 14, NULL, 77, NULL),
(1413, 14, NULL, 78, NULL),
(1414, 14, NULL, 79, NULL),
(1415, 14, NULL, 80, NULL),
(1416, 14, NULL, 81, NULL),
(1417, 14, NULL, 82, NULL),
(1418, 14, NULL, 83, NULL),
(1419, 14, NULL, 84, NULL),
(1420, 14, NULL, 85, NULL),
(1421, 14, NULL, 86, NULL),
(1422, 14, NULL, 87, NULL),
(1423, 14, NULL, 88, NULL),
(1424, 14, NULL, 89, NULL),
(1425, 14, NULL, 90, NULL),
(1426, 14, NULL, 91, NULL),
(1427, 14, NULL, 92, NULL),
(1428, 14, NULL, 93, NULL),
(1429, 14, NULL, 94, NULL),
(1430, 14, NULL, 95, NULL),
(1431, 14, NULL, 96, NULL),
(1432, 14, NULL, 97, NULL),
(1433, 14, NULL, 98, NULL),
(1434, 14, NULL, 99, NULL),
(1435, 14, NULL, 100, NULL),
(1436, 14, NULL, 101, NULL),
(1437, 14, NULL, 102, NULL),
(1438, 14, NULL, 103, NULL),
(1439, 14, NULL, 104, NULL),
(1440, 14, NULL, 105, NULL),
(1441, 14, NULL, 106, NULL),
(1442, 14, NULL, 107, NULL),
(1443, 14, NULL, 108, NULL),
(1444, 14, NULL, 109, NULL),
(1445, 14, NULL, 110, NULL),
(1446, 14, NULL, 111, NULL),
(1447, 14, NULL, 112, NULL),
(1448, 14, NULL, 113, NULL),
(1449, 14, NULL, 114, NULL),
(1450, 14, NULL, 115, NULL),
(1451, 14, NULL, 116, NULL),
(1452, 14, NULL, 117, NULL),
(1453, 14, NULL, 118, NULL),
(1454, 14, NULL, 119, NULL),
(1455, 14, NULL, 120, NULL),
(1456, 30, NULL, 1, NULL),
(1457, 30, NULL, 2, NULL),
(1458, 30, NULL, 3, NULL),
(1459, 30, NULL, 4, NULL),
(1460, 30, NULL, 5, NULL),
(1461, 30, NULL, 6, NULL),
(1462, 30, NULL, 7, NULL),
(1463, 30, NULL, 8, NULL),
(1464, 30, NULL, 9, NULL),
(1465, 30, NULL, 10, NULL),
(1466, 30, NULL, 11, NULL),
(1467, 30, NULL, 12, NULL),
(1468, 30, NULL, 13, NULL),
(1469, 30, NULL, 14, NULL),
(1470, 30, NULL, 15, NULL),
(1471, 30, NULL, 16, NULL),
(1472, 30, NULL, 17, NULL),
(1473, 30, NULL, 18, NULL),
(1474, 30, NULL, 19, NULL),
(1475, 30, NULL, 20, NULL),
(1476, 30, NULL, 21, NULL),
(1477, 30, NULL, 22, NULL),
(1478, 30, NULL, 23, NULL),
(1479, 30, NULL, 24, NULL),
(1480, 30, NULL, 25, NULL),
(1481, 30, NULL, 26, NULL),
(1482, 30, NULL, 27, NULL),
(1483, 30, NULL, 28, NULL),
(1484, 30, NULL, 29, NULL),
(1485, 30, NULL, 30, NULL),
(1486, 30, NULL, 31, NULL),
(1487, 30, NULL, 32, NULL),
(1488, 30, NULL, 33, NULL),
(1489, 30, NULL, 34, NULL),
(1490, 30, NULL, 35, NULL),
(1491, 30, NULL, 36, NULL),
(1492, 30, NULL, 37, NULL),
(1493, 30, NULL, 38, NULL),
(1494, 30, NULL, 39, NULL),
(1495, 30, NULL, 40, NULL),
(1496, 30, NULL, 41, NULL),
(1497, 30, NULL, 42, NULL),
(1498, 30, NULL, 43, NULL),
(1499, 30, NULL, 44, NULL),
(1500, 30, NULL, 45, NULL),
(1501, 30, NULL, 46, NULL),
(1502, 30, NULL, 47, NULL),
(1503, 30, NULL, 48, NULL),
(1504, 30, NULL, 49, NULL),
(1505, 30, NULL, 50, NULL),
(1506, 30, NULL, 51, NULL),
(1507, 30, NULL, 52, NULL),
(1508, 30, NULL, 53, NULL),
(1509, 30, NULL, 54, NULL),
(1510, 30, NULL, 55, NULL),
(1511, 30, NULL, 56, NULL),
(1512, 30, NULL, 57, NULL),
(1513, 30, NULL, 58, NULL),
(1514, 30, NULL, 59, NULL),
(1515, 30, NULL, 60, NULL),
(1516, 30, NULL, 61, NULL),
(1517, 30, NULL, 62, NULL),
(1518, 30, NULL, 63, NULL),
(1519, 30, NULL, 64, NULL),
(1520, 30, NULL, 65, NULL),
(1521, 30, NULL, 66, NULL),
(1522, 30, NULL, 67, NULL),
(1523, 30, NULL, 68, NULL),
(1524, 30, NULL, 69, NULL),
(1525, 30, NULL, 70, NULL),
(1526, 30, NULL, 71, NULL),
(1527, 30, NULL, 72, NULL),
(1528, 30, NULL, 73, NULL),
(1529, 30, NULL, 74, NULL),
(1530, 30, NULL, 75, NULL),
(1531, 30, NULL, 76, NULL),
(1532, 30, NULL, 77, NULL),
(1533, 30, NULL, 78, NULL),
(1534, 30, NULL, 79, NULL),
(1535, 30, NULL, 80, NULL),
(1536, 30, NULL, 81, NULL),
(1537, 30, NULL, 82, NULL),
(1538, 30, NULL, 83, NULL),
(1539, 30, NULL, 84, NULL),
(1540, 30, NULL, 85, NULL),
(1541, 30, NULL, 86, NULL),
(1542, 30, NULL, 87, NULL),
(1543, 30, NULL, 88, NULL),
(1544, 30, NULL, 89, NULL),
(1545, 30, NULL, 90, NULL),
(1546, 30, NULL, 91, NULL),
(1547, 30, NULL, 92, NULL),
(1548, 30, NULL, 93, NULL),
(1549, 30, NULL, 94, NULL),
(1550, 30, NULL, 95, NULL),
(1551, 30, NULL, 96, NULL),
(1552, 30, NULL, 97, NULL),
(1553, 30, NULL, 98, NULL),
(1554, 30, NULL, 99, NULL),
(1555, 30, NULL, 100, NULL),
(1556, 30, NULL, 101, NULL),
(1557, 30, NULL, 102, NULL),
(1558, 30, NULL, 103, NULL),
(1559, 30, NULL, 104, NULL),
(1560, 30, NULL, 105, NULL),
(1561, 30, NULL, 106, NULL),
(1562, 30, NULL, 107, NULL),
(1563, 30, NULL, 108, NULL),
(1564, 30, NULL, 109, NULL),
(1565, 30, NULL, 110, NULL),
(1566, 30, NULL, 111, NULL),
(1567, 30, NULL, 112, NULL),
(1568, 30, NULL, 113, NULL),
(1569, 30, NULL, 114, NULL),
(1570, 30, NULL, 115, NULL),
(1571, 30, NULL, 116, NULL),
(1572, 30, NULL, 117, NULL),
(1573, 30, NULL, 118, NULL),
(1574, 30, NULL, 119, NULL),
(1575, 30, NULL, 120, NULL),
(1576, 15, 0, 1, NULL),
(1577, 15, 0, 2, NULL),
(1578, 15, 0, 3, NULL),
(1579, 15, 0, 4, NULL),
(1580, 15, 0, 5, NULL),
(1581, 15, 0, 6, NULL),
(1582, 15, 0, 7, NULL),
(1583, 15, 0, 8, NULL),
(1584, 15, 0, 9, NULL),
(1585, 15, 0, 10, NULL),
(1586, 15, 0, 11, NULL),
(1587, 15, 0, 12, NULL),
(1588, 15, 0, 13, NULL),
(1589, 15, 0, 14, NULL),
(1590, 15, 0, 15, NULL),
(1591, 15, 0, 16, NULL),
(1592, 15, 0, 17, NULL),
(1593, 15, 0, 18, NULL),
(1594, 15, 0, 19, NULL),
(1595, 15, 0, 20, NULL),
(1596, 15, 0, 21, NULL),
(1597, 15, 0, 22, NULL),
(1598, 15, 0, 23, NULL),
(1599, 15, 0, 24, NULL),
(1600, 15, 0, 25, NULL),
(1601, 15, 0, 26, NULL),
(1602, 15, 0, 27, NULL),
(1603, 15, 0, 28, NULL),
(1604, 15, 0, 29, NULL),
(1605, 15, 0, 30, NULL),
(1606, 15, 0, 31, NULL),
(1607, 15, 0, 32, NULL),
(1608, 15, 0, 33, NULL),
(1609, 15, 0, 34, NULL),
(1610, 15, 0, 35, NULL),
(1611, 15, 0, 36, NULL),
(1612, 15, 0, 37, NULL),
(1613, 15, 0, 38, NULL),
(1614, 15, 0, 39, NULL),
(1615, 15, 0, 40, NULL),
(1616, 15, 0, 41, NULL),
(1617, 15, 0, 42, NULL),
(1618, 15, 0, 43, NULL),
(1619, 15, 0, 44, NULL),
(1620, 15, 0, 45, NULL),
(1621, 15, 0, 46, NULL),
(1622, 15, 0, 47, NULL),
(1623, 15, 0, 48, NULL),
(1624, 15, 0, 49, NULL),
(1625, 15, 0, 50, NULL),
(1626, 15, 0, 51, NULL),
(1627, 15, 0, 52, NULL),
(1628, 15, 0, 53, NULL),
(1629, 15, 0, 54, NULL),
(1630, 15, 0, 55, NULL),
(1631, 15, 0, 56, NULL),
(1632, 15, 0, 57, NULL),
(1633, 15, 0, 58, NULL),
(1634, 15, 0, 59, NULL),
(1635, 15, 0, 60, NULL),
(1636, 15, 0, 61, NULL),
(1637, 15, 0, 62, NULL),
(1638, 15, 0, 63, NULL),
(1639, 15, 0, 64, NULL),
(1640, 15, 0, 65, NULL),
(1641, 15, 0, 66, NULL),
(1642, 15, 0, 67, NULL),
(1643, 15, 0, 68, NULL),
(1644, 15, 0, 69, NULL),
(1645, 15, 0, 70, NULL),
(1646, 15, 0, 71, NULL),
(1647, 15, 0, 72, NULL),
(1648, 15, 0, 73, NULL),
(1649, 15, 0, 74, NULL),
(1650, 15, 0, 75, NULL),
(1651, 15, 0, 76, NULL),
(1652, 15, 0, 77, NULL),
(1653, 15, 0, 78, NULL),
(1654, 15, 0, 79, NULL),
(1655, 15, 0, 80, NULL),
(1656, 15, 0, 81, NULL),
(1657, 15, 0, 82, NULL),
(1658, 15, 0, 83, NULL),
(1659, 15, 0, 84, NULL),
(1660, 15, 0, 85, NULL),
(1661, 15, 0, 86, NULL),
(1662, 15, 0, 87, NULL),
(1663, 15, 0, 88, NULL),
(1664, 15, 0, 89, NULL),
(1665, 15, 0, 90, NULL),
(1666, 15, 0, 91, NULL),
(1667, 15, 0, 92, NULL),
(1668, 15, 0, 93, NULL),
(1669, 15, 0, 94, NULL),
(1670, 15, 0, 95, NULL),
(1671, 15, 0, 96, NULL),
(1672, 15, 0, 97, NULL),
(1673, 15, 0, 98, NULL),
(1674, 15, 0, 99, NULL),
(1675, 15, 0, 100, NULL),
(1676, 15, 0, 101, NULL),
(1677, 15, 0, 102, NULL),
(1678, 15, 0, 103, NULL),
(1679, 15, 0, 104, NULL),
(1680, 15, 0, 105, NULL),
(1681, 15, 0, 106, NULL),
(1682, 15, 0, 107, NULL),
(1683, 15, 0, 108, NULL),
(1684, 15, 0, 109, NULL),
(1685, 15, 0, 110, NULL),
(1686, 15, 0, 111, NULL),
(1687, 15, 0, 112, NULL),
(1688, 15, 0, 113, NULL),
(1689, 15, 0, 114, NULL),
(1690, 15, 0, 115, NULL),
(1691, 15, 0, 116, NULL),
(1692, 15, 0, 117, NULL),
(1693, 15, 0, 118, NULL),
(1694, 15, 0, 119, NULL),
(1695, 15, 0, 120, NULL),
(1696, 35, 1, 1, NULL),
(1697, 35, 0, 2, NULL),
(1698, 35, 0, 3, NULL),
(1699, 35, 0, 4, NULL),
(1700, 35, 0, 5, NULL),
(1701, 35, 0, 6, NULL),
(1702, 35, 0, 7, NULL),
(1703, 35, 0, 8, NULL),
(1704, 35, 0, 9, NULL),
(1705, 35, 0, 10, NULL),
(1706, 35, 0, 11, NULL),
(1707, 35, 1, 12, NULL),
(1708, 35, 1, 13, NULL),
(1709, 35, 0, 14, NULL),
(1710, 35, 1, 15, NULL),
(1711, 35, 0, 16, NULL),
(1712, 35, 0, 17, NULL),
(1713, 35, 0, 18, NULL),
(1714, 35, 1, 19, NULL),
(1715, 35, 0, 20, NULL),
(1716, 35, 0, 21, NULL),
(1717, 35, 1, 22, NULL),
(1718, 35, 0, 23, NULL),
(1719, 35, 1, 24, NULL),
(1720, 35, 0, 25, NULL),
(1721, 35, 0, 26, NULL),
(1722, 35, 1, 27, NULL),
(1723, 35, 0, 28, NULL),
(1724, 35, 0, 29, NULL),
(1725, 35, 0, 30, NULL),
(1726, 35, 0, 31, NULL),
(1727, 35, 0, 32, NULL),
(1728, 35, 0, 33, NULL),
(1729, 35, 0, 34, NULL),
(1730, 35, 0, 35, NULL),
(1731, 35, 0, 36, NULL),
(1732, 35, 0, 37, NULL),
(1733, 35, 0, 38, NULL),
(1734, 35, 0, 39, NULL),
(1735, 35, 0, 40, NULL),
(1736, 35, 0, 41, NULL),
(1737, 35, 0, 42, NULL),
(1738, 35, 0, 43, NULL),
(1739, 35, 0, 44, NULL),
(1740, 35, 0, 45, NULL),
(1741, 35, 0, 46, NULL),
(1742, 35, 0, 47, NULL),
(1743, 35, 0, 48, NULL),
(1744, 35, 0, 49, NULL),
(1745, 35, 0, 50, NULL),
(1746, 35, 0, 51, NULL),
(1747, 35, 0, 52, NULL),
(1748, 35, 0, 53, NULL),
(1749, 35, 0, 54, NULL),
(1750, 35, 0, 55, NULL),
(1751, 35, 0, 56, NULL),
(1752, 35, 0, 57, NULL),
(1753, 35, 0, 58, NULL),
(1754, 35, 0, 59, NULL),
(1755, 35, 0, 60, NULL),
(1756, 35, 0, 61, NULL),
(1757, 35, 0, 62, NULL),
(1758, 35, 0, 63, NULL),
(1759, 35, 0, 64, NULL),
(1760, 35, 0, 65, NULL),
(1761, 35, 0, 66, NULL),
(1762, 35, 0, 67, NULL),
(1763, 35, 0, 68, NULL),
(1764, 35, 0, 69, NULL),
(1765, 35, 0, 70, NULL),
(1766, 35, 0, 71, NULL),
(1767, 35, 0, 72, NULL),
(1768, 35, 0, 73, NULL),
(1769, 35, 0, 74, NULL),
(1770, 35, 0, 75, NULL),
(1771, 35, 0, 76, NULL),
(1772, 35, 0, 77, NULL),
(1773, 35, 0, 78, NULL),
(1774, 35, 0, 79, NULL),
(1775, 35, 0, 80, NULL),
(1776, 35, 0, 81, NULL),
(1777, 35, 0, 82, NULL),
(1778, 35, 0, 83, NULL),
(1779, 35, 0, 84, NULL),
(1780, 35, 0, 85, NULL),
(1781, 35, 0, 86, NULL),
(1782, 35, 0, 87, NULL),
(1783, 35, 0, 88, NULL),
(1784, 35, 0, 89, NULL),
(1785, 35, 0, 90, NULL),
(1786, 35, 0, 91, NULL),
(1787, 35, 0, 92, NULL),
(1788, 35, 0, 93, NULL),
(1789, 35, 0, 94, NULL),
(1790, 35, 0, 95, NULL),
(1791, 35, 0, 96, NULL),
(1792, 35, 0, 97, NULL),
(1793, 35, 0, 98, NULL),
(1794, 35, 0, 99, NULL),
(1795, 35, 0, 100, NULL),
(1796, 35, 0, 101, NULL),
(1797, 35, 0, 102, NULL),
(1798, 35, 0, 103, NULL),
(1799, 35, 0, 104, NULL),
(1800, 35, 0, 105, NULL),
(1801, 35, 0, 106, NULL),
(1802, 35, 0, 107, NULL),
(1803, 35, 0, 108, NULL),
(1804, 35, 0, 109, NULL),
(1805, 35, 0, 110, NULL),
(1806, 35, 0, 111, NULL),
(1807, 35, 0, 112, NULL),
(1808, 35, 0, 113, NULL),
(1809, 35, 0, 114, NULL),
(1810, 35, 0, 115, NULL),
(1811, 35, 0, 116, NULL),
(1812, 35, 0, 117, NULL),
(1813, 35, 0, 118, NULL),
(1814, 35, 0, 119, NULL),
(1815, 35, 0, 120, NULL),
(1816, 44, 0, 1, NULL),
(1817, 44, 0, 2, NULL),
(1818, 44, 0, 3, NULL),
(1819, 44, 0, 4, NULL),
(1820, 44, 0, 5, NULL),
(1821, 44, 0, 6, NULL),
(1822, 44, 0, 7, NULL),
(1823, 44, 0, 8, NULL),
(1824, 44, 0, 9, NULL),
(1825, 44, 0, 10, NULL),
(1826, 44, 0, 11, NULL),
(1827, 44, 0, 12, NULL),
(1828, 44, 0, 13, NULL),
(1829, 44, 0, 14, NULL),
(1830, 44, 0, 15, NULL),
(1831, 44, 0, 16, NULL),
(1832, 44, 0, 17, NULL),
(1833, 44, 0, 18, NULL),
(1834, 44, 0, 19, NULL),
(1835, 44, 0, 20, NULL),
(1836, 44, 0, 21, NULL),
(1837, 44, 0, 22, NULL),
(1838, 44, 0, 23, NULL),
(1839, 44, 0, 24, NULL),
(1840, 44, 0, 25, NULL),
(1841, 44, 0, 26, NULL),
(1842, 44, 0, 27, NULL),
(1843, 44, 0, 28, NULL),
(1844, 44, 0, 29, NULL),
(1845, 44, 0, 30, NULL),
(1846, 44, 0, 31, NULL),
(1847, 44, 0, 32, NULL),
(1848, 44, 0, 33, NULL),
(1849, 44, 0, 34, NULL),
(1850, 44, 0, 35, NULL),
(1851, 44, 0, 36, NULL),
(1852, 44, 0, 37, NULL),
(1853, 44, 0, 38, NULL),
(1854, 44, 0, 39, NULL),
(1855, 44, 0, 40, NULL),
(1856, 44, 0, 41, NULL),
(1857, 44, 0, 42, NULL),
(1858, 44, 0, 43, NULL),
(1859, 44, 0, 44, NULL),
(1860, 44, 0, 45, NULL),
(1861, 44, 0, 46, NULL),
(1862, 44, 0, 47, NULL),
(1863, 44, 0, 48, NULL),
(1864, 44, 0, 49, NULL),
(1865, 44, 0, 50, NULL),
(1866, 44, 0, 51, NULL),
(1867, 44, 0, 52, NULL),
(1868, 44, 0, 53, NULL),
(1869, 44, 0, 54, NULL),
(1870, 44, 0, 55, NULL),
(1871, 44, 0, 56, NULL),
(1872, 44, 0, 57, NULL),
(1873, 44, 0, 58, NULL),
(1874, 44, 0, 59, NULL),
(1875, 44, 0, 60, NULL),
(1876, 44, 0, 61, NULL),
(1877, 44, 0, 62, NULL),
(1878, 44, 0, 63, NULL),
(1879, 44, 0, 64, NULL),
(1880, 44, 0, 65, NULL),
(1881, 44, 0, 66, NULL),
(1882, 44, 0, 67, NULL),
(1883, 44, 0, 68, NULL),
(1884, 44, 0, 69, NULL),
(1885, 44, 0, 70, NULL),
(1886, 44, 0, 71, NULL),
(1887, 44, 0, 72, NULL),
(1888, 44, 0, 73, NULL),
(1889, 44, 0, 74, NULL),
(1890, 44, 0, 75, NULL),
(1891, 44, 0, 76, NULL),
(1892, 44, 0, 77, NULL),
(1893, 44, 0, 78, NULL),
(1894, 44, 0, 79, NULL),
(1895, 44, 0, 80, NULL),
(1896, 44, 0, 81, NULL),
(1897, 44, 0, 82, NULL),
(1898, 44, 0, 83, NULL),
(1899, 44, 0, 84, NULL),
(1900, 44, 0, 85, NULL),
(1901, 44, 0, 86, NULL),
(1902, 44, 0, 87, NULL),
(1903, 44, 0, 88, NULL),
(1904, 44, 0, 89, NULL),
(1905, 44, 0, 90, NULL),
(1906, 44, 0, 91, NULL),
(1907, 44, 0, 92, NULL),
(1908, 44, 0, 93, NULL),
(1909, 44, 0, 94, NULL),
(1910, 44, 0, 95, NULL),
(1911, 44, 0, 96, NULL),
(1912, 44, 0, 97, NULL),
(1913, 44, 0, 98, NULL),
(1914, 44, 0, 99, NULL),
(1915, 44, 0, 100, NULL),
(1916, 44, 0, 101, NULL),
(1917, 44, 0, 102, NULL),
(1918, 44, 0, 103, NULL),
(1919, 44, 0, 104, NULL),
(1920, 44, 0, 105, NULL),
(1921, 44, 0, 106, NULL),
(1922, 44, 0, 107, NULL),
(1923, 44, 0, 108, NULL),
(1924, 44, 0, 109, NULL),
(1925, 44, 0, 110, NULL),
(1926, 44, 0, 111, NULL),
(1927, 44, 0, 112, NULL),
(1928, 44, 0, 113, NULL),
(1929, 44, 0, 114, NULL),
(1930, 44, 0, 115, NULL),
(1931, 44, 0, 116, NULL),
(1932, 44, 0, 117, NULL),
(1933, 44, 0, 118, NULL),
(1934, 44, 0, 119, NULL),
(1935, 44, 0, 120, NULL),
(1936, 45, 0, 1, NULL),
(1937, 45, 0, 2, NULL),
(1938, 45, 0, 3, NULL),
(1939, 45, 0, 4, NULL),
(1940, 45, 1, 5, NULL),
(1941, 45, 0, 6, NULL),
(1942, 45, 0, 7, NULL),
(1943, 45, 0, 8, NULL),
(1944, 45, 0, 9, NULL),
(1945, 45, 0, 10, NULL),
(1946, 45, 0, 11, NULL),
(1947, 45, 0, 12, NULL),
(1948, 45, 0, 13, NULL),
(1949, 45, 0, 14, NULL),
(1950, 45, 0, 15, NULL),
(1951, 45, 0, 16, NULL),
(1952, 45, 0, 17, NULL),
(1953, 45, 0, 18, NULL),
(1954, 45, 1, 19, NULL),
(1955, 45, 0, 20, NULL),
(1956, 45, 0, 21, NULL),
(1957, 45, 0, 22, NULL),
(1958, 45, 0, 23, NULL),
(1959, 45, 1, 24, NULL),
(1960, 45, 0, 25, NULL),
(1961, 45, 0, 26, NULL),
(1962, 45, 0, 27, NULL),
(1963, 45, 0, 28, NULL),
(1964, 45, 0, 29, NULL),
(1965, 45, 0, 30, NULL),
(1966, 45, 0, 31, NULL),
(1967, 45, 1, 32, NULL),
(1968, 45, 0, 33, NULL),
(1969, 45, 0, 34, NULL),
(1970, 45, 0, 35, NULL),
(1971, 45, 0, 36, NULL),
(1972, 45, 0, 37, NULL),
(1973, 45, 0, 38, NULL),
(1974, 45, 1, 39, NULL),
(1975, 45, 0, 40, NULL),
(1976, 45, 0, 41, NULL),
(1977, 45, 0, 42, NULL),
(1978, 45, 0, 43, NULL),
(1979, 45, 0, 44, NULL),
(1980, 45, 0, 45, NULL),
(1981, 45, 0, 46, NULL),
(1982, 45, 0, 47, NULL),
(1983, 45, 0, 48, NULL),
(1984, 45, 1, 49, NULL),
(1985, 45, 0, 50, NULL),
(1986, 45, 0, 51, NULL),
(1987, 45, 0, 52, NULL),
(1988, 45, 0, 53, NULL),
(1989, 45, 0, 54, NULL),
(1990, 45, 0, 55, NULL),
(1991, 45, 0, 56, NULL),
(1992, 45, 0, 57, NULL),
(1993, 45, 0, 58, NULL),
(1994, 45, 0, 59, NULL),
(1995, 45, 0, 60, NULL),
(1996, 45, 0, 61, NULL),
(1997, 45, 0, 62, NULL),
(1998, 45, 0, 63, NULL),
(1999, 45, 0, 64, NULL),
(2000, 45, 0, 65, NULL),
(2001, 45, 0, 66, NULL),
(2002, 45, 0, 67, NULL),
(2003, 45, 0, 68, NULL),
(2004, 45, 0, 69, NULL),
(2005, 45, 0, 70, NULL),
(2006, 45, 0, 71, NULL),
(2007, 45, 0, 72, NULL),
(2008, 45, 0, 73, NULL),
(2009, 45, 0, 74, NULL),
(2010, 45, 0, 75, NULL),
(2011, 45, 0, 76, NULL),
(2012, 45, 0, 77, NULL),
(2013, 45, 0, 78, NULL),
(2014, 45, 0, 79, NULL),
(2015, 45, 0, 80, NULL),
(2016, 45, 0, 81, NULL),
(2017, 45, 0, 82, NULL),
(2018, 45, 0, 83, NULL),
(2019, 45, 0, 84, NULL),
(2020, 45, 0, 85, NULL),
(2021, 45, 0, 86, NULL),
(2022, 45, 0, 87, NULL),
(2023, 45, 0, 88, NULL),
(2024, 45, 0, 89, NULL),
(2025, 45, 0, 90, NULL),
(2026, 45, 0, 91, NULL),
(2027, 45, 0, 92, NULL),
(2028, 45, 0, 93, NULL),
(2029, 45, 0, 94, NULL),
(2030, 45, 0, 95, NULL),
(2031, 45, 0, 96, NULL),
(2032, 45, 0, 97, NULL),
(2033, 45, 0, 98, NULL),
(2034, 45, 0, 99, NULL),
(2035, 45, 0, 100, NULL),
(2036, 45, 0, 101, NULL),
(2037, 45, 0, 102, NULL),
(2038, 45, 0, 103, NULL),
(2039, 45, 0, 104, NULL),
(2040, 45, 0, 105, NULL),
(2041, 45, 0, 106, NULL),
(2042, 45, 0, 107, NULL),
(2043, 45, 0, 108, NULL),
(2044, 45, 0, 109, NULL),
(2045, 45, 0, 110, NULL),
(2046, 45, 0, 111, NULL),
(2047, 45, 0, 112, NULL),
(2048, 45, 0, 113, NULL),
(2049, 45, 0, 114, NULL),
(2050, 45, 0, 115, NULL),
(2051, 45, 0, 116, NULL),
(2052, 45, 0, 117, NULL),
(2053, 45, 0, 118, NULL),
(2054, 45, 0, 119, NULL);
INSERT INTO `final_drive_behaviors` (`final_drive_behavior_id`, `final_drive_id`, `final_drive_behavior_deduction`, `final_drive_template_behavior_id`, `last_updated`) VALUES
(2055, 45, 0, 120, NULL),
(2056, 17, 0, 1, NULL),
(2057, 17, 1, 2, NULL),
(2058, 17, 0, 3, NULL),
(2059, 17, 0, 4, NULL),
(2060, 17, 0, 5, NULL),
(2061, 17, 0, 6, NULL),
(2062, 17, 0, 7, NULL),
(2063, 17, 0, 8, NULL),
(2064, 17, 0, 9, NULL),
(2065, 17, 0, 10, NULL),
(2066, 17, 0, 11, NULL),
(2067, 17, 0, 12, NULL),
(2068, 17, 0, 13, NULL),
(2069, 17, 0, 14, NULL),
(2070, 17, 0, 15, NULL),
(2071, 17, 0, 16, NULL),
(2072, 17, 1, 17, NULL),
(2073, 17, 0, 18, NULL),
(2074, 17, 0, 19, NULL),
(2075, 17, 0, 20, NULL),
(2076, 17, 0, 21, NULL),
(2077, 17, 0, 22, NULL),
(2078, 17, 0, 23, NULL),
(2079, 17, 0, 24, NULL),
(2080, 17, 0, 25, NULL),
(2081, 17, 0, 26, NULL),
(2082, 17, 0, 27, NULL),
(2083, 17, 0, 28, NULL),
(2084, 17, 0, 29, NULL),
(2085, 17, 0, 30, NULL),
(2086, 17, 0, 31, NULL),
(2087, 17, 0, 32, NULL),
(2088, 17, 0, 33, NULL),
(2089, 17, 0, 34, NULL),
(2090, 17, 0, 35, NULL),
(2091, 17, 0, 36, NULL),
(2092, 17, 0, 37, NULL),
(2093, 17, 0, 38, NULL),
(2094, 17, 0, 39, NULL),
(2095, 17, 0, 40, NULL),
(2096, 17, 1, 41, NULL),
(2097, 17, 0, 42, NULL),
(2098, 17, 0, 43, NULL),
(2099, 17, 0, 44, NULL),
(2100, 17, 0, 45, NULL),
(2101, 17, 0, 46, NULL),
(2102, 17, 0, 47, NULL),
(2103, 17, 0, 48, NULL),
(2104, 17, 0, 49, NULL),
(2105, 17, 0, 50, NULL),
(2106, 17, 0, 51, NULL),
(2107, 17, 1, 52, NULL),
(2108, 17, 1, 53, NULL),
(2109, 17, 1, 54, NULL),
(2110, 17, 0, 55, NULL),
(2111, 17, 0, 56, NULL),
(2112, 17, 0, 57, NULL),
(2113, 17, 0, 58, NULL),
(2114, 17, 0, 59, NULL),
(2115, 17, 0, 60, NULL),
(2116, 17, 0, 61, NULL),
(2117, 17, 0, 62, NULL),
(2118, 17, 0, 63, NULL),
(2119, 17, 0, 64, NULL),
(2120, 17, 0, 65, NULL),
(2121, 17, 0, 66, NULL),
(2122, 17, 0, 67, NULL),
(2123, 17, 0, 68, NULL),
(2124, 17, 1, 69, NULL),
(2125, 17, 0, 70, NULL),
(2126, 17, 0, 71, NULL),
(2127, 17, 0, 72, NULL),
(2128, 17, 0, 73, NULL),
(2129, 17, 0, 74, NULL),
(2130, 17, 0, 75, NULL),
(2131, 17, 0, 76, NULL),
(2132, 17, 0, 77, NULL),
(2133, 17, 0, 78, NULL),
(2134, 17, 0, 79, NULL),
(2135, 17, 0, 80, NULL),
(2136, 17, 0, 81, NULL),
(2137, 17, 0, 82, NULL),
(2138, 17, 0, 83, NULL),
(2139, 17, 1, 84, NULL),
(2140, 17, 0, 85, NULL),
(2141, 17, 0, 86, NULL),
(2142, 17, 0, 87, NULL),
(2143, 17, 0, 88, NULL),
(2144, 17, 0, 89, NULL),
(2145, 17, 0, 90, NULL),
(2146, 17, 0, 91, NULL),
(2147, 17, 0, 92, NULL),
(2148, 17, 0, 93, NULL),
(2149, 17, 0, 94, NULL),
(2150, 17, 0, 95, NULL),
(2151, 17, 0, 96, NULL),
(2152, 17, 0, 97, NULL),
(2153, 17, 0, 98, NULL),
(2154, 17, 0, 99, NULL),
(2155, 17, 0, 100, NULL),
(2156, 17, 0, 101, NULL),
(2157, 17, 0, 102, NULL),
(2158, 17, 0, 103, NULL),
(2159, 17, 0, 104, NULL),
(2160, 17, 0, 105, NULL),
(2161, 17, 0, 106, NULL),
(2162, 17, 0, 107, NULL),
(2163, 17, 0, 108, NULL),
(2164, 17, 0, 109, NULL),
(2165, 17, 0, 110, NULL),
(2166, 17, 0, 111, NULL),
(2167, 17, 0, 112, NULL),
(2168, 17, 0, 113, NULL),
(2169, 17, 0, 114, NULL),
(2170, 17, 0, 115, NULL),
(2171, 17, 0, 116, NULL),
(2172, 17, 1, 117, NULL),
(2173, 17, 1, 118, NULL),
(2174, 17, 1, 119, NULL),
(2175, 17, 0, 120, NULL),
(2176, 21, 0, 1, NULL),
(2177, 21, 0, 2, NULL),
(2178, 21, 0, 3, NULL),
(2179, 21, 0, 4, NULL),
(2180, 21, 0, 5, NULL),
(2181, 21, 0, 6, NULL),
(2182, 21, 0, 7, NULL),
(2183, 21, 0, 8, NULL),
(2184, 21, 0, 9, NULL),
(2185, 21, 0, 10, NULL),
(2186, 21, 0, 11, NULL),
(2187, 21, 0, 12, NULL),
(2188, 21, 0, 13, NULL),
(2189, 21, 0, 14, NULL),
(2190, 21, 0, 15, NULL),
(2191, 21, 0, 16, NULL),
(2192, 21, 1, 17, NULL),
(2193, 21, 0, 18, NULL),
(2194, 21, 1, 19, NULL),
(2195, 21, 0, 20, NULL),
(2196, 21, 0, 21, NULL),
(2197, 21, 0, 22, NULL),
(2198, 21, 0, 23, NULL),
(2199, 21, 0, 24, NULL),
(2200, 21, 0, 25, NULL),
(2201, 21, 0, 26, NULL),
(2202, 21, 0, 27, NULL),
(2203, 21, 0, 28, NULL),
(2204, 21, 0, 29, NULL),
(2205, 21, 0, 30, NULL),
(2206, 21, 0, 31, NULL),
(2207, 21, 0, 32, NULL),
(2208, 21, 0, 33, NULL),
(2209, 21, 0, 34, NULL),
(2210, 21, 0, 35, NULL),
(2211, 21, 0, 36, NULL),
(2212, 21, 0, 37, NULL),
(2213, 21, 0, 38, NULL),
(2214, 21, 0, 39, NULL),
(2215, 21, 0, 40, NULL),
(2216, 21, 1, 41, NULL),
(2217, 21, 1, 42, NULL),
(2218, 21, 0, 43, NULL),
(2219, 21, 0, 44, NULL),
(2220, 21, 0, 45, NULL),
(2221, 21, 0, 46, NULL),
(2222, 21, 0, 47, NULL),
(2223, 21, 0, 48, NULL),
(2224, 21, 0, 49, NULL),
(2225, 21, 0, 50, NULL),
(2226, 21, 0, 51, NULL),
(2227, 21, 0, 52, NULL),
(2228, 21, 0, 53, NULL),
(2229, 21, 0, 54, NULL),
(2230, 21, 0, 55, NULL),
(2231, 21, 0, 56, NULL),
(2232, 21, 0, 57, NULL),
(2233, 21, 0, 58, NULL),
(2234, 21, 0, 59, NULL),
(2235, 21, 0, 60, NULL),
(2236, 21, 0, 61, NULL),
(2237, 21, 0, 62, NULL),
(2238, 21, 0, 63, NULL),
(2239, 21, 0, 64, NULL),
(2240, 21, 0, 65, NULL),
(2241, 21, 1, 66, NULL),
(2242, 21, 1, 67, NULL),
(2243, 21, 1, 68, NULL),
(2244, 21, 1, 69, NULL),
(2245, 21, 1, 70, NULL),
(2246, 21, 0, 71, NULL),
(2247, 21, 0, 72, NULL),
(2248, 21, 0, 73, NULL),
(2249, 21, 0, 74, NULL),
(2250, 21, 0, 75, NULL),
(2251, 21, 0, 76, NULL),
(2252, 21, 0, 77, NULL),
(2253, 21, 0, 78, NULL),
(2254, 21, 0, 79, NULL),
(2255, 21, 1, 80, NULL),
(2256, 21, 0, 81, NULL),
(2257, 21, 0, 82, NULL),
(2258, 21, 0, 83, NULL),
(2259, 21, 1, 84, NULL),
(2260, 21, 0, 85, NULL),
(2261, 21, 0, 86, NULL),
(2262, 21, 0, 87, NULL),
(2263, 21, 0, 88, NULL),
(2264, 21, 0, 89, NULL),
(2265, 21, 0, 90, NULL),
(2266, 21, 0, 91, NULL),
(2267, 21, 0, 92, NULL),
(2268, 21, 0, 93, NULL),
(2269, 21, 0, 94, NULL),
(2270, 21, 0, 95, NULL),
(2271, 21, 0, 96, NULL),
(2272, 21, 0, 97, NULL),
(2273, 21, 0, 98, NULL),
(2274, 21, 0, 99, NULL),
(2275, 21, 0, 100, NULL),
(2276, 21, 0, 101, NULL),
(2277, 21, 0, 102, NULL),
(2278, 21, 0, 103, NULL),
(2279, 21, 0, 104, NULL),
(2280, 21, 0, 105, NULL),
(2281, 21, 0, 106, NULL),
(2282, 21, 0, 107, NULL),
(2283, 21, 0, 108, NULL),
(2284, 21, 0, 109, NULL),
(2285, 21, 0, 110, NULL),
(2286, 21, 0, 111, NULL),
(2287, 21, 0, 112, NULL),
(2288, 21, 0, 113, NULL),
(2289, 21, 0, 114, NULL),
(2290, 21, 0, 115, NULL),
(2291, 21, 0, 116, NULL),
(2292, 21, 0, 121, NULL),
(2293, 21, 0, 122, NULL),
(2294, 21, 0, 123, NULL),
(2295, 21, 0, 124, NULL),
(2296, 21, 1, 117, NULL),
(2297, 21, 0, 125, NULL),
(2298, 21, 0, 126, NULL),
(2299, 21, 0, 127, NULL),
(2300, 21, 0, 128, NULL),
(2301, 21, 1, 118, NULL),
(2302, 21, 1, 129, NULL),
(2303, 21, 0, 130, NULL),
(2304, 21, 0, 131, NULL),
(2305, 21, 0, 132, NULL),
(2306, 21, 1, 119, NULL),
(2307, 21, 1, 133, NULL),
(2308, 21, 0, 134, NULL),
(2309, 21, 0, 135, NULL),
(2310, 21, 0, 136, NULL),
(2311, 21, 0, 120, NULL),
(2312, 21, 0, 137, NULL),
(2313, 21, 0, 138, NULL),
(2314, 21, 0, 139, NULL),
(2315, 21, 0, 140, NULL),
(2316, 27, 0, 1, NULL),
(2317, 27, 0, 2, NULL),
(2318, 27, 0, 3, NULL),
(2319, 27, 0, 4, NULL),
(2320, 27, 0, 5, NULL),
(2321, 27, 0, 6, NULL),
(2322, 27, 0, 7, NULL),
(2323, 27, 0, 8, NULL),
(2324, 27, 1, 9, NULL),
(2325, 27, 0, 10, NULL),
(2326, 27, 0, 11, NULL),
(2327, 27, 0, 12, NULL),
(2328, 27, 0, 13, NULL),
(2329, 27, 0, 14, NULL),
(2330, 27, 0, 15, NULL),
(2331, 27, 0, 16, NULL),
(2332, 27, 0, 17, NULL),
(2333, 27, 0, 18, NULL),
(2334, 27, 1, 19, NULL),
(2335, 27, 0, 20, NULL),
(2336, 27, 0, 21, NULL),
(2337, 27, 0, 22, NULL),
(2338, 27, 0, 23, NULL),
(2339, 27, 0, 24, NULL),
(2340, 27, 0, 25, NULL),
(2341, 27, 0, 26, NULL),
(2342, 27, 0, 27, NULL),
(2343, 27, 0, 28, NULL),
(2344, 27, 0, 29, NULL),
(2345, 27, 0, 30, NULL),
(2346, 27, 0, 31, NULL),
(2347, 27, 1, 32, NULL),
(2348, 27, 0, 33, NULL),
(2349, 27, 0, 34, NULL),
(2350, 27, 0, 35, NULL),
(2351, 27, 0, 36, NULL),
(2352, 27, 0, 37, NULL),
(2353, 27, 0, 38, NULL),
(2354, 27, 1, 39, NULL),
(2355, 27, 0, 40, NULL),
(2356, 27, 0, 41, NULL),
(2357, 27, 0, 42, NULL),
(2358, 27, 0, 43, NULL),
(2359, 27, 0, 44, NULL),
(2360, 27, 0, 45, NULL),
(2361, 27, 0, 46, NULL),
(2362, 27, 0, 47, NULL),
(2363, 27, 0, 48, NULL),
(2364, 27, 0, 49, NULL),
(2365, 27, 0, 50, NULL),
(2366, 27, 0, 51, NULL),
(2367, 27, 0, 52, NULL),
(2368, 27, 0, 53, NULL),
(2369, 27, 0, 54, NULL),
(2370, 27, 0, 55, NULL),
(2371, 27, 0, 56, NULL),
(2372, 27, 0, 57, NULL),
(2373, 27, 0, 58, NULL),
(2374, 27, 0, 59, NULL),
(2375, 27, 0, 60, NULL),
(2376, 27, 0, 61, NULL),
(2377, 27, 0, 62, NULL),
(2378, 27, 0, 63, NULL),
(2379, 27, 0, 64, NULL),
(2380, 27, 0, 65, NULL),
(2381, 27, 0, 66, NULL),
(2382, 27, 0, 67, NULL),
(2383, 27, 0, 68, NULL),
(2384, 27, 1, 69, NULL),
(2385, 27, 0, 70, NULL),
(2386, 27, 0, 71, NULL),
(2387, 27, 0, 72, NULL),
(2388, 27, 0, 73, NULL),
(2389, 27, 0, 74, NULL),
(2390, 27, 0, 75, NULL),
(2391, 27, 1, 76, NULL),
(2392, 27, 0, 77, NULL),
(2393, 27, 0, 78, NULL),
(2394, 27, 0, 79, NULL),
(2395, 27, 0, 80, NULL),
(2396, 27, 0, 81, NULL),
(2397, 27, 0, 82, NULL),
(2398, 27, 0, 83, NULL),
(2399, 27, 1, 84, NULL),
(2400, 27, 0, 85, NULL),
(2401, 27, 0, 86, NULL),
(2402, 27, 0, 87, NULL),
(2403, 27, 0, 88, NULL),
(2404, 27, 0, 89, NULL),
(2405, 27, 0, 90, NULL),
(2406, 27, 0, 91, NULL),
(2407, 27, 0, 92, NULL),
(2408, 27, 0, 93, NULL),
(2409, 27, 0, 94, NULL),
(2410, 27, 0, 95, NULL),
(2411, 27, 0, 96, NULL),
(2412, 27, 0, 97, NULL),
(2413, 27, 0, 98, NULL),
(2414, 27, 0, 99, NULL),
(2415, 27, 0, 100, NULL),
(2416, 27, 0, 101, NULL),
(2417, 27, 0, 102, NULL),
(2418, 27, 0, 103, NULL),
(2419, 27, 0, 104, NULL),
(2420, 27, 0, 105, NULL),
(2421, 27, 0, 106, NULL),
(2422, 27, 0, 107, NULL),
(2423, 27, 0, 108, NULL),
(2424, 27, 0, 109, NULL),
(2425, 27, 0, 110, NULL),
(2426, 27, 0, 111, NULL),
(2427, 27, 0, 112, NULL),
(2428, 27, 0, 113, NULL),
(2429, 27, 0, 114, NULL),
(2430, 27, 0, 115, NULL),
(2431, 27, 0, 116, NULL),
(2432, 27, 0, 121, NULL),
(2433, 27, 0, 122, NULL),
(2434, 27, 0, 123, NULL),
(2435, 27, 0, 124, NULL),
(2436, 27, 1, 117, NULL),
(2437, 27, 0, 125, NULL),
(2438, 27, 0, 126, NULL),
(2439, 27, 0, 127, NULL),
(2440, 27, 0, 128, NULL),
(2441, 27, 0, 118, NULL),
(2442, 27, 0, 129, NULL),
(2443, 27, 0, 130, NULL),
(2444, 27, 0, 131, NULL),
(2445, 27, 0, 132, NULL),
(2446, 27, 1, 119, NULL),
(2447, 27, 1, 133, NULL),
(2448, 27, 0, 134, NULL),
(2449, 27, 0, 135, NULL),
(2450, 27, 0, 136, NULL),
(2451, 27, 0, 120, NULL),
(2452, 27, 0, 137, NULL),
(2453, 27, 0, 138, NULL),
(2454, 27, 0, 139, NULL),
(2455, 27, 0, 140, NULL),
(2456, 25, 0, 1, NULL),
(2457, 25, 0, 2, NULL),
(2458, 25, 0, 3, NULL),
(2459, 25, 0, 4, NULL),
(2460, 25, 0, 5, NULL),
(2461, 25, 0, 6, NULL),
(2462, 25, 0, 7, NULL),
(2463, 25, 0, 8, NULL),
(2464, 25, 0, 9, NULL),
(2465, 25, 0, 10, NULL),
(2466, 25, 0, 11, NULL),
(2467, 25, 0, 12, NULL),
(2468, 25, 0, 13, NULL),
(2469, 25, 0, 14, NULL),
(2470, 25, 0, 15, NULL),
(2471, 25, 0, 16, NULL),
(2472, 25, 0, 17, NULL),
(2473, 25, 1, 18, NULL),
(2474, 25, 0, 19, NULL),
(2475, 25, 0, 20, NULL),
(2476, 25, 0, 21, NULL),
(2477, 25, 0, 22, NULL),
(2478, 25, 0, 23, NULL),
(2479, 25, 1, 24, NULL),
(2480, 25, 0, 25, NULL),
(2481, 25, 0, 26, NULL),
(2482, 25, 0, 27, NULL),
(2483, 25, 0, 28, NULL),
(2484, 25, 0, 29, NULL),
(2485, 25, 0, 30, NULL),
(2486, 25, 0, 31, NULL),
(2487, 25, 0, 32, NULL),
(2488, 25, 0, 33, NULL),
(2489, 25, 0, 34, NULL),
(2490, 25, 0, 35, NULL),
(2491, 25, 0, 36, NULL),
(2492, 25, 0, 37, NULL),
(2493, 25, 0, 38, NULL),
(2494, 25, 0, 39, NULL),
(2495, 25, 0, 40, NULL),
(2496, 25, 0, 41, NULL),
(2497, 25, 0, 42, NULL),
(2498, 25, 0, 43, NULL),
(2499, 25, 0, 44, NULL),
(2500, 25, 0, 45, NULL),
(2501, 25, 0, 46, NULL),
(2502, 25, 0, 47, NULL),
(2503, 25, 0, 48, NULL),
(2504, 25, 0, 49, NULL),
(2505, 25, 0, 50, NULL),
(2506, 25, 0, 51, NULL),
(2507, 25, 0, 52, NULL),
(2508, 25, 0, 53, NULL),
(2509, 25, 0, 54, NULL),
(2510, 25, 0, 55, NULL),
(2511, 25, 0, 56, NULL),
(2512, 25, 0, 57, NULL),
(2513, 25, 1, 58, NULL),
(2514, 25, 0, 59, NULL),
(2515, 25, 0, 60, NULL),
(2516, 25, 0, 61, NULL),
(2517, 25, 1, 62, NULL),
(2518, 25, 0, 63, NULL),
(2519, 25, 0, 64, NULL),
(2520, 25, 0, 65, NULL),
(2521, 25, 0, 66, NULL),
(2522, 25, 0, 67, NULL),
(2523, 25, 0, 68, NULL),
(2524, 25, 0, 69, NULL),
(2525, 25, 0, 70, NULL),
(2526, 25, 0, 71, NULL),
(2527, 25, 0, 72, NULL),
(2528, 25, 0, 73, NULL),
(2529, 25, 0, 74, NULL),
(2530, 25, 0, 75, NULL),
(2531, 25, 0, 76, NULL),
(2532, 25, 0, 77, NULL),
(2533, 25, 0, 78, NULL),
(2534, 25, 0, 79, NULL),
(2535, 25, 0, 80, NULL),
(2536, 25, 0, 81, NULL),
(2537, 25, 0, 82, NULL),
(2538, 25, 0, 83, NULL),
(2539, 25, 1, 84, NULL),
(2540, 25, 0, 85, NULL),
(2541, 25, 0, 86, NULL),
(2542, 25, 0, 87, NULL),
(2543, 25, 0, 88, NULL),
(2544, 25, 0, 89, NULL),
(2545, 25, 0, 90, NULL),
(2546, 25, 0, 91, NULL),
(2547, 25, 0, 92, NULL),
(2548, 25, 0, 93, NULL),
(2549, 25, 0, 94, NULL),
(2550, 25, 0, 95, NULL),
(2551, 25, 0, 96, NULL),
(2552, 25, 0, 97, NULL),
(2553, 25, 0, 98, NULL),
(2554, 25, 0, 99, NULL),
(2555, 25, 0, 100, NULL),
(2556, 25, 0, 101, NULL),
(2557, 25, 0, 102, NULL),
(2558, 25, 0, 103, NULL),
(2559, 25, 0, 104, NULL),
(2560, 25, 0, 105, NULL),
(2561, 25, 0, 106, NULL),
(2562, 25, 0, 107, NULL),
(2563, 25, 0, 108, NULL),
(2564, 25, 0, 109, NULL),
(2565, 25, 0, 110, NULL),
(2566, 25, 0, 111, NULL),
(2567, 25, 0, 112, NULL),
(2568, 25, 0, 113, NULL),
(2569, 25, 0, 114, NULL),
(2570, 25, 0, 115, NULL),
(2571, 25, 0, 116, NULL),
(2572, 25, 0, 121, NULL),
(2573, 25, 0, 122, NULL),
(2574, 25, 0, 123, NULL),
(2575, 25, 0, 124, NULL),
(2576, 25, 1, 117, NULL),
(2577, 25, 0, 125, NULL),
(2578, 25, 0, 126, NULL),
(2579, 25, 0, 127, NULL),
(2580, 25, 0, 128, NULL),
(2581, 25, 0, 118, NULL),
(2582, 25, 1, 129, NULL),
(2583, 25, 1, 130, NULL),
(2584, 25, 0, 131, NULL),
(2585, 25, 0, 132, NULL),
(2586, 25, 0, 119, NULL),
(2587, 25, 0, 133, NULL),
(2588, 25, 0, 134, NULL),
(2589, 25, 0, 135, NULL),
(2590, 25, 0, 136, NULL),
(2591, 25, 0, 120, NULL),
(2592, 25, 0, 137, NULL),
(2593, 25, 0, 138, NULL),
(2594, 25, 0, 139, NULL),
(2595, 25, 0, 140, NULL),
(2596, 26, 0, 1, NULL),
(2597, 26, 0, 2, NULL),
(2598, 26, 0, 3, NULL),
(2599, 26, 0, 4, NULL),
(2600, 26, 0, 5, NULL),
(2601, 26, 1, 6, NULL),
(2602, 26, 0, 7, NULL),
(2603, 26, 0, 8, NULL),
(2604, 26, 1, 9, NULL),
(2605, 26, 0, 10, NULL),
(2606, 26, 0, 11, NULL),
(2607, 26, 0, 12, NULL),
(2608, 26, 0, 13, NULL),
(2609, 26, 0, 14, NULL),
(2610, 26, 0, 15, NULL),
(2611, 26, 0, 16, NULL),
(2612, 26, 1, 17, NULL),
(2613, 26, 0, 18, NULL),
(2614, 26, 0, 19, NULL),
(2615, 26, 0, 20, NULL),
(2616, 26, 0, 21, NULL),
(2617, 26, 0, 22, NULL),
(2618, 26, 0, 23, NULL),
(2619, 26, 0, 24, NULL),
(2620, 26, 0, 25, NULL),
(2621, 26, 0, 26, NULL),
(2622, 26, 0, 27, NULL),
(2623, 26, 1, 28, NULL),
(2624, 26, 0, 29, NULL),
(2625, 26, 0, 30, NULL),
(2626, 26, 0, 31, NULL),
(2627, 26, 0, 32, NULL),
(2628, 26, 0, 33, NULL),
(2629, 26, 0, 34, NULL),
(2630, 26, 0, 35, NULL),
(2631, 26, 0, 36, NULL),
(2632, 26, 0, 37, NULL),
(2633, 26, 0, 38, NULL),
(2634, 26, 0, 39, NULL),
(2635, 26, 1, 40, NULL),
(2636, 26, 0, 41, NULL),
(2637, 26, 1, 42, NULL),
(2638, 26, 0, 43, NULL),
(2639, 26, 0, 44, NULL),
(2640, 26, 0, 45, NULL),
(2641, 26, 0, 46, NULL),
(2642, 26, 0, 47, NULL),
(2643, 26, 0, 48, NULL),
(2644, 26, 0, 49, NULL),
(2645, 26, 0, 50, NULL),
(2646, 26, 0, 51, NULL),
(2647, 26, 0, 52, NULL),
(2648, 26, 0, 53, NULL),
(2649, 26, 0, 54, NULL),
(2650, 26, 0, 55, NULL),
(2651, 26, 0, 56, NULL),
(2652, 26, 0, 57, NULL),
(2653, 26, 0, 58, NULL),
(2654, 26, 0, 59, NULL),
(2655, 26, 0, 60, NULL),
(2656, 26, 0, 61, NULL),
(2657, 26, 0, 62, NULL),
(2658, 26, 1, 63, NULL),
(2659, 26, 0, 64, NULL),
(2660, 26, 0, 65, NULL),
(2661, 26, 0, 66, NULL),
(2662, 26, 0, 67, NULL),
(2663, 26, 0, 68, NULL),
(2664, 26, 0, 69, NULL),
(2665, 26, 0, 70, NULL),
(2666, 26, 0, 71, NULL),
(2667, 26, 0, 72, NULL),
(2668, 26, 0, 73, NULL),
(2669, 26, 0, 74, NULL),
(2670, 26, 0, 75, NULL),
(2671, 26, 0, 76, NULL),
(2672, 26, 0, 77, NULL),
(2673, 26, 0, 78, NULL),
(2674, 26, 0, 79, NULL),
(2675, 26, 0, 80, NULL),
(2676, 26, 0, 81, NULL),
(2677, 26, 1, 82, NULL),
(2678, 26, 0, 83, NULL),
(2679, 26, 0, 84, NULL),
(2680, 26, 0, 85, NULL),
(2681, 26, 0, 86, NULL),
(2682, 26, 0, 87, NULL),
(2683, 26, 0, 88, NULL),
(2684, 26, 0, 89, NULL),
(2685, 26, 0, 90, NULL),
(2686, 26, 0, 91, NULL),
(2687, 26, 0, 92, NULL),
(2688, 26, 0, 93, NULL),
(2689, 26, 0, 94, NULL),
(2690, 26, 1, 95, NULL),
(2691, 26, 0, 96, NULL),
(2692, 26, 0, 97, NULL),
(2693, 26, 0, 98, NULL),
(2694, 26, 0, 99, NULL),
(2695, 26, 0, 100, NULL),
(2696, 26, 0, 101, NULL),
(2697, 26, 0, 102, NULL),
(2698, 26, 0, 103, NULL),
(2699, 26, 0, 104, NULL),
(2700, 26, 0, 105, NULL),
(2701, 26, 0, 106, NULL),
(2702, 26, 0, 107, NULL),
(2703, 26, 0, 108, NULL),
(2704, 26, 0, 109, NULL),
(2705, 26, 0, 110, NULL),
(2706, 26, 0, 111, NULL),
(2707, 26, 0, 112, NULL),
(2708, 26, 0, 113, NULL),
(2709, 26, 0, 114, NULL),
(2710, 26, 0, 115, NULL),
(2711, 26, 0, 116, NULL),
(2712, 26, 0, 121, NULL),
(2713, 26, 0, 122, NULL),
(2714, 26, 0, 123, NULL),
(2715, 26, 0, 124, NULL),
(2716, 26, 1, 117, NULL),
(2717, 26, 0, 125, NULL),
(2718, 26, 0, 126, NULL),
(2719, 26, 0, 127, NULL),
(2720, 26, 0, 128, NULL),
(2721, 26, 0, 118, NULL),
(2722, 26, 0, 129, NULL),
(2723, 26, 0, 130, NULL),
(2724, 26, 0, 131, NULL),
(2725, 26, 0, 132, NULL),
(2726, 26, 0, 119, NULL),
(2727, 26, 0, 133, NULL),
(2728, 26, 0, 134, NULL),
(2729, 26, 0, 135, NULL),
(2730, 26, 0, 136, NULL),
(2731, 26, 0, 120, NULL),
(2732, 26, 0, 137, NULL),
(2733, 26, 0, 138, NULL),
(2734, 26, 0, 139, NULL),
(2735, 26, 0, 140, NULL),
(2736, 20, 0, 1, NULL),
(2737, 20, 1, 2, NULL),
(2738, 20, 0, 3, NULL),
(2739, 20, 0, 4, NULL),
(2740, 20, 0, 5, NULL),
(2741, 20, 1, 6, NULL),
(2742, 20, 0, 7, NULL),
(2743, 20, 0, 8, NULL),
(2744, 20, 1, 9, NULL),
(2745, 20, 0, 10, NULL),
(2746, 20, 0, 11, NULL),
(2747, 20, 0, 12, NULL),
(2748, 20, 0, 13, NULL),
(2749, 20, 0, 14, NULL),
(2750, 20, 0, 15, NULL),
(2751, 20, 0, 16, NULL),
(2752, 20, 0, 17, NULL),
(2753, 20, 0, 18, NULL),
(2754, 20, 1, 19, NULL),
(2755, 20, 0, 20, NULL),
(2756, 20, 0, 21, NULL),
(2757, 20, 0, 22, NULL),
(2758, 20, 0, 23, NULL),
(2759, 20, 0, 24, NULL),
(2760, 20, 0, 25, NULL),
(2761, 20, 0, 26, NULL),
(2762, 20, 0, 27, NULL),
(2763, 20, 0, 28, NULL),
(2764, 20, 0, 29, NULL),
(2765, 20, 0, 30, NULL),
(2766, 20, 0, 31, NULL),
(2767, 20, 1, 32, NULL),
(2768, 20, 0, 33, NULL),
(2769, 20, 0, 34, NULL),
(2770, 20, 0, 35, NULL),
(2771, 20, 0, 36, NULL),
(2772, 20, 0, 37, NULL),
(2773, 20, 1, 38, NULL),
(2774, 20, 0, 39, NULL),
(2775, 20, 0, 40, NULL),
(2776, 20, 0, 41, NULL),
(2777, 20, 1, 42, NULL),
(2778, 20, 0, 43, NULL),
(2779, 20, 0, 44, NULL),
(2780, 20, 0, 45, NULL),
(2781, 20, 0, 46, NULL),
(2782, 20, 0, 47, NULL),
(2783, 20, 0, 48, NULL),
(2784, 20, 0, 49, NULL),
(2785, 20, 0, 50, NULL),
(2786, 20, 0, 51, NULL),
(2787, 20, 0, 52, NULL),
(2788, 20, 0, 53, NULL),
(2789, 20, 0, 54, NULL),
(2790, 20, 0, 55, NULL),
(2791, 20, 0, 56, NULL),
(2792, 20, 0, 57, NULL),
(2793, 20, 1, 58, NULL),
(2794, 20, 0, 59, NULL),
(2795, 20, 0, 60, NULL),
(2796, 20, 0, 61, NULL),
(2797, 20, 1, 62, NULL),
(2798, 20, 0, 63, NULL),
(2799, 20, 0, 64, NULL),
(2800, 20, 0, 65, NULL),
(2801, 20, 0, 66, NULL),
(2802, 20, 0, 67, NULL),
(2803, 20, 0, 68, NULL),
(2804, 20, 1, 69, NULL),
(2805, 20, 0, 70, NULL),
(2806, 20, 0, 71, NULL),
(2807, 20, 0, 72, NULL),
(2808, 20, 0, 73, NULL),
(2809, 20, 0, 74, NULL),
(2810, 20, 1, 75, NULL),
(2811, 20, 0, 76, NULL),
(2812, 20, 0, 77, NULL),
(2813, 20, 0, 78, NULL),
(2814, 20, 1, 79, NULL),
(2815, 20, 1, 80, NULL),
(2816, 20, 0, 81, NULL),
(2817, 20, 0, 82, NULL),
(2818, 20, 0, 83, NULL),
(2819, 20, 1, 84, NULL),
(2820, 20, 0, 85, NULL),
(2821, 20, 0, 86, NULL),
(2822, 20, 0, 87, NULL),
(2823, 20, 0, 88, NULL),
(2824, 20, 1, 89, NULL),
(2825, 20, 0, 90, NULL),
(2826, 20, 0, 91, NULL),
(2827, 20, 0, 92, NULL),
(2828, 20, 0, 93, NULL),
(2829, 20, 0, 94, NULL),
(2830, 20, 0, 95, NULL),
(2831, 20, 0, 96, NULL),
(2832, 20, 0, 97, NULL),
(2833, 20, 0, 98, NULL),
(2834, 20, 0, 99, NULL),
(2835, 20, 1, 100, NULL),
(2836, 20, 0, 101, NULL),
(2837, 20, 0, 102, NULL),
(2838, 20, 0, 103, NULL),
(2839, 20, 0, 104, NULL),
(2840, 20, 0, 105, NULL),
(2841, 20, 0, 106, NULL),
(2842, 20, 0, 107, NULL),
(2843, 20, 0, 108, NULL),
(2844, 20, 0, 109, NULL),
(2845, 20, 0, 110, NULL),
(2846, 20, 0, 111, NULL),
(2847, 20, 0, 112, NULL),
(2848, 20, 0, 113, NULL),
(2849, 20, 0, 114, NULL),
(2850, 20, 0, 115, NULL),
(2851, 20, 1, 116, NULL),
(2852, 20, 0, 121, NULL),
(2853, 20, 0, 122, NULL),
(2854, 20, 0, 123, NULL),
(2855, 20, 0, 124, NULL),
(2856, 20, 1, 117, NULL),
(2857, 20, 1, 125, NULL),
(2858, 20, 0, 126, NULL),
(2859, 20, 0, 127, NULL),
(2860, 20, 0, 128, NULL),
(2861, 20, 0, 118, NULL),
(2862, 20, 1, 129, NULL),
(2863, 20, 0, 130, NULL),
(2864, 20, 0, 131, NULL),
(2865, 20, 0, 132, NULL),
(2866, 20, 0, 119, NULL),
(2867, 20, 0, 133, NULL),
(2868, 20, 0, 134, NULL),
(2869, 20, 0, 135, NULL),
(2870, 20, 0, 136, NULL),
(2871, 20, 1, 120, NULL),
(2872, 20, 0, 137, NULL),
(2873, 20, 0, 138, NULL),
(2874, 20, 0, 139, NULL),
(2875, 20, 0, 140, NULL),
(2876, 19, 0, 1, NULL),
(2877, 19, 0, 2, NULL),
(2878, 19, 0, 3, NULL),
(2879, 19, 0, 4, NULL),
(2880, 19, 1, 5, NULL),
(2881, 19, 1, 6, NULL),
(2882, 19, 0, 7, NULL),
(2883, 19, 1, 8, NULL),
(2884, 19, 1, 9, NULL),
(2885, 19, 0, 10, NULL),
(2886, 19, 0, 11, NULL),
(2887, 19, 0, 12, NULL),
(2888, 19, 0, 13, NULL),
(2889, 19, 0, 14, NULL),
(2890, 19, 0, 15, NULL),
(2891, 19, 0, 16, NULL),
(2892, 19, 0, 17, NULL),
(2893, 19, 0, 18, NULL),
(2894, 19, 0, 19, NULL),
(2895, 19, 0, 20, NULL),
(2896, 19, 0, 21, NULL),
(2897, 19, 0, 22, NULL),
(2898, 19, 0, 23, NULL),
(2899, 19, 0, 24, NULL),
(2900, 19, 0, 25, NULL),
(2901, 19, 0, 26, NULL),
(2902, 19, 0, 27, NULL),
(2903, 19, 0, 28, NULL),
(2904, 19, 0, 29, NULL),
(2905, 19, 0, 30, NULL),
(2906, 19, 0, 31, NULL),
(2907, 19, 0, 32, NULL),
(2908, 19, 0, 33, NULL),
(2909, 19, 0, 34, NULL),
(2910, 19, 0, 35, NULL),
(2911, 19, 0, 36, NULL),
(2912, 19, 0, 37, NULL),
(2913, 19, 0, 38, NULL),
(2914, 19, 1, 39, NULL),
(2915, 19, 1, 40, NULL),
(2916, 19, 0, 41, NULL),
(2917, 19, 1, 42, NULL),
(2918, 19, 0, 43, NULL),
(2919, 19, 0, 44, NULL),
(2920, 19, 0, 45, NULL),
(2921, 19, 0, 46, NULL),
(2922, 19, 0, 47, NULL),
(2923, 19, 0, 48, NULL),
(2924, 19, 0, 49, NULL),
(2925, 19, 0, 50, NULL),
(2926, 19, 0, 51, NULL),
(2927, 19, 0, 52, NULL),
(2928, 19, 0, 53, NULL),
(2929, 19, 0, 54, NULL),
(2930, 19, 0, 55, NULL),
(2931, 19, 0, 56, NULL),
(2932, 19, 0, 57, NULL),
(2933, 19, 0, 58, NULL),
(2934, 19, 0, 59, NULL),
(2935, 19, 0, 60, NULL),
(2936, 19, 0, 61, NULL),
(2937, 19, 0, 62, NULL),
(2938, 19, 0, 63, NULL),
(2939, 19, 0, 64, NULL),
(2940, 19, 0, 65, NULL),
(2941, 19, 0, 66, NULL),
(2942, 19, 0, 67, NULL),
(2943, 19, 0, 68, NULL),
(2944, 19, 0, 69, NULL),
(2945, 19, 0, 70, NULL),
(2946, 19, 0, 71, NULL),
(2947, 19, 0, 72, NULL),
(2948, 19, 0, 73, NULL),
(2949, 19, 0, 74, NULL),
(2950, 19, 0, 75, NULL),
(2951, 19, 0, 76, NULL),
(2952, 19, 1, 77, NULL),
(2953, 19, 0, 78, NULL),
(2954, 19, 0, 79, NULL),
(2955, 19, 0, 80, NULL),
(2956, 19, 0, 81, NULL),
(2957, 19, 0, 82, NULL),
(2958, 19, 0, 83, NULL),
(2959, 19, 0, 84, NULL),
(2960, 19, 0, 85, NULL),
(2961, 19, 0, 86, NULL),
(2962, 19, 0, 87, NULL),
(2963, 19, 0, 88, NULL),
(2964, 19, 0, 89, NULL),
(2965, 19, 0, 90, NULL),
(2966, 19, 0, 91, NULL),
(2967, 19, 0, 92, NULL),
(2968, 19, 0, 93, NULL),
(2969, 19, 0, 94, NULL),
(2970, 19, 0, 95, NULL),
(2971, 19, 0, 96, NULL),
(2972, 19, 0, 97, NULL),
(2973, 19, 0, 98, NULL),
(2974, 19, 0, 99, NULL),
(2975, 19, 0, 100, NULL),
(2976, 19, 0, 101, NULL),
(2977, 19, 0, 102, NULL),
(2978, 19, 0, 103, NULL),
(2979, 19, 0, 104, NULL),
(2980, 19, 0, 105, NULL),
(2981, 19, 0, 106, NULL),
(2982, 19, 1, 107, NULL),
(2983, 19, 0, 108, NULL),
(2984, 19, 0, 109, NULL),
(2985, 19, 0, 110, NULL),
(2986, 19, 0, 111, NULL),
(2987, 19, 0, 112, NULL),
(2988, 19, 0, 113, NULL),
(2989, 19, 0, 114, NULL),
(2990, 19, 0, 115, NULL),
(2991, 19, 0, 116, NULL),
(2992, 19, 0, 121, NULL),
(2993, 19, 0, 122, NULL),
(2994, 19, 0, 123, NULL),
(2995, 19, 0, 124, NULL),
(2996, 19, 1, 117, NULL),
(2997, 19, 1, 125, NULL),
(2998, 19, 1, 126, NULL),
(2999, 19, 0, 127, NULL),
(3000, 19, 0, 128, NULL),
(3001, 19, 0, 118, NULL),
(3002, 19, 0, 129, NULL),
(3003, 19, 0, 130, NULL),
(3004, 19, 0, 131, NULL),
(3005, 19, 0, 132, NULL),
(3006, 19, 0, 119, NULL),
(3007, 19, 0, 133, NULL),
(3008, 19, 0, 134, NULL),
(3009, 19, 0, 135, NULL),
(3010, 19, 0, 136, NULL),
(3011, 19, 0, 120, NULL),
(3012, 19, 0, 137, NULL),
(3013, 19, 0, 138, NULL),
(3014, 19, 0, 139, NULL),
(3015, 19, 0, 140, NULL),
(3016, 18, 0, 1, NULL),
(3017, 18, 0, 2, NULL),
(3018, 18, 0, 3, NULL),
(3019, 18, 0, 4, NULL),
(3020, 18, 0, 5, NULL),
(3021, 18, 0, 6, NULL),
(3022, 18, 0, 7, NULL),
(3023, 18, 0, 8, NULL),
(3024, 18, 1, 9, NULL),
(3025, 18, 0, 10, NULL),
(3026, 18, 0, 11, NULL),
(3027, 18, 0, 12, NULL),
(3028, 18, 0, 13, NULL),
(3029, 18, 0, 14, NULL),
(3030, 18, 0, 15, NULL),
(3031, 18, 0, 16, NULL),
(3032, 18, 0, 17, NULL),
(3033, 18, 0, 18, NULL),
(3034, 18, 0, 19, NULL),
(3035, 18, 0, 20, NULL),
(3036, 18, 0, 21, NULL),
(3037, 18, 0, 22, NULL),
(3038, 18, 0, 23, NULL),
(3039, 18, 0, 24, NULL),
(3040, 18, 0, 25, NULL),
(3041, 18, 0, 26, NULL),
(3042, 18, 0, 27, NULL),
(3043, 18, 0, 28, NULL),
(3044, 18, 0, 29, NULL),
(3045, 18, 0, 30, NULL),
(3046, 18, 0, 31, NULL),
(3047, 18, 0, 32, NULL),
(3048, 18, 0, 33, NULL),
(3049, 18, 0, 34, NULL),
(3050, 18, 0, 35, NULL),
(3051, 18, 0, 36, NULL),
(3052, 18, 0, 37, NULL),
(3053, 18, 0, 38, NULL),
(3054, 18, 0, 39, NULL),
(3055, 18, 0, 40, NULL),
(3056, 18, 0, 41, NULL),
(3057, 18, 0, 42, NULL),
(3058, 18, 0, 43, NULL),
(3059, 18, 0, 44, NULL),
(3060, 18, 0, 45, NULL),
(3061, 18, 0, 46, NULL),
(3062, 18, 1, 47, NULL),
(3063, 18, 0, 48, NULL),
(3064, 18, 0, 49, NULL),
(3065, 18, 0, 50, NULL),
(3066, 18, 0, 51, NULL),
(3067, 18, 0, 52, NULL),
(3068, 18, 0, 53, NULL),
(3069, 18, 0, 54, NULL),
(3070, 18, 0, 55, NULL),
(3071, 18, 0, 56, NULL),
(3072, 18, 0, 57, NULL),
(3073, 18, 1, 58, NULL),
(3074, 18, 1, 59, NULL),
(3075, 18, 0, 60, NULL),
(3076, 18, 0, 61, NULL),
(3077, 18, 0, 62, NULL),
(3078, 18, 0, 63, NULL),
(3079, 18, 0, 64, NULL),
(3080, 18, 0, 65, NULL),
(3081, 18, 0, 66, NULL),
(3082, 18, 0, 67, NULL),
(3083, 18, 0, 68, NULL),
(3084, 18, 0, 69, NULL),
(3085, 18, 0, 70, NULL),
(3086, 18, 0, 71, NULL),
(3087, 18, 0, 72, NULL),
(3088, 18, 1, 73, NULL),
(3089, 18, 0, 74, NULL),
(3090, 18, 0, 75, NULL),
(3091, 18, 1, 76, NULL),
(3092, 18, 0, 77, NULL),
(3093, 18, 0, 78, NULL),
(3094, 18, 0, 79, NULL),
(3095, 18, 1, 80, NULL),
(3096, 18, 0, 81, NULL),
(3097, 18, 0, 82, NULL),
(3098, 18, 0, 83, NULL),
(3099, 18, 0, 84, NULL),
(3100, 18, 0, 85, NULL),
(3101, 18, 0, 86, NULL),
(3102, 18, 0, 87, NULL),
(3103, 18, 0, 88, NULL),
(3104, 18, 0, 89, NULL),
(3105, 18, 0, 90, NULL),
(3106, 18, 0, 91, NULL),
(3107, 18, 0, 92, NULL),
(3108, 18, 0, 93, NULL),
(3109, 18, 0, 94, NULL),
(3110, 18, 0, 95, NULL),
(3111, 18, 0, 96, NULL),
(3112, 18, 0, 97, NULL),
(3113, 18, 0, 98, NULL),
(3114, 18, 0, 99, NULL),
(3115, 18, 0, 100, NULL),
(3116, 18, 0, 101, NULL),
(3117, 18, 0, 102, NULL),
(3118, 18, 0, 103, NULL),
(3119, 18, 0, 104, NULL),
(3120, 18, 0, 105, NULL),
(3121, 18, 0, 106, NULL),
(3122, 18, 0, 107, NULL),
(3123, 18, 0, 108, NULL),
(3124, 18, 0, 109, NULL),
(3125, 18, 0, 110, NULL),
(3126, 18, 0, 111, NULL),
(3127, 18, 0, 112, NULL),
(3128, 18, 0, 113, NULL),
(3129, 18, 0, 114, NULL),
(3130, 18, 0, 115, NULL),
(3131, 18, 0, 116, NULL),
(3132, 18, 0, 121, NULL),
(3133, 18, 0, 122, NULL),
(3134, 18, 0, 123, NULL),
(3135, 18, 0, 124, NULL),
(3136, 18, 1, 117, NULL),
(3137, 18, 1, 125, NULL),
(3138, 18, 0, 126, NULL),
(3139, 18, 0, 127, NULL),
(3140, 18, 0, 128, NULL),
(3141, 18, 1, 118, NULL),
(3142, 18, 1, 129, NULL),
(3143, 18, 0, 130, NULL),
(3144, 18, 0, 131, NULL),
(3145, 18, 0, 132, NULL),
(3146, 18, 1, 119, NULL),
(3147, 18, 0, 133, NULL),
(3148, 18, 0, 134, NULL),
(3149, 18, 0, 135, NULL),
(3150, 18, 0, 136, NULL),
(3151, 18, 0, 120, NULL),
(3152, 18, 0, 137, NULL),
(3153, 18, 0, 138, NULL),
(3154, 18, 0, 139, NULL),
(3155, 18, 0, 140, NULL),
(3156, 22, 0, 1, NULL),
(3157, 22, 0, 2, NULL),
(3158, 22, 0, 3, NULL),
(3159, 22, 0, 4, NULL),
(3160, 22, 0, 5, NULL),
(3161, 22, 0, 6, NULL),
(3162, 22, 0, 7, NULL),
(3163, 22, 0, 8, NULL),
(3164, 22, 0, 9, NULL),
(3165, 22, 0, 10, NULL),
(3166, 22, 0, 11, NULL),
(3167, 22, 0, 12, NULL),
(3168, 22, 0, 13, NULL),
(3169, 22, 0, 14, NULL),
(3170, 22, 0, 15, NULL),
(3171, 22, 0, 16, NULL),
(3172, 22, 0, 17, NULL),
(3173, 22, 0, 18, NULL),
(3174, 22, 0, 19, NULL),
(3175, 22, 0, 20, NULL),
(3176, 22, 0, 21, NULL),
(3177, 22, 0, 22, NULL),
(3178, 22, 0, 23, NULL),
(3179, 22, 0, 24, NULL),
(3180, 22, 0, 25, NULL),
(3181, 22, 0, 26, NULL),
(3182, 22, 0, 27, NULL),
(3183, 22, 0, 28, NULL),
(3184, 22, 0, 29, NULL),
(3185, 22, 0, 30, NULL),
(3186, 22, 0, 31, NULL),
(3187, 22, 0, 32, NULL),
(3188, 22, 0, 33, NULL),
(3189, 22, 0, 34, NULL),
(3190, 22, 0, 35, NULL),
(3191, 22, 0, 36, NULL),
(3192, 22, 0, 37, NULL),
(3193, 22, 0, 38, NULL),
(3194, 22, 0, 39, NULL),
(3195, 22, 0, 40, NULL),
(3196, 22, 0, 41, NULL),
(3197, 22, 0, 42, NULL),
(3198, 22, 0, 43, NULL),
(3199, 22, 0, 44, NULL),
(3200, 22, 0, 45, NULL),
(3201, 22, 0, 46, NULL),
(3202, 22, 0, 47, NULL),
(3203, 22, 0, 48, NULL),
(3204, 22, 0, 49, NULL),
(3205, 22, 0, 50, NULL),
(3206, 22, 0, 51, NULL),
(3207, 22, 0, 52, NULL),
(3208, 22, 0, 53, NULL),
(3209, 22, 0, 54, NULL),
(3210, 22, 0, 55, NULL),
(3211, 22, 0, 56, NULL),
(3212, 22, 0, 57, NULL),
(3213, 22, 0, 58, NULL),
(3214, 22, 0, 59, NULL),
(3215, 22, 0, 60, NULL),
(3216, 22, 0, 61, NULL),
(3217, 22, 0, 62, NULL),
(3218, 22, 0, 63, NULL),
(3219, 22, 0, 64, NULL),
(3220, 22, 0, 65, NULL),
(3221, 22, 0, 66, NULL),
(3222, 22, 0, 67, NULL),
(3223, 22, 0, 68, NULL),
(3224, 22, 0, 69, NULL),
(3225, 22, 0, 70, NULL),
(3226, 22, 0, 71, NULL),
(3227, 22, 0, 72, NULL),
(3228, 22, 0, 73, NULL),
(3229, 22, 0, 74, NULL),
(3230, 22, 0, 75, NULL),
(3231, 22, 0, 76, NULL),
(3232, 22, 0, 77, NULL),
(3233, 22, 0, 78, NULL),
(3234, 22, 0, 79, NULL),
(3235, 22, 0, 80, NULL),
(3236, 22, 0, 81, NULL),
(3237, 22, 0, 82, NULL),
(3238, 22, 0, 83, NULL),
(3239, 22, 0, 84, NULL),
(3240, 22, 0, 85, NULL),
(3241, 22, 0, 86, NULL),
(3242, 22, 0, 87, NULL),
(3243, 22, 1, 88, NULL),
(3244, 22, 0, 89, NULL),
(3245, 22, 1, 90, NULL),
(3246, 22, 0, 91, NULL),
(3247, 22, 0, 92, NULL),
(3248, 22, 0, 93, NULL),
(3249, 22, 1, 94, NULL),
(3250, 22, 0, 95, NULL),
(3251, 22, 0, 96, NULL),
(3252, 22, 0, 97, NULL),
(3253, 22, 0, 98, NULL),
(3254, 22, 0, 99, NULL),
(3255, 22, 0, 100, NULL),
(3256, 22, 0, 101, NULL),
(3257, 22, 0, 102, NULL),
(3258, 22, 0, 103, NULL),
(3259, 22, 0, 104, NULL),
(3260, 22, 0, 105, NULL),
(3261, 22, 0, 106, NULL),
(3262, 22, 0, 107, NULL),
(3263, 22, 0, 108, NULL),
(3264, 22, 0, 109, NULL),
(3265, 22, 0, 110, NULL),
(3266, 22, 0, 111, NULL),
(3267, 22, 0, 112, NULL),
(3268, 22, 0, 113, NULL),
(3269, 22, 0, 114, NULL),
(3270, 22, 0, 115, NULL),
(3271, 22, 0, 116, NULL),
(3272, 22, 0, 121, NULL),
(3273, 22, 0, 122, NULL),
(3274, 22, 0, 123, NULL),
(3275, 22, 0, 124, NULL),
(3276, 22, 0, 117, NULL),
(3277, 22, 0, 125, NULL),
(3278, 22, 0, 126, NULL),
(3279, 22, 0, 127, NULL),
(3280, 22, 0, 128, NULL),
(3281, 22, 0, 118, NULL),
(3282, 22, 0, 129, NULL),
(3283, 22, 0, 130, NULL),
(3284, 22, 0, 131, NULL),
(3285, 22, 0, 132, NULL),
(3286, 22, 0, 119, NULL),
(3287, 22, 0, 133, NULL),
(3288, 22, 0, 134, NULL),
(3289, 22, 0, 135, NULL),
(3290, 22, 0, 136, NULL),
(3291, 22, 0, 120, NULL),
(3292, 22, 0, 137, NULL),
(3293, 22, 0, 138, NULL),
(3294, 22, 0, 139, NULL),
(3295, 22, 0, 140, NULL);

-- --------------------------------------------------------

--
-- Table structure for table `final_drive_maneuvers`
--

CREATE TABLE `final_drive_maneuvers` (
  `final_drive_maneuver_id` int(10) UNSIGNED NOT NULL,
  `final_drive_template_maneuver_id` int(11) NOT NULL,
  `final_drive_id` int(11) NOT NULL,
  `last_updated` timestamp NULL DEFAULT NULL
) ENGINE=InnoDB DEFAULT CHARSET=utf8 COLLATE=utf8_unicode_ci;

--
-- Dumping data for table `final_drive_maneuvers`
--

INSERT INTO `final_drive_maneuvers` (`final_drive_maneuver_id`, `final_drive_template_maneuver_id`, `final_drive_id`, `last_updated`) VALUES
(1, 1, 3, NULL),
(2, 2, 3, NULL),
(3, 3, 3, NULL),
(4, 4, 3, NULL),
(5, 5, 3, NULL),
(6, 6, 3, NULL),
(7, 7, 3, NULL),
(8, 8, 3, NULL),
(9, 9, 3, NULL),
(10, 10, 3, NULL),
(11, 11, 3, NULL),
(12, 12, 3, NULL),
(13, 13, 3, NULL),
(14, 14, 3, NULL),
(15, 15, 3, NULL),
(16, 16, 3, NULL),
(17, 17, 3, NULL),
(18, 18, 3, NULL),
(19, 19, 3, NULL),
(20, 20, 3, NULL),
(21, 21, 3, NULL),
(22, 22, 3, NULL),
(23, 23, 3, NULL),
(24, 24, 3, NULL),
(25, 25, 3, NULL),
(26, 26, 3, NULL),
(27, 27, 3, NULL),
(28, 28, 3, NULL),
(29, 29, 3, NULL),
(30, 30, 3, NULL),
(31, 1, 4, NULL),
(32, 2, 4, NULL),
(33, 3, 4, NULL),
(34, 4, 4, NULL),
(35, 5, 4, NULL),
(36, 6, 4, NULL),
(37, 7, 4, NULL),
(38, 8, 4, NULL),
(39, 9, 4, NULL),
(40, 10, 4, NULL),
(41, 11, 4, NULL),
(42, 12, 4, NULL),
(43, 13, 4, NULL),
(44, 14, 4, NULL),
(45, 15, 4, NULL),
(46, 16, 4, NULL),
(47, 17, 4, NULL),
(48, 18, 4, NULL),
(49, 19, 4, NULL),
(50, 20, 4, NULL),
(51, 21, 4, NULL),
(52, 22, 4, NULL),
(53, 23, 4, NULL),
(54, 24, 4, NULL),
(55, 25, 4, NULL),
(56, 26, 4, NULL),
(57, 27, 4, NULL),
(58, 28, 4, NULL),
(59, 29, 4, NULL),
(60, 30, 4, NULL),
(61, 1, 5, NULL),
(62, 2, 5, NULL),
(63, 3, 5, NULL),
(64, 4, 5, NULL),
(65, 5, 5, NULL),
(66, 6, 5, NULL),
(67, 7, 5, NULL),
(68, 8, 5, NULL),
(69, 9, 5, NULL),
(70, 10, 5, NULL),
(71, 11, 5, NULL),
(72, 12, 5, NULL),
(73, 13, 5, NULL),
(74, 14, 5, NULL),
(75, 15, 5, NULL),
(76, 16, 5, NULL),
(77, 17, 5, NULL),
(78, 18, 5, NULL),
(79, 19, 5, NULL),
(80, 20, 5, NULL),
(81, 21, 5, NULL),
(82, 22, 5, NULL),
(83, 23, 5, NULL),
(84, 24, 5, NULL),
(85, 25, 5, NULL),
(86, 26, 5, NULL),
(87, 27, 5, NULL),
(88, 28, 5, NULL),
(89, 29, 5, NULL),
(90, 30, 5, NULL),
(91, 1, 6, NULL),
(92, 2, 6, NULL),
(93, 3, 6, NULL),
(94, 4, 6, NULL),
(95, 5, 6, NULL),
(96, 6, 6, NULL),
(97, 7, 6, NULL),
(98, 8, 6, NULL),
(99, 9, 6, NULL),
(100, 10, 6, NULL),
(101, 11, 6, NULL),
(102, 12, 6, NULL),
(103, 13, 6, NULL),
(104, 14, 6, NULL),
(105, 15, 6, NULL),
(106, 16, 6, NULL),
(107, 17, 6, NULL),
(108, 18, 6, NULL),
(109, 19, 6, NULL),
(110, 20, 6, NULL),
(111, 21, 6, NULL),
(112, 22, 6, NULL),
(113, 23, 6, NULL),
(114, 24, 6, NULL),
(115, 25, 6, NULL),
(116, 26, 6, NULL),
(117, 27, 6, NULL),
(118, 28, 6, NULL),
(119, 29, 6, NULL),
(120, 30, 6, NULL),
(121, 1, 7, NULL),
(122, 2, 7, NULL),
(123, 3, 7, NULL),
(124, 4, 7, NULL),
(125, 5, 7, NULL),
(126, 6, 7, NULL),
(127, 7, 7, NULL),
(128, 8, 7, NULL),
(129, 9, 7, NULL),
(130, 10, 7, NULL),
(131, 11, 7, NULL),
(132, 12, 7, NULL),
(133, 13, 7, NULL),
(134, 14, 7, NULL),
(135, 15, 7, NULL),
(136, 16, 7, NULL),
(137, 17, 7, NULL),
(138, 18, 7, NULL),
(139, 19, 7, NULL),
(140, 20, 7, NULL),
(141, 21, 7, NULL),
(142, 22, 7, NULL),
(143, 23, 7, NULL),
(144, 24, 7, NULL),
(145, 25, 7, NULL),
(146, 26, 7, NULL),
(147, 27, 7, NULL),
(148, 28, 7, NULL),
(149, 29, 7, NULL),
(150, 30, 7, NULL),
(151, 1, 8, NULL),
(152, 2, 8, NULL),
(153, 3, 8, NULL),
(154, 4, 8, NULL),
(155, 5, 8, NULL),
(156, 6, 8, NULL),
(157, 7, 8, NULL),
(158, 8, 8, NULL),
(159, 9, 8, NULL),
(160, 10, 8, NULL),
(161, 11, 8, NULL),
(162, 12, 8, NULL),
(163, 13, 8, NULL),
(164, 14, 8, NULL),
(165, 15, 8, NULL),
(166, 16, 8, NULL),
(167, 17, 8, NULL),
(168, 18, 8, NULL),
(169, 19, 8, NULL),
(170, 20, 8, NULL),
(171, 21, 8, NULL),
(172, 22, 8, NULL),
(173, 23, 8, NULL),
(174, 24, 8, NULL),
(175, 25, 8, NULL),
(176, 26, 8, NULL),
(177, 27, 8, NULL),
(178, 28, 8, NULL),
(179, 29, 8, NULL),
(180, 30, 8, NULL),
(181, 1, 9, NULL),
(182, 2, 9, NULL),
(183, 3, 9, NULL),
(184, 4, 9, NULL),
(185, 5, 9, NULL),
(186, 6, 9, NULL),
(187, 7, 9, NULL),
(188, 8, 9, NULL),
(189, 9, 9, NULL),
(190, 10, 9, NULL),
(191, 11, 9, NULL),
(192, 12, 9, NULL),
(193, 13, 9, NULL),
(194, 14, 9, NULL),
(195, 15, 9, NULL),
(196, 16, 9, NULL),
(197, 17, 9, NULL),
(198, 18, 9, NULL),
(199, 19, 9, NULL),
(200, 20, 9, NULL),
(201, 21, 9, NULL),
(202, 22, 9, NULL),
(203, 23, 9, NULL),
(204, 24, 9, NULL),
(205, 25, 9, NULL),
(206, 26, 9, NULL),
(207, 27, 9, NULL),
(208, 28, 9, NULL),
(209, 29, 9, NULL),
(210, 30, 9, NULL),
(211, 1, 10, NULL),
(212, 2, 10, NULL),
(213, 3, 10, NULL),
(214, 4, 10, NULL),
(215, 5, 10, NULL),
(216, 6, 10, NULL),
(217, 7, 10, NULL),
(218, 8, 10, NULL),
(219, 9, 10, NULL),
(220, 10, 10, NULL),
(221, 11, 10, NULL),
(222, 12, 10, NULL),
(223, 13, 10, NULL),
(224, 14, 10, NULL),
(225, 15, 10, NULL),
(226, 16, 10, NULL),
(227, 17, 10, NULL),
(228, 18, 10, NULL),
(229, 19, 10, NULL),
(230, 20, 10, NULL),
(231, 21, 10, NULL),
(232, 22, 10, NULL),
(233, 23, 10, NULL),
(234, 24, 10, NULL),
(235, 25, 10, NULL),
(236, 26, 10, NULL),
(237, 27, 10, NULL),
(238, 28, 10, NULL),
(239, 29, 10, NULL),
(240, 30, 10, NULL),
(241, 1, 11, NULL),
(242, 2, 11, NULL),
(243, 3, 11, NULL),
(244, 4, 11, NULL),
(245, 5, 11, NULL),
(246, 6, 11, NULL),
(247, 7, 11, NULL),
(248, 8, 11, NULL),
(249, 9, 11, NULL),
(250, 10, 11, NULL),
(251, 11, 11, NULL),
(252, 12, 11, NULL),
(253, 13, 11, NULL),
(254, 14, 11, NULL),
(255, 15, 11, NULL),
(256, 16, 11, NULL),
(257, 17, 11, NULL),
(258, 18, 11, NULL),
(259, 19, 11, NULL),
(260, 20, 11, NULL),
(261, 21, 11, NULL),
(262, 22, 11, NULL),
(263, 23, 11, NULL),
(264, 24, 11, NULL),
(265, 25, 11, NULL),
(266, 26, 11, NULL),
(267, 27, 11, NULL),
(268, 28, 11, NULL),
(269, 29, 11, NULL),
(270, 30, 11, NULL),
(271, 1, 12, NULL),
(272, 2, 12, NULL),
(273, 3, 12, NULL),
(274, 4, 12, NULL),
(275, 5, 12, NULL),
(276, 6, 12, NULL),
(277, 7, 12, NULL),
(278, 8, 12, NULL),
(279, 9, 12, NULL),
(280, 10, 12, NULL),
(281, 11, 12, NULL),
(282, 12, 12, NULL),
(283, 13, 12, NULL),
(284, 14, 12, NULL),
(285, 15, 12, NULL),
(286, 16, 12, NULL),
(287, 17, 12, NULL),
(288, 18, 12, NULL),
(289, 19, 12, NULL),
(290, 20, 12, NULL),
(291, 21, 12, NULL),
(292, 22, 12, NULL),
(293, 23, 12, NULL),
(294, 24, 12, NULL),
(295, 25, 12, NULL),
(296, 26, 12, NULL),
(297, 27, 12, NULL),
(298, 28, 12, NULL),
(299, 29, 12, NULL),
(300, 30, 12, NULL),
(301, 1, 13, NULL),
(302, 2, 13, NULL),
(303, 3, 13, NULL),
(304, 4, 13, NULL),
(305, 5, 13, NULL),
(306, 6, 13, NULL),
(307, 7, 13, NULL),
(308, 8, 13, NULL),
(309, 9, 13, NULL),
(310, 10, 13, NULL),
(311, 11, 13, NULL),
(312, 12, 13, NULL),
(313, 13, 13, NULL),
(314, 14, 13, NULL),
(315, 15, 13, NULL),
(316, 16, 13, NULL),
(317, 17, 13, NULL),
(318, 18, 13, NULL),
(319, 19, 13, NULL),
(320, 20, 13, NULL),
(321, 21, 13, NULL),
(322, 22, 13, NULL),
(323, 23, 13, NULL),
(324, 24, 13, NULL),
(325, 25, 13, NULL),
(326, 26, 13, NULL),
(327, 27, 13, NULL),
(328, 28, 13, NULL),
(329, 29, 13, NULL),
(330, 30, 13, NULL),
(331, 1, 14, NULL),
(332, 2, 14, NULL),
(333, 3, 14, NULL),
(334, 4, 14, NULL),
(335, 5, 14, NULL),
(336, 6, 14, NULL),
(337, 7, 14, NULL),
(338, 8, 14, NULL),
(339, 9, 14, NULL),
(340, 10, 14, NULL),
(341, 11, 14, NULL),
(342, 12, 14, NULL),
(343, 13, 14, NULL),
(344, 14, 14, NULL),
(345, 15, 14, NULL),
(346, 16, 14, NULL),
(347, 17, 14, NULL),
(348, 18, 14, NULL),
(349, 19, 14, NULL),
(350, 20, 14, NULL),
(351, 21, 14, NULL),
(352, 22, 14, NULL),
(353, 23, 14, NULL),
(354, 24, 14, NULL),
(355, 25, 14, NULL),
(356, 26, 14, NULL),
(357, 27, 14, NULL),
(358, 28, 14, NULL),
(359, 29, 14, NULL),
(360, 30, 14, NULL),
(361, 1, 30, NULL),
(362, 2, 30, NULL),
(363, 3, 30, NULL),
(364, 4, 30, NULL),
(365, 5, 30, NULL),
(366, 6, 30, NULL),
(367, 7, 30, NULL),
(368, 8, 30, NULL),
(369, 9, 30, NULL),
(370, 10, 30, NULL),
(371, 11, 30, NULL),
(372, 12, 30, NULL),
(373, 13, 30, NULL),
(374, 14, 30, NULL),
(375, 15, 30, NULL),
(376, 16, 30, NULL),
(377, 17, 30, NULL),
(378, 18, 30, NULL),
(379, 19, 30, NULL),
(380, 20, 30, NULL),
(381, 21, 30, NULL),
(382, 22, 30, NULL),
(383, 23, 30, NULL),
(384, 24, 30, NULL),
(385, 25, 30, NULL),
(386, 26, 30, NULL),
(387, 27, 30, NULL),
(388, 28, 30, NULL),
(389, 29, 30, NULL),
(390, 30, 30, NULL),
(391, 1, 15, NULL),
(392, 2, 15, NULL),
(393, 3, 15, NULL),
(394, 4, 15, NULL),
(395, 5, 15, NULL),
(396, 6, 15, NULL),
(397, 7, 15, NULL),
(398, 8, 15, NULL),
(399, 9, 15, NULL),
(400, 10, 15, NULL),
(401, 11, 15, NULL),
(402, 12, 15, NULL),
(403, 13, 15, NULL),
(404, 14, 15, NULL),
(405, 15, 15, NULL),
(406, 16, 15, NULL),
(407, 17, 15, NULL),
(408, 18, 15, NULL),
(409, 19, 15, NULL),
(410, 20, 15, NULL),
(411, 21, 15, NULL),
(412, 22, 15, NULL),
(413, 23, 15, NULL),
(414, 24, 15, NULL),
(415, 25, 15, NULL),
(416, 26, 15, NULL),
(417, 27, 15, NULL),
(418, 28, 15, NULL),
(419, 29, 15, NULL),
(420, 30, 15, NULL),
(421, 1, 35, NULL),
(422, 2, 35, NULL),
(423, 3, 35, NULL),
(424, 4, 35, NULL),
(425, 5, 35, NULL),
(426, 6, 35, NULL),
(427, 7, 35, NULL),
(428, 8, 35, NULL),
(429, 9, 35, NULL),
(430, 10, 35, NULL),
(431, 11, 35, NULL),
(432, 12, 35, NULL),
(433, 13, 35, NULL),
(434, 14, 35, NULL),
(435, 15, 35, NULL),
(436, 16, 35, NULL),
(437, 17, 35, NULL),
(438, 18, 35, NULL),
(439, 19, 35, NULL),
(440, 20, 35, NULL),
(441, 21, 35, NULL),
(442, 22, 35, NULL),
(443, 23, 35, NULL),
(444, 24, 35, NULL),
(445, 25, 35, NULL),
(446, 26, 35, NULL),
(447, 27, 35, NULL),
(448, 28, 35, NULL),
(449, 29, 35, NULL),
(450, 30, 35, NULL),
(451, 1, 44, NULL),
(452, 2, 44, NULL),
(453, 3, 44, NULL),
(454, 4, 44, NULL),
(455, 5, 44, NULL),
(456, 6, 44, NULL),
(457, 7, 44, NULL),
(458, 8, 44, NULL),
(459, 9, 44, NULL),
(460, 10, 44, NULL),
(461, 11, 44, NULL),
(462, 12, 44, NULL),
(463, 13, 44, NULL),
(464, 14, 44, NULL),
(465, 15, 44, NULL),
(466, 16, 44, NULL),
(467, 17, 44, NULL),
(468, 18, 44, NULL),
(469, 19, 44, NULL),
(470, 20, 44, NULL),
(471, 21, 44, NULL),
(472, 22, 44, NULL),
(473, 23, 44, NULL),
(474, 24, 44, NULL),
(475, 25, 44, NULL),
(476, 26, 44, NULL),
(477, 27, 44, NULL),
(478, 28, 44, NULL),
(479, 29, 44, NULL),
(480, 30, 44, NULL),
(481, 1, 45, NULL),
(482, 2, 45, NULL),
(483, 3, 45, NULL),
(484, 4, 45, NULL),
(485, 5, 45, NULL),
(486, 6, 45, NULL),
(487, 7, 45, NULL),
(488, 8, 45, NULL),
(489, 9, 45, NULL),
(490, 10, 45, NULL),
(491, 11, 45, NULL),
(492, 12, 45, NULL),
(493, 13, 45, NULL),
(494, 14, 45, NULL),
(495, 15, 45, NULL),
(496, 16, 45, NULL),
(497, 17, 45, NULL),
(498, 18, 45, NULL),
(499, 19, 45, NULL),
(500, 20, 45, NULL),
(501, 21, 45, NULL),
(502, 22, 45, NULL),
(503, 23, 45, NULL),
(504, 24, 45, NULL),
(505, 25, 45, NULL),
(506, 26, 45, NULL),
(507, 27, 45, NULL),
(508, 28, 45, NULL),
(509, 29, 45, NULL),
(510, 30, 45, NULL),
(511, 1, 17, NULL),
(512, 2, 17, NULL),
(513, 3, 17, NULL),
(514, 4, 17, NULL),
(515, 5, 17, NULL),
(516, 6, 17, NULL),
(517, 7, 17, NULL),
(518, 8, 17, NULL),
(519, 9, 17, NULL),
(520, 10, 17, NULL),
(521, 11, 17, NULL),
(522, 12, 17, NULL),
(523, 13, 17, NULL),
(524, 14, 17, NULL),
(525, 15, 17, NULL),
(526, 16, 17, NULL),
(527, 17, 17, NULL),
(528, 18, 17, NULL),
(529, 19, 17, NULL),
(530, 20, 17, NULL),
(531, 21, 17, NULL),
(532, 22, 17, NULL),
(533, 23, 17, NULL),
(534, 24, 17, NULL),
(535, 25, 17, NULL),
(536, 26, 17, NULL),
(537, 27, 17, NULL),
(538, 28, 17, NULL),
(539, 29, 17, NULL),
(540, 30, 17, NULL),
(541, 1, 21, NULL),
(542, 2, 21, NULL),
(543, 3, 21, NULL),
(544, 4, 21, NULL),
(545, 5, 21, NULL),
(546, 6, 21, NULL),
(547, 7, 21, NULL),
(548, 8, 21, NULL),
(549, 9, 21, NULL),
(550, 10, 21, NULL),
(551, 11, 21, NULL),
(552, 12, 21, NULL),
(553, 13, 21, NULL),
(554, 14, 21, NULL),
(555, 15, 21, NULL),
(556, 16, 21, NULL),
(557, 17, 21, NULL),
(558, 18, 21, NULL),
(559, 19, 21, NULL),
(560, 20, 21, NULL),
(561, 21, 21, NULL),
(562, 22, 21, NULL),
(563, 23, 21, NULL),
(564, 24, 21, NULL),
(565, 25, 21, NULL),
(566, 26, 21, NULL),
(567, 27, 21, NULL),
(568, 28, 21, NULL),
(569, 29, 21, NULL),
(570, 30, 21, NULL),
(571, 1, 27, NULL),
(572, 2, 27, NULL),
(573, 3, 27, NULL),
(574, 4, 27, NULL),
(575, 5, 27, NULL),
(576, 6, 27, NULL),
(577, 7, 27, NULL),
(578, 8, 27, NULL),
(579, 9, 27, NULL),
(580, 10, 27, NULL),
(581, 11, 27, NULL),
(582, 12, 27, NULL),
(583, 13, 27, NULL),
(584, 14, 27, NULL),
(585, 15, 27, NULL),
(586, 16, 27, NULL),
(587, 17, 27, NULL),
(588, 18, 27, NULL),
(589, 19, 27, NULL),
(590, 20, 27, NULL),
(591, 21, 27, NULL),
(592, 22, 27, NULL),
(593, 23, 27, NULL),
(594, 24, 27, NULL),
(595, 25, 27, NULL),
(596, 26, 27, NULL),
(597, 27, 27, NULL),
(598, 28, 27, NULL),
(599, 29, 27, NULL),
(600, 30, 27, NULL),
(601, 1, 25, NULL),
(602, 2, 25, NULL),
(603, 3, 25, NULL),
(604, 4, 25, NULL),
(605, 5, 25, NULL),
(606, 6, 25, NULL),
(607, 7, 25, NULL),
(608, 8, 25, NULL),
(609, 9, 25, NULL),
(610, 10, 25, NULL),
(611, 11, 25, NULL),
(612, 12, 25, NULL),
(613, 13, 25, NULL),
(614, 14, 25, NULL),
(615, 15, 25, NULL),
(616, 16, 25, NULL),
(617, 17, 25, NULL),
(618, 18, 25, NULL),
(619, 19, 25, NULL),
(620, 20, 25, NULL),
(621, 21, 25, NULL),
(622, 22, 25, NULL),
(623, 23, 25, NULL),
(624, 24, 25, NULL),
(625, 25, 25, NULL),
(626, 26, 25, NULL),
(627, 27, 25, NULL),
(628, 28, 25, NULL),
(629, 29, 25, NULL),
(630, 30, 25, NULL),
(631, 1, 26, NULL),
(632, 2, 26, NULL),
(633, 3, 26, NULL),
(634, 4, 26, NULL),
(635, 5, 26, NULL),
(636, 6, 26, NULL),
(637, 7, 26, NULL),
(638, 8, 26, NULL),
(639, 9, 26, NULL),
(640, 10, 26, NULL),
(641, 11, 26, NULL),
(642, 12, 26, NULL),
(643, 13, 26, NULL),
(644, 14, 26, NULL),
(645, 15, 26, NULL),
(646, 16, 26, NULL),
(647, 17, 26, NULL),
(648, 18, 26, NULL),
(649, 19, 26, NULL),
(650, 20, 26, NULL),
(651, 21, 26, NULL),
(652, 22, 26, NULL),
(653, 23, 26, NULL),
(654, 24, 26, NULL),
(655, 25, 26, NULL),
(656, 26, 26, NULL),
(657, 27, 26, NULL),
(658, 28, 26, NULL),
(659, 29, 26, NULL),
(660, 30, 26, NULL),
(661, 1, 20, NULL),
(662, 2, 20, NULL),
(663, 3, 20, NULL),
(664, 4, 20, NULL),
(665, 5, 20, NULL),
(666, 6, 20, NULL),
(667, 7, 20, NULL),
(668, 8, 20, NULL),
(669, 9, 20, NULL),
(670, 10, 20, NULL),
(671, 11, 20, NULL),
(672, 12, 20, NULL),
(673, 13, 20, NULL),
(674, 14, 20, NULL),
(675, 15, 20, NULL),
(676, 16, 20, NULL),
(677, 17, 20, NULL),
(678, 18, 20, NULL),
(679, 19, 20, NULL),
(680, 20, 20, NULL),
(681, 21, 20, NULL),
(682, 22, 20, NULL),
(683, 23, 20, NULL),
(684, 24, 20, NULL),
(685, 25, 20, NULL),
(686, 26, 20, NULL),
(687, 27, 20, NULL),
(688, 28, 20, NULL),
(689, 29, 20, NULL),
(690, 30, 20, NULL),
(691, 1, 19, NULL),
(692, 2, 19, NULL),
(693, 3, 19, NULL),
(694, 4, 19, NULL),
(695, 5, 19, NULL),
(696, 6, 19, NULL),
(697, 7, 19, NULL),
(698, 8, 19, NULL),
(699, 9, 19, NULL),
(700, 10, 19, NULL),
(701, 11, 19, NULL),
(702, 12, 19, NULL),
(703, 13, 19, NULL),
(704, 14, 19, NULL),
(705, 15, 19, NULL),
(706, 16, 19, NULL),
(707, 17, 19, NULL),
(708, 18, 19, NULL),
(709, 19, 19, NULL),
(710, 20, 19, NULL),
(711, 21, 19, NULL),
(712, 22, 19, NULL),
(713, 23, 19, NULL),
(714, 24, 19, NULL),
(715, 25, 19, NULL),
(716, 26, 19, NULL),
(717, 27, 19, NULL),
(718, 28, 19, NULL),
(719, 29, 19, NULL),
(720, 30, 19, NULL),
(721, 1, 18, NULL),
(722, 2, 18, NULL),
(723, 3, 18, NULL),
(724, 4, 18, NULL),
(725, 5, 18, NULL),
(726, 6, 18, NULL),
(727, 7, 18, NULL),
(728, 8, 18, NULL),
(729, 9, 18, NULL),
(730, 10, 18, NULL),
(731, 11, 18, NULL),
(732, 12, 18, NULL),
(733, 13, 18, NULL),
(734, 14, 18, NULL),
(735, 15, 18, NULL),
(736, 16, 18, NULL),
(737, 17, 18, NULL),
(738, 18, 18, NULL),
(739, 19, 18, NULL),
(740, 20, 18, NULL),
(741, 21, 18, NULL),
(742, 22, 18, NULL),
(743, 23, 18, NULL),
(744, 24, 18, NULL),
(745, 25, 18, NULL),
(746, 26, 18, NULL),
(747, 27, 18, NULL),
(748, 28, 18, NULL),
(749, 29, 18, NULL),
(750, 30, 18, NULL),
(751, 1, 22, NULL),
(752, 2, 22, NULL),
(753, 3, 22, NULL),
(754, 4, 22, NULL),
(755, 5, 22, NULL),
(756, 6, 22, NULL),
(757, 7, 22, NULL),
(758, 8, 22, NULL),
(759, 9, 22, NULL),
(760, 10, 22, NULL),
(761, 11, 22, NULL),
(762, 12, 22, NULL),
(763, 13, 22, NULL),
(764, 14, 22, NULL),
(765, 15, 22, NULL),
(766, 16, 22, NULL),
(767, 17, 22, NULL),
(768, 18, 22, NULL),
(769, 19, 22, NULL),
(770, 20, 22, NULL),
(771, 21, 22, NULL),
(772, 22, 22, NULL),
(773, 23, 22, NULL),
(774, 24, 22, NULL),
(775, 25, 22, NULL),
(776, 26, 22, NULL),
(777, 27, 22, NULL),
(778, 28, 22, NULL),
(779, 29, 22, NULL),
(780, 30, 22, NULL);

-- --------------------------------------------------------

--
-- Table structure for table `final_drive_standard_behaviors`
--

CREATE TABLE `final_drive_standard_behaviors` (
  `final_drive_standard_behavior_id` int(10) UNSIGNED NOT NULL,
  `final_drive_standard_behavior_description` tinytext COLLATE utf8_unicode_ci NOT NULL,
  `standard_drive_behavior_id` int(11) DEFAULT NULL
) ENGINE=InnoDB DEFAULT CHARSET=utf8 COLLATE=utf8_unicode_ci;

--
-- Dumping data for table `final_drive_standard_behaviors`
--

INSERT INTO `final_drive_standard_behaviors` (`final_drive_standard_behavior_id`, `final_drive_standard_behavior_description`, `standard_drive_behavior_id`) VALUES
(1, 'At front limit search 90 degrees LFR', NULL),
(2, '2 second delay start', NULL),
(3, '45 or 90 search LFR', NULL),
(4, '45 search LFR', NULL),
(5, '45 target left, go forward/left', NULL),
(6, 'Accurate tracking', NULL),
(7, 'Adjust mirrors, head restraint', NULL),
(8, 'Adjust speed/front closure rate', NULL),
(9, 'Apply brake', NULL),
(10, 'Back to pivot point, turn wheel', NULL),
(11, 'Back to pivot point', NULL),
(12, 'Back to rear pivot point', NULL),
(13, 'Belts on', NULL),
(14, 'Cancel signal', NULL),
(15, 'Check all zones for options', NULL),
(16, 'Check for gap in traffic', NULL),
(17, 'Check for gap/hole in traffic', NULL),
(18, 'Check for open gap/path', NULL),
(19, 'Check front swing', NULL),
(20, 'Check left front swing', NULL),
(21, 'Check left-front corner swing', NULL),
(22, 'Check LFR for open path', NULL),
(23, 'Check mirrors and signal ', NULL),
(24, 'Check mirrors, signal left', NULL),
(25, 'Check rear zone', NULL),
(26, 'Check rear, reduce speed early ', NULL),
(27, 'Check rear, signal', NULL),
(28, 'Check rear, signal, apply brake', NULL),
(29, 'CONTROL 4 sec. zone', NULL),
(30, 'CONTROL 45 or 90 search LFR', NULL),
(31, 'CONTROL 45 Search LFR', NULL),
(32, 'CONTROL 90 LFR @ front limit', NULL),
(33, 'CONTROL best LP and speed', NULL),
(34, 'CONTROL keep open side space', NULL),
(35, 'CONTROL search over hill ', NULL),
(36, 'CONTROL yield before entry', NULL),
(37, 'Courteous, not competitive', NULL),
(38, 'Creep and time to clear front car', NULL),
(39, 'Creep and turn wheel fully', NULL),
(40, 'Effective Communication', NULL),
(41, 'Effective speed control ', NULL),
(42, 'Enter new lane in LP2', NULL),
(43, 'Enter new lane in LP3', NULL),
(44, 'Evaluate alignment to space', NULL),
(45, 'Evaluate rear zone', NULL),
(46, 'Evaluate zones, check blind spot', NULL),
(47, 'Exit flow of traffic', NULL),
(48, 'FIND closed zone ', NULL),
(49, 'FIND closed zone in target area', NULL),
(51, 'FIND closed/unstable zones', NULL),
(52, 'FIND light in target area', NULL),
(53, 'FIND open/closed/unstable zones', NULL),
(54, 'FIND stop sign in target area', NULL),
(55, 'FIND traffic in target area', NULL),
(56, 'FIND unstable zone in target area', NULL),
(58, 'Front position @ pedestrian zone', NULL),
(59, 'Get a commitment ', NULL),
(60, 'Get best lane position', NULL),
(61, 'Headlights on', NULL),
(62, 'HOH or P-Pull for right turns', NULL),
(64, 'Keep 4 seconds of space', NULL),
(65, 'Know/apply point of no return', NULL),
(66, 'Legal stop @ pedestrian zone', NULL),
(67, 'Line up pivot point', NULL),
(68, 'Look into turn before turning', NULL),
(69, 'LP1, LP1, LP1', NULL),
(70, 'LP2, LP3, LP1', NULL),
(71, 'Maintain 4-sec following', NULL),
(72, 'Maintain speed to exit ramp', NULL),
(73, 'Maintain open side zones', NULL),
(74, 'Make final blind spot check', NULL),
(75, 'Make/keep open side space', NULL),
(76, 'Move car to 45 angle', NULL),
(77, 'Open LF LP 2-3-1, Closed LF LP1', NULL),
(78, 'Open RF LP 3-1-1, Closed RF LP1', NULL),
(79, 'P-Pull for curves and left turns', NULL),
(80, 'Pivot on heel from brake to gas', NULL),
(81, 'Plan ahead, search to target area', NULL),
(82, 'Rear in seat', NULL),
(83, 'Rear zone control, signal Rt.', NULL),
(84, 'Reduce speed ', NULL),
(85, 'Reduce speed on exit ramp', NULL),
(86, 'Reduce speed, brake lights ', NULL),
(87, 'Reduce speed, check rear', NULL),
(88, 'Release parking brake', NULL),
(89, 'Respond to communications', NULL),
(90, 'Reverse lights', NULL),
(91, 'Search for open gap/path', NULL),
(92, 'Search for gap to enter', NULL),
(93, 'Search to target area', NULL),
(94, 'Secure vehicle', NULL),
(95, 'See car to roadway w/ fringe', NULL),
(96, 'See clear path before gas', NULL),
(97, 'See curves in target area', NULL),
(98, 'Set parking brake', NULL),
(99, 'Shift efficiently', NULL),
(100, 'Shift to drive', NULL),
(101, 'Shift to reverse, 360 search', NULL),
(102, 'Side position 12 inches away', NULL),
(103, 'Side position 3 feet away', NULL),
(104, 'Side position 6-8 inches away', NULL),
(105, 'Side position LP2 or LP1', NULL),
(106, 'Signal 100 ft. or 5 sec. ahead', NULL),
(107, 'Signal 5 seconds ahead', NULL),
(108, 'Signal and check blind spot', NULL),
(109, 'Signal left, move to LP2', NULL),
(110, 'Signal right, move to LP3', NULL),
(111, 'Signal right, move to LP2', NULL),
(112, 'Slow speed on ramp', NULL),
(113, 'Smooth gas @TP no roll felt', NULL),
(114, 'Smooth stop no pitch felt', NULL),
(115, 'SOLVE approach in LP1', NULL),
(116, 'SOLVE check rear zone', NULL),
(117, 'SOLVE check rear zone, apply brake', NULL),
(118, 'SOLVE check rear, best speed ', NULL),
(119, 'SOLVE check rear, reduce speed', NULL),
(120, 'SOLVE check related zones', NULL),
(121, 'SOLVE get best LP & speed control', NULL),
(122, 'SOLVE reduce speed ', NULL),
(123, 'SOLVE reduce speed, check rear', NULL),
(124, 'SOLVE time arrival for green', NULL),
(125, 'SOLVE time arrival for open zones', NULL),
(127, 'Staggered stop ', NULL),
(128, 'Staggered stop, front position', NULL),
(129, 'Steering control at 9 & 3 or 8 & 4', NULL),
(130, 'Stop to see tires', NULL),
(131, 'Target center of space', NULL),
(132, 'Target rear, smooth stop ', NULL),
(133, 'Target to rear', NULL),
(134, 'Time arrival for green', NULL),
(135, 'Time arrival for open zones', NULL),
(136, 'Trail brake/maintain speed to TP', NULL),
(137, 'Turn head then turn wheel', NULL),
(138, 'Turn wheel from top down', NULL),
(139, 'Turn wheels', NULL),
(140, 'Use inching speed', NULL),
(141, 'Verbalize benefits of 4 seconds', NULL),
(142, 'Verbalize curve in target area', NULL),
(143, 'Verbalize front limit RP ', NULL),
(145, 'Verbalize right side limit Ref. Point', NULL),
(146, 'Windows up, doors locked', NULL),
(147, 'Yield before entering crosswalk', NULL),
(148, 'Yield before entering street', NULL),
(149, 'Yield before entry', NULL),
(150, 'Yield right of way', NULL),
(151, '    CONTROL4 sec. Zone', NULL),
(152, '    FIND zone conditions', NULL),
(153, '    SOLVE best speed, & LP ', NULL),
(154, '    SOLVE check other zones', NULL),
(155, '    SOLVE Communicates', NULL);

-- --------------------------------------------------------

--
-- Table structure for table `final_drive_standard_maneuvers`
--

CREATE TABLE `final_drive_standard_maneuvers` (
  `final_drive_standard_maneuver_id` int(10) UNSIGNED NOT NULL,
  `final_drive_standard_maneuver_type_id` int(10) UNSIGNED NOT NULL,
  `final_drive_standard_maneuver_subtype_id` int(10) UNSIGNED DEFAULT NULL,
  `final_drive_standard_maneuver_description` text COLLATE utf8_unicode_ci NOT NULL,
  `final_drive_standard_maneuver_notes` text COLLATE utf8_unicode_ci
) ENGINE=InnoDB DEFAULT CHARSET=utf8 COLLATE=utf8_unicode_ci;

--
-- Dumping data for table `final_drive_standard_maneuvers`
--

INSERT INTO `final_drive_standard_maneuvers` (`final_drive_standard_maneuver_id`, `final_drive_standard_maneuver_type_id`, `final_drive_standard_maneuver_subtype_id`, `final_drive_standard_maneuver_description`, `final_drive_standard_maneuver_notes`) VALUES
(1, 2, NULL, 'At BLANK, turn right - Before', NULL),
(2, 2, NULL, 'At BLANK, turn right - During', NULL),
(3, 2, NULL, 'At BLANK, turn right - After', NULL),
(4, 2, NULL, 'At BLANK, turn right - Moving', NULL),
(5, 2, NULL, 'At BLANK, turn right - Stopped', NULL),
(6, 2, NULL, 'At BLANK, turn right - Light', NULL),
(7, 3, NULL, 'At BLANK, turn left - Before', NULL),
(8, 3, NULL, 'At BLANK, turn left - During', NULL),
(9, 3, NULL, 'At BLANK, turn left - After', NULL),
(10, 3, NULL, 'At BLANK, turn left - Moving', NULL),
(11, 3, NULL, 'At BLANK, turn left - Stopped', NULL),
(12, 3, NULL, 'At BLANK, turn left - Light', NULL),
(13, 4, 1, 'At BLANK, turn right - Approach', NULL),
(14, 4, 1, 'At BLANK, turn left - Approach', NULL),
(15, 4, 1, 'Approach intersection - Straight', NULL),
(16, 4, 2, 'At BLANK, turn right - Approach', NULL),
(17, 4, 2, 'At BLANK, turn left - Approach', NULL),
(18, 4, 2, 'Approach stop sign - Straight', NULL),
(19, 4, 3, 'At BLANK, turn right - Approach', NULL),
(20, 4, 3, 'At BLANK, turn left - Approach', NULL),
(21, 4, 3, 'Approach 2-way stop - Straight', NULL),
(22, 4, 4, 'At BLANK, turn right - Approach', NULL),
(23, 4, 4, 'At BLANK, turn left - Approach', NULL),
(24, 4, 4, 'Approach 4-way stop - Straight', NULL),
(25, 4, 5, 'At BLANK, turn right - Approach', NULL),
(26, 4, 5, 'At BLANK, turn left - Approach', NULL),
(27, 4, 5, 'Straight across uncontrolled', NULL),
(28, 4, 6, 'Roundabout', NULL),
(29, 4, 7, 'Yield sign', NULL),
(30, 4, 8, 'Approach intersection - Straight', NULL),
(31, 4, 8, 'Approach intersection - Straight', NULL),
(32, 4, 8, 'At BLANK, turn right - Light', NULL),
(33, 4, 8, 'At BLANK, turn left - Before', NULL),
(34, 5, 9, 'When safe and legal, lane change right', NULL),
(35, 5, 9, 'When safe and legal, lane change left', NULL),
(36, 5, 10, 'When safe and legal, lane change right', NULL),
(37, 5, 10, 'When safe and legal, lane change left', NULL),
(38, 5, 11, 'At BLANK, turn right', NULL),
(39, 5, 11, 'At BLANK, turn left', NULL),
(40, 6, NULL, 'Approach right curve', NULL),
(41, 6, NULL, 'Negotiate sharp curve', NULL),
(42, 6, NULL, 'Approach left curve', NULL),
(43, 6, NULL, 'Approach S-curves, right/left', NULL),
(44, 6, NULL, 'Approach S-curves, left/right', NULL),
(45, 7, NULL, 'Approach hill crest', NULL),
(46, 8, 12, 'Getting on', NULL),
(47, 8, 13, 'Getting off', NULL),
(48, 9, NULL, 'Beyond BLANK, park vehicle', NULL),
(49, 9, NULL, 'Re-enter traffic', NULL),
(50, 10, NULL, 'Beyond BLANK, park vehicle', NULL),
(51, 10, NULL, 'Un-parking', NULL),
(52, 11, NULL, 'Beyond BLANK, park vehicle', NULL),
(53, 12, NULL, 'Un-park', NULL),
(54, 13, NULL, 'Beyond BLANK, pull to the right, back alongside curb', NULL),
(55, 13, NULL, 'Re-enter traffic', NULL),
(56, 14, NULL, 'At BLANK, back around corner', NULL),
(57, 14, NULL, 'At BLANK, back around corner', NULL),
(58, 14, NULL, 'At BLANK, back into alleyway', NULL),
(59, 15, NULL, 'Back into perpendicular space, right', NULL),
(60, 16, NULL, 'Parallel park - Communication', NULL),
(61, 16, NULL, 'On BLANK, parallel park', NULL),
(62, 16, NULL, 'Re-enter traffic', NULL),
(63, 17, NULL, 'Following time', NULL),
(64, 18, NULL, 'Managing time and space', NULL),
(65, 18, NULL, 'Managing time and space', NULL),
(66, 19, NULL, 'Managing time and space', NULL),
(67, 20, NULL, 'Basic skills', NULL),
(68, 1, NULL, 'Driver vehicle readiness', NULL);

-- --------------------------------------------------------

--
-- Table structure for table `final_drive_standard_maneuver_behavior_sets`
--

CREATE TABLE `final_drive_standard_maneuver_behavior_sets` (
  `final_drive_standard_maneuver_behavior_set_id` int(10) UNSIGNED NOT NULL,
  `final_drive_standard_maneuver_id` int(11) NOT NULL,
  `final_drive_standard_behavior_id` int(10) UNSIGNED NOT NULL,
  `final_drive_standard_behavior_sequence_order` int(10) UNSIGNED NOT NULL
) ENGINE=InnoDB DEFAULT CHARSET=utf8 COLLATE=utf8_unicode_ci;

--
-- Dumping data for table `final_drive_standard_maneuver_behavior_sets`
--

INSERT INTO `final_drive_standard_maneuver_behavior_sets` (`final_drive_standard_maneuver_behavior_set_id`, `final_drive_standard_maneuver_id`, `final_drive_standard_behavior_id`, `final_drive_standard_behavior_sequence_order`) VALUES
(1, 68, 82, 1),
(2, 68, 7, 2),
(3, 68, 146, 3),
(4, 68, 13, 4),
(5, 68, 61, 5),
(6, 1, 49, 1),
(7, 1, 106, 2),
(8, 1, 123, 3),
(9, 1, 103, 4),
(10, 1, 30, 5),
(11, 2, 53, 1),
(12, 2, 93, 2),
(13, 2, 137, 3),
(14, 2, 95, 4),
(15, 2, 113, 5),
(16, 3, 93, 1),
(17, 3, 45, 2),
(18, 3, 53, 3),
(19, 3, 121, 4),
(20, 3, 71, 5),
(21, 4, 135, 1),
(22, 4, 4, 2),
(23, 4, 143, 3),
(24, 4, 68, 4),
(25, 4, 136, 5),
(26, 5, 107, 1),
(27, 5, 103, 2),
(28, 5, 58, 3),
(29, 5, 143, 4),
(30, 5, 1, 5),
(31, 6, 52, 1),
(32, 6, 25, 2),
(33, 6, 134, 3),
(34, 6, 17, 4),
(35, 6, 22, 5),
(36, 7, 49, 1),
(37, 7, 107, 2),
(38, 7, 123, 3),
(39, 7, 58, 4),
(40, 7, 30, 5),
(41, 8, 53, 1),
(42, 8, 93, 2),
(43, 8, 137, 3),
(44, 8, 95, 4),
(45, 8, 113, 5),
(46, 9, 93, 1),
(47, 9, 45, 2),
(48, 9, 53, 3),
(49, 9, 121, 4),
(50, 9, 71, 5),
(51, 10, 135, 1),
(52, 10, 4, 2),
(53, 10, 93, 3),
(54, 10, 137, 4),
(55, 10, 136, 5),
(56, 11, 107, 1),
(57, 11, 105, 2),
(58, 11, 127, 3),
(59, 11, 66, 4),
(60, 11, 1, 5),
(61, 12, 52, 1),
(62, 12, 25, 2),
(63, 12, 134, 3),
(64, 12, 16, 4),
(65, 12, 22, 5),
(66, 13, 51, 1),
(67, 13, 122, 2),
(68, 13, 116, 3),
(69, 13, 31, 4),
(70, 13, 96, 5),
(71, 14, 51, 1),
(72, 14, 122, 2),
(73, 14, 116, 3),
(74, 14, 31, 4),
(75, 14, 96, 5),
(76, 15, 48, 1),
(77, 15, 122, 2),
(78, 15, 116, 3),
(79, 15, 31, 4),
(80, 15, 96, 5),
(81, 16, 54, 1),
(82, 16, 123, 2),
(83, 16, 114, 3),
(84, 16, 58, 4),
(85, 16, 32, 5),
(86, 17, 54, 1),
(87, 17, 123, 2),
(88, 17, 114, 3),
(89, 17, 58, 4),
(90, 17, 32, 5),
(91, 18, 54, 1),
(92, 18, 123, 2),
(93, 18, 114, 3),
(94, 18, 58, 4),
(95, 18, 32, 5),
(96, 19, 54, 1),
(97, 19, 123, 2),
(98, 19, 114, 3),
(99, 19, 58, 4),
(100, 19, 32, 5),
(101, 20, 54, 1),
(102, 20, 123, 2),
(103, 20, 128, 3),
(104, 20, 32, 4),
(105, 20, 96, 5),
(106, 21, 54, 1),
(107, 21, 123, 2),
(108, 21, 114, 3),
(109, 21, 58, 4),
(110, 21, 32, 5),
(111, 22, 54, 1),
(112, 22, 123, 2),
(113, 22, 114, 3),
(114, 22, 58, 4),
(115, 22, 96, 5),
(116, 23, 54, 1),
(117, 23, 123, 2),
(118, 23, 114, 3),
(119, 23, 128, 4),
(120, 23, 96, 5),
(121, 24, 54, 1),
(122, 24, 123, 2),
(123, 24, 114, 3),
(124, 24, 58, 4),
(125, 24, 96, 5),
(126, 25, 51, 1),
(127, 25, 117, 2),
(128, 25, 31, 3),
(129, 25, 96, 4),
(130, 26, 51, 1),
(131, 26, 117, 2),
(132, 26, 31, 3),
(133, 26, 149, 4),
(134, 26, 96, 5),
(135, 27, 51, 1),
(136, 27, 117, 2),
(137, 27, 31, 3),
(138, 27, 36, 4),
(139, 27, 96, 5),
(140, 28, 51, 1),
(141, 28, 119, 2),
(142, 28, 31, 3),
(143, 28, 36, 4),
(144, 28, 96, 5),
(145, 29, 51, 1),
(146, 29, 119, 2),
(147, 29, 31, 3),
(148, 29, 36, 4),
(149, 29, 96, 5),
(150, 30, 56, 1),
(151, 30, 119, 2),
(152, 30, 124, 3),
(153, 30, 30, 4),
(154, 30, 34, 5),
(155, 31, 56, 1),
(156, 31, 119, 2),
(157, 31, 65, 3),
(158, 31, 130, 4),
(159, 31, 2, 5),
(160, 32, 56, 1),
(161, 32, 134, 2),
(162, 32, 26, 3),
(163, 32, 65, 4),
(164, 32, 22, 5),
(165, 33, 52, 1),
(166, 33, 25, 2),
(167, 33, 134, 3),
(168, 33, 16, 4),
(169, 33, 22, 5),
(170, 34, 46, 1),
(171, 34, 75, 2),
(172, 34, 110, 3),
(173, 34, 59, 4),
(174, 34, 42, 5),
(175, 35, 46, 1),
(176, 35, 75, 2),
(177, 35, 109, 3),
(178, 35, 59, 4),
(179, 35, 43, 5),
(180, 36, 46, 1),
(181, 36, 75, 2),
(182, 36, 110, 3),
(183, 36, 74, 4),
(184, 36, 42, 5),
(185, 37, 46, 1),
(186, 37, 75, 2),
(187, 37, 109, 3),
(188, 37, 74, 4),
(189, 37, 43, 5),
(190, 38, 53, 1),
(191, 38, 110, 2),
(192, 38, 74, 3),
(193, 38, 87, 4),
(194, 38, 42, 5),
(195, 39, 53, 1),
(196, 39, 109, 2),
(197, 39, 74, 3),
(198, 39, 3, 4),
(199, 39, 43, 5),
(200, 40, 142, 1),
(201, 40, 15, 2),
(202, 40, 84, 3),
(203, 40, 60, 4),
(204, 40, 77, 5),
(205, 41, 135, 1),
(206, 41, 4, 2),
(207, 41, 143, 3),
(208, 41, 68, 4),
(209, 41, 136, 5),
(210, 42, 142, 1),
(211, 42, 15, 2),
(212, 42, 41, 3),
(213, 42, 60, 4),
(214, 42, 78, 5),
(215, 43, 97, 1),
(216, 43, 15, 2),
(217, 43, 87, 3),
(218, 43, 70, 4),
(219, 43, 69, 5),
(220, 44, 97, 1),
(221, 44, 15, 2),
(222, 44, 87, 3),
(223, 44, 69, 4),
(224, 44, 70, 5),
(225, 45, 49, 1),
(226, 45, 118, 2),
(227, 45, 115, 3),
(228, 45, 35, 4),
(229, 45, 33, 5),
(230, 46, 25, 1),
(231, 46, 64, 2),
(232, 46, 112, 3),
(233, 46, 92, 4),
(234, 46, 108, 5),
(235, 47, 81, 1),
(236, 47, 107, 2),
(237, 47, 72, 3),
(238, 47, 85, 4),
(239, 47, 25, 5),
(240, 48, 27, 1),
(241, 48, 9, 2),
(242, 48, 145, 3),
(243, 48, 139, 4),
(244, 48, 98, 5),
(245, 49, 88, 1),
(246, 49, 23, 2),
(247, 49, 18, 3),
(248, 49, 60, 4),
(249, 49, 14, 5),
(250, 50, 40, 1),
(251, 50, 103, 2),
(252, 50, 101, 3),
(253, 50, 10, 4),
(254, 50, 140, 5),
(255, 51, 88, 1),
(256, 51, 23, 2),
(257, 51, 91, 3),
(258, 51, 60, 4),
(259, 51, 14, 5),
(260, 52, 28, 1),
(261, 52, 104, 2),
(262, 52, 131, 3),
(263, 52, 140, 4),
(264, 52, 94, 5),
(265, 53, 101, 1),
(266, 53, 150, 2),
(267, 53, 11, 3),
(268, 53, 19, 4),
(269, 53, 138, 5),
(270, 54, 47, 1),
(271, 54, 101, 2),
(272, 54, 133, 3),
(273, 54, 6, 4),
(274, 54, 132, 5),
(275, 55, 100, 1),
(276, 55, 24, 2),
(277, 55, 18, 3),
(278, 55, 60, 4),
(279, 55, 14, 5),
(280, 56, 102, 1),
(281, 56, 101, 2),
(282, 56, 11, 3),
(283, 56, 138, 4),
(284, 56, 20, 5),
(285, 57, 102, 1),
(286, 57, 101, 2),
(287, 57, 11, 3),
(288, 57, 147, 4),
(289, 57, 148, 5),
(290, 58, 102, 1),
(291, 58, 101, 2),
(292, 58, 11, 3),
(293, 58, 138, 4),
(294, 58, 20, 5),
(295, 59, 40, 1),
(296, 59, 103, 2),
(297, 59, 5, 3),
(298, 59, 44, 4),
(299, 59, 10, 5),
(300, 60, 83, 1),
(301, 60, 86, 2),
(302, 60, 103, 3),
(303, 60, 67, 4),
(304, 60, 90, 5),
(305, 61, 12, 1),
(306, 61, 21, 2),
(307, 61, 39, 3),
(308, 61, 76, 4),
(309, 61, 38, 5),
(310, 62, 88, 1),
(311, 62, 24, 2),
(312, 62, 18, 3),
(313, 62, 60, 4),
(314, 62, 14, 5),
(315, 63, 55, 1),
(316, 63, 8, 2),
(317, 63, 64, 3),
(318, 63, 89, 4),
(319, 63, 141, 5),
(320, 64, 93, 1),
(321, 64, 51, 2),
(322, 64, 71, 3),
(323, 64, 73, 4),
(324, 64, 37, 5),
(325, 65, 51, 1),
(326, 65, 120, 2),
(327, 65, 125, 3),
(328, 65, 29, 4),
(329, 65, 37, 5),
(330, 66, 152, 1),
(331, 66, 154, 2),
(332, 66, 153, 3),
(333, 66, 155, 4),
(334, 66, 151, 5),
(335, 67, 80, 1),
(336, 67, 129, 2),
(337, 67, 62, 3),
(338, 67, 79, 4),
(339, 67, 99, 5);

-- --------------------------------------------------------

--
-- Table structure for table `final_drive_standard_maneuver_subtypes`
--

CREATE TABLE `final_drive_standard_maneuver_subtypes` (
  `final_drive_standard_maneuver_subtype_id` int(10) UNSIGNED NOT NULL,
  `final_drive_standard_maneuver_subtype` tinytext COLLATE utf8_unicode_ci NOT NULL,
  `final_drive_standard_maneuver_subtype_notes` text COLLATE utf8_unicode_ci,
  `final_drive_standard_maneuver_type_id` int(10) UNSIGNED NOT NULL
) ENGINE=InnoDB DEFAULT CHARSET=utf8 COLLATE=utf8_unicode_ci;

--
-- Dumping data for table `final_drive_standard_maneuver_subtypes`
--

INSERT INTO `final_drive_standard_maneuver_subtypes` (`final_drive_standard_maneuver_subtype_id`, `final_drive_standard_maneuver_subtype`, `final_drive_standard_maneuver_subtype_notes`, `final_drive_standard_maneuver_type_id`) VALUES
(1, '2-way stop controlled intersection, no stop required', '', 4),
(2, 'Sign controlled intersection, stop required', '', 4),
(3, '2-way controlled intersection, stop required', '', 4),
(4, '4-way stop', '', 4),
(5, 'Uncontrolled intersection', '', 4),
(6, 'Roundabout', '', 4),
(7, 'Yield sign', '', 4),
(8, 'Traffic light', '', 4),
(9, 'In heavy traffic', '', 5),
(10, 'In light traffic', '', 5),
(11, 'Into turn lane', '', 5),
(12, 'Getting on', '', 8),
(13, 'Getting off', '', 8);

-- --------------------------------------------------------

--
-- Table structure for table `final_drive_standard_maneuver_types`
--

CREATE TABLE `final_drive_standard_maneuver_types` (
  `final_drive_standard_maneuver_type_id` int(10) UNSIGNED NOT NULL,
  `final_drive_standard_maneuver_type` tinytext COLLATE utf8_unicode_ci NOT NULL,
  `final_drive_standard_maneuver_type_notes` text COLLATE utf8_unicode_ci,
  `final_drive_standard_maneuver_required` tinyint(1) NOT NULL
) ENGINE=InnoDB DEFAULT CHARSET=utf8 COLLATE=utf8_unicode_ci;

--
-- Dumping data for table `final_drive_standard_maneuver_types`
--

INSERT INTO `final_drive_standard_maneuver_types` (`final_drive_standard_maneuver_type_id`, `final_drive_standard_maneuver_type`, `final_drive_standard_maneuver_type_notes`, `final_drive_standard_maneuver_required`) VALUES
(1, 'While in lot', '', 1),
(2, 'Precision right turns', '', 1),
(3, 'Precision left turns', '', 1),
(4, 'Approaching intersections', 'Before turns or going straight', 1),
(5, 'Precision lane change', '', 1),
(6, 'Approach/search into curves', '', 1),
(7, 'Approach/search over hills', '', 1),
(8, 'Limited access highways', '', 0),
(9, 'Hill parking', '', 1),
(10, 'Back-in angle parking', '', 0),
(11, 'Forward angle parking', '', 0),
(12, 'Un-park', '', 0),
(13, 'Backing straight', '', 1),
(14, 'Backing turnabout', '', 1),
(15, 'Perpendicular parking', '', 1),
(16, 'Parallel parking', '', 0),
(17, 'Following time and space', '', 1),
(18, 'Static space management', '', 1),
(19, 'Dynamic space management', '', 1),
(20, 'Basic skills', '', 1);

-- --------------------------------------------------------

--
-- Table structure for table `final_drive_templates`
--

CREATE TABLE `final_drive_templates` (
  `final_drive_template_id` int(11) NOT NULL,
  `organization_id` int(11) NOT NULL,
  `final_drive_template_duration` decimal(10,0) NOT NULL,
  `final_drive_template_notes` text COLLATE utf8_unicode_ci,
  `final_drive_template_description` tinytext COLLATE utf8_unicode_ci NOT NULL
) ENGINE=InnoDB DEFAULT CHARSET=utf8 COLLATE=utf8_unicode_ci;

--
-- Dumping data for table `final_drive_templates`
--

INSERT INTO `final_drive_templates` (`final_drive_template_id`, `organization_id`, `final_drive_template_duration`, `final_drive_template_notes`, `final_drive_template_description`) VALUES
(1, 2, 1, 'A description of the final drive here, including details about next steps.', 'Final drive'),
(2, 1, 1, 'A description of the final drive here, including details about next steps.', 'Final drive');

-- --------------------------------------------------------

--
-- Table structure for table `final_drive_template_behaviors`
--

CREATE TABLE `final_drive_template_behaviors` (
  `final_drive_template_behavior_id` int(11) NOT NULL,
  `final_drive_template_maneuver_id` int(11) NOT NULL,
  `final_drive_template_behavior_sequence_order` int(10) UNSIGNED NOT NULL,
  `final_drive_template_behavior_description` text COLLATE utf8_unicode_ci NOT NULL,
  `final_drive_standard_behavior_id` int(11) NOT NULL
) ENGINE=InnoDB DEFAULT CHARSET=utf8 COLLATE=utf8_unicode_ci;

--
-- Dumping data for table `final_drive_template_behaviors`
--

INSERT INTO `final_drive_template_behaviors` (`final_drive_template_behavior_id`, `final_drive_template_maneuver_id`, `final_drive_template_behavior_sequence_order`, `final_drive_template_behavior_description`, `final_drive_standard_behavior_id`) VALUES
(1, 1, 1, 'Rear in seat', 82),
(2, 1, 2, 'Adjust mirrors, doors locked', 7),
(3, 1, 3, 'Windows up, doors locked', 146),
(4, 1, 4, 'Belts on', 13),
(5, 1, 5, 'Headlights on', 61),
(6, 2, 1, 'Effective communication', 40),
(7, 2, 2, 'Side position 3 feet away', 103),
(8, 2, 3, '45 degree target left, go forward/left', 5),
(9, 2, 4, 'Evaluate alignment to space', 44),
(10, 2, 5, 'Back to pivot point, turn wheel', 11),
(11, 3, 1, 'Check LFR before pulling out', 22),
(12, 3, 2, 'Keep open space', 64),
(13, 4, 1, 'Alert! See stop sign in target area', 54),
(14, 4, 2, 'Reduce speed, check rear', 87),
(15, 4, 3, 'Smooth stop, no pitch felt', 114),
(16, 4, 4, 'Front position at pedestrian zone', 58),
(17, 4, 5, 'At front limit searches 90 degrees LFR', 1),
(18, 5, 1, 'Alert! Light in target area', 52),
(19, 5, 2, 'Check rear zone', 25),
(20, 5, 3, 'Time arrival for green', 134),
(21, 5, 4, 'Check for gap in traffic', 16),
(22, 5, 5, 'Check LFR for open path', 22),
(23, 6, 1, 'Alert! Light in target area', 52),
(24, 6, 2, 'Check rear zone', 25),
(25, 6, 3, 'Time arrival for green', 134),
(26, 6, 4, 'Stop to see tires', 130),
(27, 6, 5, '2 second delay start', 2),
(28, 6, 6, '45 or 90 degree search LFR', 3),
(29, 7, 1, 'Alert! LOS-POT zone changes', 53),
(30, 7, 2, 'Evaluate zones, check blind spot', 46),
(31, 7, 3, 'Signal left and move to LP2', 109),
(32, 7, 4, 'Make final blind spot check', 74),
(33, 7, 5, '45 or 90 degree search LFR', 3),
(34, 9, 1, 'Time arrival for open zones', 135),
(35, 9, 2, '45 degree search LFR', 4),
(36, 9, 3, 'Search to target area', 93),
(37, 9, 4, 'Turn head then turn wheel', 137),
(38, 9, 5, 'Trail brake/maintain speed to TP', 136),
(39, 11, 1, 'Check rear, signal', 27),
(40, 11, 2, 'Check blind spot', 46),
(41, 11, 3, 'Pull to right side limit', 102),
(42, 11, 4, 'Secure vehicle', 94),
(43, 12, 1, 'Shift to reverse', 101),
(44, 12, 2, 'Target to rear', 133),
(45, 12, 3, 'Back straight 2 car lengths', 133),
(46, 12, 4, 'Stop and look to front', 132),
(47, 13, 1, 'Check mirrors, signal left', 24),
(48, 13, 2, 'Check for open gap/POT', 18),
(49, 13, 3, 'Check blind spot/smooth acceleration', 46),
(50, 13, 4, 'Get best lane position', 60),
(51, 13, 5, 'Cancel signal', 14),
(52, 14, 1, 'Signal 100 feet or 5 seconds ahead', 106),
(53, 14, 2, 'Side position 3 feet away', 103),
(54, 14, 3, 'Forward position at pedestrian zone', 58),
(55, 14, 4, 'At front limit search 90 degrees LFR', 32),
(56, 16, 1, 'Alert! LOS-POT zone changes', 53),
(57, 16, 2, 'Closed LOS-POT, reduce speed', 84),
(58, 16, 3, 'Check rear zone', 25),
(59, 16, 4, '45 degree search LFR', 4),
(60, 16, 5, 'See clear path before gas', 96),
(61, 18, 1, 'Alert! See stop sign in target area', 54),
(62, 18, 2, 'Reduce speed, check rear', 87),
(63, 18, 3, 'Smooth stop, no pitch felt', 114),
(64, 18, 4, 'Forward position at pedestrian zone', 58),
(65, 18, 5, 'Search 90 degrees LFR at front limit', 1),
(66, 19, 1, 'Alert! Light in target area', 52),
(67, 19, 2, 'Time arrival for green', 134),
(68, 19, 3, 'Reduce speed early', 84),
(69, 19, 4, 'Check rear zone', 25),
(70, 19, 5, 'Check LFR for open path', 22),
(71, 20, 1, 'Evaluate zones, check blind spot', 46),
(72, 20, 2, 'Make/keep open side space', 75),
(73, 20, 3, 'Signal left & move to LP2', 109),
(74, 20, 4, 'Get a commitment', 59),
(75, 20, 5, 'Make final blind spot check', 74),
(76, 20, 6, 'Enter new lane in LP3', 43),
(77, 21, 1, 'Evaluate zones, check blind spot', 46),
(78, 21, 2, 'Alert! LOS-POT zone changes', 53),
(79, 21, 3, 'Signal left & move to LP2', 109),
(80, 21, 4, 'Make final blind spot check', 74),
(81, 21, 5, '45 or 90 degree search LFR', 3),
(82, 22, 1, 'Alert! LOS-POT zone changes', 53),
(83, 22, 2, 'Closed LOS-POT, reduce speed', 49),
(84, 22, 3, 'Check rear zone', 25),
(85, 22, 4, '45 degree search LFR', 4),
(86, 22, 5, 'See clear path before gas', 96),
(87, 23, 1, 'Check rear zone', 25),
(88, 23, 2, 'Keep 4 seconds of space', 64),
(89, 23, 3, 'Slow speed on ramp', 112),
(90, 23, 4, 'Search for gap to enter', 92),
(91, 23, 5, 'Signal and check blind spot', 108),
(92, 24, 1, 'Plan ahead, search to target area', 81),
(93, 24, 2, 'Signal 5 seconds ahead', 107),
(94, 24, 3, 'Maintain speed to exit ramp', 72),
(95, 24, 4, 'Reduce speed on exit ramp', 85),
(96, 25, 1, 'Evaluate zones, check blind spot', 46),
(97, 25, 2, 'Make/keep open side space', 75),
(98, 25, 3, 'Signal right and move to LP3', 110),
(99, 25, 4, 'Get a commitment', 59),
(100, 25, 5, 'Enter new lane in LP2', 42),
(101, 26, 1, 'Alert! Light in target area', 52),
(102, 26, 2, 'Check rear zone', 25),
(103, 26, 3, 'Time arrival for green', 134),
(104, 26, 4, 'Legal stop at pedestrian zone', 66),
(105, 26, 5, 'At front limit search 90 degrees LFR', 1),
(106, 28, 1, 'Signal 100 feet or 5 seconds ahead', 106),
(107, 28, 2, 'Reduce speed, check rear', 87),
(108, 28, 3, 'Side position LP3 next to bike lane', 104),
(109, 28, 4, 'Make final blind spot check', 74),
(110, 28, 5, 'Look into turn before turning', 68),
(111, 29, 1, 'Adjust speed/front closure rate', 8),
(112, 29, 2, 'Keep 4 seconds of space', 64),
(113, 29, 3, 'Read traffic 12-30 seconds ahead', 55),
(114, 29, 4, 'Respond to communications', 89),
(115, 29, 5, 'Verbalize benefits of 4 seconds', 141),
(116, 30, 1, 'See LOS-POT zone changes', 53),
(117, 30, 6, 'Check related zones', 15),
(118, 30, 11, 'Get best speed control', 41),
(119, 30, 16, 'Get best lane position', 60),
(120, 30, 21, 'Communicate effectively', 40),
(121, 30, 2, 'See LOS-POT zone changes', 53),
(122, 30, 3, 'See LOS-POT zone changes', 53),
(123, 30, 4, 'See LOS-POT zone changes', 53),
(124, 30, 5, 'See LOS-POT zone changes', 53),
(125, 30, 7, 'Check related zones', 15),
(126, 30, 8, 'Check related zones', 15),
(127, 30, 9, 'Check related zones', 15),
(128, 30, 10, 'Check related zones', 15),
(129, 30, 12, 'Get best speed control', 41),
(130, 30, 13, 'Get best speed control', 41),
(131, 30, 14, 'Get best speed control', 41),
(132, 30, 15, 'Get best speed control', 41),
(133, 30, 17, 'Get best lane position', 60),
(134, 30, 18, 'Get best lane position', 60),
(135, 30, 19, 'Get best lane position', 60),
(136, 30, 20, 'Get best lane position', 60),
(137, 30, 22, 'Communicate effectively', 40),
(138, 30, 23, 'Communicate effectively', 40),
(139, 30, 24, 'Communicate effectively', 40),
(140, 30, 25, 'Communicate effectively', 40);

-- --------------------------------------------------------

--
-- Table structure for table `final_drive_template_maneuvers`
--

CREATE TABLE `final_drive_template_maneuvers` (
  `final_drive_template_maneuver_id` int(11) NOT NULL,
  `final_drive_template_alternate_maneuver_description` text COLLATE utf8_unicode_ci,
  `final_drive_template_id` int(11) NOT NULL,
  `final_drive_template_maneuver_location` text COLLATE utf8_unicode_ci,
  `final_drive_template_maneuver_notes` text COLLATE utf8_unicode_ci,
  `final_drive_template_maneuver_sequence_order` int(10) UNSIGNED NOT NULL,
  `final_drive_standard_maneuver_id` int(10) UNSIGNED DEFAULT NULL
) ENGINE=InnoDB DEFAULT CHARSET=utf8 COLLATE=utf8_unicode_ci;

--
-- Dumping data for table `final_drive_template_maneuvers`
--

INSERT INTO `final_drive_template_maneuvers` (`final_drive_template_maneuver_id`, `final_drive_template_alternate_maneuver_description`, `final_drive_template_id`, `final_drive_template_maneuver_location`, `final_drive_template_maneuver_notes`, `final_drive_template_maneuver_sequence_order`, `final_drive_standard_maneuver_id`) VALUES
(1, NULL, 1, '', NULL, 1, 68),
(2, NULL, 1, '', NULL, 2, 59),
(3, NULL, 1, '', NULL, 3, 53),
(4, NULL, 1, 'Monroe Parkway', NULL, 4, 33),
(5, NULL, 1, 'Boones Ferry Rd', NULL, 5, 32),
(6, 'Approaching traffic signal - BLANK', 1, 'Kerr Pkwy/Country Club Rd', NULL, 6, NULL),
(7, NULL, 1, 'Bryant Rd', NULL, 7, 33),
(8, NULL, 1, 'Bryant Rd past Lakeview Blvd', NULL, 8, NULL),
(9, NULL, 1, 'Chapman Way', NULL, 9, 26),
(10, 'Perform two-point turnabout', 1, '', NULL, 10, NULL),
(11, 'Pull to curb', 1, '', NULL, 11, NULL),
(12, 'Back straight 2 car lengths', 1, '', NULL, 12, NULL),
(13, NULL, 1, '', NULL, 13, 55),
(14, NULL, 1, 'Bryant Rd', NULL, 14, 25),
(15, NULL, 1, 'Lamont Way', NULL, 15, 39),
(16, 'Approach BLANK - uncontrolled intersection on left', 1, 'Lamont Ct', NULL, 16, NULL),
(17, NULL, 1, 'Lakeview Blvd', NULL, 17, 39),
(18, NULL, 1, 'Pilkington Rd', NULL, 18, 16),
(19, NULL, 1, 'Boones Ferry Rd', NULL, 19, 32),
(20, NULL, 1, '', NULL, 20, 35),
(21, NULL, 1, 'Kruse Way', NULL, 21, 33),
(22, NULL, 1, 'Bangy Rd (I-5 Jct)', NULL, 22, 32),
(23, 'BLANK onto freeway', 1, 'Acceleration ramp', NULL, 23, NULL),
(24, 'At BLANK, exit freeway', 1, 'Exit 297', NULL, 24, NULL),
(25, 'At BLANK, lane change right', 1, 'Weave Lane', NULL, 25, NULL),
(26, NULL, 1, 'Terwilliger Blvd', NULL, 26, 33),
(27, 'At BLANK, proceed straight at traffic signal', 1, 'Barbur Blvd', NULL, 27, NULL),
(28, NULL, 1, 'US Bank Parking Lot', NULL, 28, 25),
(29, NULL, 1, '', NULL, 29, 63),
(30, NULL, 1, '', NULL, 30, 66);

-- --------------------------------------------------------

--
-- Table structure for table `GIFs`
--

CREATE TABLE `GIFs` (
  `gif_item_id` int(11) NOT NULL,
  `gif_item_code` varchar(5) COLLATE utf8_unicode_ci NOT NULL,
  `gif_item_description` text COLLATE utf8_unicode_ci NOT NULL,
  `standard_drive_group_id` int(11) DEFAULT NULL
) ENGINE=InnoDB DEFAULT CHARSET=utf8 COLLATE=utf8_unicode_ci;

--
-- Dumping data for table `GIFs`
--

INSERT INTO `GIFs` (`gif_item_id`, `gif_item_code`, `gif_item_description`, `standard_drive_group_id`) VALUES
(1, 'G1', 'The student is involved in a crash, or instructor intervention is needed to avoid a crash.', 1),
(2, 'G2', 'The student deliberately ignores a command which is a required maneuver (does not apply for misunderstandings).', 1),
(3, 'G3', 'The student drives or backs over a curb or sidewalk under circumstances that create a hazard for a pedestrian.', 1),
(4, 'G4', 'The student creates a serious traffic hazard by stalling or other improper action.', 1),
(5, 'G5a', 'The student passes another vehicle that is stopped at a crosswalk yielding to a pedestrian or passes a school bus stopped with its red lights flashing.', 1),
(6, 'G5b', 'The student makes, or starts to make, a turn from the wrong lane under traffic conditions that render such actions dangerous.', 1),
(7, 'G5c', 'The student runs through, or has to be stopped from running a red light or stop sign.', 1);

-- --------------------------------------------------------

--
-- Table structure for table `organizations`
--

CREATE TABLE `organizations` (
  `organization_id` int(10) UNSIGNED NOT NULL,
  `organization_name` varchar(100) COLLATE utf8_unicode_ci NOT NULL,
  `organization_address1` varchar(100) COLLATE utf8_unicode_ci NOT NULL,
  `organization_address2` varchar(100) COLLATE utf8_unicode_ci NOT NULL,
  `organization_city` varchar(50) COLLATE utf8_unicode_ci NOT NULL,
  `organization_state` char(2) COLLATE utf8_unicode_ci NOT NULL,
  `organization_ZIP` char(5) COLLATE utf8_unicode_ci NOT NULL,
  `organization_phone` varchar(20) COLLATE utf8_unicode_ci NOT NULL,
  `organization_primary_contact_id` int(11) NOT NULL,
  `organization_secondary_contact_id` int(11) NOT NULL,
  `organization_type` varchar(50) COLLATE utf8_unicode_ci NOT NULL,
  `organization_logo` mediumblob
) ENGINE=InnoDB DEFAULT CHARSET=utf8 COLLATE=utf8_unicode_ci;

--
-- Dumping data for table `organizations`
--

INSERT INTO `organizations` (`organization_id`, `organization_name`, `organization_address1`, `organization_address2`, `organization_city`, `organization_state`, `organization_ZIP`, `organization_phone`, `organization_primary_contact_id`, `organization_secondary_contact_id`, `organization_type`, `organization_logo`) VALUES
(1, 'Test High School', '1600 SW Salmon St', '', 'Portland', 'OR', '97205', '503-916-5200', 0, 0, 'High School', 0x89504e470d0a1a0a0000000d4948445200000080000000800806000000c33e61cb000000097048597300002e2200002e2201aae2dd9200000a4f6943435050686f746f73686f70204943432070726f66696c65000078da9d53675453e9163df7def4424b8880944b6f5215082052428b801491262a2109104a8821a1d91551c1114545041bc8a088038e8e808c15512c0c8a0ad807e421a28e83a3888acafbe17ba36bd6bcf7e6cdfeb5d73ee7acf39db3cf07c0080c9648335135800ca9421e11e083c7c4c6e1e42e40810a2470001008b3642173fd230100f87e3c3c2b22c007be000178d30b0800c04d9bc0301c87ff0fea42995c01808401c07491384b08801400407a8e42a600404601809d98265300a0040060cb6362e300502d0060277fe6d300809df8997b01005b94211501a09100201365884400683b00accf568a450058300014664bc43900d82d00304957664800b0b700c0ce100bb200080c00305188852900047b0060c8232378008499001446f2573cf12bae10e72a00007899b23cb9243945815b082d710757572e1e28ce49172b14366102619a402ec27999193281340fe0f3cc0000a0911511e083f3fd78ce0eaecece368eb60e5f2deabf06ff226262e3fee5cfab70400000e1747ed1fe2c2fb31a803b06806dfea225ee04685e0ba075f78b66b20f40b500a0e9da57f370f87e3c3c45a190b9d9d9e5e4e4d84ac4425b61ca577dfe67c25fc057fd6cf97e3cfcf7f5e0bee22481325d814704f8e0c2ccf44ca51ccf92098462dce68f47fcb70bfffc1dd322c44962b9582a14e35112718e449a8cf332a52289429229c525d2ff64e2df2cfb033edf3500b06a3e017b912da85d6303f64b27105874c0e2f70000f2bb6fc1d4280803806883e1cf77ffef3ffd47a02500806649927100005e44242e54cab33fc708000044a0812ab0411bf4c1182cc0061cc105dcc10bfc6036844224c4c24210420a64801c726029ac82422886cdb01d2a602fd4401d34c051688693700e2ec255b80e3d700ffa61089ec128bc81090441c808136121da8801628a58238e08179985f821c14804128b2420c9881451224b91354831528a542055481df23d720239875c46ba913bc8003282fc86bc47319481b2513dd40cb543b9a8371a8446a20bd06474319a8f16a09bd072b41a3d8c36a1e7d0ab680fda8f3e43c730c0e8180733c46c302ec6c342b1382c099363cbb122ac0cabc61ab056ac03bb89f563cfb17704128145c0093604774220611e4148584c584ed848a8201c243411da093709038451c2272293a84bb426ba11f9c4186232318758482c23d6128f132f107b8843c437241289433227b9900249b1a454d212d246d26e5223e92ca99b34481a2393c9da646bb20739942c202bc885e49de4c3e433e41be421f25b0a9d624071a4f853e22852ca6a4a19e510e534e5066598324155a39a52dda8a15411358f5a42ada1b652af5187a81334759a39cd8316494ba5ada295d31a681768f769afe874ba11dd951e4e97d057d2cbe947e897e803f4770c0d861583c7886728199b18071867197718af984ca619d38b19c754303731eb98e7990f996f55582ab62a7c1591ca0a954a9526951b2a2f54a9aaa6aadeaa0b55f355cb548fa95e537dae46553353e3a909d496ab55aa9d50eb531b5367a93ba887aa67a86f543fa47e59fd890659c34cc34f43a451a0b15fe3bcc6200b6319b3782c216b0dab86758135c426b1cdd97c762abb98fd1dbb8b3daaa9a13943334a3357b352f394663f07e39871f89c744e09e728a797f37e8ade14ef29e2291ba6344cb931655c6baa96979658ab48ab51ab47ebbd36aeeda79da6bd45bb59fb810e41c74a275c2747678fce059de753d953dda70aa7164d3d3af5ae2eaa6ba51ba1bb4477bf6ea7ee989ebe5e809e4c6fa7de79bde7fa1c7d2ffd54fd6dfaa7f5470c5806b30c2406db0cce183cc535716f3c1d2fc7dbf151435dc34043a561956197e18491b9d13ca3d5468d460f8c69c65ce324e36dc66dc6a326062621264b4dea4dee9a524db9a629a63b4c3b4cc7cdcccda2cdd699359b3d31d732e79be79bd79bdfb7605a785a2cb6a8b6b86549b2e45aa659eeb6bc6e855a3959a558555a5db346ad9dad25d6bbadbba711a7b94e934eab9ed667c3b0f1b6c9b6a9b719b0e5d806dbaeb66db67d6167621767b7c5aec3ee93bd937dba7d8dfd3d070d87d90eab1d5a1d7e73b472143a563ade9ace9cee3f7dc5f496e92f6758cf10cfd833e3b613cb29c4699d539bd347671767b97383f3888b894b82cb2e973e2e9b1bc6ddc8bde44a74f5715de17ad2f59d9bb39bc2eda8dbafee36ee69ee87dc9fcc349f299e593373d0c3c843e051e5d13f0b9f95306bdfac7e4f434f8167b5e7232f632f9157add7b0b7a577aaf761ef173ef63e729fe33ee33c37de32de595fcc37c0b7c8b7cb4fc36f9e5f85df437f23ff64ff7affd100a78025016703898141815b02fbf87a7c21bf8e3f3adb65f6b2d9ed418ca0b94115418f82ad82e5c1ad2168c8ec90ad21f7e798ce91ce690e85507ee8d6d00761e6618bc37e0c2785878557863f8e7088581ad131973577d1dc4373df44fa449644de9b67314f39af2d4a352a3eaa2e6a3cda37ba34ba3fc62e6659ccd5589d58496c4b1c392e2aae366e6cbedffcedf387e29de20be37b17982fc85d7079a1cec2f485a716a92e122c3a96404c884e3894f041102aa8168c25f21377258e0a79c21dc267222fd136d188d8435c2a1e4ef2482a4d7a92ec91bc357924c533a52ce5b98427a990bc4c0d4cdd9b3a9e169a76206d323d3abd31839291907142aa214d93b667ea67e66676cbac6585b2fec56e8bb72f1e9507c96bb390ac05592d0ab642a6e8545a28d72a07b267655766bfcd89ca3996ab9e2bcdedccb3cadb90379cef9fffed12c212e192b6a5864b572d1d58e6bdac6a39b23c7179db0ae315052b865606ac3cb88ab62a6dd54fabed5797ae7ebd267a4d6b815ec1ca82c1b5016beb0b550ae5857debdcd7ed5d4f582f59dfb561fa869d1b3e15898aae14db1797157fd828dc78e51b876fcabf99dc94b4a9abc4b964cf66d266e9e6de2d9e5b0e96aa97e6970e6e0dd9dab40ddf56b4edf5f645db2f97cd28dbbb83b643b9a3bf3cb8bc65a7c9cecd3b3f54a454f454fa5436eed2ddb561d7f86ed1ee1b7bbcf634ecd5db5bbcf7fd3ec9bedb5501554dd566d565fb49fbb3f73fae89aae9f896fb6d5dad4e6d71edc703d203fd07230eb6d7b9d4d51dd23d54528fd62beb470ec71fbefe9def772d0d360d558d9cc6e223704479e4e9f709dff71e0d3ada768c7bace107d31f761d671d2f6a429af29a469b539afb5b625bba4fcc3ed1d6eade7afc47db1f0f9c343c59794af354c969dae982d39367f2cf8c9d959d7d7e2ef9dc60dba2b67be763cedf6a0f6fefba1074e1d245ff8be73bbc3bce5cf2b874f2b2dbe51357b8579aaf3a5f6dea74ea3cfe93d34fc7bb9cbb9aaeb95c6bb9ee7abdb57b66f7e91b9e37ceddf4bd79f116ffd6d59e393dddbdf37a6ff7c5f7f5df16dd7e7227fdcecbbbd97727eeadbc4fbc5ff440ed41d943dd87d53f5bfedcd8efdc7f6ac077a0f3d1dc47f7068583cffe91f58f0f43058f998fcb860d86eb9e383e3939e23f72fde9fca743cf64cf269e17fea2fecbae17162f7ef8d5ebd7ced198d1a197f29793bf6d7ca5fdeac0eb19afdbc6c2c61ebec97833315ef456fbedc177dc771defa3df0f4fe47c207f28ff68f9b1f553d0a7fb93199393ff040398f3fc63332ddb000000206348524d00007a25000080830000f9ff000080e9000075300000ea6000003a980000176f925fc546000014144944415478daecdd69585367dec7f19f8010b756c10d54c216c0da79667a555b3b4ead5decccb458a5d68ed45d02b55afbd4b6566b1db5d851105cd0b26340d94324404230102010212c89ec4b955d41101585002ee0fdbcb0fa5c9db6ca7a9470bff8be822b2ff2ff709f3b399c734008016de446df040a80be0914008d02a05100340a804601d028001a0540a3006814008d02a05100340a804601d028001a0540a3006814008d02a05100346d00606a6c7cca70fc73b76c2cadaa2dd9662320f3cb566cb687edf499b03437056bb51574b91ce86fb43a6ae06475c5806b55a7f539dbd6e1a3e73426db5e0983542eb7e5587188e1f809c4cadc8258b2cdb43e2b363bced678162ccd4d61b09a031d471be86fe4880cb856c4c051bb6339d910ac9844f0d1f34455573a1b69e7cfc3f1d34fdf0140cc6799122b33f3910020f8d700aca1bf91735adb01b0b81ca2b79e4db0448f7c157570715e552910e0eb8bc4c4443873b9ee2cddd1c49202d0daf41dad08de05f922c2c5e3d11e80cfe723363616d102014ca64d3b3f56df80d8587228006dfbeb77b625583e81e8ac3629f0cb8840802212bee96140646424222323919a9a8ac888c8a9a6c626f78d9e7b9e70b4783f30d200b0b8d6041f1b12fd3533484e55e1b4dae67aa8aa0aa1aa2a043abbbad0d1d989768d068410781ef3b40740cc66ced2dafdc04803a0b7c19ce09f207b137e5a4e08413721b8ff4b088f897994402cc6b9f3e761f7fe123f1d80585b585200c33d675b023b5d62f9eda280883c29fe9378127be2bd1f85f63b9d8fbad5d5811e42d0d1d98e79735fbea0afa3a39508460a0096930dc1b2b1c4f48bb91765850a6496e4429c930449aeec51a8bd79e75755dfe8c49d1e825869bad968e890e946465ab71f180900585c6b8255c604f663886f56a879f3ed66e435e623bfa9e857c1dbcbe737f9f90520214182cf3639afd31fa5432c66b12980e1f6916fa305c1521659e6f9f9fae8bc64b89f0d829be4e46f824673f337b5b7df4057571b0821705cbf216214a0551b42ad07c0e510d8e9917f1c5d134908c1a5eb9751d3528bba6bf5bf096e6e877e3757573778797961df0ffb3061dcb88629930cb5663fa0cd00584e36040e5309fe35a5e150fc71446445e158a2178e257aff6e484e4efec3a452290a0a0b912891cc99666844a64f9ea2152b81b60260713964d46a13020723e2738effa2ac2c1ba7b3e2109e93f087213a3afab1090402242727e3dd77166f0540acb56043a8ad00463b5913bcaf4b5edef3f72f42b30538260bc43159003c1f137c7d7d1f9b8f8f0f783c1e44623196da2d4930d0d51bf687026d04c072b221f8c080bceab2542252c910962e404072280265618f0d3939394f4ca954a2a8b818b1b1b1a38d2619de309cf0dcb046a06d00584eb6042b8d08ecc7b61e8d0f1b1d9b790e21a96711264f7a623874c8b357b9bb7b22322a16dfedd8fdea78168bcc986e3c6cf703da0480c5e510dd55c6040e862450c99f5fda7801674be4482cee5da8aeaeee555555d5a8aeae41675717befde69bdd00e80af0ac9ce2b503597af8b37fb7dfe846ede566d4375e457d634baf7aeca780ff2e29290939b939c8cece868d9555c6688c2236965614c0d33cc5bb6c2c19bfc956712a251a1e8200ec093bd2a7505c5cdca70a0a0ad078e50a542ad578b6c98cce89139e1b765f156b030016d79a60c52462b0715657d645e5844bedd5387f250f054dea3e859efbf7fbdcddbb774108416060e0db00087bc6cc61b51f18ee00585c0ed15dcf26580cb23bfec43b841054dcbc8c8bb71afb1c78fefefd2a38301067c562ac58b6ec9081ae1e319f398bb067cc1c944c8d4d8885297bc850310980e5c821fa1b2d09d699129d75668392de0673826506e4f5832bdd63b2d3f1935480a3a2f07e854e8da65f756834e8be7b17776edfc61b0bfee6673c65aae8c5d92fc40ea43fcd7e21f6056b1be11c9bd9126b0bcb6e0b53f6b007a0bfd1928c75b2e999b4f94f891337bf183bf9f33fc7196df99f01a5b7768678cece45fe9d776ee3eebd3b68ef6a43e7ed8e7e352817177cb9f50b58b0cdf0c6df5e1f500be6bf8645af2fc487f61fe2051bdb0eb6c98c610f40673d9b4cfcecc5ceb7dc56e0c5efdf86f5ce3730e7fbb7306757ff1bff29076bfcb70dce8521f7efdfef770f5fc471fd0658b0cdb060fe6bfdea6faffd15f3e7be82f9f35ec18a152be0f0c927cf5b5b5876b267ccd4020066649cb36dd77b47574f7cd77d252cb72f80c5f605b0d9f906ac772cec57e39c3958e6c9d50e000f863f0ff3e7bd027b7b7bac5bbf1ecb972f37d236006f1dfa78b2fd898d58e4fa112c1e22d8f1c6c806f0dfc35fb57a351c1c1cb416c07b4756c3eed8da0123d00a00bf37fc152b56683d80c5ee2b078c60d803f8a3e18f1400034530ac013c6ef82309c040100c5b004f1afe4803d05f04c312406f863f1201f407c1b003d0dbe18f54007d4530ac00f465f82319405f100c1b007d1dfe4807d05b04c302407f864f01f40ec1330fa0bfc3a7007a87e099063090e15300bd43f0cc0218e8f02980de21782601589a990f78f81440ef108cffd4fad902c0ddb011ec1933073c7c0aa07708f41d2d60efe934b400faf222ebd7ac057bc6cc010f9f02e81d0203470bd81dddf0ec00f894eb84b973e70e78f81440ef10987f331fcb4f6c1a1a000f7f1017178703070ec0dbdbfb89ad5fbf1ecbeced073c7c0aa0772d725d8e65c71de191e8fbc476095cc1cf13f51dc0d6ad5b61626282f9f3e73f317b7b7b38383850000c01f8e791d578d3ed2370762c7862ba1b67615dc0fff61d808b8b0b162c58302843a5000617405fb2fd6e21bee5ff4801500014000540015000bd06b07dfb76585a5961d19b6f32dae2c58bb170e1c2a9663367116db8344c67833931e072c85f0f2c9df68efbc778e3e0878c66befd557c15b9af6f007a7a7ae0ebe383cd9b3661dfdebdd8b7670f63ed7771c1f7bb763d6761ca26d30c8d86e40251a600b0b81c82b5b3c8a8f5a6e45d0f87e7ed8eaec5bbee9f30d63f3c56c166c7ebf836aa8f2b407777375aae5e456343032e5fbe8cc6c64634363430d69ddbb7f1cd575f7d0e60485601a6008c76b422b0d323ab7cb66d4d2eca82489d06912a95a1d2109b27035f29013f5b8c7b3df7fa7608686c6880482442e0c993e0f178080a0a62245e5010f87c3ec40962bcfc979744437117122600b09c67132c194d8cb7be248eca3e8bd04c317819420431142f3d0621992224176523b9f81cba7bbafb06a0aeb6160281006ab51acdcdcd686b6b436b6b2b235dbf7e1d3d3d3d686868d09d63637b7d1c6bcca0de8564a8013cb87bc74462b4c9f67a68f619bdd48a0c44e60a119517cb48d1aa38046746c1e3ac0f02e5d1109d4f41cffd9ebe01a8a9ae864020c0ddbb77d1d3d383eaea6ad4d7d733564d4d0dae5fbf8e139ec7e701206c93c1bb0bc950026071394467ed4c023b3de2293bf5cabdee7bf8b9a90a95576b19eb42530d5abb6e405c9804377100c4f9a97d07505b538398981868341a48a552787b7b23262606b1b1b1100a858c24128990939b8bafb76dfb6ed420de956c2801e83b5a117c388e2c725fb52b24538403227ffc20f4c20fb1ccb427e6383607b9409c9f0659453a8e24060d0cc0d5ab57919d9dfde8be404fabb7162d9263909e623254001edcad539f70b6bf9e5e56578ef41205a405322417a63296a22c1341e95188cc49406a8562e0005a5a5a50585888ab2d2d08090ec6892347101c1888e08000660a0c84303a1a9e1e87c74d339adc31c570e00fb0180a002cae3581c354a2b7d6b863578cebf81045148e4a7c702cd197913ccffae1c7d823f09206213e4f0a51411a64e5e98303a0b8b818656565080d0a42815a8da28202141716a2b8a080b16eb5b622f4f4e93747ebe89259c62603da0f0c3600962387e8ac9b4560a74fbc15f16fb5dfe941f1f56b28bb710365ad435f796b2bca5a5b5171a319c15902fc94c8434261fae001282a2a4249490932e47294969581171484d0b03084474430568c508834b91cefbdfb77573d8c1ad02a30e82b80b32dc1123d62f1cd42376fa900ff11f86137df07bba399e97bbe37be0df584ead215c82b55382e0980b8503eb800cacaca909e9686e4a424f0783c48a5522424242031319191c46231e47239727373317fde3c95c128dd7eef07061300cbc986c04e8fccddfb9efa6253154a2f1523a73217790ca5aeca83f242165c8587119a9382b48be7f153e2c9a101204f4d455a5a1a92929220914820140a111f1f8fb8b83846120a85c8cccc84afafefe4694693bba74e32ecd74a3058001e3c98693ad1fb97618f7b026ff2b9f2222415e540569cc74829257910a91528a9af81b2221721d932a45cc81b5a00e7ce9d7bb02c8787233838185e5e5ef0f7f7672c3f3f3fc864327cb669d307bafd7ce0f56000603972c8e80de6041f8e211f057cb1d4ef5c0cb6f1ddf065942b636d09df8f8dc17be12d13202e5b8268b562e80128140a44f1f9080a0a427272322e5ebc889a9a9a5edf757c30aaabab43675727366fdae48d7e3cd06a505600ae35819d0e79c76d9d4f494d0d14a5f99097a8202f510f79e9256aa415ab905ea24250660cfcd363109f9308be2a8339007e7e7e282d2d457b7b3be47239527f393c30514a4a0a8a8a8a204d9262f224c38af106ac3e9d2f182880870f62c61ae30a7f790ca2b252e02313c02f2586917c65671090168bccd232c4e4a6c0471ecd3c80c0c04094979743a150e0f8f1e3904824484d4d854c266324a9548aa2e2228845e259a6c62664ca24c35eaf040301c0e272c82887a94467b50909cd8e3355d5164254948484621923498a53105f98049ff460f073a4e0e7c8e09f7ee6e900282d2d456a6a2a2a2a2ad0dede8e9ada1ad4d5d731526d5d2daa6baad1dea1c1f66fbe5efdf0d4716f10f41700cb9143466fb420f807c8e7c17bd6906e82dacb75a86fb8844b0c76bb4d83e2fa529c52c4839f93fc740128954a14141680779287afbffc1a07f61f60b4c3870ee3745008162f7a3b94d5cb075af57b0570b226583686fc79f77b6191e9127889c3e0213c098f58de90773896070fe149ec0c3d8cb01421ce57e7232a47faf401646565213b271b11a111a8adac45ebf5565c6dba8ae62bcd8c74a5e10a6eb5de42c3e5065898b2ebc7e88d7ee27ea03f0058ceb604f6e389fe06d34bb90df9286c2a81a2261b9975798c9455970775630114552a44a48b917b4185c8ecb3cf06802c651692ce26e142c50584848620322c1442413463c544f3a14897e3f04157db89ac31c478cad4c71e0afa0a80c5e5109d552604ff32247b259eb313aae438a9e6235015c54827d57cfca40cc1c10c3f245dcc408a3a0bca8adc670780325b8994e414a4ca52111f1787f29a1a94d4d5a1acae0ea50c555c5d8d6e42f083abdbe651bf7c3f3058001e1ef777461fd9420841f38d36b4dc6cc7b59b1a466a696dc7b55bed90942bc0cb8d468a3a13d93fe73d5b0092a5c93827cf8042a944fea54b084b4840487c3cc2121298492c465c463a92b2b331f72f2fc5b3747489cd1fec07fa0280e53c9b60a90131dcf252bcaf3c016e099170893b85fd8c741a2e71a7b057c843ee852aa81a4a715a150399eadcb30b20ebbc1ab2ac2cb8eedb07efe3c771e4d0211cf3f060a4c3aeae38c5e3c1dfdf5fd774c6cc6b93c64ff8dd4d616f01b09cac093e7a9e4cde3ce7da49a54037323f115e19a1f056843354187eca08c396a8ff809f2387fa723942d4c2671c804a85a4ac2c789f3881a8a828444646213c3c026161cc141a1a8634793a5c7ed83f779c3e8bcc9836fd37fb81de006071394477ed2c820fc6902dfcdd73a5d5c908cd8f424461346385e647415a2941a03212619969505d2e1b1e00d2f2f2e076e000a2a3a3111f2f44545438a2a323111d1d31e4f1f9113873868f9cdc2cac5df5c9ce51bff355716f00e8733904efeb91b70faff98eaf92e04082375ce28fc325fec4d0273a81bd71c7b027f6388ea4fbc12dc51bc25ce5f001909a9b8b231e1e387d3a18656545b876ad196d6dadb875eb0623b5b65e4367673b08e9c107efd9a5ea00bf3a6bf824002c271b82f7f5c84b3fbe9fd64d7a70f5fe355cbad388cb77af3052c3bd265cee6c406e6d3ebc143c1c4af5c5999ccce105e0b0bb3b42424e41a3694353d355a4a4a4422e4f875c9ec14869a972141515232c2c6cacde281dcd9449868ff6038f03c072b221709842b044bf839771665c697d0d124a15482c3bc758926205ea3a5a50d9560fef8c610c202c2c04d7afb72025250d42a1106ab51a050505c8cfcf67a4828202343537212a2262d1387d033273da83075eff118047c77dfb31c42b2d7cd1a5ab57a0ac5023a7229f91727f2e80b24c0d61460264c559286fad858f22687803686a6a844aa58646a3414b4b0b2a2b2b193b6d5c555585caca4ab4b5b7c1fe83a5071efe57b1159b1df47b00f49d6d08de0159e2b1ee2021049af6367468dad1d9a161a40e4d3bc87d823b77ee20e3e27914b55c1cfe009a9bafa0acac1ca5a5a53878f0200e1d3a043f3f3ff8f8f830567844386284422c983f3f6fac018bd8585804fc370003ae6d20ecc711b36dafaa6294713893158393c9a7188b977c1a87e33c119c740a8d4d8dc8ad2b45f1b54aed005052f2e0f7ce0804b8d7dd8daedbb7d1d9d5c5581a8d0684109494941a194e3424939f9f287fc184fdff00b8b6c0c793d3f53f9942ca1a7e3622a407b73a6e4273bb9db13a6eb7e3e6ed36c4e788515153819cda12ed0390a554e2e7f2727ce1ec8c3d3b76e0c77fff1bfb77ef66ac935e5e58b372e5fe71fa066ae33113307df22460f90c60a531b06c6cfe07de1bf747e4f2e196780cae0ce576d6132e22777ccbff013f375dc4f98bf928ab2ed33e004aa512d97979382b1663dfae5d90252743221221512c662489588cb31209d42a153e73767ed9dad44cef9557e7c2e4f37998e864a6b7f4f896b919154588ca9521223b89b1c2955208f2d2b0f38c1b24c5c928aa2c44794d3973009ee6e55eb4a71f7d132800fa265000340a804601d028001a0540a3006814008d02a05100340a804601d028001a0540a3006814008d02a05100340a804601d0b4a0ff1b006cc8e024723311c40000000049454e44ae426082),
(2, 'Portland Community College', 'Southeast Campus', '2305 SE 82nd and Division', 'Portland', 'OR', '97216', '971-722-6619', 0, 0, 'Driver Ed School', 0x89504e470d0a1a0a0000000d49484452000001040000005004030000000d4e166c0000001974455874536f6674776172650041646f626520496d616765526561647971c9653c00000018504c5445eaeaef8a89a6363466616087cfcfdbb2b1c4090744ffffff3c58d70d000007b549444154785ecd9a415be248108633b348aecbb82457c4b5b9ee881baee8a0b9ca2ae40a89c46b82c9f6dfdfaeeece9734491ca2cee3f601d336e0cb5bd5952e1e2dfee9e3ff89e07f3a42befd748475ec36032c07341e9b17b3e9746ab700ac864bbf0b421ec72d1abc588eb39ab6c160482f8b5b229888a5591784b57881fb1a423c3a58f81ac7d16b089cdef128044880861684f06061ff1384e468044800740b421c7440e8660112486c0b028b656093a54c4bcbb278625120128d902d07435f2d5c0f0849fcb03b20404273fa7884f69b587cce88e6827301b4600afa9110e46a1c06b4f0202e04c38de063c7224082070d0d0899589cac35a6a79e0c04ed70c735d7937c7adcc98243b998b768f08a985f14d1d20680b0d7936221e4fbae08a9025e43c32142382045e3222d0f11d67ad12f167ca70b0224700e0d2d3b8209966b32e51d200889a3bc6063fa226447234002878666047acf0dcd9e3d3995080b42589c9c7ebf2491f48c942ea892a54723400234b420ec3cb148c69e283473bb5f6eca0741a711669976e376a80b90a034842d08a1cf0861ad109e38efa334890a5122241a21e0c76e4a4880864903c2787c2edf72a22dd093fe05027b2702244043d3a6d417c88549c5824529745b45b8a7497e4c202061c779ab06209080e80b658b42a0bdcf4ec4bc4702d22a824b629d631020e17e3958d9a506bb19a18fba008478a12d9c7b0682d7a52e106b286b73000da33a026869a2105e0a04e4420084bb231120a148f9ba0620685cdc23269a7651ad853610e4da4f4f4d908011356bf0c25023644c1ee0b405fe8d10c2f1d827982dab22f07f04b77394054800735d4392587a5a9c177abd9ef4b4582cd4c2c9e9d0eef52cb5309f2f6c3a2f0434fb3982672084d0b0e11f36b2f1781cb423bc140067834b53c3c7f53514a5760464c29598fca0fad0980dd9747cfec7db2db42220135099ee281238c5d92501a3f9c52f414026f83c59685c6878d20050e5be27103f0683df6b088684cc8bcf6c4a8249a9c13fa81cdbf720d0cdad01011266fa3ef152ec0468000f98ba0c749d977e0b02b683ad74043971d434502684c576e93d12486259fc84fa86eba16dce542b410ff26229d669d884209ea7d781e0a028aa8a3ec9946d68c065247137aa1e5e51bd8c5754bfa804cad910b354e0fa69ccc23c66db1b0a5f16b3b1fc088cb12da7252040c24e4764933089000d41513a26d2c58edfa8b8a1d796e0e68c84fa048cbb446edc02f6820a08288ca324d60864041a7454f6723310e536d1d6f0527c008cad44482b08bb2cae0cfbae4c0a4b4a400042db8b5d04a2aaa14f3f6508f192000835a0a886101908b4352605826487aa1dcfffe669e5f824d9774040ed3a256642c0e0c6ac1688d04070bdb2c0588e8120e3d32f24a11a040682a3b56f1c6d7cb4d708e5ccb030237e0361c2cacd6de54620643df60a4928892e106e57ab7b5a978778476064b44ca1b13d3d9bbd1c22042fda824bf4d65ae66c58d685351012e59cf4b9868427331d25c21d21686e379516303303a12f3254479a91702040c3938ce6d9126d0c24f8d894096d4a583010ecd711c21221d77f0e08d0b0e57dec3043c208a5c997df70907fee3459181908c1d79a0502e789925e4140ceda29121612cad31b43da3ab4c598da11a68567cc24316bb2109eabbde35610a0c1d5de11a614b8c66daa5fb078adb980fcafe7421ce2200204ad0151a2cc4f4a0951ed669d16d65eb10069a685b5aecef458224003194f99a0148a9c001266f5238ba388cde89b337bdd68612f2da4300d0422d579972d873e45600709a0cdbce27899335ab04df5074e48e859cd42c28a1e78632220ce015a1571992233d13d5c4ed5b12b3fbdfc6e73de5b2c7c6a22ec443c1cccf897e9906672420f728927ab55b066900b0468887c7cdc1d4980af8f1cb8f501c1d0100e2d6ba93269092fbf0221e4060234d4c7ae0a903c4cbfdf57017a73617dbe98bf0161642080ac61f85502998e7f61aedadabd50d719213cb34d84760d7f9af087a1f1de86c071720542ab0634d646cbf56e0b184068d730aac2de21381f8ed0ae0155c9b84da18f300291dc1e2665b69a7744a86b40f5c07238bf516ebe89ebbf4a0baa5e9ed912e55111fc2616af3a204043ab04ddc424953ec22d1112a67b1e82bb1a8f23dc5fba20981aea2df49eb4187dc4b60cc457bd598abe28d42d5ad40d0109d7dc41e3f87a7bbf2ff212163cdd04714723e4f818dd10320321684240c44e494a6121d3a734b42b91008b6c87a03a21981a76bc154176e8c2c073819052a67ed11ffe9c09843b8a9778d87545c8db240081eec87356f41105c2bee0bed6e7ba685de8e88a000db52f22d04738aa8f9835233c8809a564e46884b033426696660cb3b9f75a2d9cd2e74edf85000da3c6af8ab6aa3ad03995746c0a04ea5496c3c160f083e0f72a10dbe552fca63b42d606afaa4fc8d04790944a3ac67e7e3e9dd2c5152df725eff9f4a23b025fb75635b4e03ea9221697553665e4a11c282ff119434a7542c85af3f8a5d647a03a2a3cb555cd2f13666f40e077ad2ff4f0ae1efea046d07881acd46898ba166868683d35e7f80258fa8e6c20e8f8fda932664c1a33e9c3fde07fa7e1d9e9783c5434d373ea23ae574b3f5fade8770f97d33f3897ad504ac1a2274feff9db10f2ddfbce409953abcb5d11b8fd2e041980cda7fe831972e0731142fee908b3cf4538a1febad3f80f5281d2dd2f10a3180000000049454e44ae426082),
(3, 'Tigard High School', '9000 SW Durham Road', '', 'Tigard', 'OR', '97224', '503-431-5400', 0, 0, 'High School', 0x89504e470d0a1a0a0000000d4948445200000080000000800806000000c33e61cb000000097048597300002e2200002e2201aae2dd9200000a4f6943435050686f746f73686f70204943432070726f66696c65000078da9d53675453e9163df7def4424b8880944b6f5215082052428b801491262a2109104a8821a1d91551c1114545041bc8a088038e8e808c15512c0c8a0ad807e421a28e83a3888acafbe17ba36bd6bcf7e6cdfeb5d73ee7acf39db3cf07c0080c9648335135800ca9421e11e083c7c4c6e1e42e40810a2470001008b3642173fd230100f87e3c3c2b22c007be000178d30b0800c04d9bc0301c87ff0fea42995c01808401c07491384b08801400407a8e42a600404601809d98265300a0040060cb6362e300502d0060277fe6d300809df8997b01005b94211501a09100201365884400683b00accf568a450058300014664bc43900d82d00304957664800b0b700c0ce100bb200080c00305188852900047b0060c8232378008499001446f2573cf12bae10e72a00007899b23cb9243945815b082d710757572e1e28ce49172b14366102619a402ec27999193281340fe0f3cc0000a0911511e083f3fd78ce0eaecece368eb60e5f2deabf06ff226262e3fee5cfab70400000e1747ed1fe2c2fb31a803b06806dfea225ee04685e0ba075f78b66b20f40b500a0e9da57f370f87e3c3c45a190b9d9d9e5e4e4d84ac4425b61ca577dfe67c25fc057fd6cf97e3cfcf7f5e0bee22481325d814704f8e0c2ccf44ca51ccf92098462dce68f47fcb70bfffc1dd322c44962b9582a14e35112718e449a8cf332a52289429229c525d2ff64e2df2cfb033edf3500b06a3e017b912da85d6303f64b27105874c0e2f70000f2bb6fc1d4280803806883e1cf77ffef3ffd47a02500806649927100005e44242e54cab33fc708000044a0812ab0411bf4c1182cc0061cc105dcc10bfc6036844224c4c24210420a64801c726029ac82422886cdb01d2a602fd4401d34c051688693700e2ec255b80e3d700ffa61089ec128bc81090441c808136121da8801628a58238e08179985f821c14804128b2420c9881451224b91354831528a542055481df23d720239875c46ba913bc8003282fc86bc47319481b2513dd40cb543b9a8371a8446a20bd06474319a8f16a09bd072b41a3d8c36a1e7d0ab680fda8f3e43c730c0e8180733c46c302ec6c342b1382c099363cbb122ac0cabc61ab056ac03bb89f563cfb17704128145c0093604774220611e4148584c584ed848a8201c243411da093709038451c2272293a84bb426ba11f9c4186232318758482c23d6128f132f107b8843c437241289433227b9900249b1a454d212d246d26e5223e92ca99b34481a2393c9da646bb20739942c202bc885e49de4c3e433e41be421f25b0a9d624071a4f853e22852ca6a4a19e510e534e5066598324155a39a52dda8a15411358f5a42ada1b652af5187a81334759a39cd8316494ba5ada295d31a681768f769afe874ba11dd951e4e97d057d2cbe947e897e803f4770c0d861583c7886728199b18071867197718af984ca619d38b19c754303731eb98e7990f996f55582ab62a7c1591ca0a954a9526951b2a2f54a9aaa6aadeaa0b55f355cb548fa95e537dae46553353e3a909d496ab55aa9d50eb531b5367a93ba887aa67a86f543fa47e59fd890659c34cc34f43a451a0b15fe3bcc6200b6319b3782c216b0dab86758135c426b1cdd97c762abb98fd1dbb8b3daaa9a13943334a3357b352f394663f07e39871f89c744e09e728a797f37e8ade14ef29e2291ba6344cb931655c6baa96979658ab48ab51ab47ebbd36aeeda79da6bd45bb59fb810e41c74a275c2747678fce059de753d953dda70aa7164d3d3af5ae2eaa6ba51ba1bb4477bf6ea7ee989ebe5e809e4c6fa7de79bde7fa1c7d2ffd54fd6dfaa7f5470c5806b30c2406db0cce183cc535716f3c1d2fc7dbf151435dc34043a561956197e18491b9d13ca3d5468d460f8c69c65ce324e36dc66dc6a326062621264b4dea4dee9a524db9a629a63b4c3b4cc7cdcccda2cdd699359b3d31d732e79be79bd79bdfb7605a785a2cb6a8b6b86549b2e45aa659eeb6bc6e855a3959a558555a5db346ad9dad25d6bbadbba711a7b94e934eab9ed667c3b0f1b6c9b6a9b719b0e5d806dbaeb66db67d6167621767b7c5aec3ee93bd937dba7d8dfd3d070d87d90eab1d5a1d7e73b472143a563ade9ace9cee3f7dc5f496e92f6758cf10cfd833e3b613cb29c4699d539bd347671767b97383f3888b894b82cb2e973e2e9b1bc6ddc8bde44a74f5715de17ad2f59d9bb39bc2eda8dbafee36ee69ee87dc9fcc349f299e593373d0c3c843e051e5d13f0b9f95306bdfac7e4f434f8167b5e7232f632f9157add7b0b7a577aaf761ef173ef63e729fe33ee33c37de32de595fcc37c0b7c8b7cb4fc36f9e5f85df437f23ff64ff7affd100a78025016703898141815b02fbf87a7c21bf8e3f3adb65f6b2d9ed418ca0b94115418f82ad82e5c1ad2168c8ec90ad21f7e798ce91ce690e85507ee8d6d00761e6618bc37e0c2785878557863f8e7088581ad131973577d1dc4373df44fa449644de9b67314f39af2d4a352a3eaa2e6a3cda37ba34ba3fc62e6659ccd5589d58496c4b1c392e2aae366e6cbedffcedf387e29de20be37b17982fc85d7079a1cec2f485a716a92e122c3a96404c884e3894f041102aa8168c25f21377258e0a79c21dc267222fd136d188d8435c2a1e4ef2482a4d7a92ec91bc357924c533a52ce5b98427a990bc4c0d4cdd9b3a9e169a76206d323d3abd31839291907142aa214d93b667ea67e66676cbac6585b2fec56e8bb72f1e9507c96bb390ac05592d0ab642a6e8545a28d72a07b267655766bfcd89ca3996ab9e2bcdedccb3cadb90379cef9fffed12c212e192b6a5864b572d1d58e6bdac6a39b23c7179db0ae315052b865606ac3cb88ab62a6dd54fabed5797ae7ebd267a4d6b815ec1ca82c1b5016beb0b550ae5857debdcd7ed5d4f582f59dfb561fa869d1b3e15898aae14db1797157fd828dc78e51b876fcabf99dc94b4a9abc4b964cf66d266e9e6de2d9e5b0e96aa97e6970e6e0dd9dab40ddf56b4edf5f645db2f97cd28dbbb83b643b9a3bf3cb8bc65a7c9cecd3b3f54a454f454fa5436eed2ddb561d7f86ed1ee1b7bbcf634ecd5db5bbcf7fd3ec9bedb5501554dd566d565fb49fbb3f73fae89aae9f896fb6d5dad4e6d71edc703d203fd07230eb6d7b9d4d51dd23d54528fd62beb470ec71fbefe9def772d0d360d558d9cc6e223704479e4e9f709dff71e0d3ada768c7bace107d31f761d671d2f6a429af29a469b539afb5b625bba4fcc3ed1d6eade7afc47db1f0f9c343c59794af354c969dae982d39367f2cf8c9d959d7d7e2ef9dc60dba2b67be763cedf6a0f6fefba1074e1d245ff8be73bbc3bce5cf2b874f2b2dbe51357b8579aaf3a5f6dea74ea3cfe93d34fc7bb9cbb9aaeb95c6bb9ee7abdb57b66f7e91b9e37ceddf4bd79f116ffd6d59e393dddbdf37a6ff7c5f7f5df16dd7e7227fdcecbbbd97727eeadbc4fbc5ff440ed41d943dd87d53f5bfedcd8efdc7f6ac077a0f3d1dc47f7068583cffe91f58f0f43058f998fcb860d86eb9e383e3939e23f72fde9fca743cf64cf269e17fea2fecbae17162f7ef8d5ebd7ced198d1a197f29793bf6d7ca5fdeac0eb19afdbc6c2c61ebec97833315ef456fbedc177dc771defa3df0f4fe47c207f28ff68f9b1f553d0a7fb93199393ff040398f3fc63332ddb000000206348524d00007a25000080830000f9ff000080e9000075300000ea6000003a980000176f925fc546000014144944415478daecdd69585367dec7f19f8010b756c10d54c216c0da79667a555b3b4ead5decccb458a5d68ed45d02b55afbd4b6566b1db5d851105cd0b26340d94324404230102010212c89ec4b955d41101585002ee0fdbcb0fa5c9db6ca7a9470bff8be822b2ff2ff709f3b399c734008016de446df040a80be0914008d02a05100340a804601d028001a0540a3006814008d02a05100340a804601d028001a0540a3006814008d02a05100346d00606a6c7cca70fc73b76c2cadaa2dd9662320f3cb566cb687edf499b03437056bb51574b91ce86fb43a6ae06475c5806b55a7f539dbd6e1a3e73426db5e0983542eb7e5587188e1f809c4cadc8258b2cdb43e2b363bced678162ccd4d61b09a031d471be86fe4880cb856c4c051bb6339d910ac9844f0d1f34455573a1b69e7cfc3f1d34fdf0140cc6799122b33f3910020f8d700aca1bf91735adb01b0b81ca2b79e4db0448f7c157570715e552910e0eb8bc4c4443873b9ee2cddd1c49202d0daf41dad08de05f922c2c5e3d11e80cfe723363616d102014ca64d3b3f56df80d8587228006dfbeb77b625583e81e8ac3629f0cb8840802212bee96140646424222323919a9a8ac888c8a9a6c626f78d9e7b9e70b4783f30d200b0b8d6041f1b12fd3533484e55e1b4dae67aa8aa0aa1aa2a043abbbad0d1d989768d068410781ef3b40740cc66ced2dafdc04803a0b7c19ce09f207b137e5a4e08413721b8ff4b088f897994402cc6b9f3e761f7fe123f1d80585b585200c33d675b023b5d62f9eda280883c29fe9378127be2bd1f85f63b9d8fbad5d5811e42d0d1d98e79735fbea0afa3a39508460a0096930dc1b2b1c4f48bb91765850a6496e4429c930449aeec51a8bd79e75755dfe8c49d1e825869bad968e890e946465ab71f180900585c6b8255c604f663886f56a879f3ed66e435e623bfa9e857c1dbcbe737f9f90520214182cf3639afd31fa5432c66b12980e1f6916fa305c1521659e6f9f9fae8bc64b89f0d829be4e46f824673f337b5b7df4057571b0821705cbf216214a0551b42ad07c0e510d8e9917f1c5d134908c1a5eb9751d3528bba6bf5bf096e6e877e3757573778797961df0ffb3061dcb88629930cb5663fa0cd00584e36040e5309fe35a5e150fc71446445e158a2178e257aff6e484e4efec3a452290a0a0b912891cc99666844a64f9ea2152b81b60260713964d46a13020723e2738effa2ac2c1ba7b3e2109e93f087213a3afab1090402242727e3dd77166f0540acb56043a8ad00463b5913bcaf4b5edef3f72f42b30538260bc43159003c1f137c7d7d1f9b8f8f0f783c1e44623196da2d4930d0d51bf687026d04c072b221f8c080bceab2542252c910962e404072280265618f0d3939394f4ca954a2a8b818b1b1b1a38d2619de309cf0dcb046a06d00584eb6042b8d08ecc7b61e8d0f1b1d9b790e21a96711264f7a623874c8b357b9bb7b22322a16dfedd8fdea78168bcc986e3c6cf703da0480c5e510dd55c6040e862450c99f5fda7801674be4482cee5da8aeaeee555555d5a8aeae41675717befde69bdd00e80af0ac9ce2b503597af8b37fb7dfe846ede566d4375e457d634baf7aeca780ff2e29290939b939c8cece868d9555c6688c2236965614c0d33cc5bb6c2c19bfc956712a251a1e8200ec093bd2a7505c5cdca70a0a0ad078e50a542ad578b6c98cce89139e1b765f156b030016d79a60c52462b0715657d645e5844bedd5387f250f054dea3e859efbf7fbdcddbb774108416060e0db00087bc6cc61b51f18ee00585c0ed15dcf26580cb23bfec43b841054dcbc8c8bb71afb1c78fefefd2a38301067c562ac58b6ec9081ae1e319f398bb067cc1c944c8d4d8885297bc850310980e5c821fa1b2d09d699129d75668392de0673826506e4f5832bdd63b2d3f1935480a3a2f07e854e8da65f756834e8be7b17776edfc61b0bfee6673c65aae8c5d92fc40ea43fcd7e21f6056b1be11c9bd9126b0bcb6e0b53f6b007a0bfd1928c75b2e999b4f94f891337bf183bf9f33fc7196df99f01a5b7768678cece45fe9d776ee3eebd3b68ef6a43e7ed8e7e352817177cb9f50b58b0cdf0c6df5e1f500be6bf8645af2fc487f61fe2051bdb0eb6c98c610f40673d9b4cfcecc5ceb7dc56e0c5efdf86f5ce3730e7fbb7306757ff1bff29076bfcb70dce8521f7efdfef770f5fc471fd0658b0cdb060fe6bfdea6faffd15f3e7be82f9f35ec18a152be0f0c927cf5b5b5876b267ccd4020066649cb36dd77b47574f7cd77d252cb72f80c5f605b0d9f906ac772cec57e39c3958e6c9d50e000f863f0ff3e7bd027b7b7bac5bbf1ecb972f37d236006f1dfa78b2fd898d58e4fa112c1e22d8f1c6c806f0dfc35fb57a351c1c1cb416c07b4756c3eed8da0123d00a00bf37fc152b56683d80c5ee2b078c60d803f8a3e18f1400034530ac013c6ef82309c040100c5b004f1afe4803d05f04c312406f863f1201f407c1b003d0dbe18f54007d4530ac00f465f82319405f100c1b007d1dfe4807d05b04c302407f864f01f40ec1330fa0bfc3a7007a87e099063090e15300bd43f0cc0218e8f02980de21782601589a990f78f81440ef108cffd4fad902c0ddb011ec1933073c7c0aa07708f41d2d60efe934b400faf222ebd7ac057bc6cc010f9f02e81d0203470bd81dddf0ec00f894eb84b973e70e78f81440ef10987f331fcb4f6c1a1a000f7f1017178703070ec0dbdbfb89ad5fbf1ecbeced073c7c0aa0772d725d8e65c71de191e8fbc476095cc1cf13f51dc0d6ad5b61626282f9f3e73f317b7b7b38383850000c01f8e791d578d3ed2370762c7862ba1b67615dc0fff61d808b8b0b162c58302843a5000617405fb2fd6e21bee5ff4801500014000540015000bd06b07dfb76585a5961d19b6f32dae2c58bb170e1c2a9663367116db8344c67833931e072c85f0f2c9df68efbc778e3e0878c66befd557c15b9af6f007a7a7ae0ebe383cd9b3661dfdebdd8b7670f63ed7771c1f7bb763d6761ca26d30c8d86e40251a600b0b81c82b5b3c8a8f5a6e45d0f87e7ed8eaec5bbee9f30d63f3c56c166c7ebf836aa8f2b407777375aae5e456343032e5fbe8cc6c64634363430d69ddbb7f1cd575f7d0e60485601a6008c76b422b0d323ab7cb66d4d2eca82489d06912a95a1d2109b27035f29013f5b8c7b3df7fa7608686c6880482442e0c993e0f178080a0a62245e5010f87c3ec40962bcfc979744437117122600b09c67132c194d8cb7be248eca3e8bd04c317819420431142f3d0621992224176523b9f81cba7bbafb06a0aeb6160281006ab51acdcdcd686b6b436b6b2b235dbf7e1d3d3d3d686868d09d63637b7d1c6bcca0de8564a8013cb87bc74462b4c9f67a68f619bdd48a0c44e60a119517cb48d1aa38046746c1e3ac0f02e5d1109d4f41cffd9ebe01a8a9ae864020c0ddbb77d1d3d383eaea6ad4d7d733564d4d0dae5fbf8e139ec7e701206c93c1bb0bc950026071394467ed4c023b3de2293bf5cabdee7bf8b9a90a95576b19eb42530d5abb6e405c9804377100c4f9a97d07505b538398981868341a48a552787b7b23262606b1b1b1100a858c24128990939b8bafb76dfb6ed420de956c2801e83b5a117c388e2c725fb52b24538403227ffc20f4c20fb1ccb427e6383607b9409c9f0659453a8e24060d0cc0d5ab57919d9dfde8be404fabb7162d9263909e623254001edcad539f70b6bf9e5e56578ef41205a405322417a63296a22c1341e95188cc49406a8562e0005a5a5a50585888ab2d2d08090ec6892347101c1888e08000660a0c84303a1a9e1e87c74d339adc31c570e00fb0180a002cae3581c354a2b7d6b863578cebf81045148e4a7c702cd197913ccffae1c7d823f09206213e4f0a51411a64e5e98303a0b8b818656565080d0a42815a8da28202141716a2b8a080b16eb5b622f4f4e93747ebe89259c62603da0f0c3600962387e8ac9b4560a74fbc15f16fb5dfe941f1f56b28bb710365ad435f796b2bca5a5b5171a319c15902fc94c8434261fae001282a2a4249490932e47294969581171484d0b03084474430568c508834b91cefbdfb77573d8c1ad02a30e82b80b32dc1123d62f1cd42376fa900ff11f86137df07bba399e97bbe37be0df584ead215c82b55382e0980b8503eb800cacaca909e9686e4a424f0783c48a5522424242031319191c46231e47239727373317fde3c95c128dd7eef07061300cbc986c04e8fccddfb9efa6253154a2f1523a73217790ca5aeca83f242165c8587119a9382b48be7f153e2c9a101204f4d455a5a1a92929220914820140a111f1f8fb8b83846120a85c8cccc84afafefe4694693bba74e32ecd74a3058001e3c98693ad1fb97618f7b026ff2b9f2222415e540569cc74829257910a91528a9af81b2221721d932a45cc81b5a00e7ce9d7bb02c8787233838185e5e5ef0f7f7672c3f3f3fc864327cb669d307bafd7ce0f56000603972c8e80de6041f8e211f057cb1d4ef5c0cb6f1ddf065942b636d09df8f8dc17be12d13202e5b8268b562e80128140a44f1f9080a0a427272322e5ebc889a9a9a5edf757c30aaabab43675727366fdae48d7e3cd06a505600ae35819d0e79c76d9d4f494d0d14a5f99097a8202f510f79e9256aa415ab905ea24250660cfcd363109f9308be2a8339007e7e7e282d2d457b7b3be47239527f393c30514a4a0a8a8a8a204d9262f224c38af106ac3e9d2f182880870f62c61ae30a7f790ca2b252e02313c02f2586917c65671090168bccd232c4e4a6c0471ecd3c80c0c04094979743a150e0f8f1e3904824484d4d854c266324a9548aa2e2228845e259a6c62664ca24c35eaf040301c0e272c82887a94467b50909cd8e3355d5164254948484621923498a53105f98049ff460f073a4e0e7c8e09f7ee6e900282d2d456a6a2a2a2a2ad0dede8e9ada1ad4d5d731526d5d2daa6baad1dea1c1f66fbe5efdf0d4716f10f41700cb9143466fb420f807c8e7c17bd6906e82dacb75a86fb8844b0c76bb4d83e2fa529c52c4839f93fc740128954a14141680779287afbffc1a07f61f60b4c3870ee3745008162f7a3b94d5cb075af57b0570b226583686fc79f77b6191e9127889c3e0213c098f58de90773896070fe149ec0c3d8cb01421ce57e7232a47faf401646565213b271b11a111a8adac45ebf5565c6dba8ae62bcd8c74a5e10a6eb5de42c3e5065898b2ebc7e88d7ee27ea03f0058ceb604f6e389fe06d34bb90df9286c2a81a2261b9975798c9455970775630114552a44a48b917b4185c8ecb3cf06802c651692ce26e142c50584848620322c1442413463c544f3a14897e3f04157db89ac31c478cad4c71e0afa0a80c5e5109d552604ff32247b259eb313aae438a9e6235015c54827d57cfca40cc1c10c3f245dcc408a3a0bca8adc670780325b8994e414a4ca52111f1787f29a1a94d4d5a1acae0ea50c555c5d8d6e42f083abdbe651bf7c3f3058001e1ef777461fd9420841f38d36b4dc6cc7b59b1a466a696dc7b55bed90942bc0cb8d468a3a13d93fe73d5b0092a5c93827cf8042a944fea54b084b4840487c3cc2121298492c465c463a92b2b331f72f2fc5b3747489cd1fec07fa0280e53c9b60a90131dcf252bcaf3c016e099170893b85fd8c741a2e71a7b057c843ee852aa81a4a715a150399eadcb30b20ebbc1ab2ac2cb8eedb07efe3c771e4d0211cf3f060a4c3aeae38c5e3c1dfdf5fd774c6cc6b93c64ff8dd4d616f01b09cac093e7a9e4cde3ce7da49a54037323f115e19a1f056843354187eca08c396a8ff809f2387fa723942d4c2671c804a85a4ac2c789f3881a8a828444646213c3c026161cc141a1a8634793a5c7ed83f779c3e8bcc9836fd37fb81de006071394477ed2c820fc6902dfcdd73a5d5c908cd8f424461346385e647415a2941a03212619969505d2e1b1e00d2f2f2e076e000a2a3a3111f2f44545438a2a323111d1d31e4f1f9113873868f9cdc2cac5df5c9ce51bff355716f00e8733904efeb91b70faff98eaf92e04082375ce28fc325fec4d0273a81bd71c7b027f6388ea4fbc12dc51bc25ce5f001909a9b8b231e1e387d3a18656545b876ad196d6dadb875eb0623b5b65e4367673b08e9c107efd9a5ea00bf3a6bf824002c271b82f7f5c84b3fbe9fd64d7a70f5fe355cbad388cb77af3052c3bd265cee6c406e6d3ebc143c1c4af5c5999ccce105e0b0bb3b42424e41a3694353d355a4a4a4422e4f875c9ec14869a972141515232c2c6cacde281dcd9449868ff6038f03c072b221709842b044bf839771665c697d0d124a15482c3bc758926205ea3a5a50d9560fef8c610c202c2c04d7afb72025250d42a1106ab51a050505c8cfcf67a4828202343537212a2262d1387d033273da83075eff118047c77dfb31c42b2d7cd1a5ab57a0ac5023a7229f91727f2e80b24c0d61460264c559286fad858f22687803686a6a844aa58646a3414b4b0b2a2b2b193b6d5c555585caca4ab4b5b7c1fe83a5071efe57b1159b1df47b00f49d6d08de0159e2b1ee2021049af6367468dad1d9a161a40e4d3bc87d823b77ee20e3e27914b55c1cfe009a9bafa0acac1ca5a5a53878f0200e1d3a043f3f3ff8f8f830567844386284422c983f3f6fac018bd8585804fc370003ae6d20ecc711b36dafaa6294713893158393c9a7188b977c1a87e33c119c740a8d4d8dc8ad2b45f1b54aed005052f2e0f7ce0804b8d7dd8daedbb7d1d9d5c5581a8d0684109494941a194e3424939f9f287fc184fdff00b8b6c0c793d3f53f9942ca1a7e3622a407b73a6e4273bb9db13a6eb7e3e6ed36c4e788515153819cda12ed0390a554e2e7f2727ce1ec8c3d3b76e0c77fff1bfb77ef66ac935e5e58b372e5fe71fa066ae33113307df22460f90c60a531b06c6cfe07de1bf747e4f2e196780cae0ce576d6132e22777ccbff013f375dc4f98bf928ab2ed33e004aa512d97979382b1663dfae5d90252743221221512c662489588cb31209d42a153e73767ed9dad44cef9557e7c2e4f37998e864a6b7f4f896b919154588ca9521223b89b1c2955208f2d2b0f38c1b24c5c928aa2c44794d3973009ee6e55eb4a71f7d132800fa265000340a804601d028001a0540a3006814008d02a05100340a804601d028001a0540a3006814008d02a05100340a804601d0b4a0ff1b006cc8e024723311c40000000049454e44ae426082),
(4, 'Lincoln High School', '1600 SE Salmon St', '', 'Portland', 'OR', '97205', '503-916-5200', 0, 0, 'High School', '');

-- --------------------------------------------------------

--
-- Table structure for table `organization_affiliations`
--

CREATE TABLE `organization_affiliations` (
  `organization_affiliation_id` int(11) NOT NULL,
  `person_id` int(11) NOT NULL,
  `organization_id` int(11) NOT NULL
) ENGINE=InnoDB DEFAULT CHARSET=utf8 COLLATE=utf8_unicode_ci;

--
-- Dumping data for table `organization_affiliations`
--

INSERT INTO `organization_affiliations` (`organization_affiliation_id`, `person_id`, `organization_id`) VALUES
(1, 2, 2);

-- --------------------------------------------------------

--
-- Table structure for table `organization_types`
--

CREATE TABLE `organization_types` (
  `organization_type_id` int(10) UNSIGNED NOT NULL,
  `organization_type` varchar(30) COLLATE utf8_unicode_ci NOT NULL,
  `organization_type_comment` varchar(100) COLLATE utf8_unicode_ci NOT NULL
) ENGINE=InnoDB DEFAULT CHARSET=utf8 COLLATE=utf8_unicode_ci;

-- --------------------------------------------------------

--
-- Table structure for table `people`
--

CREATE TABLE `people` (
  `person_id` int(10) UNSIGNED NOT NULL,
  `first_name` varchar(10) COLLATE utf8_unicode_ci NOT NULL,
  `middle_initial` char(1) COLLATE utf8_unicode_ci DEFAULT NULL,
  `last_name` varchar(20) COLLATE utf8_unicode_ci NOT NULL,
  `address1` varchar(40) COLLATE utf8_unicode_ci NOT NULL,
  `address2` varchar(40) COLLATE utf8_unicode_ci DEFAULT NULL,
  `city` varchar(10) COLLATE utf8_unicode_ci NOT NULL,
  `state` char(2) COLLATE utf8_unicode_ci NOT NULL,
  `ZIP` char(5) COLLATE utf8_unicode_ci NOT NULL,
  `mobile_phone` varchar(20) COLLATE utf8_unicode_ci NOT NULL,
  `home_phone` varchar(20) COLLATE utf8_unicode_ci DEFAULT NULL,
  `business_phone` varchar(20) COLLATE utf8_unicode_ci DEFAULT NULL,
  `email1` varchar(40) COLLATE utf8_unicode_ci NOT NULL,
  `email2` varchar(40) COLLATE utf8_unicode_ci DEFAULT NULL,
  `person_type` varchar(30) COLLATE utf8_unicode_ci NOT NULL
) ENGINE=InnoDB DEFAULT CHARSET=utf8 COLLATE=utf8_unicode_ci;

--
-- Dumping data for table `people`
--

INSERT INTO `people` (`person_id`, `first_name`, `middle_initial`, `last_name`, `address1`, `address2`, `city`, `state`, `ZIP`, `mobile_phone`, `home_phone`, `business_phone`, `email1`, `email2`, `person_type`) VALUES
(1, 'John', 'Q', 'Public', '1234 Main Street', '', 'Portland', 'OR', '97215', '503-555-1212', '', '', 'john.q.public@gmail.com', '', 'Student'),
(2, 'Sean', 'J', 'Miller', '1410 SE 32nd Ave', '', 'Portland', 'OR', '97214', '415-900-9945', '', '', 'sean@readerlyapp.com', '', 'Instructor'),
(3, 'Jane', 'Q', 'Public', '1234 Main Street', '', 'Portland', 'OR', '97222', '503-555-5454', '', '', 'jane.public@yahoo.com', '', 'Student'),
(4, 'Marci', 'Q', 'Pebbles', '41 NE Alberta', '', 'Portland', 'OR', '97210', '971-888-9696', '', '', 'marci1981@hotmail.com', '', 'Student'),
(5, 'Pablo', 'A', 'Escobar', '1234 SW Macadam', '', 'Tigard', 'OR', '92705', '503-123-4567', '', '', 'my@email.com', '', 'Student'),
(6, 'Maria', 'B', 'Prado', '1234 SW Macadam', '', 'Beaverton', 'OR', '92706', '503-123-4567', '', '', 'my@email.com', '', 'Student'),
(7, 'Juliette', 'C', 'Lewis', '1234 SW Macadam', '', 'Gresham', 'OR', '92707', '503-123-4567', '', '', 'my@email.com', '', 'Student'),
(8, 'Carl', 'D', 'Sagan', '1234 SW Macadam', '', 'Portland', 'OR', '92708', '503-123-4567', '', '', 'my@email.com', '', 'Student'),
(9, 'Sanjay', 'E', 'Bodhisattva', '1234 SW Macadam', '', 'Tualatin', 'OR', '92709', '503-123-4567', '', '', 'my@email.com', '', 'Student'),
(10, 'Borat', 'F', 'Krepchek', '1234 SW Macadam', '', 'Hillsboro', 'OR', '92710', '503-123-4567', '', '', 'my@email.com', '', 'Student'),
(11, 'David', 'G', 'Liu', '1234 SW Macadam', '', 'Portland', 'OR', '92711', '503-123-4567', '', '', 'my@email.com', '', 'Student'),
(12, 'Gretchen', 'H', 'Uberalles', '1234 SW Macadam', '', 'Portland', 'OR', '92712', '503-123-4567', '', '', 'my@email.com', '', 'Student'),
(13, 'Sean', NULL, 'Tester', 'Portland Community College', '2305 SE 82nd Ave, ADM 304', 'Portland', 'OR', '97216', '', NULL, '917-722-6619', 'quark1519@hotmail.com', NULL, 'Parent'),
(14, 'Sam', '', '', '', '', '', '', '', '', '', '', '', '', 'Student'),
(15, 'Kyle', '', '', '', '', '', '', '', '', '', '', '', '', 'Student'),
(16, 'Nasra', '', '', '', '', '', '', '', '', '', '', '', '', 'Student'),
(17, 'Eli', '', '', '', '', '', '', '', '', '', '', '', '', 'Student'),
(18, 'Mike', '', '', '', '', '', '', '', '', '', '', '', '', 'Student'),
(19, 'Coltrane', '', '', '', '', '', '', '', '', '', '', '', '', 'Student'),
(20, 'Declan', '', '', '', '', '', '', '', '', '', '', '', '', 'Student'),
(21, 'Cobi', '', '', '', '', '', '', '', '', '', '', '', '', 'Student'),
(22, 'Daniil', '', '', '', '', '', '', '', '', '', '', '', '', 'Student'),
(23, 'Akili', '', '', '', '', '', '', '', '', '', '', '', '', 'Student'),
(24, 'Ellie', '', '', '', '', '', '', '', '', '', '', '', '', 'Student'),
(25, 'Rich', NULL, 'Hanson', '', NULL, '', '', '', '', NULL, NULL, 'rich@driversbydesign.com', NULL, 'Parent'),
(26, 'Sean', NULL, 'Tester2', '', NULL, '', '', '', '', NULL, NULL, 'sean@driversbydesign.com', NULL, '');

-- --------------------------------------------------------

--
-- Table structure for table `person_types`
--

CREATE TABLE `person_types` (
  `person_type_id` int(11) NOT NULL,
  `person_type_name` varchar(50) COLLATE utf8_unicode_ci NOT NULL,
  `security_class_id` int(11) NOT NULL
) ENGINE=InnoDB DEFAULT CHARSET=utf8 COLLATE=utf8_unicode_ci;

--
-- Dumping data for table `person_types`
--

INSERT INTO `person_types` (`person_type_id`, `person_type_name`, `security_class_id`) VALUES
(1, 'System Administrator', 0),
(2, 'State Administrator', 0),
(3, 'Parent Organization Administrator', 0),
(4, 'Child Organization Administrator', 0),
(5, 'Instructor', 0),
(6, 'Parent/Guardian', 0),
(7, 'Student', 0);

-- --------------------------------------------------------

--
-- Table structure for table `rubric`
--

CREATE TABLE `rubric` (
  `rubric_item_id` int(11) NOT NULL,
  `rubric_item_sequence_order` int(10) UNSIGNED NOT NULL,
  `rubric_item_points` int(11) NOT NULL,
  `rubric_item_description` tinytext COLLATE utf8_unicode_ci NOT NULL
) ENGINE=InnoDB DEFAULT CHARSET=utf8 COLLATE=utf8_unicode_ci;

--
-- Dumping data for table `rubric`
--

INSERT INTO `rubric` (`rubric_item_id`, `rubric_item_sequence_order`, `rubric_item_points`, `rubric_item_description`) VALUES
(1, 1, 0, 'Proficient'),
(2, 2, 0, 'Rarely needs help performing'),
(3, 3, 0, 'Often needs help performing'),
(4, 4, 0, 'Usually needs help performing');

-- --------------------------------------------------------

--
-- Table structure for table `security_classes`
--

CREATE TABLE `security_classes` (
  `security_class_id` int(11) NOT NULL,
  `security_class_name` varchar(40) COLLATE utf8_unicode_ci NOT NULL,
  `security_class_comments` text COLLATE utf8_unicode_ci NOT NULL
) ENGINE=InnoDB DEFAULT CHARSET=utf8 COLLATE=utf8_unicode_ci;

--
-- Dumping data for table `security_classes`
--

INSERT INTO `security_classes` (`security_class_id`, `security_class_name`, `security_class_comments`) VALUES
(1, 'System', ''),
(2, 'State', ''),
(3, 'Parent Organization', ''),
(4, 'Child Organization', ''),
(5, 'Class Instructor', ''),
(6, 'BTW Instructor', ''),
(7, 'Parent/Guardian', ''),
(8, 'Student', '');

-- --------------------------------------------------------

--
-- Table structure for table `security_questions`
--

CREATE TABLE `security_questions` (
  `security_question_id` int(11) NOT NULL,
  `login_id` int(11) NOT NULL,
  `security_question` tinytext COLLATE utf8_unicode_ci NOT NULL,
  `question_answer` tinytext COLLATE utf8_unicode_ci NOT NULL
) ENGINE=InnoDB DEFAULT CHARSET=utf8 COLLATE=utf8_unicode_ci;

-- --------------------------------------------------------

--
-- Table structure for table `sessions`
--

CREATE TABLE `sessions` (
  `session_id` varchar(40) COLLATE utf8_unicode_ci NOT NULL,
  `login_id` int(11) NOT NULL,
  `ip_address` varchar(45) COLLATE utf8_unicode_ci DEFAULT NULL,
  `session_start` timestamp NOT NULL DEFAULT '0000-00-00 00:00:00',
  `last_activity` int(11) DEFAULT NULL,
  `session_expired` tinyint(1) DEFAULT NULL
) ENGINE=InnoDB DEFAULT CHARSET=utf8 COLLATE=utf8_unicode_ci;

--
-- Dumping data for table `sessions`
--

INSERT INTO `sessions` (`session_id`, `login_id`, `ip_address`, `session_start`, `last_activity`, `session_expired`) VALUES
('001D65edoe5U7M9HoNSlsySWv9CLPM6u', 1, '192.168.0.107', '2016-04-26 21:13:05', 0, NULL),
('07Pq1MPfJFuFO0mgp4veUbLuESlf6gcD', 1, '192.168.0.107', '2016-04-18 20:50:41', 0, NULL),
('08Ri6mdfocpX6n3ZLoxZZc1bA6uwW3gZ', 1, '', '2016-04-05 17:15:42', 0, NULL),
('0cEmaUxw43WhyegiUA0C0cLDqgvJ9hPF', 1, '127.0.0.1', '2016-04-23 23:04:28', 2147483647, NULL),
('0gS8okdY1xvaWZuRccRVvX98Yw4f8zeG', 1, '192.168.0.107', '2016-03-07 05:52:52', 0, NULL),
('0iyLUAYWY0PRfU8zXaLdg7KGpaDJGMWI', 1, '192.168.0.107', '2016-04-21 21:35:37', 0, NULL),
('0Iz8DehBU3gg3tn1CGfa1nnyF0xTuUAg', 1, '192.168.0.107', '2016-04-27 22:24:30', 0, NULL),
('0k0MoMfUZCPWYOGfu2xDuERDPCoIT4LB', 1, '127.0.0.1', '2016-04-20 23:02:17', 0, NULL),
('0KENL48gOsA4nN0zHpWwE6L82Wx1EiCb', 1, '127.0.0.1', '2016-04-21 19:43:50', 0, NULL),
('0n4ez7XX4zCMgbETW6k9PuUVA2d0MUhq', 1, '192.168.0.107', '2016-05-04 22:09:01', 2147483647, NULL),
('0naqbPmaFhUloiGntqOeXNGMKfYidKWL', 1, '192.168.0.107', '2016-05-03 20:14:48', NULL, NULL),
('0SHH4Zxb07EKChX95W71RlynMgDw1nfB', 1, '127.0.0.1', '2016-04-16 01:48:59', 0, NULL),
('163bIglKXkXOTEiP8cIRBzLOHF4HFgwq', 1, '', '2016-03-28 20:16:22', 0, NULL),
('18Y0YqxuhbpCWySpykgz6hwmRWysvsUh', 9, NULL, '2016-06-09 18:59:19', 1465498990, 1),
('19I6uFViUaiZLl6U5XFxJbClVeokukaa', 1, '127.0.0.1', '2016-04-06 20:51:53', 0, NULL),
('1f92MDismLszkxLK5LfUxh8GNDRKPKBA', 1, '192.168.0.107', '2016-04-06 17:18:43', 0, NULL),
('1g13kWgJKyq2sJtGAfg1hMsFPE6AHuXg', 1, '127.0.0.1', '2016-04-19 19:08:43', 2147483647, NULL),
('1GBgB0Y7obqqCWUOTwV1Ja5fJvLSPbIY', 1, '192.168.0.107', '2016-05-14 03:26:34', NULL, NULL),
('1gGdtMNUnm5V5yWWWYR2aUgxEtl0k2a8', 9, NULL, '2016-05-26 21:34:55', 2147483647, 1),
('1gmPfFzpXUD21zew76UEx6NLIqeXWLRA', 1, '127.0.0.1', '2016-04-26 18:54:39', 0, NULL),
('1img3AX81RHaDweJIPmYZngOVv0SkFca', 1, '127.0.0.1', '2016-05-24 23:10:46', NULL, NULL),
('1MDKlBs5UOwEPVBM94uOuvmat6FK41hl', 9, NULL, '2016-06-10 18:30:23', 1465583467, 1),
('1uyaILqIUIIDPphNMcU021UWzNNntA2E', 9, NULL, '2016-06-09 16:23:11', 1465490205, 1),
('1vVpav4K4pBFWs6Jup4tuiVXEVuzRe84', 1, '192.168.0.171', '2016-04-20 15:40:32', 2147483647, NULL),
('1ZtexpdMozA80VvFDCuSg9VoGIAn9AiW', 9, NULL, '2016-07-15 16:06:39', 1468598862, 1),
('26fUFMt9Mq9vUH6m3k3PZ8W4qT8pmcPU', 1, '127.0.0.1', '2016-04-26 18:58:44', 0, NULL),
('26KXbLUYf2ILGhobsADufkwMuhiBWMks', 1, '', '2016-04-16 22:14:56', 0, NULL),
('2cPKZ8ZxpVOWM785C80cGiEqyoaeOWwO', 12, NULL, '2016-06-10 22:25:20', 1465597566, 1),
('2DuyTllnLAI1DnGdEv4mkmAI4iWB7ptR', 1, '192.168.0.107', '2016-05-04 18:08:32', 2147483647, NULL),
('2dxUELf233UI77zbgIJbvt3O4AKFnzMe', 1, '127.0.0.1', '2016-04-21 19:16:21', 0, NULL),
('2FgyZkOkpLUf0HGIG1Cg8uVm4xoT0ek0', 1, '192.168.0.224', '2016-05-28 23:27:08', NULL, NULL),
('2JP0z500uL60wtJaR2cZlH3F7kFUZzhg', 1, '192.168.0.107', '2016-04-06 17:58:57', 0, NULL),
('2Lw93g4W5RAULmldmd85lLt2XG6xUvHf', 12, NULL, '2016-06-10 22:29:49', 1465598103, 1),
('2mtCb4ZEfv4CgwT5A6Eku9tINuZs2u80', 1, '192.168.0.171', '2016-03-30 23:21:05', 2147483647, NULL),
('2NJdhwi4nz6HC8ivUsfHuzZLYOdSMXGT', 9, NULL, '2016-06-10 18:11:24', 1465582289, NULL),
('2OUuI8cv8Tu10DpN4xUslpv7w0IGMlgu', 1, '192.168.0.107', '2016-02-22 21:50:53', 0, NULL),
('2tpKyb3UgHFhUYwtugfxYEuncWHugepy', 1, '127.0.0.1', '2016-04-21 17:38:38', 0, NULL),
('2UCsGk6YsoZWDUD4PutCfPuqO0cpRMFk', 1, '192.168.0.107', '2016-04-18 19:06:11', 2147483647, NULL),
('2uYygaRldWakUlyt9eZW0yRJJ9UoR311', 1, '127.0.0.1', '2016-04-20 22:41:07', 0, NULL),
('2VmF3tZcWB1euJKRBXzGnPJVNwi3AqYv', 1, '', '2016-02-27 05:57:29', 2147483647, NULL),
('3FauHz3bI3tIh8CBw157uCPlu45UuqmX', 1, '192.168.0.107', '2016-04-12 15:23:09', 0, NULL),
('3mUHIE1Oy4v1tKCcAaX9V4xFMcpR5u4w', 1, '', '2016-02-26 19:14:29', 0, NULL),
('3tmObcqTZHwUvepUCecqHCwUDL7o4m8U', 1, '127.0.0.1', '2016-04-26 23:05:08', 0, NULL),
('3UHPWuTTm4p1bnW8nbI98ANyCyu8dhBD', 11, NULL, '2016-06-12 05:46:47', 1465710538, NULL),
('3yxYdf4gFlZ9hzU1d10gkgRpbIgT9Wnm', 1, '192.168.0.107', '2016-05-05 16:26:52', 2147483647, NULL),
('3z79Igz5sCodI2COIDxygUe95WLADPDO', 1, '127.0.0.1', '2016-04-26 21:21:31', 0, NULL),
('46882hV3iSauDYs8K1OlDbpzWv2N8x7f', 12, NULL, '2016-06-10 22:53:04', 1465599193, 1),
('47PbAqXtDUxYR3Ax6dvgW4HIt0Mnxu2g', 1, '127.0.0.1', '2016-04-06 19:05:38', 2147483647, NULL),
('4E2VF4yG8xzfBMJa9zMB04JRhivZ2m30', 1, '127.0.0.1', '2016-04-06 21:27:06', 2147483647, NULL),
('4ealG0NICtgwEuYVdEEmxHbht3fXeu4O', 9, NULL, '2016-07-17 00:59:27', 1468717327, 1),
('4N36BBFGCxOcIluwZpCes5Hc1siV3l6o', 1, '192.168.0.107', '2016-04-26 20:24:15', 0, NULL),
('4SVnxK2k9fpXp8lpNv4HSkpMeTM8WbSP', 9, NULL, '2016-05-25 23:37:00', 2147483647, 1),
('4Tlee0y7JttgEaedsN30JIsUKfiqH7nS', 9, '0', '2016-05-25 21:57:02', NULL, NULL),
('4uDeJdPkkMotccuTkxmwDstPFEX48cst', 1, '192.168.0.171', '2016-05-14 06:00:15', NULL, NULL),
('4Y7RJuO6I1KMJ6nxnmZgHmSd9ss0ay3L', 1, '127.0.0.1', '2016-04-07 22:21:24', 0, NULL),
('53skF8oJYA8U51RBIyxHPxU8pmD1pUbI', 12, NULL, '2016-06-10 22:24:05', 1465597507, 1),
('5BmhT5FKFXB8ulWg0XwJMiDMDzJTHTte', 1, '127.0.0.1', '2016-04-19 16:12:39', 0, NULL),
('5ctfFeUoyZ7FVJo32Jn95UL39e4z5JR8', 1, '127.0.0.1', '2016-04-21 18:51:40', 0, NULL),
('5CXz2693AXTSoBUK52YtzUDz4KEv5Ast', 1, '192.168.0.224', '2016-07-19 14:58:02', NULL, NULL),
('5EHxkofUIte2esB22UAc5A84hLoNN77d', 1, '', '2016-05-11 21:08:18', 2147483647, NULL),
('5FkDC7uTHDZ4gpLvwczSf6cAggIbMUFh', 1, '127.0.0.1', '2016-04-12 20:53:56', 0, NULL),
('5LfgAbZCuvRDpFs2u1JLzqs1v1fIcSSE', 1, '192.168.0.107', '2016-04-26 20:46:54', 0, NULL),
('5nftHts5RVMUTf01qs4hZhD1sl2SWxfV', 1, '127.0.0.1', '2016-04-28 03:13:42', 0, NULL),
('5UkoDxgX6TqVgwqWbUcOzuXBz20oyxM2', 1, '', '2016-07-18 19:42:20', NULL, NULL),
('6CnVTgPEUZqDq6GR9aZRqlPoHMw5XPTT', 9, NULL, '2016-05-25 23:02:24', 2147483647, 1),
('6EYggPzAJouEbudASEPugfFHMAHRO527', 1, '127.0.0.1', '2016-04-21 19:02:57', 0, NULL),
('6g2UuX4uWh0OqFoBKPUvXv6DySqWbJeS', 1, '192.168.0.107', '2016-04-18 18:26:41', 0, NULL),
('6m1Yk4wksiRE36tUO4oRzhUuiwbKTY2e', 9, NULL, '2016-06-10 18:23:23', 1465583026, 1),
('6nmnzEWssC7zaUD6HgwX3IgUUOqEuLmB', 1, '127.0.0.1', '2016-04-22 16:58:43', 0, NULL),
('71VOukJeudVTubBNknAyMZ8HyR1nwZCJ', 1, '127.0.0.1', '2016-04-28 17:04:42', 0, NULL),
('7EAXEbXw9UX930g8yD0tJIu7I65a0uhA', 1, '', '2016-04-10 21:15:09', 0, NULL),
('7m9puxxVInlJHJ0tbU3wxCApuqiUChKq', 1, '127.0.0.1', '2016-07-16 17:19:36', 2147483647, NULL),
('7mw4RsEDCguxAlu0ct1NmAlMiZLfU61x', 9, NULL, '2016-06-10 22:52:31', 1465599176, 1),
('7qwsgdc736TP8PoIynvzSKAGAu2Te7Sk', 1, '192.168.0.171', '2016-05-14 02:59:16', NULL, NULL),
('7RLCPwudvOE66tGbz8qtHPLAiUkUeMzh', 9, '0', '2016-05-25 21:54:49', NULL, NULL),
('7ulucsdgAc07SqzqU2XB1pUe8sVwFJV5', 1, '127.0.0.1', '2016-04-29 17:44:30', NULL, NULL),
('7wbgSuLlanfwvMfWmTHJ3wHiGOAw6vMV', 12, NULL, '2016-06-10 23:05:28', 1465599943, 1),
('7Xv1Cnozk9cKu5L1eqzC7MEDuT93LXt1', 1, '127.0.0.1', '2016-04-28 17:09:18', 0, NULL),
('83SmcKYfwUo92GSO4N9BB94wCUxc4gBI', 1, '127.0.0.1', '2016-05-21 23:00:52', 2147483647, NULL),
('88buoog1sFngb8iZq4zuogGCbiAh3eab', 9, NULL, '2016-05-26 23:01:57', 1464303778, 1),
('8Aeo6Xq4gxm9Lqla81zwVUOqdanUzpwx', 1, '127.0.0.1', '2016-04-29 17:45:42', NULL, NULL),
('8cMxMuawPATew4C9XnnMW02S1K0vlAx4', 9, NULL, '2016-06-10 18:26:48', 1465583353, 1),
('8dB5IUxZOgy9ELkp4tzftidTvm3D0XE5', 1, '127.0.0.1', '2016-04-12 14:45:00', 2147483647, NULL),
('8e3BEqPPOHcPYmyTUxly6DDViVZYqBba', 1, '127.0.0.1', '2016-05-30 16:26:51', 2147483647, NULL),
('8Ibylkv2INo6iIffbNTna6cYggCKdskp', 9, NULL, '2016-06-09 16:39:23', 1465490383, 1),
('8OVWkEsGlXhgRo8mBwIDHRMUeneNR4iD', 9, NULL, '2016-06-09 23:13:29', 1465514018, NULL),
('8tlBZHUCgTyF9XDNGVTUNuULz4J4cGgL', 9, NULL, '2016-06-10 17:52:25', 1465581458, 1),
('8U0WdLRx2t9iCF22NWOIUx3skVGREDPt', 1, '192.168.0.107', '2016-04-26 20:33:55', 0, NULL),
('8YiZFq1go1iKt4aVlIvp3Wa5SNvISAOL', 1, '192.168.0.107', '2016-04-15 18:40:09', 0, NULL),
('935ZuFmZFfuBcKUSgaTVfKx6Zuwk8YAM', 1, '127.0.0.1', '2016-07-16 19:13:47', NULL, NULL),
('93fwqD6SkxU7FsFCGqPApEVHc8VmLkXU', 12, NULL, '2016-06-10 23:18:00', 1465600717, 1),
('9Ai4CWcC5C0hK9NgHBn4lUNI7pH3WMdA', 9, NULL, '2016-06-10 18:05:35', 1465581940, 1),
('9Bkeg6CdoSgbIK5fLpuzVpXaqv4gsusX', 1, '', '2016-04-27 23:03:06', 0, NULL),
('9cAYZqFT9Dh2zs2FDagDTfOF6eI9khRi', 1, '192.168.0.107', '2016-03-09 20:47:44', 0, NULL),
('9DoTlsP5RYbG5l11t1vgz2ReokeotyWY', 1, '192.168.0.107', '2016-05-03 18:16:33', NULL, NULL),
('9f99PAB66pYv1hXFgbDVlJVTXGoxX1Co', 1, '192.168.0.107', '2016-04-15 18:31:39', 0, NULL),
('9fO76349DuBevsKV7xq9Hkl9lMgzgLfU', 1, '127.0.0.1', '2016-05-04 22:05:50', NULL, NULL),
('9GAvJqc3yqD0vPDzLTIdcYYgnbu8wsVz', 1, '192.168.0.107', '2016-05-03 19:40:15', NULL, NULL),
('9HBkJul1WOX9G91yLPSWUG7LlPLydwHw', 1, '127.0.0.1', '2016-04-06 20:06:21', 2147483647, NULL),
('9isJ3Jp8JJ13FUgI5iTwS43ggEBqxvck', 1, '', '2016-03-28 19:40:50', 0, NULL),
('9JZqFuu2f2PVJ18bpRx2o7DVuuUxgfU2', 9, NULL, '2016-06-10 16:50:27', 1465577702, NULL),
('9LK2XdyJpk69szlhVx0AR6ktfMXUBMa1', 9, NULL, '2016-05-26 19:51:48', 2147483647, NULL),
('9Ndmvp8ZD1U2Feclo2sUkRXSO7hlcn1W', 1, '192.168.0.107', '2016-04-06 18:48:24', 0, NULL),
('9nGWZuG2aMiTgKUmcOfDezg8Ue9I8Lya', 1, '127.0.0.1', '2016-04-26 21:53:03', 0, NULL),
('9nt5PBW6tGZbLUabwfgyciPuUYM4U14s', 1, '127.0.0.1', '2016-04-14 21:43:04', 2147483647, NULL),
('9PSqeKyzdtVdnDDqlPfOOLHW52lwklSJ', 1, '', '2016-05-15 05:41:49', NULL, NULL),
('9un7APmK9obIhBbK5BoxHSFlg02OHJI9', 1, '192.168.0.171', '2016-02-29 02:19:32', 0, NULL),
('9URRt8c0HtmZVuiYLNlIcBUR9gFBfEzt', 1, '', '2016-04-20 16:01:52', 0, NULL),
('9v5zgB2MOUIw8i40gT4oPgxwXFDdOa06', 1, '127.0.0.1', '2016-05-10 17:07:50', 2147483647, NULL),
('9Z4Y4X21dSUpkT9Y2eOqVPiI9gSff7oB', 1, '127.0.0.1', '2016-04-21 16:44:11', 0, NULL),
('9zqmAOLNmVu33qbpKuITJsdTeBYBtM2q', 1, '127.0.0.1', '2016-04-30 23:06:18', 2147483647, NULL),
('9ZxHkfTk3Hlvo1LVREPM110HqnZDFs2v', 9, NULL, '2016-05-31 17:08:52', 1464714609, 1),
('A0ctSmdNCmoPE1fFwn060m9Uu3asVzVa', 1, '192.168.0.171', '2016-05-13 20:12:23', NULL, NULL),
('A1wu21GDMoY1duixbkEwhAV8UBitUgJ7', 1, '192.168.0.107', '2016-03-07 06:54:42', 0, NULL),
('A2vS8RK8iZFvwaxMbFCcG1X4XxvZDYTq', 1, '192.168.0.107', '2016-04-18 20:37:17', 0, NULL),
('a4KXX8Et2u8Dlglh9UM4fAKudhnR56I5', 1, '192.168.0.107', '2016-04-12 14:20:59', 0, NULL),
('a4vGUUDmJP9G3dVIDtJqUql4X3DW624S', 11, NULL, '2016-08-12 17:27:38', 1471022867, NULL),
('a5T4Tm4UwObkRpEz06EEFTWlxIT8Dq7a', 1, '192.168.0.107', '2016-04-26 21:15:01', 0, NULL),
('a5zvx6OneWFGNN7YqsqUxT4hBIsu915d', 9, NULL, '2016-06-09 16:22:52', 1465489377, 1),
('ADg6hSe64mdyWubMbc5Unl0pgS2DWFnV', 1, '127.0.0.1', '2016-04-21 16:36:37', 0, NULL),
('ADuPf3db3SCDg3NH8uATK22OyBGTdm10', 9, NULL, '2016-06-09 17:22:06', 1465493043, 1),
('ae0Z9DIX715RRgWXBMce1Gchf3FF6hOw', 1, '127.0.0.1', '2016-07-16 19:33:43', 2147483647, NULL),
('afZHVmyEUiBMuSFEItGJfeVccl9Dlzpo', 1, '127.0.0.1', '2016-04-20 22:54:50', 2147483647, NULL),
('AHgydCT8VpuWR6btc15ob7qEIO1oOs5e', 1, '192.168.0.224', '2016-06-11 04:03:54', NULL, NULL),
('AJ0JxBu3UYUBCDm0Cwd5MXNFlDmGo3ci', 1, '127.0.0.1', '2016-04-18 21:13:41', 2147483647, NULL),
('AK3wSqqZNWcKyNvRI45lEwxkLuLxNRZ4', 1, '192.168.0.224', '2016-04-22 00:40:56', 0, NULL),
('An3heU8U1egPxDGw236V0gP54hBDaXPe', 1, '127.0.0.1', '2016-04-21 02:25:17', 0, NULL),
('aNKSPukUhb0iKv6WKtomqmua7BA05HTx', 1, '127.0.0.1', '2016-06-11 16:49:04', NULL, NULL),
('aOUU3uIqxmbhCLD4kzeGh21i7yvShOup', 1, '192.168.0.107', '2016-05-03 18:38:03', NULL, NULL),
('aOW92S9YVuwWoFihSbkCukJMwwDOMsI1', 1, '192.168.0.107', '2016-05-03 17:34:16', NULL, NULL),
('Aq2UxBenxaPUTSOTObGITwl1yUugxziU', 1, '', '2016-04-15 17:17:54', 0, NULL),
('AqgCAg1CVucJXztd3u658J8q0IJBUyKc', 1, '', '2016-06-29 21:36:29', 2147483647, NULL),
('aReOH6a2R8MBEP0J8HmekMtgCIu6Du2U', 1, '127.0.0.1', '2016-07-18 19:50:07', NULL, NULL),
('aSJ6bWNYFbUICkpXYdhm8c2RIpB9F3E5', 9, NULL, '2016-06-09 16:15:40', 1465489206, 1),
('atKlbgsSXg1PylP37070foTedKb9izCf', 1, '', '2016-07-17 22:50:09', NULL, NULL),
('AtNTvubTtab4yXuTmZusUxGghcDcG2TM', 1, '192.168.0.107', '2016-04-26 20:57:46', 0, NULL),
('Au2cRSUUXIx5h4UZ9stK9hEMbgFJuvfg', 11, NULL, '2016-07-09 02:51:08', 1468032818, NULL),
('aUmdMKglZmcu9YXvaCLPoLsOEvN6RNzq', 1, '192.168.0.171', '2016-05-10 16:26:41', 2147483647, NULL),
('aV30VzuDzRNSPZXgqUu1shVvuDOxepB4', 1, '', '2016-05-19 22:18:21', 2147483647, NULL),
('aVkTGJC3EIOuySwP6TyRTnLNGyOzu1H2', 1, '192.168.0.107', '2016-05-05 16:23:44', 2147483647, NULL),
('avPMcEduYVWgX2DSOq6d1ugZBDDRZo6K', 9, NULL, '2016-05-26 23:33:47', 1464305644, 1),
('aW1auk82gXtyTVzsaUXCcAe5C08qiEG4', 9, NULL, '2016-05-26 18:37:53', 2147483647, 1),
('Aw730fdIIcLZTS2Ve65gzCAdMIKR2m18', 1, '', '2016-04-17 01:22:24', 0, NULL),
('AWUEfb2P1yC5WlxECG8YUTUheLuXMa8C', 1, '127.0.0.1', '2016-04-23 01:04:53', 2147483647, NULL),
('aXVKP99uJgGDOYzSuPHnHlvmqUUuGOml', 1, '127.0.0.1', '2016-04-08 18:42:04', 2147483647, NULL),
('aZR5TzaY6fYmK5CB9gaSqanuITN09Bf3', 1, '127.0.0.1', '2016-04-20 22:15:32', 0, NULL),
('B361oZELR7gKOPDsyKFLxG9uCMmUS6xs', 1, '192.168.0.171', '2016-03-29 02:26:32', 2147483647, NULL),
('b3OL4wLlndbZJec6qIAIIq5tnpvqkZmx', 1, '192.168.0.107', '2016-04-07 18:40:20', 0, NULL),
('B4NJpyLFG9qogMiO8JRl7sD3TbbypOWe', 1, '192.168.0.224', '2016-06-05 23:26:48', NULL, NULL),
('B5Sgmg2UaeZxfPVGEawqH1dgK8DHwboV', 1, '192.168.0.107', '2016-03-31 03:13:04', 0, NULL),
('b6tA5h3gnciM0by69Vu1g2kBhfYMFRBu', 1, '192.168.0.107', '2016-03-09 19:37:19', 0, NULL),
('b80eUpGs6uXyALf9AgqikiKXMahGKcy1', 1, '127.0.0.1', '2016-05-14 23:01:48', 2147483647, NULL),
('baPfYypk8naEO94XFENuegn77kgzxlzU', 1, '127.0.0.1', '2016-05-05 17:23:43', 2147483647, NULL),
('BAUVBA9o5N8qn91eksAn08bdiUuPGWgu', 1, '192.168.0.171', '2016-06-14 16:21:54', NULL, NULL),
('BByEz8w3Ue5hMC4sZVZbuhVUS2WCpEgX', 1, '127.0.0.1', '2016-04-18 19:28:22', 2147483647, NULL),
('bcgbTaCkZDMZ2fx1B2gSiHFchkUgFB70', 1, '', '2016-03-05 05:04:55', 0, NULL),
('BcqWNJlJHKZCugCR3JqUIbipqbouEWaG', 9, NULL, '2016-06-09 20:23:41', 1465504265, NULL),
('beTWiuiXPNLyXu6dxuond7iO3ivxUABP', 9, NULL, '2016-05-26 22:59:16', 1464303579, 1),
('bFHOmteMuaEmcgYxgs3UfJwkyOn8ILhC', 9, NULL, '2016-06-10 20:01:36', 1465589566, 1),
('bhgMUqKoAAHsMpYU6gsEeRxBLphukXkV', 1, '127.0.0.1', '2016-04-21 17:17:41', 0, NULL),
('Bix65n5o9Y0c9KUhwfRgB581U0zKT1XF', 1, '192.168.0.171', '2016-03-28 17:09:17', 0, NULL),
('bL59u084XbodpXgqYUUeiYw6D7yPMJCS', 11, NULL, '2016-06-10 21:51:08', 1465595471, 1),
('bLxZ3Xg1KoGxg0wDEGhqtteAANVpHDmK', 1, '192.168.0.224', '2016-03-30 17:38:36', 0, NULL),
('bmuku8dZFqMgOKhlxibWxA7YOOwzYE6N', 9, NULL, '2016-06-09 23:28:56', 1465514936, NULL),
('Bnl4hUleg1Wgl9RMYptHd2Szu2n5VWuC', 1, '192.168.0.107', '2016-05-03 18:14:22', NULL, NULL),
('BpFfbOcUuWkMImDyNfnJdCR2wNuTl2Hc', 1, '192.168.0.107', '2016-03-09 19:34:32', 0, NULL),
('bqqd4BwiTq9zc8EqHwWpgqg9TMXW3xaI', 1, '', '2016-02-23 04:08:52', 0, NULL),
('bTYpLcWFn5HKgxRE9vOMPYuE9760dS9M', 1, '192.168.0.107', '2016-05-03 21:14:50', NULL, NULL),
('bVDibSgEJ0Gof5JwGtJTIqRIqcWvHX6x', 1, '', '2016-02-24 13:10:46', 0, NULL),
('BW7KbqsJYz7yVWLDTOw1Y5eiUeuux6o5', 1, '127.0.0.1', '2016-04-08 18:38:03', 2147483647, NULL),
('ByIFSRlM0KtoDJ1yPSN0kV8w0nVh6iUR', 9, NULL, '2016-07-16 19:15:46', 1468696621, 1),
('C2Rf0iPTMwPY2YFyRpJAJuBNkUH0feiA', 9, NULL, '2016-06-09 19:14:32', 1465499841, NULL),
('c3luNgtHNauNg2fluxweAXWbbd3KbSDt', 9, NULL, '2016-06-09 19:03:22', 1465499665, 1),
('C5hpiBeEdH3vPeuaBuDI8gFnRMaYuVdI', 1, '', '2016-03-04 20:33:39', 0, NULL),
('C5M71LgJtoMXgBVUum8STW0HRBh9bksy', 1, '192.168.0.224', '2016-03-31 03:16:45', 0, NULL),
('c6MuF5gb8mBmquHbL2cWMxn1aqvUFE2x', 1, '127.0.0.1', '2016-04-19 18:52:13', 0, NULL),
('C6vTJnIRUMgg9PlbGJR7vz9mi0Ogkf3A', 12, NULL, '2016-06-10 22:57:47', 1465599489, 1),
('C8RBw8bVVgxw7uMOSyAJWDANpWuYqWKy', 1, '127.0.0.1', '2016-04-22 17:57:21', 0, NULL),
('CBvwobXdlS35FkfVFV5qvum7GnIo8w0T', 1, '127.0.0.1', '2016-04-26 16:15:27', 0, NULL),
('ccsGVpLg2l3ZKXXgCGxhqk8naLaanZc2', 9, NULL, '2016-06-09 23:24:44', 1465514807, 1),
('CcVsAIfLUaUguZeKOkEXFDoOF6c36yYB', 1, '127.0.0.1', '2016-05-14 01:09:47', 2147483647, NULL),
('CDfuDK95tiw0qw5sCWPMSVT2zmu7a1Pu', 1, '127.0.0.1', '2016-04-15 22:26:09', 0, NULL),
('CGEW46YCUSSogtgUqqFKSMHYzAM4mls2', 1, '192.168.0.107', '2016-03-07 06:00:06', 0, NULL),
('Cgnc5RXhRL9oiUokgsmzE8nTALiBAODA', 1, '', '2016-02-23 02:46:39', 0, NULL),
('cIBbW6vVRn4OivVZeUeGKdk6Bb4AXAIz', 1, '', '2016-02-26 01:28:57', 0, NULL),
('cJR0bcpMHADRAZWuKg8fKMTRHyE5ueku', 1, '127.0.0.1', '2016-04-18 21:20:38', 0, NULL),
('ckwVNnUAu2HAFxcY4Nq049lRIZnDxmvm', 1, '127.0.0.1', '2016-04-18 20:21:07', 2147483647, NULL),
('CL4ocMTeYZRJ1bon4Ow29KZUzouqCdht', 1, '127.0.0.1', '2016-04-26 21:28:29', 2147483647, NULL),
('cq2LnehAooyuKgHlil5fkPesyclRhs0p', 1, '127.0.0.1', '2016-04-06 19:15:57', 2147483647, NULL),
('Cq8hYmuEo0iEN7n0ciSLOvoS6ZkY3Tmn', 9, NULL, '2016-06-09 23:16:02', 1465514169, NULL),
('csWgiFU5UxXXw8WRp5DLhJnC3iSyNUEZ', 1, '127.0.0.1', '2016-05-16 17:39:38', NULL, NULL),
('CtKPBhqgheN9EtwdCTkJFlioMqyYlB0y', 1, '192.168.0.107', '2016-04-26 20:11:51', 0, NULL),
('CUepU3K6IJe5iEnTwFRXsSWWuaVNHknm', 1, '192.168.0.107', '2016-04-18 19:32:35', 0, NULL),
('cWCC0GqOGeUghGkX8NSGCVH6wRBUuUs7', 1, '192.168.0.107', '2016-02-23 22:31:55', 0, NULL),
('cwD88WbJ4HJbMZvymUPXHuWV88w42hPo', 1, '192.168.0.107', '2016-03-31 18:36:29', 0, NULL),
('CXuv9OU5BUIKgEp0WKS7CY8gLMuMylN6', 9, NULL, '2016-06-09 19:43:41', 1465501472, NULL),
('cxyHGZuABR75SoGfKUguIb4ImnVa1uWl', 1, '192.168.0.224', '2016-05-20 22:29:26', NULL, NULL),
('czTHCIK2RxvYXLpGuJEh3sAgsOSxqSE7', 9, NULL, '2016-06-10 17:18:03', 1465579606, 1),
('D14uXLA5fumEUzuY4LBYRFKIwbUXxKi6', 1, '192.168.0.107', '2016-04-15 18:26:45', 0, NULL),
('D1XNZWa7ie0Yc3vdLPDJ3Rhy0Z6RwLsK', 1, '127.0.0.1', '2016-04-18 20:42:39', 2147483647, NULL),
('dBTz3x0Uzuyn2FqgRmk9hJOW9Vs1d81t', 1, '127.0.0.1', '2016-04-15 16:55:44', 0, NULL),
('dC2Cvou357DHh9mzOUeHVz7Kswo26EOC', 1, '192.168.0.107', '2016-03-07 05:46:29', 0, NULL),
('dChOXzIslgUTGyhHlmxCPNu84zE1pu8m', 1, '127.0.0.1', '2016-04-12 14:56:31', 0, NULL),
('dESMe2be1kfGdIYxggv20GpfK0iYFZzq', 1, '127.0.0.1', '2016-04-26 18:49:17', 0, NULL),
('dF4bq6veGuUyBEIXLo5NuP4ggoSA91dD', 9, NULL, '2016-05-26 21:41:09', 1464298880, 1),
('dkVwpq9gzLB0z70ElXPYoxlUnlzRIugH', 9, '0', '2016-05-25 21:55:57', NULL, NULL),
('dKYT444t808hbnsAD0iqX5Luchu0yusF', 1, '127.0.0.1', '2016-04-29 16:14:50', NULL, NULL),
('dM5JPwapkBSOWWUC9UGd3K8UStWVeso7', 1, '127.0.0.1', '2016-05-04 22:32:19', 2147483647, NULL),
('DNPYkPgHBvzCAXe90Eu9R28gaft8hXV9', 9, NULL, '2016-06-10 16:33:21', 1465576415, 1),
('doYsyyiO7gwCwTXKgoudekoYSPBxAHyo', 1, '192.168.0.107', '2016-04-15 18:30:31', 0, NULL),
('dq6VFaYmOkGCVzZmKnazmDqThfGvUwXZ', 1, '127.0.0.1', '2016-05-04 22:17:25', NULL, NULL),
('DSeLFTEuJ22yUKlqOFY9VgTRi6GMmlOM', 1, '192.168.0.107', '2016-03-06 20:59:47', 0, NULL),
('dTCOkvflFcUphiIZy2YXx6YWOlW4MgHp', 1, '', '2016-04-18 14:27:32', 0, NULL),
('dUmd1wmBvTS9g9bk04bLJYFDwfnGPqKu', 9, NULL, '2016-05-25 22:51:27', NULL, NULL),
('dw9cBnOhdVv7nuugztuIY7ql0MZZKMTE', 1, '192.168.0.107', '2016-03-07 06:45:50', 0, NULL),
('E0u7fqmf3XuUbPHg0csJaueHLcMCgc36', 1, '192.168.0.107', '2016-04-12 16:43:56', 0, NULL),
('Eae4iu51eBwC05ducJXUNXShkLtmaxZC', 9, NULL, '2016-07-16 17:44:54', 1468691626, 1),
('EBUehgncpP3HUCbmaFu1MC14YDfdL4Jm', 1, '192.168.0.107', '2016-04-07 18:03:41', 0, NULL),
('eEmCSy7MuG4mAyN232cqyUzgHEnddJVw', 9, NULL, '2016-06-09 17:24:20', 1465493079, 1),
('eeYOGzgh9DA44EDaOGHHbLvFvUYgdBl7', 1, '192.168.0.107', '2016-03-28 21:50:18', 0, NULL),
('EfGhd6wJCXoECgMCtdxCwuRIL1qC7Jvt', 1, '127.0.0.1', '2016-04-21 17:12:33', 0, NULL),
('EgdBdNSLR8TqPcfGKD6p5oNNgvXTXuhs', 1, '127.0.0.1', '2016-04-18 21:09:01', 2147483647, NULL),
('EgguzcUPBci0yvXLKMsGKlu0x0lWgmsw', 9, NULL, '2016-06-10 17:57:53', 1465581666, NULL),
('ehaiZvnbfbJGgye4s5Suwob7dEZN4NWc', 9, NULL, '2016-07-16 18:37:31', 1468694334, 1),
('eHovVa2hK6gwqpipD5ZDSgv9fAz6VfPP', 1, '192.168.0.107', '2016-04-15 18:29:18', 0, NULL),
('EkoAGk18unACuu1yoa5fYEtImgdxgq15', 9, NULL, '2016-07-16 17:23:28', 1468690123, 1),
('eL5EJvPhBUFbM7HIz75J45x4tLoFe3oU', 1, '127.0.0.1', '2016-04-26 16:54:47', 0, NULL),
('embuDWsHR1GiIz9sHGlEwwKSCtfLuuTJ', 1, '192.168.0.107', '2016-02-25 17:47:52', 0, NULL),
('EpPPpAzXVWu9Z2iIJIf6yOmbzfeeNVlS', 1, '192.168.0.107', '2016-04-19 20:14:46', 0, NULL),
('EtVRzWB7u2TtVivZAicDCKpR6Vsxlt2g', 1, '192.168.0.107', '2016-04-28 15:48:50', 0, NULL),
('ew0lu1XKSfM6VR5Uyx8M5wCsP2x5xYcO', 1, '192.168.0.107', '2016-05-03 18:23:37', NULL, NULL),
('f0bKBGVmUhUsJi4WhEEPyUSwOe5VTk41', 1, '', '2016-04-24 15:25:49', 0, NULL),
('f0zg8e1ZKT0IwUGUdpaCm1Lkv2uiTNwX', 1, '192.168.0.107', '2016-05-04 19:06:49', NULL, NULL),
('f4UVfpzpopcREYvcFdBK9c5vFeXKgBAz', 1, '127.0.0.1', '2016-04-19 18:57:45', 0, NULL),
('F7Vuu7VGl5tksymcpfWGOSPIgDNwAK92', 1, '192.168.0.224', '2016-04-21 02:51:29', 0, NULL),
('f9dxDqeH8ZwMe2tgocSlS5PMe84bbUDI', 11, NULL, '2016-06-29 21:32:58', 1467236135, NULL),
('FAg705sxmDECX70aUgKkhuEkYYchVz33', 1, '127.0.0.1', '2016-06-11 16:51:47', 2147483647, NULL),
('fAiZqw09p3MGugAg2Kgz8x3DuhyRl52P', 1, '127.0.0.1', '2016-04-16 22:56:51', 2147483647, NULL),
('FE37x7DDcISumiLJ0CtukUYyfcunieXJ', 1, '192.168.0.224', '2016-04-21 02:15:43', 0, NULL),
('feRghLcYdyugYSJbUagkWSvuy98sX8HL', 1, '192.168.0.107', '2016-03-09 19:53:01', 0, NULL),
('FeuWVDoxfXNoPhpmMM2TsM3kWmPIpyGK', 9, NULL, '2016-05-26 22:02:32', 1464300175, 1),
('FFkyk4DeKYwVc4pUZuYhoE8Lv51SCUVG', 9, NULL, '2016-05-26 23:34:21', 1464305673, 1),
('fK3AgDyGzV1EZ5FaTvHC86upueTUx6s5', 1, '127.0.0.1', '2016-05-10 16:58:04', 2147483647, NULL),
('fkE0KMzJqUvqTg7TiOFuwRgtzTnnfvsy', 1, '127.0.0.1', '2016-04-21 23:15:10', 0, NULL),
('fkJLdVylMBhXbbBGTivWq7pv1eqC41iF', 1, '127.0.0.1', '2016-04-21 19:49:33', 0, NULL),
('FM9ugGRqhJO1UhzZyN1n49o0uFeWfMAc', 1, '192.168.0.107', '2016-04-26 20:44:32', 0, NULL),
('fmUKgKlIXvkWYzAEgTph1qP4fR4at5O7', 1, '192.168.0.107', '2016-04-26 20:22:10', 0, NULL),
('fnqlYw2JMmpg2hMkpJiUEdqF907U85AU', 1, '192.168.0.107', '2016-05-05 15:46:03', NULL, NULL),
('FOEW2AiAmMtlbuCxHRh4RRJZTczUCaVo', 1, '127.0.0.1', '2016-05-01 22:31:34', 2147483647, NULL),
('FP5T2hmPBM1iNtIh8EZnvw4h70WucSeB', 1, '127.0.0.1', '2016-04-27 22:08:39', 0, NULL),
('fpLZoNlig2sWY6m2bW9vIUt6YsfGbMDC', 1, '192.168.0.107', '2016-02-22 22:37:38', 0, NULL),
('fqvJnAeHWNvuzlouAuZsA8NTlJyOPzsg', 9, NULL, '2016-07-16 19:08:41', 1468696289, 1),
('FRbyctHW5uhkU7NmK1509Mksi0TiMYWZ', 1, '192.168.0.171', '2016-03-29 04:39:49', 0, NULL),
('FTDAWtwR05GlpZGzMCMSmXu9ltH8sE0w', 1, '127.0.0.1', '2016-04-07 00:46:45', 2147483647, NULL),
('FuMmmMxOdLUJizJuBvwUAZl6guLgXlUE', 1, '', '2016-07-17 22:47:44', NULL, NULL),
('FUpspBTk4O6s3Dv1p1uZII7qWFYMwvaJ', 1, '192.168.0.107', '2016-05-03 19:28:10', NULL, NULL),
('FUs634AwmOg2CU5e2ttHTORSI6cuULVJ', 1, '192.168.0.107', '2016-04-26 20:22:46', 0, NULL),
('FyMYeDaS0fNIoUiEI1PkyUusa0TFMvmi', 1, '127.0.0.1', '2016-05-23 00:32:58', NULL, NULL),
('G44z7D5KF2RYEqzMR9cHh3GUIMAYqJlt', 1, '192.168.0.107', '2016-04-26 19:31:00', 0, NULL),
('g5iaqH89e0FKu7LbVivHy7tW2s1WzNdE', 9, NULL, '2016-05-26 17:55:27', 2147483647, 1),
('GBFgZuGC1dWMkDcyanOzgICpliFbeuV6', 1, '127.0.0.1', '2016-04-28 16:39:03', 0, NULL),
('gc5esd1UuTsXtARbkbRNSyVvtpaIDPwh', 1, '', '2016-04-18 23:08:35', 0, NULL),
('GCHyam9KLULUM4soTUgel2LK0UP7ZYXa', 1, '127.0.0.1', '2016-04-12 14:39:29', 2147483647, NULL),
('GEK5RwBuJwm9NhxA7KePcdpJB7uYTAvc', 1, '', '2016-05-12 21:11:16', 2147483647, NULL),
('GFvU3KRZqk0qlkLiqMB3UlUN2uZeo4ZY', 1, '127.0.0.1', '2016-05-15 17:58:19', 2147483647, NULL),
('GGTEyIV2SKLSv1GNZqmcffNJLk2KIB2P', 1, '192.168.0.107', '2016-05-05 16:18:22', NULL, NULL),
('gHNTTgpoY9f0JFK2wCv11xX1Fxm8yZoR', 1, '', '2016-04-26 15:36:22', 0, NULL),
('Gi2N01ptukdz40mBu6hLMKgHYXN5TM5I', 1, '127.0.0.1', '2016-04-28 22:47:53', NULL, NULL),
('gJn2KMeOEmGRPAvELZ1iVll8MBZnA43W', 1, '', '2016-04-15 05:33:36', 2147483647, NULL),
('gk1hCtRXcwazB08G9xDd78fJOFuhsezP', 1, '192.168.0.107', '2016-02-22 21:31:52', 2147483647, NULL),
('gktgfukgyqag7uvMSiT6gNCo52FqUuYt', 1, '127.0.0.1', '2016-04-19 18:25:20', 0, NULL),
('gMn0EagA04ZHDgfeAyn7MJEK3s3iwie4', 1, '127.0.0.1', '2016-04-19 18:44:50', 0, NULL),
('go5pvABqH5YMXHdq1ODAuKC8gLtlNbeZ', 1, '127.0.0.1', '2016-04-21 18:58:46', 0, NULL),
('Gog96oagf3qmLGDZ2I8UoKagdv1URaix', 1, '', '2016-02-29 16:31:07', 2147483647, NULL),
('gOZ3keYdX5al0a8OefesAwNlUitai6AR', 1, '127.0.0.1', '2016-04-28 17:23:30', 0, NULL),
('gPfEJ95Rpn54q2U1G7wDJuxML5yLAiLg', 1, '', '2016-02-23 02:45:41', 0, NULL),
('GpfVC6g3hO7hlushS0u8dHauCExvfxpg', 9, NULL, '2016-06-10 21:35:38', 1465594664, 1),
('gRaIkB6lvzMWBYzDNoxpKyGXITWZULEH', 1, '127.0.0.1', '2016-04-26 19:05:08', 2147483647, NULL),
('gRLXUU7fJPuDun6EsJw6C3f12LGfnpJp', 1, '192.168.0.107', '2016-04-26 21:07:25', 0, NULL),
('gRnZcNSw7u6tttu3VNPyIiVAnUvsC2f0', 1, '192.168.0.107', '2016-04-26 20:47:54', 0, NULL),
('gSm3Cx7sq1OSm56GhulGkR3N7nPtHcPy', 1, '192.168.0.107', '2016-03-28 17:02:13', 0, NULL),
('gu8diLuf1u7uaJeqqUGu6KJmXWHB4GhJ', 1, '127.0.0.1', '2016-05-05 16:33:49', 2147483647, NULL),
('guiiUHG33Gz0cnSbcSX5I9Bll9EfPoRn', 1, '', '2016-07-09 02:48:38', NULL, NULL),
('gV8iJpRlx0hF9U1uomLBa5udNnf5cluc', 9, NULL, '2016-06-09 23:18:53', 1465514406, NULL),
('gWV07dWWlzdVqNDRehBi4ghRSC9LglON', 1, '192.168.0.224', '2016-04-24 01:42:11', 0, NULL),
('gxMnvguxcGdWL6MZH14gEK20aqtbpgvB', 1, '192.168.0.107', '2016-04-21 16:27:08', 0, NULL),
('gydulO9ZXS7ZNmoWlzW65YuMzM0MC4u4', 1, '192.168.0.224', '2016-04-24 01:55:47', 0, NULL),
('GzSHTNCz5eTUUDqU2hqTuIKYvABAVmTb', 11, NULL, '2016-07-18 18:14:54', 1468865886, NULL),
('H1SFa8FbgUeTwylVSMV3dDD2k35iITeR', 9, NULL, '2016-05-25 23:11:48', 2147483647, 1),
('H4MDywYwkUYzdYglK8cc98bhSmXNcRq7', 1, '127.0.0.1', '2016-05-04 20:42:20', NULL, NULL),
('hBFbHuSX4ytEgiRXDEdXshwAz5XS4qbu', 11, NULL, '2016-06-11 19:08:04', 1465672084, 1),
('HCEg39i0hw3wBlmwLNzJm7mt3uPS8NW0', 1, '127.0.0.1', '2016-07-18 17:13:09', 2147483647, NULL),
('hCs2JFK3nUgGCZ8azozH2FLgyothAP0F', 1, '127.0.0.1', '2016-05-04 20:26:56', NULL, NULL),
('hgBUMB30J7PaVaKhgJEU9754sMICzx17', 9, NULL, '2016-05-27 16:59:43', 1464368463, 1),
('hifVsaaE3y38AiNoVXq0fTEu60ZydRvG', 1, '127.0.0.1', '2016-04-26 21:28:20', 0, NULL),
('HIu3IT2SoULULDtaM2JbUeRYbcup3D4f', 12, NULL, '2016-06-10 22:40:14', 1465598417, 1),
('HmOz0spSl0knUCwnMvuLU6iUdOu3TxLG', 1, '127.0.0.1', '2016-04-21 20:32:57', 2147483647, NULL),
('hN2UVPiqKu9tv64kpuDauauO0bXgemOt', 9, NULL, '2016-06-09 20:36:13', 1465504950, 1),
('hq89RgDNX6kgFAH7Ts17sbOg05WlDYkq', 9, NULL, '2016-05-25 22:55:53', NULL, NULL),
('HuB4wGUStCaS9aXutNT4LknRmWCShkXA', 1, '127.0.0.1', '2016-04-21 17:01:32', 0, NULL),
('hUmEOa7YXbs6M3iWN0v4p4BlOil6cuKh', 11, NULL, '2016-06-10 22:10:16', 1465597136, 1),
('Hux9JDaZHeEEHabU7dUu6ANlpdY3GnTx', 9, NULL, '2016-06-10 18:23:58', 1465583196, 1),
('hV6EIviB52WggtHUtn79cGKFO576uZc5', 1, '192.168.0.107', '2016-04-27 22:30:18', 0, NULL),
('hVUMtZD586gMR5tZGe3wkmN8WUh4td1R', 1, '192.168.0.107', '2016-03-07 06:38:32', 0, NULL),
('hWUo177UZVtuDk5GaChJ3uIU4Z1EnJSD', 1, '192.168.0.224', '2016-04-21 20:58:17', 0, NULL),
('hxiJb5nS7k9LgCn32kKBN9tgZVatT7g7', 1, '127.0.0.1', '2016-05-11 01:46:26', 2147483647, NULL),
('i2ZJCK6g7fTq7UgIGWgeNdCGb3gg7MyH', 9, NULL, '2016-05-26 19:52:18', 2147483647, NULL),
('i506gtPxmuOOONvNmXGttm4PgaofKMpV', 1, '192.168.0.171', '2016-03-31 21:29:36', 0, NULL),
('i8Ag1uFcupoIUdlCDBckKumVy014BwqW', 1, '192.168.0.107', '2016-05-05 16:22:43', 2147483647, NULL),
('I8oIOmBlTPiSV99pUZLFxRBGc7Oc4GmP', 1, '192.168.0.107', '2016-05-04 21:36:58', 2147483647, NULL),
('i9KYnWdnMappZDVk3e8EfUZN0UxlfaXh', 1, '192.168.0.171', '2016-02-26 01:47:18', 0, NULL),
('iCLXAAPL4UpUWBt20eASOHSg1UZyFmI2', 1, '192.168.0.107', '2016-04-28 19:13:32', 0, NULL),
('icUJR32baoZTXGLu0Uu7OuDa2oX0M3Ox', 1, '192.168.0.107', '2016-04-28 03:01:22', 0, NULL),
('iDT23fWdUMsuiyODhwzVgWiOY0CgJVZk', 1, '127.0.0.1', '2016-05-30 16:35:41', 2147483647, NULL),
('IDZulOVAl4l5VUImsvgxCkwTAMMPkhyP', 1, '127.0.0.1', '2016-05-16 17:39:38', 2147483647, NULL),
('IED69uUPubFLpvslCt2OY0iCy5WGtzkJ', 1, '127.0.0.1', '2016-04-21 22:01:56', 0, NULL),
('IEZzgdAUfcuD07UXwEVq0s1ef8SHDW9s', 1, '127.0.0.1', '2016-04-23 01:02:23', 2147483647, NULL),
('IJVO2sezo7UCq72kGBCVMHU7ZR1y05Mp', 1, '192.168.0.107', '2016-04-28 02:06:19', 0, NULL),
('IKcIVYDpBfLDwZkAwlJpRPu348LiV75p', 1, '192.168.0.107', '2016-04-11 17:37:57', 2147483647, NULL),
('IkORmCRpD0eShgA9U4iYLsx0VZ1qcpwl', 9, NULL, '2016-06-10 18:14:39', 1465582483, NULL),
('ikTS4uDV3vAF2DzFgKpfeSbXnMwDk5BJ', 1, '127.0.0.1', '2016-05-04 22:27:40', NULL, NULL),
('ImTPdYCVyBtwu8T6fk1Kv65I5xnUit7V', 9, NULL, '2016-06-09 23:23:12', 1465514626, NULL),
('iOhblRUXm5Ww7pWSnefBSAN2Py97ZafK', 9, NULL, '2016-06-10 18:52:20', 1465584854, 1),
('ip4M9yszLm8AZMfpI2VNElhsUInb4l9v', 1, '192.168.0.107', '2016-05-04 18:07:23', NULL, NULL),
('Iqx6vOywashNfC4t9nKIKusmLDlXc5wz', 1, '', '2016-05-12 20:39:30', 2147483647, NULL),
('IsRg6zvKaZ1g3BZBMphSDg2FFgPRpnuz', 1, '127.0.0.1', '2016-05-15 19:10:53', 2147483647, NULL),
('ItINc4sYvGbT44SYbLHuaEUzs7uX5Lkk', 1, '127.0.0.1', '2016-05-11 01:02:08', 2147483647, NULL),
('ItpeEidbqXgHPmy5IHNEUPgHH6cssVdT', 12, NULL, '2016-06-10 23:24:13', 1465601116, 1),
('ItZi4Low53FuYtuT3u3HmAWl3ZY35qfu', 1, '192.168.0.171', '2016-04-20 15:43:20', 2147483647, NULL),
('ivXqsvu01uB1wpXUxkV7Ng44Z8gRAchf', 1, '192.168.0.107', '2016-02-23 22:27:02', 0, NULL),
('IXyuiq1cRES63UaLS9XvmDxPBwgN8Mu9', 1, '127.0.0.1', '2016-05-16 17:24:32', 2147483647, NULL),
('iypagn7KwTEk3tlMFFUmUvcTIUEa2LUG', 1, '192.168.0.171', '2016-05-14 02:57:53', NULL, NULL),
('IYPEIwIHRE28OtqiPSJEqM2texL5yDHn', 1, '192.168.0.107', '2016-04-20 17:11:57', 2147483647, NULL),
('iYqlhi0wWpuI6ixlwDv2wU2OHS8XgUiE', 1, '192.168.0.171', '2016-03-06 21:00:56', 0, NULL),
('J1BqGZFPaP167vLMLNf2RXiDTUgTp1Il', 1, '127.0.0.1', '2016-05-10 20:30:18', NULL, NULL),
('J8leAHHEwKeeOM6PpqmRFkdC6UhAITMo', 9, NULL, '2016-05-28 16:59:21', 1464454818, 1),
('JA8Va6NYUgIpgb9uug266TpFgzSwc1Kf', 1, '127.0.0.1', '2016-05-31 19:15:52', NULL, NULL),
('JAuug7U7b5Y40IC3287qpgAnWE29T5Yg', 1, '127.0.0.1', '2016-04-16 15:54:08', 0, NULL),
('JBNUwv5ytDafnXcE69k2J08x0GWHCTMM', 1, '192.168.0.107', '2016-04-28 16:28:23', 0, NULL),
('JDwfWGfR8LbSwtba3hUpEgEWqDTv98AU', 1, '192.168.0.107', '2016-03-31 16:44:34', 0, NULL),
('JGEvSElR7GZHtem8ESopZpy92F3alPn8', 9, NULL, '2016-06-10 22:57:09', 1465599458, 1),
('JgtHqxKhblZGwGTLLgCGC3glXPumk4O0', 9, NULL, '2016-05-26 21:12:40', 1464297528, 1),
('JHU3Vqh5TnGwGdnqR9XuUkt2zbyXlSBm', 9, NULL, '2016-07-16 18:27:02', 1468693646, 1),
('JIDBkXg4IDwuwXkScbPoBzKGJS5si5oS', 9, NULL, '2016-05-26 21:19:36', 1464297581, NULL),
('JpeMtUMO1Fxu7Kuba1KqV5Zok8VbVDae', 1, '127.0.0.1', '2016-04-28 17:03:12', 0, NULL),
('JRlV9V1XemBwdxnzaK7RZHhiGgtgxNak', 1, '', '2016-04-07 19:48:55', 0, NULL),
('Js874APPCp7B95hfen5To9GBkHhNigA3', 9, NULL, '2016-06-10 17:12:16', 1465578739, NULL),
('Jz0w7GklKYqdYeI5S4I3GyRdFAvZyE0U', 1, '', '2016-04-16 00:12:44', 2147483647, NULL),
('JzdqVvkgNoKGsvSCBdNgJqAqfRX5DfB5', 1, '127.0.0.1', '2016-05-15 22:33:19', 2147483647, NULL),
('JZUWHv9AFhcuKSKC1DnlaeSeN85SVgdy', 1, '127.0.0.1', '2016-05-30 16:31:02', 2147483647, NULL),
('K1zKO1m8dadWe1VloCkO3NdAKPetX18m', 1, '192.168.0.107', '2016-04-12 15:27:12', 0, NULL),
('k498JbxX6afl9LkKtWu9WttVpUCGYaco', 1, '192.168.0.107', '2016-05-04 21:02:11', 2147483647, NULL),
('K8xtYvmB7PyouCAbt5GZRCydK2gOOlMV', 1, '127.0.0.1', '2016-04-26 18:41:47', 0, NULL),
('KBYWa2lXv3Bv4vlMTKP3AUPRg2gmpZiZ', 1, '', '2016-07-18 17:23:03', 2147483647, NULL),
('kCaEgY5KBg1b4g2w5lmPOsX00OodovI0', 1, '127.0.0.1', '2016-05-10 20:29:55', NULL, NULL),
('kdto8qEU3dK9KflqqN14CuO16plu0InU', 1, '127.0.0.1', '2016-04-18 21:06:12', 2147483647, NULL),
('KF7YneZB6XyqP2IMvgUs9HfJ340NdUgK', 9, NULL, '2016-06-10 16:33:43', 1465576991, 1),
('KGUheyy9iJp8HuI6Odgp1m2SInfvKSL8', 1, '192.168.0.224', '2016-07-17 18:35:38', NULL, NULL),
('khCeteIUWsqYPucIegwcsn68OZMLM21m', 1, '198.105.244.11\n104.239.213.7', '2016-04-01 16:03:09', 0, NULL),
('KIxsMtIJFuvCtzoVuitc83tUsvCsGx4R', 1, '127.0.0.1', '2016-04-12 14:54:02', 2147483647, NULL),
('KkuxaWgSOMc0S2PslHXdxPy8yAgnHuGB', 1, '', '2016-03-06 05:36:31', 0, NULL),
('kLgD0dRPpZZG2kG3EnwdttmsiuW7RvJh', 1, '127.0.0.1', '2016-04-28 16:50:55', 0, NULL),
('kqBobVk86li9YGOeM3igD1tZTVN0fXgE', 1, '127.0.0.1', '2016-04-24 22:30:35', 2147483647, NULL),
('KunPlXUl7YZzLN9OuNLvAVL0FpRuH5kD', 1, '127.0.0.1', '2016-05-30 16:46:12', 2147483647, NULL),
('Kut94YUN2aXw6Hq8bz3PR6ASannsG1ow', 1, '127.0.0.1', '2016-04-15 16:53:59', 0, NULL),
('KVzHCuaUoYdERE19ZIZcw9uPaX84N5Mu', 1, '192.168.0.107', '2016-05-05 16:24:50', 2147483647, NULL),
('L4VUNqPXWadWFMu4UDgbNDtq5GUNkm9g', 9, NULL, '2016-07-16 19:46:49', 1468698422, 1),
('lABEPdUoZThmfRge8ocddIlB79zMCclc', 1, '198.105.244.23\n198.105.254.23', '2016-05-29 04:22:23', NULL, NULL),
('lAbIC9XgO7MTFcTsKE61uKVlEVgDDNRV', 1, '127.0.0.1', '2016-06-05 18:20:12', 2147483647, NULL),
('ldn5n9aepuqBl0PW96ZBvNn4xKgKPohX', 1, '192.168.0.224', '2016-03-31 03:17:10', 0, NULL),
('LEPdUfX760nM8NHZdxFLvFuXzgzv7Xag', 9, NULL, '2016-05-25 22:51:40', NULL, NULL),
('LgAKGfB12n5LbWGgB3X08zDlXL4Aum5l', 1, '127.0.0.1', '2016-04-17 22:25:47', 2147483647, NULL),
('Lgu3FYzcENsNzGSKWZgggGGIbAoug1F7', 1, '127.0.0.1', '2016-04-21 18:44:05', 0, NULL),
('lkfCamgAs2F2zwedCotYUNFz0yvlFWfI', 1, '192.168.0.107', '2016-05-03 21:46:39', NULL, NULL),
('lKLagfzqXcpKhe2N2T4B6w1uU1Le3FCb', 1, '', '2016-02-25 17:45:49', 0, NULL),
('lkLdhd1tKf70Fu7RhNm2UkVdqoDKE3MU', 1, '127.0.0.1', '2016-04-06 20:16:04', 0, NULL),
('lMU4tm7CC6lnWpYEGDNeowNfgBoglimq', 1, '192.168.0.171', '2016-05-10 16:21:32', 2147483647, NULL),
('LMuELC0eiEgNFi28nUR8pe19ZlXsLCe1', 1, '127.0.0.1', '2016-05-22 22:28:54', 2147483647, NULL),
('LnJ3CIUm2vyKG3vMPtReBfJ9zv8NHcds', 1, '192.168.0.107', '2016-05-04 18:51:40', NULL, NULL),
('LO1WvbHuBUYZPShqHv9EHGSGVAxAxCSK', 9, NULL, '2016-07-16 18:03:32', 1468692510, 1),
('lOyR2wq7aTgpFgp2lVt90guO4WyoxT5P', 1, '192.168.0.107', '2016-03-09 19:46:18', 0, NULL),
('lR1D6gmyMRi9x2tUFc8XEdDtVNvlDGzg', 1, '', '2016-06-13 04:50:29', NULL, NULL),
('luAttvyOAO0Iobzkv2odOiolO8CGo2X8', 9, NULL, '2016-07-16 19:44:32', 1468698317, 1),
('M0hBKaK3zxG0PCvNgIpyKLziLCXEHUJU', 1, '127.0.0.1', '2016-04-26 19:00:11', 0, NULL),
('m0ZtIZp5Kq128YhmXc5oILLqeSWvYCo8', 1, '127.0.0.1', '2016-04-29 17:47:40', NULL, NULL),
('Mb9dqE0Y5bTvo6BcYJWuynZk7BS7Vvun', 1, '127.0.0.1', '2016-07-16 17:27:03', NULL, NULL),
('mBGLSDYFKbNY9Rh4PJp2AsessA6I6wgN', 1, '127.0.0.1', '2016-05-11 01:00:19', NULL, NULL),
('MCDD5pIVE4Ceyz17einRCAA6x9zmxVW9', 1, '192.168.0.107', '2016-04-26 17:49:05', 0, NULL),
('mDh72qUphbcGGqVV1gsBGHSVPv8v134b', 1, '127.0.0.1', '2016-04-21 20:21:55', 0, NULL),
('mdJ0gzuEIUuqJcHUgKsPF5XGVpdg7XFm', 1, '192.168.0.107', '2016-03-07 06:29:38', 0, NULL),
('mduicvAuGYLaTkZTEaelPh6gPcdu0AsX', 9, NULL, '2016-07-16 18:39:03', 1468694369, 1),
('me0RB3CuweC7J4XkZd7fAwmXYTJZ7Ngt', 9, NULL, '2016-05-26 21:35:21', 2147483647, 1),
('MgaXCCFY9mc7qSpc6z73JukBtUGOpH38', 1, '', '2016-02-27 05:56:13', 0, NULL),
('mgCz9oSJUhxiJmXAGViitXLRSSgZEU5t', 1, '127.0.0.1', '2016-05-16 17:55:07', 2147483647, NULL),
('MIifAfPiJpTD97pvFD68pZkFc9zsW35N', 1, '127.0.0.1', '2016-05-05 15:26:46', NULL, NULL),
('mlRvBFSXLv0ZUdSZhFUognBl6EmBt9ut', 1, '192.168.0.107', '2016-04-26 17:45:39', 0, NULL),
('MmhbTDUL0cXBwi5SdoGuuwc504eGtRVW', 1, '127.0.0.1', '2016-04-21 16:49:59', 0, NULL),
('MP6GVVy1AuVNgwwtagxyhEkimwZ2sLOl', 1, '127.0.0.1', '2016-04-19 19:04:27', 0, NULL),
('MPgY5PfqGxOqg7oXLSc7KpTUR51zZqpo', 1, '', '2016-07-18 04:43:08', NULL, NULL),
('msq6XxRn0U6IOiLatlGCOJYpdpoeIuYo', 9, NULL, '2016-05-26 21:59:41', 2147483647, 1),
('MUYqfsdPXFMb7KygD0c616BTUibhkTbO', 11, NULL, '2016-06-11 05:28:57', 1465623046, NULL),
('mXoBOLvcgNHIpaLV4hLDyeULSpyYyvR4', 1, '127.0.0.1', '2016-05-05 15:24:10', NULL, NULL),
('MykFgmW1VoIiXtvW0LEmZut9iET5Ju2o', 1, '', '2016-07-18 17:40:04', 2147483647, NULL),
('mzmc6Dod1WD9coXzPa7M0x72Ft1ZIe5G', 1, '127.0.0.1', '2016-04-06 20:42:05', 0, NULL),
('mZU44Iusgm93g1zkBMuxAyJpmeD2mZZi', 1, '127.0.0.1', '2016-05-05 21:07:50', 2147483647, NULL),
('N1fokKnu2yNEV3MTMhbOvMvk1VFT2ZKO', 1, '127.0.0.1', '2016-04-19 02:50:41', 2147483647, NULL),
('n30FgugPnb1h65xsX4fUE2X4RP2MPsOO', 9, NULL, '2016-05-26 23:33:00', 1464305580, NULL),
('n3siIkTMOgzgu2U3RzCUiRxcl9axch6A', 1, '', '2016-05-11 15:58:46', 2147483647, NULL),
('N4FsRWkOAR5SBJ4au73p9MEgYBH1bW2T', 9, NULL, '2016-06-09 19:51:39', 1465501904, NULL),
('N4KnuMqygYA7XRgCEba3wc0f014EZR4u', 1, '127.0.0.1', '2016-05-28 01:07:17', 2147483647, NULL),
('na8VqD4Ig7k5H5U4tPGTTfHFpHcCTcYJ', 1, '127.0.0.1', '2016-04-28 16:29:52', 0, NULL),
('NaGu4imGgYahzZb4ui09b1dSMKGgFiwW', 11, NULL, '2016-06-14 00:18:43', 1465863593, 1),
('nBgzhMSqlODT0WVDHemPxhXDfl4U0FPC', 1, '192.168.0.107', '2016-03-07 06:34:00', 0, NULL),
('NBsiovHc8XRasgVqdkenMDUAwC4auEDh', 1, '127.0.0.1', '2016-04-12 17:01:36', 0, NULL),
('nDUste15hbK4xftz4uJKSuiYyd9zpNhq', 1, '192.168.0.107', '2016-03-07 06:42:26', 0, NULL),
('NFU1KYUfv10GXBZ0mgAuofXUaEM3ARVn', 9, '0', '2016-05-25 22:09:03', NULL, NULL),
('NgzNa0sPT0qbUZiA8JWH39cEOdobngGF', 1, '127.0.0.1', '2016-04-12 17:17:59', 0, NULL),
('nHoTWOkEzMDhWmAtugghAKySUwSZ6LgK', 1, '192.168.0.107', '2016-04-11 17:21:36', 0, NULL),
('niMuUFFc6aDfzbI9kA21InAYLEnqLm3G', 1, '127.0.0.1', '2016-04-20 22:02:32', 0, NULL),
('nMkO5uS6M3UvXpvmeeu5oKDmgxPDMpP0', 1, '192.168.0.107', '2016-03-09 20:09:18', 0, NULL),
('NnN9BUd0XDUmILlg5eDKpmSiMg5RfBuB', 1, '192.168.0.107', '2016-02-23 18:25:07', 2147483647, NULL),
('NPak3FeZ3dGIT1Xu24g4eFoXy1UHK7hP', 1, '127.0.0.1', '2016-04-26 16:28:12', 0, NULL),
('npc9GEJ3aouxC88MOysp7BeTeThahVMu', 11, NULL, '2016-06-15 20:58:38', 1466024331, NULL),
('NPo0b1fFuWb7gMgvv2fhglKkyxy79Nkb', 1, '127.0.0.1', '2016-04-27 02:37:05', 0, NULL),
('nRPvSsVcLeWKXnZpABIiNGLotiYulaKi', 1, '192.168.0.107', '2016-05-05 16:18:44', 2147483647, NULL),
('nUBcLguAlyKwuDHAU0nL2SCq1JyZ0KUs', 9, NULL, '2016-05-26 19:51:29', 2147483647, 1),
('NybmbbW7Uk4JIpmoJP7uLFzglAJIsy6U', 1, '192.168.0.171', '2016-02-25 17:55:05', 0, NULL),
('o0Det3s6dNcpg9kgWBJ6uhgneM8EyMWI', 1, '127.0.0.1', '2016-04-18 21:18:57', 2147483647, NULL),
('O1ciXpVJwqNVU5HlwlRbpCUCz2v7k0sI', 1, '127.0.0.1', '2016-04-26 15:59:00', 2147483647, NULL),
('O1ooomkyL3AfgZei0JSN5HdnaTztYBlH', 1, '127.0.0.1', '2016-04-21 16:55:07', 0, NULL),
('o2SKauVGmcIHP7uTlStku5KgYysbW1sk', 9, NULL, '2016-05-25 23:05:00', 2147483647, 1),
('OCUeSMstnompa8s6RRZwAf8inc6ZkJug', 11, NULL, '2016-07-19 20:58:15', 1468961895, NULL),
('ODpCG8PAyYZRq6wTh6z3gxOewNmDZ5tu', 1, '127.0.0.1', '2016-04-06 20:57:39', 2147483647, NULL),
('oEAzku8U8piWDsIzvN7vc8gSZkN9YGu4', 9, NULL, '2016-05-25 22:52:55', NULL, NULL),
('ogf0gUHuiFLLEXG3OzdeeqUgKlglEmFY', 1, '192.168.0.107', '2016-03-09 19:36:10', 0, NULL),
('oi6U7KmRWCSxAqvaEhJKI611YEWvunyx', 1, '', '2016-05-11 07:32:23', NULL, NULL),
('oKZIRPklZsv6bpOJg6bcvknBI6NXJsd2', 1, '192.168.0.224', '2016-07-17 18:34:40', NULL, NULL),
('oMP8EmAJU3WKvuuMOkO9yX6yl6RXYxtU', 1, '127.0.0.1', '2016-04-19 17:59:02', 2147483647, NULL),
('omVHYRnCK1yU8egxya9C22hOIy1pVuzn', 1, '127.0.0.1', '2016-04-20 22:09:42', 0, NULL),
('ONXUUqlO4NSO312pXn5PtF5m6Y4IOxuh', 1, '192.168.0.107', '2016-04-27 22:03:18', 0, NULL),
('OO0MLSAGXhY1t3VFIJnCUpNhipuYFg1s', 1, '127.0.0.1', '2016-04-12 16:47:43', 0, NULL),
('Oq17NGwRdvLygvS9qLWet0caLVa6nPYI', 9, NULL, '2016-07-16 18:45:11', 1468696111, 1),
('os9eTpMG906DNKuB81Dxg3l3oMc7eHgM', 1, '192.168.0.224', '2016-05-28 01:50:52', NULL, NULL),
('oUCKqvOWBNibYaReMf5luyocJNHE8g5K', 1, '127.0.0.1', '2016-04-11 18:18:52', 0, NULL),
('oUmDFSPoA8RnlgTukyCPoALVS5ibvaVu', 1, '192.168.0.107', '2016-04-29 18:50:45', 2147483647, NULL),
('oVAkfsUzFeBodtoT42OhHPhxvNtXtKOU', 1, '192.168.0.224', '2016-07-25 02:48:58', NULL, NULL),
('OVmoAykVGLbwhO0qH3lGuuSMIWzVKsTc', 1, '192.168.0.171', '2016-05-27 16:51:59', 2147483647, NULL),
('OVVFBzzbDnsw0Ou8xN5twI6Jt5441vya', 1, '192.168.0.171', '2016-04-01 17:05:53', 0, NULL),
('OvvUh2JOTJX7ig5NiUIhdwYvDAgtXfhn', 9, NULL, '2016-06-09 18:53:43', 1465498751, 1),
('OxoSfgIwSRSghmWpwusImeoGuoJLukv3', 1, '127.0.0.1', '2016-04-07 21:26:02', 0, NULL),
('oZG7wlKRIUtFlhBz7f1axCzHpqfgOllu', 11, NULL, '2016-07-19 17:59:50', 1468951190, NULL),
('P2w74WMUfwUEDhGpUUUAtpoBmI7weuD1', 1, '192.168.0.107', '2016-05-03 17:45:30', NULL, NULL),
('p5YL84v5Pdg61FUntBg1UxLT2W0PSlmd', 1, '127.0.0.1', '2016-04-23 23:10:37', 0, NULL),
('p7E8CNsZqwPHmPYAuWefTi10iYfwdi7Y', 1, '127.0.0.1', '2016-04-19 21:55:26', 0, NULL),
('P7lk60Hu97GXmc9JgDhpTpmzuGJvxBV0', 1, '', '2016-03-06 05:37:26', 0, NULL),
('P7Yg85B5GD2qedu8dxlHyDfZUvEi7IDl', 1, '', '2016-07-18 18:19:56', NULL, NULL),
('p9TfaeebEJgWnnKLLuoUtdlmzBEVYvE7', 11, NULL, '2016-07-19 04:33:50', 1468902842, 1),
('pA91KY9F8PUBP5GJelfZUTSO0E0ZSDOB', 1, '', '2016-04-27 17:38:39', 0, NULL),
('pb4RhANlI3AmPcTxpGuEBFJiiHlR1Jvx', 1, '192.168.0.171', '2016-05-10 16:12:10', NULL, NULL),
('pGz3U4qfXAIUPJCuROAke7s3KKkFUzdM', 9, NULL, '2016-06-10 21:44:03', 1465595198, 1),
('PGZDfU7TZWPFixLFn6SeYe4u6Rit6gwV', 1, '192.168.0.107', '2016-05-03 16:51:35', NULL, NULL),
('pk13X77T1ou16BLbd1MSVg6LUHJRRZFe', 1, '192.168.0.107', '2016-04-28 19:08:22', 0, NULL),
('pK9bE0MwEdg0ELSRX3oUUuFyEacmCnSn', 1, '127.0.0.1', '2016-05-11 02:35:55', 2147483647, NULL),
('pMKThZya0UuFgPFWoGF75CuCnV9Vd3TB', 1, '127.0.0.1', '2016-04-21 18:36:41', 0, NULL),
('ppdTgN8avzXWVcuPiFcck4iE9PamADxF', 9, NULL, '2016-06-09 19:17:41', 1465500100, NULL),
('pptnff21JR2cWMK5YIOKOfYw65aDfYWm', 1, '192.168.0.107', '2016-04-12 17:56:36', 2147483647, NULL),
('PRnhUwUYYJNOtnlTpSMPdOE0xs1Yc16U', 1, '127.0.0.1', '2016-04-26 15:52:14', 0, NULL),
('PstpiIavRyz7AZuxuzXTkRZg0UBRan63', 1, '192.168.0.171', '2016-08-19 19:22:18', NULL, NULL),
('PTJfmJom8T1tmeTUWkDhupwmNuZ2CuUC', 1, '192.168.0.171', '2016-02-25 22:12:30', 2147483647, NULL),
('pU2OozZWb4GOeIgT2uH6vSuI1m5w9RaE', 1, '127.0.0.1', '2016-04-29 17:00:10', NULL, NULL),
('PuDcUUIzpOa3boggaGgOwOzTVsFCedti', 9, NULL, '2016-05-26 22:04:22', 1464300286, 1),
('Pvs1X6KZqx4G2Ls5q0SztJGODZIeIILd', 1, '127.0.0.1', '2016-07-16 19:00:52', NULL, NULL),
('PWaHeCA4PFSqXSYsTU1RR9NqXH3xGmTT', 1, '127.0.0.1', '2016-04-06 21:13:28', 2147483647, NULL),
('PXROhIJ5CU5Zz80ZT3cBsB7UEMyeE6Dq', 1, '127.0.0.1', '2016-04-28 02:59:11', 0, NULL),
('pyv50SzLI3Ckw0yZJ7uegm758nT2YUyZ', 1, '192.168.0.171', '2016-02-26 02:20:22', 0, NULL),
('q4oDF3BsTL71HqCsXf88pb1VGgDZnNSg', 9, NULL, '2016-06-10 21:17:50', 1465593480, 1),
('qAhLV9TVlPb8ly8wOqagaFPkHAABDieG', 1, '127.0.0.1', '2016-04-23 01:07:37', 0, NULL),
('qd3RGCIvSkHILl7lJPmOBguJeJC9qcUf', 9, NULL, '2016-07-16 19:37:48', 1468697914, 1),
('qDa32UPnvgV9YIVscRY1l8vcyJc7ucOY', 1, '192.168.0.107', '2016-03-09 19:45:15', 0, NULL),
('qFIBMC7csJMdWudYqJn7eZfTwuHpcu8v', 1, '192.168.0.107', '2016-07-16 19:18:11', 2147483647, NULL),
('qH1zMDI6X2mx0gRVDRmCUuS6yihZ9cKS', 11, NULL, '2016-07-19 21:41:18', 1468964786, NULL),
('qhMtxyuwTTVJVO6ONUEUZy6BBw1B5nLC', 1, '127.0.0.1', '2016-04-26 21:21:42', 0, NULL),
('qiFEY0nvvqukYfYt5dczg1gmtvJHxcOf', 1, '127.0.0.1', '2016-05-10 17:42:37', 2147483647, NULL),
('qNzK4VV9px4yPEBOtTlU5uGiz0iH8xyN', 9, '0', '2016-05-25 21:53:47', NULL, NULL),
('qosb1YwSKUgdClmI3LtRa4kVoNKXoPCw', 1, '192.168.0.171', '2016-05-11 01:27:51', NULL, NULL),
('qU3pahxlIqTLSaJefZgHuSnJHY31g4Kk', 1, '127.0.0.1', '2016-04-06 19:57:45', 0, NULL),
('qU9sw7yN6lEFYwJPS1TmGD8e2F6aU2vg', 1, '192.168.0.107', '2016-05-05 16:17:19', NULL, NULL),
('qx9M80Biw4vVvyenKTktIJZe6bJBKhuc', 1, '127.0.0.1', '2016-04-21 22:00:48', 2147483647, NULL),
('qyalSPfKbdDG9hPXUEstp62pUs2aFaED', 9, NULL, '2016-07-16 17:22:17', 1468689801, 1),
('R1UK6WtVOWovOw64Uo3pTPE4ugJV0nRC', 1, '127.0.0.1', '2016-04-21 21:43:41', 0, NULL),
('R6WXlBRgGX0apMastgoOiTYO0Ypungga', 1, '192.168.0.107', '2016-04-20 21:19:53', 0, NULL),
('RAbgBbkcphBSdBmZAE1t4uSmWEBvLJ6J', 1, '192.168.0.107', '2016-04-28 02:25:37', 0, NULL),
('RebyWvyvtzOUxPZGTDDAiSyxhi8WEhEU', 1, '127.0.0.1', '2016-04-26 16:37:00', 0, NULL),
('RihFBw11EdCkOIGVsGJThnZlJP97pglv', 1, '192.168.0.107', '2016-05-03 21:19:35', 2147483647, NULL),
('RITnNBTU2ODUFSbuCG8ybS9DTg8CcuxU', 1, '127.0.0.1', '2016-04-26 20:01:27', 2147483647, NULL),
('RJLmAgfyLwhWc7kKPoM9SgRtxRcuC7gE', 1, '192.168.0.224', '2016-06-11 17:39:21', NULL, NULL),
('RmTDUYv4SW6XRic6N8pViqDw2XYcPgty', 1, '192.168.0.107', '2016-04-12 15:20:33', 0, NULL),
('ROLl6L9B4mUzgbuZBTz7l388WCAu0Uqi', 9, NULL, '2016-05-26 23:32:38', 1464305558, NULL),
('RPzBt7AyPSXaJuqbeTqgU6RWtvV39340', 1, '127.0.0.1', '2016-04-07 22:24:07', 0, NULL),
('RUqlTgdZaBZfYAKyln6902SkJdzKSoEJ', 1, '192.168.0.224', '2016-05-18 18:23:29', NULL, NULL),
('Rw6AhTsV8lUGdMZOk1XmBK5W0iApksik', 9, NULL, '2016-05-26 23:32:05', 1464305525, NULL),
('RWwRuOhRlhNyFXcayLuvlkbFCO6TVYsB', 1, '192.168.0.171', '2016-04-05 23:36:13', 0, NULL),
('S2BTmgOhxfP6EUgB8hnxiRETufxFVsp6', 1, '127.0.0.1', '2016-04-20 22:19:30', 0, NULL),
('s4pZXW3dMxYpI0qfv7uk7TVLg3n7v7i8', 1, '127.0.0.1', '2016-04-21 18:03:59', 0, NULL),
('S9vu1WwONOgwxm6gA9gEYYBMypAwUYEF', 1, '192.168.0.107', '2016-03-31 03:14:27', 0, NULL),
('SBfFo9kiaz6lU9UcyxeHx7Te5UuPbEAY', 1, '127.0.0.1', '2016-04-16 01:04:45', 2147483647, NULL),
('sBHkH8vVxILJJumH6SZ1ks0VML6xdala', 1, '127.0.0.1', '2016-04-28 02:21:22', 0, NULL),
('Scdh7VIIvaBUYgE615ReULv5tLG7SPPE', 1, '192.168.0.171', '2016-05-13 02:59:13', NULL, NULL),
('sDlEh0OhnDuLe6oqvswYFouP1aPq4u1y', 1, '127.0.0.1', '2016-04-12 02:19:22', 0, NULL),
('sfZTUf4x8dHLCmuZew4gfWngfhEWDVID', 1, '192.168.0.107', '2016-05-03 18:15:47', NULL, NULL),
('Sg8uZVlJi2yxlsyM1oO6Oh13zRha3CW9', 1, '127.0.0.1', '2016-04-21 03:11:16', 0, NULL),
('SGHEDyTz6gB7LgD38FLwwnXFlCBdxXnJ', 1, '127.0.0.1', '2016-04-21 02:53:10', 0, NULL),
('SKBVc1Ct9gIuHEnaxlTgRgbNpaLenXne', 1, '127.0.0.1', '2016-07-16 19:29:24', NULL, NULL),
('SnVCyhWAZUJpBlUCPbNPUfU8uCRbUOoC', 1, '127.0.0.1', '2016-04-21 20:09:06', 2147483647, NULL),
('snY5YR0cRx913vBJtW8OdVaHW5qADg4Y', 1, '', '2016-07-17 18:24:04', NULL, NULL),
('SpMSwgvqkbMhU5UbXuPWNPzL0CSGv31x', 1, '192.168.0.171', '2016-03-02 00:37:47', 0, NULL),
('SPUfpgagpF6u0FFvmGu4kUKhnSMLtW3q', 1, '192.168.0.107', '2016-04-27 22:20:38', 0, NULL),
('SqEOkiUC2bCLgXvH4fxJCn6h7FXYRtg4', 1, '127.0.0.1', '2016-07-16 18:46:28', 2147483647, NULL),
('sS7qvVZCM4uFvtwegogUdLqH6RONssmW', 11, NULL, '2016-06-14 18:50:39', 1465930249, NULL),
('sscptMnfbGkw2snTKMIVMJ82KPgDMHka', 1, '192.168.0.107', '2016-04-26 20:58:38', 0, NULL),
('sv6YJJgJf4fUFU3iwu7iYZJeVTs8Kgt5', 1, '192.168.0.107', '2016-03-09 20:48:54', 2147483647, NULL),
('SvVl08tnC9U5uUdUoCBgGuc5uBG4B2yB', 1, '192.168.0.107', '2016-04-12 14:22:09', 2147483647, NULL),
('SXPuVsaS3oaM5bXHORT0ngUvJF2UNq8z', 11, NULL, '2016-06-20 00:01:59', 1466380986, 1),
('SziP7qsUaNP3Htg4FAm18XFUFBcIgNv2', 11, NULL, '2016-07-10 04:25:40', 1468124812, 1),
('t2Ms0NxtOcuVMUI4T17nXIWFRiRVpmtv', 1, '127.0.0.1', '2016-07-18 00:48:03', NULL, NULL),
('t76UE4iEaASOvV8oPafi6pgdBzw9Nuxz', 11, NULL, '2016-06-14 16:15:20', 1465920927, NULL),
('t8LSybBMfm1O3v0p7LUnat2YV9m2s9nP', 11, NULL, '2016-06-24 05:13:52', 1466745359, NULL),
('tAWTYlMSpzBszEdnTBVluoVmoU2wG0eb', 1, '192.168.0.107', '2016-04-27 22:44:23', 0, NULL),
('TCCgmYm9C8SlLuwU3BbtXlZztRTv9m4H', 1, '127.0.0.1', '2016-04-26 18:51:05', 0, NULL),
('tcfCTJTdPho446S69Wn7OTXmHB8IWXBD', 1, '', '2016-03-01 04:35:21', 0, NULL),
('tcUKM5pJD99q8NyukqGhScHAOqHLP6n9', 9, '0', '2016-05-25 21:57:52', NULL, NULL),
('tDFGs7KxZvRNWVlbbpiGDN1CMLYfupLg', 9, NULL, '2016-06-09 16:04:08', 1465488254, 1),
('tE3LKU4w3JTR35U1DhgZdKAEfpyJeeK5', 1, '127.0.0.1', '2016-04-26 19:24:28', 2147483647, NULL),
('TFJJCwgIUBAza8ZK4oA5dSD1Hy53Hx6u', 1, '127.0.0.1', '2016-05-11 01:44:54', NULL, NULL),
('TFwyR85G6Gn8utyYV5mHUzYHV9xZDDfF', 1, '192.168.0.171', '2016-04-20 15:35:56', 0, NULL),
('THH2uTlxXfF2NEB5miUHhJG11YZ3aVG4', 1, '192.168.0.171', '2016-03-29 01:13:06', 0, NULL),
('tiYSzVYeUq4vcGkEXO2NPD2nNCgx8V8L', 1, '192.168.0.107', '2016-04-18 20:27:34', 0, NULL),
('TJmOitgaqsImAEVCR4GhpnbuIOpEzfZK', 1, '192.168.0.224', '2016-06-11 04:02:54', NULL, NULL),
('TMn6OzJbevBxOJvoBTM3xUlNgg3LgefR', 1, '127.0.0.1', '2016-04-19 19:06:18', 0, NULL),
('TNOegvbMUKFHSiWBwIMUtewXBmUsYKhx', 1, '127.0.0.1', '2016-04-21 02:34:25', 0, NULL),
('ToWiBzHG2HMWFi65NEtl5xEv5pEdc5BK', 1, '192.168.0.171', '2016-06-22 21:47:20', NULL, NULL),
('TqdaEvwVMxWmgtv4P3JaupYxZEp7dBRK', 1, '127.0.0.1', '2016-04-19 19:16:08', 0, NULL),
('tS1H4JtqO2gCCgauYHkECw5uIUpuKFVF', 1, '127.0.0.1', '2016-04-29 17:02:04', 2147483647, NULL),
('ttJ0UHcpS2kgsumP8fzup9dVul3y8smy', 11, NULL, '2016-06-11 19:19:57', 1465672813, NULL),
('tU6phcxRGZAHKLIuAx04yipADBg9Rgzo', 1, '127.0.0.1', '2016-04-27 22:31:26', 0, NULL),
('TViluttgYHmZmtZgSoxe1cMcu6vEmTHi', 1, '192.168.0.107', '2016-03-09 19:35:04', 0, NULL),
('TVs8GTEHThZ5XaFd1pcFcslX3ItWsW0u', 1, '192.168.0.107', '2016-04-26 20:46:05', 0, NULL),
('tWAzpc2OIzsTGmub8HpFMCld2gGa0gz3', 1, '192.168.0.107', '2016-04-15 18:27:25', 0, NULL),
('TX2UR1Tn5R060PqVyezq1meZSiNO8HUN', 9, NULL, '2016-06-10 21:18:33', 1465593560, 1),
('txuyF1Ilx10nkos0JbGA81SpsOtADB8c', 9, NULL, '2016-06-11 16:51:19', 1465663986, 1),
('u0vdWO5NB8d71TPORhyV7Ys4dlBy8iJx', 1, '127.0.0.1', '2016-05-04 22:34:58', NULL, NULL),
('U0YwcPz3kJcekUbLTSHUuX733JH18c71', 1, '192.168.0.107', '2016-05-03 19:25:13', NULL, NULL),
('U15FS56B3TBVPyBdXFuNke5uqvgpY0nK', 1, '', '2016-03-29 14:17:09', 0, NULL),
('u1EsigMZaNfTn4Ywt3tf95HoI1VEwafn', 1, '192.168.0.107', '2016-04-21 02:39:55', 0, NULL),
('U2qoENSU9gVCSiOvuqbIpoDaxgH2y21d', 1, '192.168.0.107', '2016-04-18 21:43:32', 0, NULL),
('U8abcPXMZBCWL5c9qHZwvlYszoCDgSlU', 1, '127.0.0.1', '2016-04-28 02:40:34', 0, NULL),
('U8B9nTe9bh0PpUmz9n82TouY2AGIMtLB', 1, '', '2016-06-24 05:02:33', NULL, NULL),
('UA7C038qauHHPPcLztJ5esPfD19pgJWS', 9, NULL, '2016-06-09 19:42:40', 1465501390, 1),
('Ua7gmOOpO8nASHffiOHmZ265ep4ozI5K', 1, '', '2016-04-23 04:53:21', 0, NULL),
('uAJuFz3aJygxbgyCdWy1ukiOzUiLeuHK', 1, '127.0.0.1', '2016-04-28 16:46:07', 0, NULL),
('UAv5RpYFMY8I8SRDffhIzg8D3uxB7xz7', 11, NULL, '2016-06-30 22:39:13', 1467326416, NULL),
('ubmY0qLnApuouXHIp43Ku9qPm2MPyBYU', 1, '127.0.0.1', '2016-04-21 19:22:54', 0, NULL),
('ucJ3RX3PvsZnRpusounC2KqX5h3lAJxo', 1, '127.0.0.1', '2016-04-26 23:38:39', 0, NULL),
('UDBudnXgiMl7guoUBNB6G5gxVAo2xYfF', 1, '192.168.0.107', '2016-02-22 22:34:22', 0, NULL),
('UDclF1vVYTTCXmIyKGo6AGiXzD4A8Af9', 12, NULL, '2016-06-10 23:03:58', 1465599876, 1),
('uDnNv91iNNMYsAGUNIF8auFlLp3vnUU7', 1, '127.0.0.1', '2016-04-26 16:13:17', 0, NULL),
('uDVdx5SuuWAl5uX9dUMhDgOJGzOlfpvm', 1, '127.0.0.1', '2016-05-04 20:32:25', NULL, NULL),
('ue0l600tdJggG68IJIC94VUAeqvqFOdM', 11, NULL, '2016-07-18 19:46:46', 1468871225, NULL),
('UeIouYAlzcweF7UguOgG72wcNykSwzpn', 9, NULL, '2016-06-09 19:36:45', 1465501010, NULL),
('ueU52pubmsWZ5uJqach8bH9eLSftxk7K', 9, NULL, '2016-05-25 22:43:23', 2147483647, 1),
('UEu5b9CGYYsgLfNXWwvD8GAgM6cUtYaN', 9, NULL, '2016-06-09 20:00:31', 1465502521, 1),
('uF7qeVlAoIXTzpbOtBPZMfh4KoYusoe4', 1, '127.0.0.1', '2016-04-21 02:45:18', 0, NULL),
('ufKy1ypLCIGcPhdo92TBTDfJ3LevG4ho', 1, '127.0.0.1', '2016-05-09 18:51:05', 2147483647, NULL),
('UfNURW9dCNsEbsgWDsAUTRdLa1MgSk1R', 1, '192.168.0.107', '2016-05-04 18:52:45', 2147483647, NULL),
('UFOcJEJUoC9D3bfCXihXuhlbXBVlewwp', 1, '192.168.0.171', '2016-03-28 17:08:00', 2147483647, NULL);
INSERT INTO `sessions` (`session_id`, `login_id`, `ip_address`, `session_start`, `last_activity`, `session_expired`) VALUES
('uGDIZAggyylcwdk99TL7RSweu8JwOUqH', 9, NULL, '2016-05-26 17:36:26', 2147483647, 1),
('uGyJxLmOnUEAgBpLVqd3FtgzNuUTivBX', 11, NULL, '2016-08-12 17:17:18', 1471022238, 1),
('UGzcWZ9byzysiJPd2UXlpFFbSfNyDBnP', 9, NULL, '2016-06-09 17:27:01', 1465493221, 1),
('UIn2n4VJb0PoiAZ54q7HUlqKvohvUwix', 1, '192.168.0.107', '2016-05-03 18:33:46', NULL, NULL),
('uJSuUdP6gFlwaXYETYgSkBqNtbTDq8Bu', 9, NULL, '2016-06-10 21:09:22', 1465593368, 1),
('uL77ny3Bh61RyB5DidsFWN2iFWDgU6fJ', 1, '192.168.0.171', '2016-05-14 02:59:54', NULL, NULL),
('UmOU7mMi0JN5hUTHDVU3tgo7xJLmn1ip', 9, NULL, '2016-06-10 03:22:24', 1465529019, 1),
('uoXzG5MkemFNcN3GZNmVsyfa0kEUpmNg', 1, '127.0.0.1', '2016-04-19 18:47:04', 0, NULL),
('UP4KSWCWsuC0YP5MFuBm6VayHDUUgkHl', 1, '127.0.0.1', '2016-05-15 17:00:33', 2147483647, NULL),
('UPCwGTfVt5XgtMnH9YUtzvTxGPfTXhHT', 1, '127.0.0.1', '2016-04-07 00:44:37', 0, NULL),
('UpMotUgKLOzAwBW5g1INAnXg9C85HnXD', 12, NULL, '2016-06-11 03:59:09', 1465617655, 1),
('us5lo7ALIhagtuLcXnoDLUU8aXUm8gF5', 1, '127.0.0.1', '2016-04-26 16:01:35', 0, NULL),
('ut0x4LJmdRD9uTOTNg9aosLdzAgkLblP', 1, '192.168.0.107', '2016-02-22 22:18:17', 0, NULL),
('uu5eGKXpB9lP4eThHiEgzRUW4N1lXo5v', 11, NULL, '2016-06-20 00:05:24', 1466381408, 1),
('uu6H3UdWlzpbH2pYyxP9lOFZUWaOfTfX', 1, '192.168.0.171', '2016-06-08 17:25:10', NULL, NULL),
('uufKJmRo5dVqwNFJpnAlEBn533Ld1UXd', 1, '192.168.0.171', '2016-05-30 17:41:43', NULL, NULL),
('UUNw5bPUZxAfGywKOeUXqOKAkBUmhO7T', 9, NULL, '2016-05-25 22:53:48', NULL, NULL),
('uuugeMeg17C7nD59AnoUzBf1ok7WzwMI', 1, '192.168.0.107', '2016-04-26 15:20:18', 0, NULL),
('uUULG6skkYhpgMpkgufm1ubXy4etZcE0', 1, '192.168.0.171', '2016-03-29 01:38:39', 0, NULL),
('UvcMls02lFnvobYXNfUfPAvndWTtNgtt', 1, '192.168.0.107', '2016-03-07 06:48:43', 0, NULL),
('uwDGi32MSada5BgfPTmHJHV9TFbAtJFv', 1, '127.0.0.1', '2016-04-21 17:24:44', 0, NULL),
('UWSCZFpUmfuZuMpWx4UBJB5UZuPSNh9B', 9, NULL, '2016-06-09 23:29:39', 1465515044, 1),
('UX4DguOuLgfPqX133c7GqUGHs57fu8hu', 9, NULL, '2016-06-10 19:14:14', 1465586360, NULL),
('uxA3OBLkwm7IbawP1d37nv558P0SiW86', 1, '127.0.0.1', '2016-04-21 21:34:45', 0, NULL),
('uY1Rabx88ITzeZaIzkBYP3TiwSEeUH7U', 1, '127.0.0.1', '2016-05-27 20:03:22', NULL, NULL),
('Uy3pJi7ENIA7xw0xx42TsX1yTGccENGm', 1, '127.0.0.1', '2016-04-21 17:33:44', 0, NULL),
('uZhIgUiWz2HWkVnGcScxgMxIt9fiIh9x', 1, '192.168.0.107', '2016-05-05 16:25:26', 2147483647, NULL),
('uzn9A4f8hRtOgsevyOevTHZIYSU5efeC', 9, NULL, '2016-05-25 23:02:53', NULL, NULL),
('UZpYOYVleh86euqii1G0RpCZUfCJqJux', 1, '127.0.0.1', '2016-04-21 20:40:22', 0, NULL),
('uZYpbshSysICMSyyCOexMApzd0XBV5PN', 9, NULL, '2016-06-10 21:23:35', 1465593886, 1),
('v1GeKZM1yXELEg10bZKkMWF6mvZUJNJA', 1, '192.168.0.107', '2016-04-26 20:26:17', 0, NULL),
('V1YwizcXSbNE15Jag9oq8yGb6cMdL6lk', 1, '', '2016-02-26 19:00:04', 2147483647, NULL),
('v36zMN1Lku29ugpoAkzXGN4KhoxmpadV', 1, '127.0.0.1', '2016-07-18 17:33:09', 2147483647, NULL),
('V42BvPMBYt06uuUgWI52VKJEaUc30qF5', 1, '192.168.0.107', '2016-03-31 02:49:01', 0, NULL),
('v4bFsqCkcGUN2LeSVVlmBAvsl4uPXOvR', 1, '192.168.0.171', '2016-05-11 01:48:44', NULL, NULL),
('V5XAZFbiOU1byXONWsgmGS4gutUXVXDg', 1, '192.168.0.107', '2016-04-26 19:15:00', 0, NULL),
('V6kYDTMHUTnqUJqkSCu8MAp0IADvtwBn', 9, NULL, '2016-06-09 20:52:47', 1465506008, 1),
('vbdu0bnOGBU3OHfMeBu5mXPlcZYFVJMF', 1, '127.0.0.1', '2016-04-19 18:59:33', 0, NULL),
('VCMYEvEa4eSK7N7NZSUcqKshRkIqhiFA', 1, '127.0.0.1', '2016-04-11 17:23:34', 0, NULL),
('vGZUmghu19EhnIG9ZHxL2uDh682gbMU9', 9, NULL, '2016-07-16 17:30:17', 1468690325, 1),
('vhxlTh5ng532V42STD9kpsPylKvdoyTk', 1, '192.168.0.107', '2016-05-03 15:32:38', NULL, NULL),
('vKszmLeNEobhzuUfbfWIPPkZVeFT6fd1', 11, NULL, '2016-06-18 04:19:34', 1466223733, NULL),
('VmKO0ccEX9wLmwcKn8UU8gT26aOFgNJE', 1, '192.168.0.171', '2016-03-28 18:29:41', 0, NULL),
('vpDRc3WydM43UzDMmFG4zzIwtDRuJhRq', 9, NULL, '2016-05-25 22:53:14', NULL, NULL),
('VpNqxv8hUT2BpUnwskgWI4gZSRgnEH3o', 1, '127.0.0.1', '2016-04-06 19:09:25', 0, NULL),
('vswOvOlgXVpVGu4w9qPHE2KU95hAtem0', 1, '127.0.0.1', '2016-04-07 22:20:41', 0, NULL),
('Vvo9FsK4xgxCL4aBU9dhfXKWzszFwGKU', 1, '127.0.0.1', '2016-04-29 19:45:03', NULL, NULL),
('VW77IhO2dq0uyYCmU3oE7pahis4BUzNm', 1, '192.168.0.107', '2016-04-18 20:37:45', 0, NULL),
('Vw8EgFla02K1D1Yd7BR7vxMNbYZZdSyH', 11, NULL, '2016-06-13 04:48:56', 1465793408, NULL),
('vX30DHkwN0NB7hc9hPUvldOkS16OcA2O', 1, '192.168.0.107', '2016-03-09 20:08:40', 0, NULL),
('vyV5csIP7e8qq2p8gWDMCJSq0o0P5JoH', 1, '192.168.0.107', '2016-05-03 18:32:37', NULL, NULL),
('W8zTVGNCXiCzRuzqIVu7ubxP8lRhbnUS', 1, '192.168.0.107', '2016-04-28 17:04:58', 0, NULL),
('w93FnV9eCGMkRqgmCtWNX4Rk7Okp3CYD', 1, '192.168.0.107', '2016-04-18 20:45:55', 0, NULL),
('wCVyXZGFKeq2hwIqa10YsMVVJlxkmNuO', 1, '192.168.0.107', '2016-04-26 21:15:25', 0, NULL),
('wDGXflKXhIg4D4E23Nv0pXyktDWvlebT', 1, '192.168.0.107', '2016-04-28 16:09:35', 0, NULL),
('wdpLsIog2xMHIiuUkRP8tpiuJ622E9b7', 1, '127.0.0.1', '2016-05-09 19:10:55', NULL, NULL),
('weFEgLbgPmiuUtVmOthYzskWpmWMhPUc', 1, '127.0.0.1', '2016-04-21 18:52:52', 0, NULL),
('WF969X1plW5F0qBoPYlMTYGL2LDC7TR2', 1, '127.0.0.1', '2016-04-21 19:31:09', 0, NULL),
('WFF4KuBx2m8gvohgmA2hBxbgN3UFF6Uy', 1, '127.0.0.1', '2016-04-19 16:12:56', 0, NULL),
('WfqADCRlvNugp1dfT5M6wuMMgxllUhRy', 1, '127.0.0.1', '2016-04-07 18:05:43', 0, NULL),
('wgulx8cXKlEJG21X8J2iqwwekYIkuFXp', 1, '192.168.0.107', '2016-04-26 20:23:41', 0, NULL),
('wHH945BDYCoNuVnTvxRylvLsXWECSkRq', 1, '127.0.0.1', '2016-04-28 03:18:09', 0, NULL),
('wn2unt2GJcHu5GgRcnhzAz52SDgUKgl4', 1, '192.168.0.107', '2016-04-26 21:12:33', 0, NULL),
('WpTVlgX3yxIPJWbHw2EBgRLIAig3syvZ', 11, NULL, '2016-07-18 17:27:04', 1468863034, 1),
('WqgHwfKohbyKA7bA0gsDOyi3xeffwmCC', 1, '127.0.0.1', '2016-04-21 21:31:39', 0, NULL),
('WS3nlB8PfiPcvuBBlkD25z3gNHAlPEp3', 1, '192.168.0.107', '2016-02-23 19:13:39', 2147483647, NULL),
('wWvovwHEK9plPFygO32iLo6n0TbzC9Nf', 9, '0', '2016-05-25 22:07:44', 2147483647, 1),
('wypKOStA8uiA6oRIh012OE0yBCS9HRma', 1, '127.0.0.1', '2016-04-19 19:13:30', 0, NULL),
('WzI2g2TNI13a0HlFu2uY1cldhscL2i25', 9, NULL, '2016-06-10 16:43:19', 1465577001, 1),
('WzJhXvcqScL1U2oaLifZzTSsvDziWzMe', 1, '127.0.0.1', '2016-05-16 16:33:08', NULL, NULL),
('wZXa0AkoupUIlZFyhRgfCALILaIAZsMv', 1, '192.168.0.107', '2016-04-27 17:21:50', 2147483647, NULL),
('X3G2KU7pdahECxmElWB6xCfY7eAKNm1G', 1, '127.0.0.1', '2016-04-22 17:04:33', 0, NULL),
('X4GSbuK7Cu1uchWXDGBYtUUiPlLgUP3f', 1, '127.0.0.1', '2016-06-27 03:08:44', NULL, NULL),
('x6UbRKesu6AlR8Vg36RUgvXMh0faoytN', 9, NULL, '2016-07-16 19:30:35', 1468697521, 1),
('x7UfkW5ebZI4JupILU3CT0ytpBpaC6B8', 1, '192.168.0.107', '2016-06-11 17:35:09', 2147483647, NULL),
('xBg5YucYHg3eolBYGIOKuWIGUGLv5DOn', 1, '192.168.0.107', '2016-04-11 17:32:32', 0, NULL),
('XCDzya91DUV5GVJW1age4qYPVs3CBxgA', 1, '192.168.0.171', '2016-06-04 18:44:00', NULL, NULL),
('XCFGXhNKhhNfPT6dGq70PkD6RfGAZim8', 1, '127.0.0.1', '2016-04-22 17:01:58', 2147483647, NULL),
('xcYGig5W4Jb5TNhvkvFWISuRMo5AnXUq', 11, NULL, '2016-07-05 15:36:14', 1467733431, NULL),
('XDDIw3p9YntVTUHmqqDLADWEZLYt3xu8', 1, '192.168.0.107', '2016-05-04 20:56:33', NULL, NULL),
('XDYYbduGOmkN7VEBcS56g0ikGDcNxp86', 9, NULL, '2016-06-10 17:49:13', 1465581048, NULL),
('XfJCA9hxk4BP2Yo7EOVwPiAOgizJOcEJ', 1, '192.168.0.107', '2016-05-04 21:55:38', 2147483647, NULL),
('xGWynuEK5GPvAC6uiua1Doh77kRT4GiU', 1, '127.0.0.1', '2016-04-19 18:54:08', 2147483647, NULL),
('XlgG6Dd8EuWgOXCXu0O0b7fgetEgmUBb', 9, NULL, '2016-06-09 15:50:31', 1465487714, 1),
('xnBgtCsOOq3mHMNEVFaC7OEugcszgTHk', 1, '127.0.0.1', '2016-07-16 18:43:03', 2147483647, NULL),
('XRoH1TflWkTp4fGVcatdLOOBF5ExPf0N', 11, NULL, '2016-06-10 22:21:47', 1465597363, NULL),
('xuL2C5c3Tz6anw7BISha9FDm58Hzp8Dp', 1, '', '2016-06-12 05:49:39', NULL, NULL),
('XUTN8kzWN7NZULWJ5Vtdx40lggU30CCU', 1, '127.0.0.1', '2016-04-19 18:27:14', 0, NULL),
('xWDnwG2V4iNEbUbRPm3DkegWTSgaqoPe', 11, NULL, '2016-06-10 21:48:35', 1465595324, 1),
('XwXTVynuzUDOVgNFEuZUTdvLfcG2HlNu', 1, '192.168.0.107', '2016-03-07 17:01:58', 0, NULL),
('xxbixoMxysbXbFPaq1GSnOkWfJHYW1gi', 9, NULL, '2016-05-26 23:34:12', 1464305652, NULL),
('xyRicAtvq4y7zug4z31dlXUpmiT3lVs9', 1, '', '2016-05-10 17:10:43', NULL, NULL),
('XZ2hChbBywUDlR3k5bcXn3Z7VH1FetV8', 9, NULL, '2016-06-10 18:15:20', 1465582524, NULL),
('y1bg4WaNtAPDumJON1AqiPMy7hZVuZJD', 1, '192.168.0.107', '2016-05-28 23:11:06', NULL, NULL),
('y7i9BknOCooVqwH1ATKxWh5mObkx8P12', 1, '192.168.0.224', '2016-05-23 23:41:47', NULL, NULL),
('Y9T4hvTdhUkGUpuIoeuYEgfIk83nh2cK', 9, NULL, '2016-07-16 18:18:13', 1468693614, 1),
('YAbillcsUHcvzkbbhTn9xZTYOf1uVXVe', 1, '', '2016-04-25 16:10:51', 0, NULL),
('YaDPxqx0muzwWPJbYRBMNzoa9Ne9yf5z', 1, '', '2016-04-05 17:16:13', 0, NULL),
('Yaib1U3CFyEJInOUXM6hgHg0LAB1qp6h', 1, '192.168.0.107', '2016-03-07 06:50:17', 0, NULL),
('YBKMDZfhyNUsWwVh2l1e8K2u3NSmoLwN', 9, NULL, '2016-05-25 22:18:53', 2147483647, 1),
('YFIFPOyX3IJkgIJle1UsDgpfg1nNPioR', 1, '127.0.0.1', '2016-07-16 19:24:28', NULL, NULL),
('YgfspyegLq4cUP98ZhsTwi3swKv8KMwK', 1, '192.168.0.107', '2016-04-26 17:57:09', 0, NULL),
('YgtJ8xulh2mJHsunUcO4dHcvquMpJ16L', 9, NULL, '2016-06-10 18:17:11', 1465582972, 1),
('yhhda3csDsgl1uYkPDGDiEzz80Tfq871', 1, '192.168.0.107', '2016-04-26 21:03:53', 0, NULL),
('yHOSamKobN7K9bFWgEF1dllNfvq7nBXc', 9, NULL, '2016-05-26 23:01:09', 1464303681, 1),
('yIC6HDsotMHzBo5lvugqVCH7BGShB0dc', 1, '127.0.0.1', '2016-05-04 20:53:32', 2147483647, NULL),
('yK0gMKUHwVd7cKvfoLm4MDRuysSsHXYV', 1, '192.168.0.107', '2016-03-09 20:48:11', 0, NULL),
('yLwUGP1zYm04YubdS2ts5GYgCsfxYDts', 1, '192.168.0.107', '2016-05-04 18:52:35', NULL, NULL),
('YmlX9nbmbvq1SBp1XS1869Bt4cV6qBgd', 1, '192.168.0.171', '2016-04-02 20:04:06', 0, NULL),
('Ynzo1IEPPpDX3esZ5umUuzq0PdX5Yg2h', 1, '192.168.0.107', '2016-05-05 16:26:30', 2147483647, NULL),
('Yo5XtyIGq7XqW94x6MUJYsPtuvmUmuaC', 1, '192.168.0.107', '2016-05-05 16:19:54', NULL, NULL),
('YokfepweWxPxyZwwLEoK9NmHEzikC64W', 1, '127.0.0.1', '2016-04-27 23:06:32', 0, NULL),
('yqdMhUUPLIOgKAlIXymTiLgiqppbqR7F', 9, NULL, '2016-06-10 18:29:20', 1465583404, 1),
('YTpTUAyw3mHhiuz7pd50xUgCwDh4vy4n', 1, '', '2016-07-19 21:30:44', 2147483647, NULL),
('yUDWUt3FqzgF4YhFXJCeUH4lo6hfRKFT', 1, '127.0.0.1', '2016-04-30 01:00:16', 2147483647, NULL),
('YupXLLuu3sUUnO0oOmnnVCHhY7vhc0Uq', 1, '17.219.120.77', '2016-05-10 14:53:27', NULL, NULL),
('yvsUsltG7IUoCoFiEEslyqcF0Vl6CyON', 1, '127.0.0.1', '2016-04-18 02:42:51', 0, NULL),
('yWPtzLyzzhgSs5EsLmYgJbSUuuy8zIsF', 1, '', '2016-05-11 19:18:54', NULL, NULL),
('YWtP3BkzzJbg6wyV9DRgUDJRiuYSE9Dn', 1, '192.168.0.107', '2016-04-26 20:37:19', 0, NULL),
('YYSLALH6W3WaFw0TGKUs6tTCIVuKLpCg', 9, NULL, '2016-06-10 17:32:25', 1465580857, 1),
('Z2aApfM530Mp8Z9yne86S5xOY2UnFpB3', 1, '192.168.0.107', '2016-04-06 17:35:31', 0, NULL),
('z5VymkRdUuR3Xs81azOHeEuF5b8usft1', 1, '192.168.0.171', '2016-04-20 15:36:37', 0, NULL),
('z9wcE7DB8fxe8cSZiHc5TgSi1iD2RRV0', 1, '192.168.0.107', '2016-05-04 17:39:51', 2147483647, NULL),
('z9YoN7oqgUX5u35bUVKzSuxytve8bA98', 1, '192.168.0.107', '2016-05-03 17:40:15', NULL, NULL),
('ZgCU8IG4oGwMpGmVOOMlbE7FldBncOit', 1, '192.168.0.171', '2016-02-25 18:16:28', 0, NULL),
('ZGgTc01p2gDUCLAzZ1t2Ce3IId7eUOzZ', 1, '192.168.0.107', '2016-04-12 14:58:06', 0, NULL),
('zI43TTkSgJqkgt8EKJCX72R9geuyNZxU', 1, '192.168.0.107', '2016-02-23 22:30:07', 0, NULL),
('ZIS4INvye2TIcHYs8Mp68ZxKK4LMiF52', 1, '127.0.0.1', '2016-05-16 17:28:18', NULL, NULL),
('ZLz3mc4Lx4uf3UXWfYXN7yMIXhGN03dq', 1, '127.0.0.1', '2016-04-26 17:00:08', 0, NULL),
('zmuLsSaklb2l6saVYzkpuZxuxkmPwL9W', 9, NULL, '2016-06-09 23:12:05', 1465513925, NULL),
('zNVBZ3Mb4aX0S7es3xnM9DLiCefBD53w', 9, NULL, '2016-05-25 23:08:47', 2147483647, 1),
('zq5tgWzovOgHlPlu1cfhGC7cBYOH6UTz', 1, '192.168.0.107', '2016-03-07 06:50:47', 0, NULL),
('Zuxg3lhi6hC3ihAFaoLLXnAaduUgP4f9', 1, '127.0.0.1', '2016-04-21 02:54:47', 0, NULL),
('ZVtuouWvMPWl6N9DghEfTk73lh1N7Ogw', 1, '127.0.0.1', '2016-04-19 17:56:11', 0, NULL),
('Zy49NnsLUmvwXAAIWaBRUWpxwbDSgiem', 1, '127.0.0.1', '2016-05-10 16:54:32', NULL, NULL),
('Zze2W6TYGUUICHy2Tg436gPP3vm0YnAs', 1, '127.0.0.1', '2016-04-21 21:57:13', 0, NULL);

-- --------------------------------------------------------

--
-- Table structure for table `standard_drive_behaviors`
--

CREATE TABLE `standard_drive_behaviors` (
  `standard_drive_behavior_id` int(11) NOT NULL,
  `standard_drive_behavior_name` text COLLATE utf8_unicode_ci NOT NULL,
  `standard_drive_behavior_notes` text COLLATE utf8_unicode_ci NOT NULL,
  `standard_drive_chapter` int(2) NOT NULL,
  `standard_drive_objective_id` int(11) NOT NULL
) ENGINE=InnoDB DEFAULT CHARSET=utf8 COLLATE=utf8_unicode_ci;

--
-- Dumping data for table `standard_drive_behaviors`
--

INSERT INTO `standard_drive_behaviors` (`standard_drive_behavior_id`, `standard_drive_behavior_name`, `standard_drive_behavior_notes`, `standard_drive_chapter`, `standard_drive_objective_id`) VALUES
(1, 'Approach vehicle with awareness', '', 1, 1),
(2, 'Have key in hand', '', 1, 1),
(3, 'Head restraint adjusted', '', 1, 1),
(4, 'Rear in seat', '', 1, 1),
(5, 'Safety belts on', '', 1, 1),
(6, 'Windows up & doors locked', '', 1, 1),
(7, 'Headlights on at all times', '', 1, 1),
(8, 'Use of brake', '', 1, 3),
(9, 'Use of acceleration', '', 1, 3),
(10, 'Uses of shift; use open palm shifting', '', 1, 3),
(11, 'Use of steering wheel', '', 1, 3),
(12, 'Use of central vision', '', 1, 4),
(13, 'Use of fringe vision', '', 1, 4),
(14, 'Driving for targets', '', 1, 4),
(15, 'Turn head before steering', '', 1, 5),
(16, 'Recovery of steering at transition peg', '', 1, 5),
(17, 'Use of reference points for visual judgment of vehicle positioning', '', 2, 7),
(18, 'Side position reference points for turns', '', 2, 7),
(19, 'Forward position reference points for turns', '', 2, 7),
(20, 'Use of mirror to check rear', '', 2, 21),
(21, 'Blind spot check prior to lateral move to enter and exit traffic flow', '', 2, 21),
(22, 'Use of signal lights', '', 2, 19),
(23, 'Legal stops', '', 2, 3),
(24, 'Smooth stops', '', 2, 3),
(25, 'Target usage for turns', '', 2, 10),
(26, 'Search intersections left, front, right zones', '', 2, 20),
(27, 'Look into turns before steering', '', 2, 10),
(28, 'Steering and steering recovery', '', 2, 3),
(29, 'Targeting to approach curves', '', 3, 10),
(30, 'Vision use and tracking through curves', '', 3, 10),
(31, 'Develop central vision line-of-sight & path-of-travel detection', '', 3, 13),
(32, 'Develop fringe vision for monitoring', '', 3, 4),
(33, 'Searching to target area', '', 3, 13),
(34, 'Evaluating target area', '', 3, 17),
(35, 'Identifying line-of-sight', '', 3, 13),
(36, 'Identifying path-of-travel', '', 3, 13),
(37, 'Target usage while backing', '', 3, 14),
(38, 'Vision usage while backing', '', 3, 14),
(39, 'Steering while backing', '', 3, 14),
(40, 'Reference points for backing', '', 3, 14),
(41, 'Use of pivot point', '', 3, 14),
(42, 'Intersection turnabouts & risk assessment', '', 3, 15),
(43, 'Judging distance in seconds', '', 4, 16),
(44, 'FIND line-of-sight & path-of-travel problems in target area range - state open/closed front or side zones', '', 4, 17),
(45, 'Evaluate path-of-travel en-route to target - state open/closed', '', 4, 17),
(46, 'SOLVE line-of-sight & path-of-travel conditions in 15 second range', '', 4, 17),
(47, 'Check related zone condition(s)', '', 4, 17),
(48, 'Know and apply speed control options', '', 4, 17),
(49, 'Know and apply lane position options', '', 4, 17),
(50, 'Reevaluate 4 second Danger Zone before entering space', '', 4, 17),
(51, 'Continue to develop central vision light-of-sight & path-of-travel detection', '', 4, 16),
(52, 'Continue to develop fringe vision for monitoring', '', 4, 16),
(53, 'Side position for angle parking', '', 4, 18),
(54, 'Forward position for angle parking', '', 4, 18),
(55, 'Target usage for angle parking', '', 4, 18),
(56, 'Searching and steering while backing out', '', 4, 18),
(57, 'Procedures for hill parking', '', 4, 18),
(58, 'Send and respond to communications effectively', '', 5, 19),
(59, 'Get commitment from others', '', 5, 19),
(60, 'Courteous', '', 5, 19),
(61, 'See intersections in target area as closed or unstable zones', '', 5, 20),
(62, 'Evaluate rear zone conditions accurately', '', 5, 21),
(63, 'Select best path-of-travel, lane position, and speed control options', '', 5, 20),
(64, 'Search L,F,R - moving & stopped', '', 5, 20),
(65, 'Locate and apply point of no return', '', 5, 20),
(66, 'Use appropriate staggered, legal, and safety stops', '', 5, 22),
(67, 'Stop with vehicle in front to see tires touch ground', '', 5, 22),
(68, '2 second delayed start', '', 5, 23),
(69, 'Awareness and control of rear zone', '', 5, 21),
(70, 'Monitor the rear while stopped for Sand Barrels', '', 5, 21),
(71, 'Use mirrors - after seeing closed or unstable zone, before braking, while stopped, before and after turns, before and after lane changes', '', 5, 21),
(72, 'Check blind spots', '', 5, 21),
(73, 'Time arrival into open zone', '', 5, 23),
(74, 'Begin braking without delay', '', 5, 23),
(75, 'See red lights as closed zones', '', 6, 22),
(76, 'Adjust speed to arrive into green lights', '', 6, 23),
(77, 'Search intersection 45 degrees', '', 6, 20),
(78, 'Left turn at green light - check rear, gap, path, light', '', 6, 23),
(79, 'Right turn at red light - check rear, gap, path, light', '', 6, 23),
(80, 'Use Zone Control effectively', '', 6, 24),
(81, 'Evaluate need for lane changing', '', 6, 24),
(82, 'Move by lane positions (at a shallow angle)', '', 6, 24),
(83, 'Time arrival into open zones', '', 6, 24),
(84, 'Key steps for backing into space: side position; forward position 45 degree target; back into pivot point; when car is straight, straighten tires; back rear reference', '', 6, 27),
(85, 'Respond to signs, signals, and roadway markings', '', 7, 29),
(86, 'See warning signs as cues; check rear', '', 7, 29),
(87, 'See and respond to line-of-sight & path-of-travel zone conditions', '', 7, 29),
(88, 'Demonstrate yielding laws', '', 7, 29),
(89, 'See and respond to curves in target areas', '', 7, 30),
(90, 'Evaluate traction grip on straightaway', '', 7, 30),
(91, 'Evaluate left/right zones', '', 7, 30),
(92, 'Get best lane position & drive line', '', 7, 30),
(93, 'Use brake/accelerator effectively', '', 7, 30),
(94, 'Look into curves', '', 7, 30),
(95, 'Evaluate path-of-travel at hill crests', '', 7, 30),
(96, 'Hill crest lane position', '', 7, 30),
(97, 'Keep 4 seconds following space', '', 7, 31),
(98, 'Adjust closure rate to front vehicle', '', 7, 31),
(99, 'Use practice commentary effectively', '', 7, 32),
(100, 'Driver-vehicle readiness', '', 8, 42),
(101, 'Keep car in balance', '', 8, 42),
(102, 'See path before putting car in motion', '', 8, 42),
(103, 'Use reference points', '', 8, 42),
(104, 'Use Zone Control: FIND, SOLVE, CONTROL', '', 8, 42),
(105, 'Turn decisions into zone controlled actions', '', 8, 42),
(106, 'Search left, front, right zones before intersections', '', 8, 42),
(107, 'Get rear zone control', '', 8, 42),
(108, 'Get control with vehicle in front', '', 8, 42),
(109, 'Interact courteously with others', '', 8, 42),
(110, 'Identify fixed side zone changes', '', 8, 34),
(111, 'Identify moving side zone changes', '', 8, 34),
(112, 'Time arrival into open zone', '', 8, 34),
(113, 'Get best speed control', '', 8, 34),
(114, 'Check rear zone before entering or leaving traffic flow', '', 8, 34),
(115, 'Use of signals', '', 8, 34),
(116, 'Brake lightly - test traction grip on straightaway; in poor conditions; before curves; before stops', '', 8, 35),
(117, 'Parallel parking - key steps: side position; communication; rear pivot point; check left/front corner swing; back to a 45 degree angle; creep and time clearance; straighten tires; center car', '', 8, 33),
(118, 'Night driving - vehicle readiness', '', 9, 37),
(119, 'Night driving - driver readiness', '', 9, 37),
(120, 'Night driving - use of high/low beams', '', 9, 37),
(121, 'Night driving - look for pedestrian high-risk locations', '', 9, 37),
(122, 'Passing - why pass?', '', 9, 38),
(123, 'Passing - following time', '', 9, 38),
(124, 'Passing - selection of location', '', 9, 38),
(125, 'Passing - search to target area', '', 9, 38),
(126, 'Passing - acceleration', '', 9, 38),
(127, 'Passing - Search & vehicle passing', '', 9, 38),
(128, 'Passing - return to lane', '', 9, 38),
(129, 'Being passed - select passing location', '', 9, 38),
(130, 'Being passed - adjust time/speed', '', 9, 38),
(131, 'Responding to problems - engine stalls', '', 9, 39),
(132, 'Responding to problems - brake failure', '', 9, 39),
(133, 'Responding to problems - hood flies up', '', 9, 39),
(134, 'Responding to problems - stuck accelerator', '', 9, 39),
(135, 'Responding to problems - skid detection and correction', '', 9, 40);

-- --------------------------------------------------------

--
-- Table structure for table `standard_drive_groups`
--

CREATE TABLE `standard_drive_groups` (
  `standard_drive_group_id` int(11) NOT NULL,
  `standard_drive_group_description` text COLLATE utf8_unicode_ci NOT NULL,
  `standard_drive_group_notes` text COLLATE utf8_unicode_ci
) ENGINE=InnoDB DEFAULT CHARSET=utf8 COLLATE=utf8_unicode_ci;

--
-- Dumping data for table `standard_drive_groups`
--

INSERT INTO `standard_drive_groups` (`standard_drive_group_id`, `standard_drive_group_description`, `standard_drive_group_notes`) VALUES
(1, 'DEMO', 'The initial demonstration group. Going forward, could be a state, a school district, or an individual organization.');

-- --------------------------------------------------------

--
-- Table structure for table `standard_drive_objectives`
--

CREATE TABLE `standard_drive_objectives` (
  `standard_drive_objective_id` int(11) NOT NULL,
  `standard_drive_objective_name` varchar(100) COLLATE utf8_unicode_ci NOT NULL,
  `standard_drive_objective_notes` text COLLATE utf8_unicode_ci NOT NULL,
  `playbook_chapter` int(2) NOT NULL,
  `standard_drive_objective_code` varchar(10) COLLATE utf8_unicode_ci NOT NULL,
  `standard_drive_group_id` int(11) DEFAULT NULL
) ENGINE=InnoDB DEFAULT CHARSET=utf8 COLLATE=utf8_unicode_ci;

--
-- Dumping data for table `standard_drive_objectives`
--

INSERT INTO `standard_drive_objectives` (`standard_drive_objective_id`, `standard_drive_objective_name`, `standard_drive_objective_notes`, `playbook_chapter`, `standard_drive_objective_code`, `standard_drive_group_id`) VALUES
(1, 'Getting ready to drive', '', 1, '1.1', 1),
(2, 'Starting engine & orientation to controls', '', 1, '1.2', 1),
(3, 'Steering and motion control', '', 1, '1.3', 1),
(4, 'Vision control', '', 1, '1.4', 1),
(5, 'Transition pegs', '', 1, '1.5', 1),
(6, 'Reading instruments and gauges', '', 2, '2.1', 1),
(7, 'Reference point discoveries', '', 2, '2.2', 1),
(8, 'Traffic controls', '', 2, '2.3', 1),
(9, 'Entering, crossing, and exiting traffic', '', 2, '2.4', 1),
(10, 'Precision turns: stopping and moving', '', 2, '2.5', 1),
(11, 'Yielding right of way', '', 3, '3.1', 1),
(12, 'Control tracking', '', 3, '3.2', 1),
(13, 'Find line-of-sight, path-of-travel', '', 3, '3.3', 1),
(14, 'Introduction to backing', '', 3, '3.4', 1),
(15, 'Turnabouts', '', 3, '3.5', 1),
(16, 'Perceptual skill development', '', 4, '4.1', 1),
(17, 'Zone control', '', 4, '4.2', 1),
(18, 'Angle and hill parking', '', 4, '4.3', 1),
(19, 'Communication options', '', 5, '5.1', 1),
(20, 'Approaching intersections', '', 5, '5.2', 1),
(21, 'Rear zone control', '', 5, '5.3', 1),
(22, 'Stopping in traffic', '', 5, '5.4', 1),
(23, 'Timing lights and turns', '', 6, '6.1', 1),
(24, 'Precision lane changes', '', 6, '6.2', 1),
(25, 'Pedestrians and cyclists', '', 6, '6.3', 1),
(26, 'Distractions', '', 6, '6.4', 1),
(27, 'Back-in perpendicular parking', '', 6, '6.5', 1),
(28, 'Attitudes and emotions', '', 6, '6.6', 1),
(29, 'Responding to laws', '', 7, '7.1', 1),
(30, 'Curves and hill crests', '', 7, '7.2', 1),
(31, 'Following time and space', '', 7, '7.3', 1),
(32, 'Commentary driving', '', 7, '7.4', 1),
(33, 'Parallel parking', '', 8, '8.1', 1),
(34, 'Timing side zones', '', 8, '8.2', 1),
(35, 'Poor driving conditions', '', 8, '8.3', 1),
(36, 'Construction zones', '', 8, '8.4', 1),
(37, 'Driving at night', '', 9, '9.1', 1),
(38, 'Passing and being passed', '', 9, '9.2', 1),
(39, 'Emergencies and malfunctions', '', 9, '9.3', 1),
(40, 'Skid avoidance', '', 9, '9.4', 1),
(41, 'Limited access highways', '', 9, '10.1', 1),
(42, 'Practice good driving habits', '', 8, '8.5', 1);

-- --------------------------------------------------------

--
-- Table structure for table `states`
--

CREATE TABLE `states` (
  `state_id` int(11) NOT NULL,
  `state_name` varchar(50) COLLATE utf8_unicode_ci NOT NULL,
  `state_abbreviation` char(2) COLLATE utf8_unicode_ci NOT NULL
) ENGINE=InnoDB DEFAULT CHARSET=utf8 COLLATE=utf8_unicode_ci;

--
-- Dumping data for table `states`
--

INSERT INTO `states` (`state_id`, `state_name`, `state_abbreviation`) VALUES
(1, 'Alabama', 'AL'),
(2, 'Alaska', 'AK'),
(3, 'Arizona', 'AZ'),
(4, 'Arkansas', 'AR'),
(5, 'California', 'CA'),
(6, 'Colorado', 'CO'),
(7, 'Connecticut', 'CT'),
(8, 'Delaware', 'DE'),
(9, 'Florida', 'FL'),
(10, 'Georgia', 'GA'),
(11, 'Hawaii', 'HI'),
(12, 'Idaho', 'ID'),
(13, 'Illinois', 'IL'),
(14, 'Indiana', 'IN'),
(15, 'Iowa', 'IA'),
(16, 'Kansas', 'KS'),
(17, 'Kentucky', 'KY'),
(18, 'Louisiana', 'LA'),
(19, 'Maine', 'ME'),
(20, 'Maryland', 'MD'),
(21, 'Massachusetts', 'MA'),
(22, 'Michigan', 'MI'),
(23, 'Minnesota', 'MN'),
(24, 'Mississippi', 'MS'),
(25, 'Missouri', 'MO'),
(26, 'Montana', 'MT'),
(27, 'Nebraska', 'NE'),
(28, 'Nevada', 'NV'),
(29, 'New Hampshire', 'NH'),
(30, 'New Jersey', 'NJ'),
(31, 'New Mexico', 'NM'),
(32, 'New York', 'NY'),
(33, 'North Carolina', 'NC'),
(34, 'North Dakota', 'ND'),
(35, 'Ohio', 'OH'),
(36, 'Oklahoma', 'OK'),
(37, 'Oregon', 'OR'),
(38, 'Pennsylvania', 'PA'),
(39, 'Rhode Island', 'RI'),
(40, 'South Carolina', 'SC'),
(41, 'South Dakota', 'SD'),
(42, 'Tennessee', 'TN'),
(43, 'Texas', 'TX'),
(44, 'Utah', 'UT'),
(45, 'Vermont', 'VT'),
(46, 'Virginia', 'VA'),
(47, 'Washington', 'WA'),
(48, 'West Virginia', 'WV'),
(49, 'Wisconsin', 'WI'),
(50, 'Wyoming', 'WY'),
(51, 'District of Columbia', 'DC');

-- --------------------------------------------------------

--
-- Table structure for table `student_drives`
--

CREATE TABLE `student_drives` (
  `student_drive_id` int(11) NOT NULL,
  `course_id` int(11) NOT NULL,
  `student_id` int(11) NOT NULL,
  `instructor_id` int(11) DEFAULT NULL,
  `drive_date` date DEFAULT NULL,
  `has_corrective_lenses` tinyint(1) DEFAULT NULL,
  `has_permit` tinyint(1) DEFAULT NULL,
  `parent_signature` tinyint(1) DEFAULT NULL,
  `parent_signature_date` date DEFAULT NULL,
  `parent_signature_id` int(11) DEFAULT NULL,
  `student_drive_comments` text COLLATE utf8_unicode_ci,
  `drive_template_id` int(11) NOT NULL,
  `total_score` int(10) UNSIGNED DEFAULT NULL,
  `parent_practice_hours` float DEFAULT NULL,
  `parent_behaviors_practiced` text COLLATE utf8_unicode_ci,
  `student_drive_hours_driven` float DEFAULT NULL,
  `student_drive_hours_observed` float DEFAULT NULL,
  `student_drive_status` tinytext COLLATE utf8_unicode_ci,
  `last_updated` timestamp NULL DEFAULT NULL
) ENGINE=InnoDB DEFAULT CHARSET=utf8 COLLATE=utf8_unicode_ci;

--
-- Dumping data for table `student_drives`
--

INSERT INTO `student_drives` (`student_drive_id`, `course_id`, `student_id`, `instructor_id`, `drive_date`, `has_corrective_lenses`, `has_permit`, `parent_signature`, `parent_signature_date`, `parent_signature_id`, `student_drive_comments`, `drive_template_id`, `total_score`, `parent_practice_hours`, `parent_behaviors_practiced`, `student_drive_hours_driven`, `student_drive_hours_observed`, `student_drive_status`, `last_updated`) VALUES
(1498, 1, 1, 2, '2016-02-09', 0, 1, 1, '2016-02-22', NULL, 'Test.', 1, NULL, 1, 'Turns, scanning intersections, parking', 1, 1.5, 'edited', '2016-04-06 19:17:41'),
(1499, 1, 1, NULL, NULL, NULL, NULL, NULL, NULL, NULL, NULL, 2, NULL, NULL, NULL, 0.75, NULL, 'created', NULL),
(1500, 1, 1, NULL, NULL, NULL, NULL, NULL, NULL, NULL, NULL, 3, NULL, NULL, NULL, 0.75, NULL, NULL, NULL),
(1501, 1, 1, NULL, NULL, NULL, NULL, NULL, NULL, NULL, NULL, 4, NULL, NULL, NULL, 0.75, NULL, NULL, NULL),
(1502, 1, 1, NULL, NULL, NULL, NULL, NULL, NULL, NULL, NULL, 5, NULL, NULL, NULL, 0.75, NULL, NULL, NULL),
(1503, 1, 1, NULL, NULL, NULL, NULL, NULL, NULL, NULL, NULL, 6, NULL, NULL, NULL, 0.75, NULL, NULL, NULL),
(1504, 1, 1, NULL, NULL, NULL, NULL, NULL, NULL, NULL, NULL, 7, NULL, NULL, NULL, 0.75, NULL, NULL, NULL),
(1505, 1, 1, NULL, NULL, NULL, NULL, NULL, NULL, NULL, NULL, 8, NULL, NULL, NULL, 0.75, NULL, NULL, NULL),
(1511, 2, 9, 2, '2016-02-26', 0, 1, NULL, NULL, NULL, '', 9, NULL, NULL, NULL, 1, 0, 'submitted', '2016-02-26 19:04:40'),
(1512, 2, 9, 2, '2016-03-30', 0, 1, NULL, NULL, NULL, 'Another test.', 10, NULL, NULL, NULL, 1, 1, 'submitted', '2016-03-30 23:23:20'),
(1513, 2, 9, NULL, NULL, NULL, NULL, NULL, NULL, NULL, NULL, 11, NULL, NULL, NULL, 1, NULL, NULL, NULL),
(1514, 2, 9, NULL, NULL, NULL, NULL, NULL, NULL, NULL, NULL, 12, NULL, NULL, NULL, 1, NULL, NULL, NULL),
(1515, 2, 9, NULL, NULL, NULL, NULL, NULL, NULL, NULL, NULL, 13, NULL, NULL, NULL, 1, NULL, NULL, NULL),
(1524, 1, 5, NULL, NULL, NULL, NULL, NULL, NULL, NULL, NULL, 1, NULL, NULL, NULL, 0.75, NULL, 'created', NULL),
(1525, 1, 5, NULL, NULL, NULL, NULL, NULL, NULL, NULL, NULL, 2, NULL, NULL, NULL, 0.75, NULL, NULL, NULL),
(1526, 1, 5, NULL, NULL, NULL, NULL, NULL, NULL, NULL, NULL, 3, NULL, NULL, NULL, 0.75, NULL, NULL, NULL),
(1527, 1, 5, NULL, NULL, NULL, NULL, NULL, NULL, NULL, NULL, 4, NULL, NULL, NULL, 0.75, NULL, NULL, NULL),
(1528, 1, 5, NULL, NULL, NULL, NULL, NULL, NULL, NULL, NULL, 5, NULL, NULL, NULL, 0.75, NULL, NULL, NULL),
(1529, 1, 5, NULL, NULL, NULL, NULL, NULL, NULL, NULL, NULL, 6, NULL, NULL, NULL, 0.75, NULL, NULL, NULL),
(1530, 1, 5, NULL, NULL, NULL, NULL, NULL, NULL, NULL, NULL, 7, NULL, NULL, NULL, 0.75, NULL, NULL, NULL),
(1531, 1, 5, NULL, NULL, NULL, NULL, NULL, NULL, NULL, NULL, 8, NULL, NULL, NULL, 0.75, NULL, NULL, NULL),
(1532, 2, 8, NULL, NULL, NULL, NULL, NULL, NULL, NULL, NULL, 9, NULL, NULL, NULL, 1, NULL, 'created', NULL),
(1533, 2, 8, NULL, NULL, NULL, NULL, NULL, NULL, NULL, NULL, 10, NULL, NULL, NULL, 1, NULL, NULL, NULL),
(1534, 2, 8, NULL, NULL, NULL, NULL, NULL, NULL, NULL, NULL, 11, NULL, NULL, NULL, 1, NULL, NULL, NULL),
(1535, 2, 8, NULL, NULL, NULL, NULL, NULL, NULL, NULL, NULL, 12, NULL, NULL, NULL, 1, NULL, NULL, NULL),
(1536, 2, 8, NULL, NULL, NULL, NULL, NULL, NULL, NULL, NULL, 13, NULL, NULL, NULL, 1, NULL, NULL, NULL),
(1537, 1, 3, NULL, NULL, NULL, NULL, NULL, NULL, NULL, NULL, 1, NULL, NULL, NULL, 0.75, NULL, 'created', NULL),
(1538, 1, 3, NULL, NULL, NULL, NULL, NULL, NULL, NULL, NULL, 2, NULL, NULL, NULL, 0.75, NULL, 'created', NULL),
(1539, 1, 3, NULL, NULL, NULL, NULL, NULL, NULL, NULL, NULL, 3, NULL, NULL, NULL, 0.75, NULL, NULL, NULL),
(1540, 1, 3, NULL, NULL, NULL, NULL, NULL, NULL, NULL, NULL, 4, NULL, NULL, NULL, 0.75, NULL, 'created', NULL),
(1541, 1, 3, NULL, NULL, NULL, NULL, NULL, NULL, NULL, NULL, 5, NULL, NULL, NULL, 0.75, NULL, NULL, NULL),
(1542, 1, 3, NULL, NULL, NULL, NULL, NULL, NULL, NULL, NULL, 6, NULL, NULL, NULL, 0.75, NULL, NULL, NULL),
(1543, 1, 3, NULL, NULL, NULL, NULL, NULL, NULL, NULL, NULL, 7, NULL, NULL, NULL, 0.75, NULL, NULL, NULL),
(1544, 1, 3, NULL, NULL, NULL, NULL, NULL, NULL, NULL, NULL, 8, NULL, NULL, NULL, 0.75, NULL, NULL, NULL),
(1600, 3, 7, 2, '2016-04-14', 1, 1, 1, '2016-05-05', NULL, 'This is a test. And another entry.And another on 4/20.', 14, NULL, NULL, NULL, 1, 1.5, 'edited', '2016-05-19 22:19:05'),
(1601, 3, 7, 2, '2016-04-18', 1, 1, 1, '2016-05-05', NULL, 'This is another test. And another on 4/18.', 15, NULL, NULL, NULL, 1, 1, 'edited', '2016-04-18 21:19:29'),
(1602, 3, 7, 2, '2016-04-19', 1, 1, NULL, NULL, NULL, 'Testing the new drive template.', 16, NULL, NULL, NULL, 1, 1, 'submitted', '2016-04-19 18:00:45'),
(1603, 3, 7, 2, '2016-04-19', 1, 1, NULL, NULL, NULL, 'Testing 123, testing 123.', 17, NULL, NULL, NULL, 1, 1.5, 'submitted', '2016-04-19 18:55:01'),
(1604, 3, 7, 2, '2016-04-18', 1, 1, NULL, NULL, NULL, 'Testing once again.', 18, NULL, NULL, NULL, 1, 2, 'submitted', '2016-04-19 19:09:50'),
(1605, 3, 18, 2, '2016-04-16', NULL, 1, NULL, NULL, NULL, 'Well done; curb parallel parking, backing straight, turns, acceleration,. Work on: LSMILE, legal stops (front limit), beginning turns.', 14, NULL, NULL, NULL, 1, 2, 'submitted', '2016-04-16 23:00:13'),
(1606, 3, 18, 2, '2016-04-23', NULL, 1, NULL, NULL, NULL, 'Practice: MSMOG, scanning intersections, turnabouts.', 15, NULL, NULL, NULL, 1, 2, 'submitted', '2016-04-23 23:06:06'),
(1607, 3, 18, 2, '2016-04-30', NULL, 1, NULL, NULL, NULL, 'Noce driving in traffic! Work on: rear zone checks, LP onturns, scanning intersections, rear-in perpendicular parking.', 16, NULL, NULL, NULL, 1, 2, 'submitted', '2016-04-30 23:13:23'),
(1608, 3, 18, 2, '2016-05-14', NULL, 1, NULL, NULL, NULL, 'Good: timing lights, scanning intersections. Work on: lane position on lane changes, rear-in perpendicular parking.', 17, NULL, NULL, NULL, 1, 2, 'submitted', '2016-05-14 23:07:31'),
(1609, 3, 18, 2, '2016-05-21', NULL, 1, NULL, NULL, NULL, 'Excellent freeway driving. Work on: refining skills.', 18, NULL, NULL, NULL, 1, 2, 'submitted', '2016-05-21 23:06:15'),
(1610, 3, 14, 2, '2016-04-15', NULL, 1, 1, '2016-06-11', 13, 'Done well: turning is very smooth, acceleration good. Work on: LSMILE, legal stops. Tes.', 14, NULL, NULL, NULL, 1, 1, 'edited', '2016-07-19 21:34:12'),
(1611, 3, 14, 2, '2016-04-22', NULL, 1, 1, '2016-06-11', 13, 'Practice: LSMILE, turnabouts, scanning intersections.', 15, NULL, NULL, NULL, 1, 1, 'submitted', '2016-04-23 01:04:13'),
(1612, 3, 14, 2, '2016-04-29', NULL, 1, NULL, NULL, NULL, 'Good: braking, accelerating, communication, speed control. Practice: scanning intersections, rear zone checks, MSMOG.', 16, NULL, NULL, NULL, 1, 1, 'submitted', '2016-04-30 01:03:05'),
(1613, 3, 14, 2, '2016-05-13', NULL, 1, NULL, NULL, NULL, 'Good: timing lights,  scanning intersections. Work on: over the shoulder on lateral moves (MSMOG), rear zone checks, rear-in perpendicular parking.', 17, NULL, NULL, NULL, 1, 1, 'submitted', '2016-05-14 01:12:25'),
(1614, 3, 14, 2, '2016-05-27', NULL, 1, NULL, NULL, NULL, 'Nice  freeway driving! Work on: rear-in perpendicular parking, rear zone checks, scanning intersections.', 18, NULL, NULL, NULL, 1, 1, 'submitted', '2016-05-28 01:08:57'),
(1615, 3, 16, 2, '2016-04-16', NULL, 1, NULL, NULL, NULL, 'Doing well: acceleration, braking, signals. Work on: LSMILE, push-pull steering, reference points.', 14, NULL, NULL, NULL, 1, 2, 'edited', '2016-04-16 23:06:23'),
(1616, 3, 16, 2, '2016-04-23', NULL, 1, NULL, NULL, NULL, 'Work on: right ', 15, NULL, NULL, NULL, 1, 2, 'submitted', '2016-04-23 23:08:05'),
(1617, 3, 16, 2, '2016-04-30', NULL, 1, NULL, NULL, NULL, 'Handling traffic very well. Work on: scanning intersections, rear zone checks, rear-in perpendicular parking.', 16, NULL, NULL, NULL, 1, 2, 'submitted', '2016-04-30 23:11:11'),
(1618, 3, 16, 2, '2016-05-14', NULL, 1, NULL, NULL, NULL, 'Good: timing lights, scanning intersections, lane changes. Work on: blind spot checks, rear-in perpendicular parking, rear zone checks.', 17, NULL, NULL, NULL, 1, 2, 'submitted', '2016-05-14 23:03:37'),
(1619, 3, 16, 2, '2016-05-21', NULL, 1, NULL, NULL, NULL, 'Very nice freeway driving. Work on: lane position on lane changes, blind spot checks, rear-in perpendicular parking.', 18, NULL, NULL, NULL, 1, 2, 'submitted', '2016-05-21 23:02:39'),
(1620, 3, 19, 2, '2016-07-16', NULL, 1, 1, '2016-07-16', 13, 'Doing well: accelerating, turns, smooth stops. Work on: LSMILE, reference points, legal stops.', 14, NULL, NULL, NULL, 1, 2, 'submitted', '2016-07-18 17:24:55'),
(1621, 3, 19, NULL, NULL, NULL, NULL, NULL, NULL, NULL, NULL, 15, NULL, NULL, NULL, 1, NULL, 'created', NULL),
(1622, 3, 19, NULL, NULL, NULL, NULL, NULL, NULL, NULL, NULL, 16, NULL, NULL, NULL, 1, NULL, 'created', NULL),
(1623, 3, 19, 2, '2016-05-15', NULL, 1, NULL, NULL, NULL, 'Good: timing lights, MSMOG, scanning intersections. Work on: rear-in perpendicular parking, lane position on lane changes, rear zone checks.', 17, NULL, NULL, NULL, 1, 2, 'submitted', '2016-05-15 17:02:11'),
(1624, 3, 19, NULL, NULL, NULL, NULL, NULL, NULL, NULL, NULL, 18, NULL, NULL, NULL, 1, NULL, NULL, NULL),
(1625, 3, 21, NULL, NULL, NULL, NULL, NULL, NULL, NULL, NULL, 14, NULL, NULL, NULL, NULL, NULL, 'created', NULL),
(1626, 3, 21, NULL, NULL, NULL, NULL, NULL, NULL, NULL, NULL, 15, NULL, NULL, NULL, 1, NULL, NULL, NULL),
(1627, 3, 21, NULL, NULL, NULL, NULL, NULL, NULL, NULL, NULL, 16, NULL, NULL, NULL, 1, NULL, NULL, NULL),
(1628, 3, 21, NULL, NULL, NULL, NULL, NULL, NULL, NULL, NULL, 17, NULL, NULL, NULL, 1, NULL, NULL, NULL),
(1629, 3, 21, NULL, NULL, NULL, NULL, NULL, NULL, NULL, NULL, 18, NULL, NULL, NULL, 1, NULL, NULL, NULL),
(1630, 3, 15, 2, '2016-04-15', NULL, 1, NULL, NULL, NULL, 'Good: hand position, acceleration, braking, signaling. Work on: LSMILE, turns, reference points.', 14, NULL, NULL, NULL, 1, 1, 'edited', '2016-04-16 01:08:14'),
(1631, 3, 15, 2, '2016-04-22', NULL, 1, NULL, NULL, NULL, 'Work on: signals, speed control, push-pull steering.', 15, NULL, NULL, NULL, 1, 1, 'submitted', '2016-04-23 01:06:44'),
(1632, 3, 15, 2, '2016-04-29', NULL, 1, NULL, NULL, NULL, 'Good: basic driving skills, following distance. Work on: charging lights, scanning intersections, rear zone checks, MSMOG.', 16, NULL, NULL, NULL, 1, 1, 'submitted', '2016-04-30 01:07:40'),
(1633, 3, 15, 2, '2016-05-13', NULL, 1, NULL, NULL, NULL, 'Good: timing lights, lane changes, MSMOG. Work on: rear zone checks, rear-in perpendicular parking, smooth acceleration if distracted.', 17, NULL, NULL, NULL, 1, 1, 'submitted', '2016-05-14 01:14:36'),
(1634, 3, 15, 2, '2016-05-27', NULL, 1, NULL, NULL, NULL, 'Kyle\'s in strong shape for the final drive. Work on: freeway driving, rear zone checks, rear-in perpendicular parking.', 18, NULL, NULL, NULL, 1, 1, 'submitted', '2016-05-28 01:10:36'),
(1635, 3, 17, 2, '2016-04-16', NULL, 1, NULL, NULL, NULL, 'Good: right side reference point, smooth acceleration ', 14, NULL, NULL, NULL, 1, 2, 'submitted', '2016-04-16 23:05:48'),
(1636, 3, 17, 2, '2016-04-23', NULL, 1, NULL, NULL, NULL, 'Work on: turnabouts, rear limit, LSMILE.', 15, NULL, NULL, NULL, 1, 2, 'submitted', '2016-04-23 23:09:42'),
(1637, 3, 17, 2, '2016-04-30', NULL, 1, NULL, NULL, NULL, 'Work on: lane position on right turns, speed control--too slow sometimes, rear zone checks.', 16, NULL, NULL, NULL, 1, 2, 'submitted', '2016-04-30 23:08:45'),
(1638, 3, 17, 2, '2016-05-14', NULL, 1, NULL, NULL, NULL, 'Did well: speed control, timing lights, turns. Work on: rear-in perpendicular parking, look first on lane changes, scanning intersections.', 17, NULL, NULL, NULL, 1, 2, 'submitted', '2016-05-14 23:05:50'),
(1639, 3, 17, 2, '2016-05-21', NULL, 1, NULL, NULL, NULL, 'Work on: smooth lane change turns, look before signal on lane changes, rear-in perpendicular parking.', 18, NULL, NULL, NULL, 1, 2, 'submitted', '2016-05-21 23:04:53'),
(1640, 3, 23, 2, '2016-04-17', NULL, 1, 1, '2016-06-12', 25, 'Strong: turning, accelerating, braking, lane position. Work on: LSMILE, reference points.', 14, NULL, NULL, NULL, 1, 2, 'submitted', '2016-04-17 22:28:12'),
(1641, 3, 23, 2, '2016-04-24', NULL, 1, NULL, NULL, NULL, 'Practice: parallel parking, left turns, scanning intersections.', 15, NULL, NULL, NULL, 1, 2, 'submitted', '2016-04-24 22:32:19'),
(1642, 3, 23, 2, '2016-05-01', NULL, 1, 1, '2016-06-19', 25, 'Welldone: timing lights, turning, following  gaps. Practice: lane position on right turns, speed control, scanning intersections, rear zone checks.', 16, NULL, NULL, NULL, 1, 2, 'submitted', '2016-05-01 22:40:03'),
(1643, 3, 23, 2, '2016-05-15', NULL, 1, NULL, NULL, NULL, 'Nicely done: scanning intersections, MSMOG, timing lights. Work on rear-in perpendicular parking, rear zone checks (including  blind spot checks).', 17, NULL, NULL, NULL, 1, 2, 'submitted', '2016-05-15 22:37:19'),
(1644, 3, 23, 2, '2016-05-22', NULL, 1, NULL, NULL, NULL, 'Good: freeway lane changes, following distance, enter/exit freeway. Work on: occasional velocitation, rear zone checks, rear-in perpendicular parking.', 18, NULL, NULL, NULL, 1, 2, 'submitted', '2016-05-22 22:34:57'),
(1645, 3, 22, 2, '2016-04-17', NULL, 1, 1, '2016-06-10', 25, 'Good: braking, acceleration, lane position. Work on: turning, LSMILE, reference points.', 14, NULL, NULL, NULL, 1, 2, 'submitted', '2016-04-17 22:31:26'),
(1646, 3, 22, 2, '2016-04-24', NULL, 1, 1, '2016-07-05', 25, 'Work on: speed control, wide turns, scanning intersections.', 15, NULL, NULL, NULL, 1, 2, 'edited', '2016-04-24 22:34:45'),
(1647, 3, 22, 2, '2016-05-01', NULL, 1, 1, '2016-06-10', 25, 'Good: timing lights, following distance, turns. Practice: scanning intersections, rear zone checks, MSMOG.', 16, NULL, NULL, NULL, 1, 2, 'submitted', '2016-05-01 22:37:15'),
(1648, 3, 22, 2, '2016-05-15', NULL, 1, 1, '2016-06-10', 25, 'Good: scanning intersections, lane changes, timing lights, speed control. Work on: rear-in perpendicular parking, rear zone checks.', 17, NULL, NULL, NULL, 1, 2, 'submitted', '2016-05-15 22:35:02'),
(1649, 3, 22, 2, '2016-05-22', NULL, 1, 1, '2016-07-19', 25, 'Nice freeway driving. Work on: occasional velocitation, rear zone checks, rear-in perpendicular parking.', 18, NULL, NULL, NULL, 1, 2, 'submitted', '2016-05-22 22:32:36'),
(1650, 3, 24, 2, '2016-04-17', NULL, 1, 1, '2016-06-13', 25, 'Did well: accelerating, braking, legal stops. Work on: push-pull steering, LSMILE, reference points, 8', 14, NULL, NULL, NULL, 1, 2, 'submitted', '2016-04-17 22:34:34'),
(1651, 3, 24, 2, '2016-04-24', NULL, 1, 1, '2016-06-13', 25, '', 15, NULL, NULL, NULL, 1, 2, 'submitted', '2016-04-24 22:35:46'),
(1652, 3, 24, 2, '2016-05-01', NULL, 1, NULL, NULL, NULL, 'Good: timing lights, lane position, MSMOG. Practice: rear zone checks, speed control, charging intersections  (minor issues).', 16, NULL, NULL, NULL, 1, 2, 'submitted', '2016-05-01 22:42:25'),
(1653, 3, 24, 2, '2016-05-15', NULL, 1, NULL, NULL, NULL, 'Doing well: speed control, timing lights, MSMOG, lane changes. Work on: scanning intersections, rear zone checks, rear-in perpendicular parking.', 17, NULL, NULL, NULL, 1, 2, 'submitted', '2016-05-15 22:39:09'),
(1654, 3, 24, 2, '2016-05-22', NULL, 1, NULL, NULL, NULL, 'Good: lane changes, following distance, enter/exit freeway. Work on: slight drifting on freeway, rear zone checks, rear-in perpendicular parking.', 18, NULL, NULL, NULL, 1, 2, 'submitted', '2016-05-22 22:30:42'),
(1655, 3, 1, 2, '2016-04-29', NULL, 1, NULL, NULL, NULL, 'This is a test of the cell service downtown.', 14, NULL, NULL, NULL, 1, 1, 'submitted', '2016-04-29 17:03:49'),
(1656, 3, 1, 2, '2016-05-03', NULL, 1, NULL, NULL, NULL, '', 15, NULL, NULL, NULL, 1, 0, 'edited', '2016-05-04 17:40:38'),
(1657, 3, 1, NULL, NULL, NULL, NULL, NULL, NULL, NULL, NULL, 16, NULL, NULL, NULL, 1, NULL, NULL, NULL),
(1658, 3, 1, NULL, NULL, NULL, NULL, NULL, NULL, NULL, NULL, 17, NULL, NULL, NULL, 1, NULL, NULL, NULL),
(1659, 3, 1, NULL, NULL, NULL, NULL, NULL, NULL, NULL, NULL, 18, NULL, NULL, NULL, 1, NULL, NULL, NULL),
(1660, 3, 20, NULL, NULL, NULL, NULL, NULL, NULL, NULL, NULL, 14, NULL, NULL, NULL, 1, NULL, NULL, NULL),
(1661, 3, 20, NULL, NULL, NULL, NULL, NULL, NULL, NULL, NULL, 15, NULL, NULL, NULL, 1, NULL, NULL, NULL),
(1662, 3, 20, NULL, NULL, NULL, NULL, NULL, NULL, NULL, NULL, 16, NULL, NULL, NULL, 1, NULL, NULL, NULL),
(1663, 3, 20, 2, '2016-05-15', NULL, 1, NULL, NULL, NULL, 'Done well: timing lights, following distance, MSMOG, lane changes. Work on: scanning intersections, lane choice on left turns, lane position on right turns, rear zone checks.', 17, NULL, NULL, NULL, 1, 2, 'edited', '2016-05-15 19:11:24'),
(1664, 3, 20, NULL, NULL, NULL, NULL, NULL, NULL, NULL, NULL, 18, NULL, NULL, NULL, 1, NULL, NULL, NULL),
(1670, 4, 4, 2, '2016-05-04', 1, 1, 1, '2016-05-25', 13, 'Test.', 14, NULL, NULL, NULL, 1, 1, 'edited', '2016-05-04 22:33:25'),
(1671, 4, 4, 2, '2016-05-04', 1, 1, 1, '2016-05-28', 13, 'Nice drive. Smart text is nice feature.', 15, NULL, NULL, NULL, 1, 1, 'edited', '2016-05-09 18:52:57'),
(1672, 4, 4, 2, '2016-05-16', 1, 1, 1, '2016-06-09', 13, 'Test.', 16, NULL, NULL, NULL, 1, 2, 'submitted', '2016-05-16 17:25:16'),
(1673, 4, 4, 2, '2016-05-27', 1, 1, NULL, NULL, NULL, 'This is a test of the new parent website. Another test of comments.', 17, NULL, NULL, NULL, 1, 1.5, 'edited', '2016-07-18 17:34:29'),
(1674, 4, 4, NULL, NULL, NULL, NULL, NULL, NULL, NULL, NULL, 18, NULL, NULL, NULL, 1, NULL, 'created', NULL),
(1675, 4, 5, NULL, NULL, NULL, NULL, NULL, NULL, NULL, NULL, 14, NULL, NULL, NULL, 1, NULL, 'created', NULL),
(1676, 4, 5, NULL, NULL, NULL, NULL, NULL, NULL, NULL, NULL, 15, NULL, NULL, NULL, 1, NULL, NULL, NULL),
(1677, 4, 5, NULL, NULL, NULL, NULL, NULL, NULL, NULL, NULL, 16, NULL, NULL, NULL, 1, NULL, NULL, NULL),
(1678, 4, 5, NULL, NULL, NULL, NULL, NULL, NULL, NULL, NULL, 17, NULL, NULL, NULL, 1, NULL, NULL, NULL),
(1679, 4, 5, NULL, NULL, NULL, NULL, NULL, NULL, NULL, NULL, 18, NULL, NULL, NULL, 1, NULL, NULL, NULL),
(1680, 4, 6, 2, '2016-05-09', 1, 1, NULL, NULL, NULL, 'Things to work on here.', 14, NULL, NULL, NULL, 1, 1.5, 'submitted', '2016-05-10 16:22:51'),
(1681, 4, 6, NULL, NULL, NULL, NULL, NULL, NULL, NULL, NULL, 15, NULL, NULL, NULL, 1, NULL, NULL, NULL),
(1682, 4, 6, NULL, NULL, NULL, NULL, NULL, NULL, NULL, NULL, 16, NULL, NULL, NULL, 1, NULL, NULL, NULL),
(1683, 4, 6, NULL, NULL, NULL, NULL, NULL, NULL, NULL, NULL, 17, NULL, NULL, NULL, 1, NULL, NULL, NULL),
(1684, 4, 6, NULL, NULL, NULL, NULL, NULL, NULL, NULL, NULL, 18, NULL, NULL, NULL, 1, NULL, NULL, NULL),
(1685, 4, 9, NULL, NULL, NULL, NULL, NULL, NULL, NULL, NULL, 14, NULL, NULL, NULL, 1, NULL, NULL, NULL),
(1686, 4, 9, NULL, NULL, NULL, NULL, NULL, NULL, NULL, NULL, 15, NULL, NULL, NULL, 1, NULL, NULL, NULL),
(1687, 4, 9, NULL, NULL, NULL, NULL, NULL, NULL, NULL, NULL, 16, NULL, NULL, NULL, 1, NULL, NULL, NULL),
(1688, 4, 9, NULL, NULL, NULL, NULL, NULL, NULL, NULL, NULL, 17, NULL, NULL, NULL, 1, NULL, NULL, NULL),
(1689, 4, 9, NULL, NULL, NULL, NULL, NULL, NULL, NULL, NULL, 18, NULL, NULL, NULL, 1, NULL, NULL, NULL),
(1690, 4, 7, NULL, NULL, NULL, NULL, NULL, NULL, NULL, NULL, 14, NULL, NULL, NULL, 1, NULL, 'created', NULL),
(1691, 4, 7, NULL, NULL, NULL, NULL, NULL, NULL, NULL, NULL, 15, NULL, NULL, NULL, 1, NULL, NULL, NULL),
(1692, 4, 7, NULL, NULL, NULL, NULL, NULL, NULL, NULL, NULL, 16, NULL, NULL, NULL, 1, NULL, NULL, NULL),
(1693, 4, 7, NULL, NULL, NULL, NULL, NULL, NULL, NULL, NULL, 17, NULL, NULL, NULL, 1, NULL, NULL, NULL),
(1694, 4, 7, NULL, NULL, NULL, NULL, NULL, NULL, NULL, NULL, 18, NULL, NULL, NULL, 1, NULL, NULL, NULL),
(1695, 4, 8, NULL, NULL, NULL, NULL, NULL, NULL, NULL, NULL, 14, NULL, NULL, NULL, 1, NULL, NULL, NULL),
(1696, 4, 8, NULL, NULL, NULL, NULL, NULL, NULL, NULL, NULL, 15, NULL, NULL, NULL, 1, NULL, NULL, NULL),
(1697, 4, 8, NULL, NULL, NULL, NULL, NULL, NULL, NULL, NULL, 16, NULL, NULL, NULL, 1, NULL, NULL, NULL),
(1698, 4, 8, NULL, NULL, NULL, NULL, NULL, NULL, NULL, NULL, 17, NULL, NULL, NULL, 1, NULL, NULL, NULL),
(1699, 4, 8, NULL, NULL, NULL, NULL, NULL, NULL, NULL, NULL, 18, NULL, NULL, NULL, 1, NULL, NULL, NULL);

-- --------------------------------------------------------

--
-- Table structure for table `student_drive_behaviors`
--

CREATE TABLE `student_drive_behaviors` (
  `student_drive_behavior_id` int(11) NOT NULL,
  `student_drive_behavior_score` int(11) DEFAULT NULL,
  `student_drive_id` int(11) NOT NULL,
  `standard_drive_behavior_id` int(11) NOT NULL,
  `drive_template_behavior_id` int(11) NOT NULL
) ENGINE=InnoDB DEFAULT CHARSET=utf8 COLLATE=utf8_unicode_ci;

--
-- Dumping data for table `student_drive_behaviors`
--

INSERT INTO `student_drive_behaviors` (`student_drive_behavior_id`, `student_drive_behavior_score`, `student_drive_id`, `standard_drive_behavior_id`, `drive_template_behavior_id`) VALUES
(2478, 1, 1498, 1, 0),
(2479, 1, 1498, 2, 0),
(2480, 2, 1498, 3, 0),
(2481, 1, 1498, 4, 0),
(2482, 1, 1498, 5, 0),
(2483, 3, 1498, 6, 0),
(2484, 1, 1498, 7, 0),
(2485, 1, 1498, 8, 0),
(2486, 2, 1498, 9, 0),
(2487, 2, 1498, 10, 0),
(2488, 2, 1498, 11, 0),
(2489, 1, 1498, 12, 0),
(2490, 1, 1498, 13, 0),
(2491, 3, 1498, 14, 0),
(2492, 1, 1498, 15, 0),
(2493, 2, 1498, 16, 0),
(2561, 1, 1506, 1, 0),
(2562, 2, 1506, 2, 0),
(2563, 1, 1506, 3, 0),
(2564, 3, 1506, 4, 0),
(2565, 3, 1506, 5, 0),
(2566, 1, 1506, 6, 0),
(2567, 1, 1506, 7, 0),
(2568, 3, 1506, 8, 0),
(2569, 3, 1506, 9, 0),
(2570, 2, 1506, 10, 0),
(2571, 1, 1506, 11, 0),
(2572, 1, 1506, 12, 0),
(2573, 1, 1506, 13, 0),
(2574, 1, 1506, 14, 0),
(2575, 2, 1506, 15, 0),
(2576, 2, 1506, 16, 0),
(2577, 2, 1507, 17, 0),
(2578, 2, 1507, 18, 0),
(2579, 2, 1507, 19, 0),
(2580, 1, 1507, 25, 0),
(2581, 1, 1507, 27, 0),
(2582, 1, 1507, 29, 0),
(2583, 1, 1507, 30, 0),
(2584, 3, 1507, 31, 0),
(2585, 3, 1507, 33, 0),
(2586, 3, 1507, 35, 0),
(2587, 3, 1507, 36, 0),
(2588, 3, 1507, 37, 0),
(2589, 3, 1507, 38, 0),
(2590, 1, 1507, 39, 0),
(2591, 1, 1507, 40, 0),
(2592, 3, 1507, 41, 0),
(2593, 3, 1507, 42, 0),
(2594, 2, 1511, 1, 0),
(2595, NULL, 1511, 2, 0),
(2596, 1, 1511, 3, 0),
(2597, 2, 1511, 4, 0),
(2598, 2, 1511, 5, 0),
(2599, 1, 1511, 6, 0),
(2600, 1, 1511, 7, 0),
(2601, NULL, 1511, 8, 0),
(2602, NULL, 1511, 9, 0),
(2603, NULL, 1511, 10, 0),
(2604, NULL, 1511, 11, 0),
(2605, NULL, 1511, 23, 0),
(2606, NULL, 1511, 24, 0),
(2607, NULL, 1511, 28, 0),
(2608, NULL, 1511, 12, 0),
(2609, NULL, 1511, 13, 0),
(2610, NULL, 1511, 14, 0),
(2611, NULL, 1511, 32, 0),
(2612, NULL, 1511, 15, 0),
(2613, NULL, 1511, 16, 0),
(2614, 1, 1516, 1, 0),
(2615, 3, 1516, 2, 0),
(2616, 2, 1516, 3, 0),
(2617, 1, 1516, 4, 0),
(2618, 1, 1516, 5, 0),
(2619, 2, 1516, 6, 0),
(2620, 2, 1516, 7, 0),
(2621, NULL, 1516, 8, 0),
(2622, NULL, 1516, 9, 0),
(2623, NULL, 1516, 10, 0),
(2624, NULL, 1516, 11, 0),
(2625, NULL, 1516, 23, 0),
(2626, NULL, 1516, 24, 0),
(2627, NULL, 1516, 28, 0),
(2628, NULL, 1516, 12, 0),
(2629, NULL, 1516, 13, 0),
(2630, NULL, 1516, 14, 0),
(2631, NULL, 1516, 32, 0),
(2632, NULL, 1516, 15, 0),
(2633, NULL, 1516, 16, 0),
(2634, NULL, 1524, 1, 0),
(2635, NULL, 1524, 2, 0),
(2636, NULL, 1524, 3, 0),
(2637, NULL, 1524, 4, 0),
(2638, NULL, 1524, 5, 0),
(2639, NULL, 1524, 6, 0),
(2640, NULL, 1524, 7, 0),
(2641, NULL, 1524, 8, 0),
(2642, NULL, 1524, 9, 0),
(2643, NULL, 1524, 10, 0),
(2644, NULL, 1524, 11, 0),
(2645, NULL, 1524, 23, 0),
(2646, NULL, 1524, 24, 0),
(2647, NULL, 1524, 28, 0),
(2648, NULL, 1524, 12, 0),
(2649, NULL, 1524, 13, 0),
(2650, NULL, 1524, 14, 0),
(2651, NULL, 1524, 32, 0),
(2652, NULL, 1524, 15, 0),
(2653, NULL, 1524, 16, 0),
(2654, NULL, 1508, 43, 0),
(2655, NULL, 1508, 51, 0),
(2656, NULL, 1508, 52, 0),
(2657, NULL, 1508, 34, 0),
(2658, NULL, 1508, 44, 0),
(2659, NULL, 1508, 45, 0),
(2660, NULL, 1508, 46, 0),
(2661, NULL, 1508, 47, 0),
(2662, NULL, 1508, 48, 0),
(2663, NULL, 1508, 49, 0),
(2664, NULL, 1508, 50, 0),
(2665, NULL, 1508, 53, 0),
(2666, NULL, 1508, 54, 0),
(2667, NULL, 1508, 55, 0),
(2668, NULL, 1508, 56, 0),
(2669, NULL, 1508, 57, 0),
(2670, NULL, 1508, 22, 0),
(2671, NULL, 1508, 58, 0),
(2672, NULL, 1508, 59, 0),
(2673, NULL, 1508, 60, 0),
(2674, NULL, 1508, 26, 0),
(2675, NULL, 1508, 61, 0),
(2676, NULL, 1508, 63, 0),
(2677, NULL, 1508, 64, 0),
(2678, NULL, 1508, 65, 0),
(2679, NULL, 1508, 77, 0),
(2680, NULL, 1508, 20, 0),
(2681, NULL, 1508, 21, 0),
(2682, NULL, 1508, 62, 0),
(2683, NULL, 1508, 69, 0),
(2684, NULL, 1508, 70, 0),
(2685, NULL, 1508, 71, 0),
(2686, NULL, 1508, 72, 0),
(2687, NULL, 1508, 66, 0),
(2688, NULL, 1508, 67, 0),
(2689, NULL, 1508, 75, 0),
(2690, NULL, 1508, 68, 0),
(2691, NULL, 1508, 73, 0),
(2692, NULL, 1508, 74, 0),
(2693, NULL, 1508, 76, 0),
(2694, NULL, 1508, 78, 0),
(2695, NULL, 1508, 79, 0),
(2696, NULL, 1537, 1, 0),
(2697, NULL, 1537, 2, 0),
(2698, NULL, 1537, 3, 0),
(2699, NULL, 1537, 4, 0),
(2700, NULL, 1537, 5, 0),
(2701, NULL, 1537, 6, 0),
(2702, NULL, 1537, 7, 0),
(2703, NULL, 1537, 8, 0),
(2704, NULL, 1537, 9, 0),
(2705, NULL, 1537, 10, 0),
(2706, NULL, 1537, 11, 0),
(2707, NULL, 1537, 23, 0),
(2708, NULL, 1537, 24, 0),
(2709, NULL, 1537, 28, 0),
(2710, NULL, 1537, 12, 0),
(2711, NULL, 1537, 13, 0),
(2712, NULL, 1537, 14, 0),
(2713, NULL, 1537, 32, 0),
(2714, NULL, 1537, 15, 0),
(2715, NULL, 1537, 16, 0),
(2716, 2, 1512, 17, 0),
(2717, 1, 1512, 18, 0),
(2718, 2, 1512, 19, 0),
(2719, 1, 1512, 25, 0),
(2720, 2, 1512, 27, 0),
(2721, 3, 1512, 29, 0),
(2722, 2, 1512, 30, 0),
(2723, 1, 1512, 31, 0),
(2724, 2, 1512, 33, 0),
(2725, 3, 1512, 35, 0),
(2726, 2, 1512, 36, 0),
(2727, 2, 1512, 37, 0),
(2728, 2, 1512, 38, 0),
(2729, 1, 1512, 39, 0),
(2730, 2, 1512, 40, 0),
(2731, 1, 1512, 41, 0),
(2732, 2, 1512, 42, 0),
(2733, NULL, 1532, 1, 0),
(2734, NULL, 1532, 2, 0),
(2735, NULL, 1532, 3, 0),
(2736, NULL, 1532, 4, 0),
(2737, NULL, 1532, 5, 0),
(2738, NULL, 1532, 6, 0),
(2739, NULL, 1532, 7, 0),
(2740, NULL, 1532, 8, 0),
(2741, NULL, 1532, 9, 0),
(2742, NULL, 1532, 10, 0),
(2743, NULL, 1532, 11, 0),
(2744, NULL, 1532, 23, 0),
(2745, NULL, 1532, 24, 0),
(2746, NULL, 1532, 28, 0),
(2747, NULL, 1532, 12, 0),
(2748, NULL, 1532, 13, 0),
(2749, NULL, 1532, 14, 0),
(2750, NULL, 1532, 32, 0),
(2751, NULL, 1532, 15, 0),
(2752, NULL, 1532, 16, 0),
(2753, NULL, 1545, 1, 0),
(2754, NULL, 1545, 2, 0),
(2755, NULL, 1545, 3, 0),
(2756, NULL, 1545, 4, 0),
(2757, NULL, 1545, 5, 0),
(2758, NULL, 1545, 6, 0),
(2759, NULL, 1545, 7, 0),
(2760, NULL, 1545, 8, 0),
(2761, NULL, 1545, 9, 0),
(2762, NULL, 1545, 10, 0),
(2763, NULL, 1545, 11, 0),
(2764, NULL, 1545, 23, 0),
(2765, NULL, 1545, 24, 0),
(2766, NULL, 1545, 28, 0),
(2767, NULL, 1545, 12, 0),
(2768, NULL, 1545, 13, 0),
(2769, NULL, 1545, 14, 0),
(2770, NULL, 1545, 32, 0),
(2771, NULL, 1545, 15, 0),
(2772, NULL, 1545, 16, 0),
(2773, NULL, 1550, 14, 163),
(2774, NULL, 1550, 14, 164),
(2775, NULL, 1550, 14, 165),
(2776, NULL, 1550, 16, 166),
(2777, NULL, 1550, 22, 167),
(2778, NULL, 1550, 13, 162),
(2779, NULL, 1555, 2, 146),
(2780, NULL, 1555, 3, 147),
(2781, NULL, 1555, 4, 148),
(2782, NULL, 1555, 6, 149),
(2783, NULL, 1555, 9, 150),
(2784, NULL, 1555, 8, 151),
(2785, NULL, 1555, 10, 152),
(2786, NULL, 1555, 11, 153),
(2787, NULL, 1555, 15, 154),
(2788, NULL, 1555, 11, 155),
(2789, NULL, 1555, 11, 156),
(2790, NULL, 1555, 17, 157),
(2791, NULL, 1555, 17, 158),
(2792, NULL, 1555, 17, 159),
(2793, NULL, 1555, 17, 160),
(2794, NULL, 1555, 12, 161),
(2795, NULL, 1555, 14, 163),
(2796, NULL, 1555, 14, 164),
(2797, NULL, 1555, 14, 165),
(2798, NULL, 1555, 16, 166),
(2799, NULL, 1555, 22, 167),
(2800, NULL, 1555, 13, 162),
(2801, NULL, 1560, 2, 146),
(2802, NULL, 1560, 3, 147),
(2803, NULL, 1560, 4, 148),
(2804, NULL, 1560, 6, 149),
(2805, NULL, 1560, 9, 150),
(2806, NULL, 1560, 8, 151),
(2807, NULL, 1560, 10, 152),
(2808, NULL, 1560, 11, 153),
(2809, NULL, 1560, 15, 154),
(2810, NULL, 1560, 11, 155),
(2811, NULL, 1560, 11, 156),
(2812, NULL, 1560, 17, 157),
(2813, NULL, 1560, 17, 158),
(2814, NULL, 1560, 17, 159),
(2815, NULL, 1560, 17, 160),
(2816, NULL, 1560, 12, 161),
(2817, NULL, 1560, 14, 163),
(2818, NULL, 1560, 14, 164),
(2819, NULL, 1560, 14, 165),
(2820, NULL, 1560, 16, 166),
(2821, NULL, 1560, 22, 167),
(2822, NULL, 1560, 13, 162),
(2823, NULL, 1565, 2, 146),
(2824, NULL, 1565, 3, 147),
(2825, NULL, 1565, 4, 148),
(2826, NULL, 1565, 6, 149),
(2827, NULL, 1565, 9, 150),
(2828, NULL, 1565, 8, 151),
(2829, NULL, 1565, 10, 152),
(2830, NULL, 1565, 11, 153),
(2831, NULL, 1565, 15, 154),
(2832, NULL, 1565, 11, 155),
(2833, NULL, 1565, 11, 156),
(2834, NULL, 1565, 17, 157),
(2835, NULL, 1565, 17, 158),
(2836, NULL, 1565, 17, 159),
(2837, NULL, 1565, 17, 160),
(2838, NULL, 1565, 12, 161),
(2839, NULL, 1565, 14, 163),
(2840, NULL, 1565, 14, 164),
(2841, NULL, 1565, 14, 165),
(2842, NULL, 1565, 16, 166),
(2843, NULL, 1565, 22, 167),
(2844, NULL, 1565, 13, 162),
(2845, NULL, 1570, 2, 146),
(2846, NULL, 1570, 3, 147),
(2847, NULL, 1570, 4, 148),
(2848, NULL, 1570, 6, 149),
(2849, NULL, 1570, 9, 150),
(2850, NULL, 1570, 8, 151),
(2851, NULL, 1570, 10, 152),
(2852, NULL, 1570, 11, 153),
(2853, NULL, 1570, 15, 154),
(2854, NULL, 1570, 11, 155),
(2855, NULL, 1570, 11, 156),
(2856, NULL, 1570, 17, 157),
(2857, NULL, 1570, 17, 158),
(2858, NULL, 1570, 17, 159),
(2859, NULL, 1570, 17, 160),
(2860, NULL, 1570, 12, 161),
(2861, NULL, 1570, 14, 163),
(2862, NULL, 1570, 14, 164),
(2863, NULL, 1570, 14, 165),
(2864, NULL, 1570, 16, 166),
(2865, NULL, 1570, 22, 167),
(2866, NULL, 1570, 13, 162),
(2867, NULL, 1575, 2, 146),
(2868, NULL, 1575, 3, 147),
(2869, NULL, 1575, 4, 148),
(2870, NULL, 1575, 6, 149),
(2871, NULL, 1575, 9, 150),
(2872, NULL, 1575, 8, 151),
(2873, NULL, 1575, 10, 152),
(2874, NULL, 1575, 11, 153),
(2875, NULL, 1575, 15, 154),
(2876, NULL, 1575, 11, 155),
(2877, NULL, 1575, 11, 156),
(2878, NULL, 1575, 17, 157),
(2879, NULL, 1575, 17, 158),
(2880, NULL, 1575, 17, 159),
(2881, NULL, 1575, 17, 160),
(2882, NULL, 1575, 12, 161),
(2883, NULL, 1575, 14, 163),
(2884, NULL, 1575, 14, 164),
(2885, NULL, 1575, 14, 165),
(2886, NULL, 1575, 16, 166),
(2887, NULL, 1575, 22, 167),
(2888, NULL, 1575, 13, 162),
(2889, NULL, 1580, 2, 146),
(2890, NULL, 1580, 3, 147),
(2891, NULL, 1580, 4, 148),
(2892, NULL, 1580, 6, 149),
(2893, NULL, 1580, 9, 150),
(2894, NULL, 1580, 8, 151),
(2895, NULL, 1580, 10, 152),
(2896, NULL, 1580, 11, 153),
(2897, NULL, 1580, 15, 154),
(2898, NULL, 1580, 11, 155),
(2899, NULL, 1580, 11, 156),
(2900, NULL, 1580, 17, 157),
(2901, NULL, 1580, 17, 158),
(2902, NULL, 1580, 17, 159),
(2903, NULL, 1580, 17, 160),
(2904, NULL, 1580, 12, 161),
(2905, NULL, 1580, 14, 163),
(2906, NULL, 1580, 14, 164),
(2907, NULL, 1580, 14, 165),
(2908, NULL, 1580, 16, 166),
(2909, NULL, 1580, 22, 167),
(2910, NULL, 1580, 13, 162),
(2911, NULL, 1585, 2, 146),
(2912, NULL, 1585, 3, 147),
(2913, NULL, 1585, 4, 148),
(2914, NULL, 1585, 6, 149),
(2915, NULL, 1585, 9, 150),
(2916, NULL, 1585, 8, 151),
(2917, NULL, 1585, 10, 152),
(2918, NULL, 1585, 11, 153),
(2919, NULL, 1585, 15, 154),
(2920, NULL, 1585, 11, 155),
(2921, NULL, 1585, 11, 156),
(2922, NULL, 1585, 17, 157),
(2923, NULL, 1585, 17, 158),
(2924, NULL, 1585, 17, 159),
(2925, NULL, 1585, 17, 160),
(2926, NULL, 1585, 12, 161),
(2927, NULL, 1585, 14, 163),
(2928, NULL, 1585, 14, 164),
(2929, NULL, 1585, 14, 165),
(2930, NULL, 1585, 16, 166),
(2931, NULL, 1585, 22, 167),
(2932, NULL, 1585, 13, 162),
(2933, NULL, 1590, 2, 146),
(2934, NULL, 1590, 3, 147),
(2935, NULL, 1590, 4, 148),
(2936, NULL, 1590, 6, 149),
(2937, NULL, 1590, 9, 150),
(2938, NULL, 1590, 8, 151),
(2939, NULL, 1590, 10, 152),
(2940, NULL, 1590, 11, 153),
(2941, NULL, 1590, 15, 154),
(2942, NULL, 1590, 11, 155),
(2943, NULL, 1590, 11, 156),
(2944, NULL, 1590, 17, 157),
(2945, NULL, 1590, 17, 158),
(2946, NULL, 1590, 17, 159),
(2947, NULL, 1590, 17, 160),
(2948, NULL, 1590, 12, 161),
(2949, NULL, 1590, 14, 163),
(2950, NULL, 1590, 14, 164),
(2951, NULL, 1590, 14, 165),
(2952, NULL, 1590, 16, 166),
(2953, NULL, 1590, 22, 167),
(2954, NULL, 1590, 13, 162),
(2955, 1, 1595, 2, 146),
(2956, 1, 1595, 3, 147),
(2957, 1, 1595, 4, 148),
(2958, NULL, 1595, 6, 149),
(2959, 2, 1595, 9, 150),
(2960, 1, 1595, 8, 151),
(2961, 1, 1595, 10, 152),
(2962, 2, 1595, 11, 153),
(2963, 1, 1595, 15, 154),
(2964, 2, 1595, 11, 155),
(2965, 1, 1595, 11, 156),
(2966, 1, 1595, 17, 157),
(2967, 2, 1595, 17, 158),
(2968, 1, 1595, 17, 159),
(2969, 2, 1595, 17, 160),
(2970, 3, 1595, 12, 161),
(2971, 2, 1595, 13, 162),
(2972, 2, 1595, 14, 163),
(2973, 3, 1595, 14, 164),
(2974, 2, 1595, 14, 165),
(2975, 2, 1595, 16, 166),
(2976, 1, 1595, 22, 167),
(2977, 2, 1600, 2, 146),
(2978, 4, 1600, 3, 147),
(2979, 3, 1600, 4, 148),
(2980, 2, 1600, 6, 149),
(2981, 2, 1600, 9, 150),
(2982, 2, 1600, 8, 151),
(2983, 4, 1600, 10, 152),
(2984, 3, 1600, 11, 153),
(2985, 2, 1600, 15, 154),
(2986, 3, 1600, 11, 155),
(2987, 2, 1600, 11, 156),
(2988, 2, 1600, 17, 157),
(2989, 2, 1600, 17, 158),
(2990, 2, 1600, 17, 159),
(2991, 2, 1600, 17, 160),
(2992, 2, 1600, 12, 161),
(2993, 2, 1600, 13, 162),
(2994, 2, 1600, 14, 163),
(2995, 2, 1600, 14, 164),
(2996, 2, 1600, 14, 165),
(2997, 3, 1600, 16, 166),
(2998, 4, 1600, 22, 167),
(2999, 1, 1601, 37, 168),
(3000, 1, 1601, 39, 169),
(3001, 1, 1601, 40, 170),
(3002, 1, 1601, 41, 171),
(3003, 1, 1601, 33, 172),
(3004, 1, 1601, 34, 173),
(3005, 1, 1601, 25, 174),
(3006, 1, 1601, 35, 175),
(3007, 1, 1601, 36, 176),
(3008, 1, 1601, 64, 177),
(3009, 1, 1601, 32, 178),
(3010, 1, 1601, 57, 179),
(3011, 1, 1601, 57, 180),
(3012, 3, 1601, 92, 181),
(3013, 3, 1601, 48, 182),
(3014, 3, 1601, 66, 183),
(3015, 3, 1601, 66, 184),
(3016, 3, 1601, 17, 185),
(3017, 3, 1601, 55, 186),
(3018, 3, 1601, 42, 187),
(3019, 3, 1601, 42, 188),
(3020, 3, 1601, 22, 189),
(3021, 2, 1610, 2, 146),
(3022, 3, 1610, 3, 147),
(3023, 2, 1610, 4, 148),
(3024, 3, 1610, 6, 149),
(3025, 1, 1610, 9, 150),
(3026, 1, 1610, 8, 151),
(3027, 1, 1610, 10, 152),
(3028, 2, 1610, 11, 153),
(3029, 1, 1610, 15, 154),
(3030, 3, 1610, 11, 155),
(3031, 2, 1610, 11, 156),
(3032, 2, 1610, 17, 157),
(3033, 2, 1610, 17, 158),
(3034, 3, 1610, 17, 159),
(3035, 1, 1610, 17, 160),
(3036, 1, 1610, 12, 161),
(3037, 2, 1610, 13, 162),
(3038, 1, 1610, 14, 163),
(3039, 1, 1610, 14, 164),
(3040, 1, 1610, 14, 165),
(3041, 1, 1610, 16, 166),
(3042, 3, 1610, 22, 167),
(3043, 3, 1615, 2, 146),
(3044, 3, 1615, 3, 147),
(3045, 3, 1615, 4, 148),
(3046, 3, 1615, 6, 149),
(3047, 2, 1615, 9, 150),
(3048, 2, 1615, 8, 151),
(3049, 3, 1615, 10, 152),
(3050, 3, 1615, 11, 153),
(3051, 2, 1615, 15, 154),
(3052, 3, 1615, 11, 155),
(3053, 3, 1615, 11, 156),
(3054, 3, 1615, 17, 157),
(3055, 3, 1615, 17, 158),
(3056, 3, 1615, 17, 159),
(3057, 2, 1615, 17, 160),
(3058, 2, 1615, 12, 161),
(3059, 2, 1615, 13, 162),
(3060, 3, 1615, 14, 163),
(3061, 3, 1615, 14, 164),
(3062, 2, 1615, 14, 165),
(3063, 3, 1615, 16, 166),
(3064, 2, 1615, 22, 167),
(3065, 1, 1620, 2, 146),
(3066, 2, 1620, 3, 147),
(3067, 2, 1620, 4, 148),
(3068, 2, 1620, 6, 149),
(3069, 2, 1620, 9, 150),
(3070, 2, 1620, 8, 151),
(3071, 2, 1620, 10, 152),
(3072, 2, 1620, 11, 153),
(3073, 2, 1620, 15, 154),
(3074, 2, 1620, 11, 155),
(3075, 3, 1620, 11, 156),
(3076, 3, 1620, 17, 157),
(3077, 3, 1620, 17, 158),
(3078, 2, 1620, 17, 159),
(3079, 2, 1620, 17, 160),
(3080, 2, 1620, 12, 161),
(3081, 2, 1620, 13, 162),
(3082, 2, 1620, 14, 163),
(3083, 2, 1620, 14, 164),
(3084, 3, 1620, 14, 165),
(3085, 3, 1620, 16, 166),
(3086, 2, 1620, 22, 167),
(3087, NULL, 1625, 2, 146),
(3088, NULL, 1625, 3, 147),
(3089, NULL, 1625, 4, 148),
(3090, NULL, 1625, 6, 149),
(3091, NULL, 1625, 9, 150),
(3092, NULL, 1625, 8, 151),
(3093, NULL, 1625, 10, 152),
(3094, NULL, 1625, 11, 153),
(3095, NULL, 1625, 15, 154),
(3096, NULL, 1625, 11, 155),
(3097, NULL, 1625, 11, 156),
(3098, NULL, 1625, 17, 157),
(3099, NULL, 1625, 17, 158),
(3100, NULL, 1625, 17, 159),
(3101, NULL, 1625, 17, 160),
(3102, NULL, 1625, 12, 161),
(3103, NULL, 1625, 13, 162),
(3104, NULL, 1625, 14, 163),
(3105, NULL, 1625, 14, 164),
(3106, NULL, 1625, 14, 165),
(3107, NULL, 1625, 16, 166),
(3108, NULL, 1625, 22, 167),
(3109, 2, 1630, 2, 146),
(3110, 3, 1630, 3, 147),
(3111, 1, 1630, 4, 148),
(3112, 2, 1630, 6, 149),
(3113, 2, 1630, 9, 150),
(3114, 2, 1630, 8, 151),
(3115, 3, 1630, 10, 152),
(3116, 1, 1630, 11, 153),
(3117, 2, 1630, 15, 154),
(3118, 2, 1630, 11, 155),
(3119, 1, 1630, 11, 156),
(3120, 3, 1630, 17, 157),
(3121, 2, 1630, 17, 158),
(3122, 3, 1630, 17, 159),
(3123, 2, 1630, 17, 160),
(3124, 2, 1630, 12, 161),
(3125, 2, 1630, 13, 162),
(3126, 2, 1630, 14, 163),
(3127, 2, 1630, 14, 164),
(3128, 2, 1630, 14, 165),
(3129, 2, 1630, 16, 166),
(3130, 1, 1630, 22, 167),
(3131, 3, 1605, 2, 146),
(3132, 3, 1605, 3, 147),
(3133, 2, 1605, 4, 148),
(3134, 2, 1605, 6, 149),
(3135, 2, 1605, 9, 150),
(3136, 2, 1605, 8, 151),
(3137, 3, 1605, 10, 152),
(3138, 3, 1605, 11, 153),
(3139, 2, 1605, 15, 154),
(3140, 2, 1605, 11, 155),
(3141, 2, 1605, 11, 156),
(3142, 1, 1605, 17, 157),
(3143, 2, 1605, 17, 158),
(3144, 2, 1605, 17, 159),
(3145, 2, 1605, 17, 160),
(3146, 2, 1605, 12, 161),
(3147, 2, 1605, 13, 162),
(3148, 2, 1605, 14, 163),
(3149, 3, 1605, 14, 164),
(3150, 2, 1605, 14, 165),
(3151, 2, 1605, 16, 166),
(3152, 2, 1605, 22, 167),
(3153, 3, 1635, 2, 146),
(3154, 3, 1635, 3, 147),
(3155, 2, 1635, 4, 148),
(3156, 2, 1635, 6, 149),
(3157, 2, 1635, 9, 150),
(3158, 2, 1635, 8, 151),
(3159, 3, 1635, 10, 152),
(3160, 2, 1635, 11, 153),
(3161, 2, 1635, 15, 154),
(3162, 3, 1635, 11, 155),
(3163, 3, 1635, 11, 156),
(3164, 2, 1635, 17, 157),
(3165, 3, 1635, 17, 158),
(3166, 3, 1635, 17, 159),
(3167, 2, 1635, 17, 160),
(3168, 2, 1635, 12, 161),
(3169, 2, 1635, 13, 162),
(3170, 3, 1635, 14, 163),
(3171, 3, 1635, 14, 164),
(3172, 3, 1635, 14, 165),
(3173, 3, 1635, 16, 166),
(3174, 3, 1635, 22, 167),
(3197, 2, 1640, 2, 146),
(3198, 2, 1640, 3, 147),
(3199, 2, 1640, 4, 148),
(3200, 2, 1640, 6, 149),
(3201, 2, 1640, 9, 150),
(3202, 2, 1640, 8, 151),
(3203, 2, 1640, 10, 152),
(3204, 2, 1640, 11, 153),
(3205, 2, 1640, 15, 154),
(3206, 2, 1640, 11, 155),
(3207, 3, 1640, 11, 156),
(3208, 3, 1640, 17, 157),
(3209, 2, 1640, 17, 158),
(3210, 3, 1640, 17, 159),
(3211, 2, 1640, 17, 160),
(3212, 2, 1640, 12, 161),
(3213, 2, 1640, 13, 162),
(3214, 2, 1640, 14, 163),
(3215, 2, 1640, 14, 164),
(3216, 2, 1640, 14, 165),
(3217, 2, 1640, 16, 166),
(3218, 2, 1640, 22, 167),
(3219, 3, 1645, 2, 146),
(3220, 3, 1645, 3, 147),
(3221, 2, 1645, 4, 148),
(3222, 2, 1645, 6, 149),
(3223, 2, 1645, 9, 150),
(3224, 2, 1645, 8, 151),
(3225, 3, 1645, 10, 152),
(3226, 3, 1645, 11, 153),
(3227, 2, 1645, 15, 154),
(3228, 2, 1645, 11, 155),
(3229, 3, 1645, 11, 156),
(3230, 3, 1645, 17, 157),
(3231, 2, 1645, 17, 158),
(3232, 2, 1645, 17, 159),
(3233, 3, 1645, 17, 160),
(3234, 2, 1645, 12, 161),
(3235, 2, 1645, 13, 162),
(3236, 2, 1645, 14, 163),
(3237, 2, 1645, 14, 164),
(3238, 2, 1645, 14, 165),
(3239, 3, 1645, 16, 166),
(3240, 2, 1645, 22, 167),
(3241, 2, 1650, 2, 146),
(3242, 2, 1650, 3, 147),
(3243, 2, 1650, 4, 148),
(3244, 2, 1650, 6, 149),
(3245, 2, 1650, 9, 150),
(3246, 2, 1650, 8, 151),
(3247, 3, 1650, 10, 152),
(3248, 3, 1650, 11, 153),
(3249, 2, 1650, 15, 154),
(3250, 2, 1650, 11, 155),
(3251, 3, 1650, 11, 156),
(3252, 3, 1650, 17, 157),
(3253, 3, 1650, 17, 158),
(3254, 3, 1650, 17, 159),
(3255, 2, 1650, 17, 160),
(3256, 2, 1650, 12, 161),
(3257, 2, 1650, 13, 162),
(3258, 2, 1650, 14, 163),
(3259, 3, 1650, 14, 164),
(3260, 2, 1650, 14, 165),
(3261, 3, 1650, 16, 166),
(3262, 2, 1650, 22, 167),
(3285, 2, 1602, 58, 190),
(3286, 1, 1602, 59, 191),
(3287, 3, 1602, 75, 192),
(3288, 2, 1602, 76, 193),
(3289, 3, 1602, 85, 194),
(3290, 2, 1602, 85, 195),
(3291, 1, 1602, 43, 196),
(3292, 2, 1602, 50, 197),
(3293, 3, 1602, 97, 198),
(3294, 2, 1602, 74, 199),
(3295, 3, 1602, 73, 200),
(3296, 2, 1602, 117, 201),
(3297, 2, 1602, 63, 202),
(3298, 2, 1602, 113, 203),
(3299, 3, 1602, 88, 204),
(3300, 2, 1602, 8, 205),
(3301, 2, 1602, 23, 206),
(3302, 3, 1602, 24, 207),
(3303, 2, 1602, 20, 208),
(3304, 3, 1602, 49, 209),
(3305, 2, 1602, 81, 210),
(3306, 3, 1602, 82, 211),
(3307, 2, 1602, 81, 212),
(3308, 3, 1602, 26, 213),
(3309, 2, 1602, 65, 214),
(3310, 3, 1602, 67, 215),
(3311, 1, 1602, 68, 216),
(3312, 3, 1602, 87, 217),
(3313, 3, 1603, 85, 218),
(3314, 2, 1603, 89, 219),
(3315, 3, 1603, 94, 220),
(3316, 2, 1603, 90, 221),
(3317, 3, 1603, 92, 222),
(3318, 2, 1603, 93, 223),
(3319, 3, 1603, 96, 224),
(3320, 2, 1603, 95, 225),
(3321, 2, 1603, 130, 226),
(3322, 3, 1603, 109, 227),
(3323, 2, 1603, 93, 228),
(3324, 3, 1603, 97, 229),
(3325, 2, 1603, 103, 230),
(3326, 2, 1603, 102, 231),
(3327, 3, 1603, 107, 232),
(3328, 2, 1603, 113, 233),
(3329, 3, 1603, 104, 234),
(3330, 2, 1603, 108, 235),
(3337, 2, 1604, 113, 236),
(3338, 3, 1604, 115, 237),
(3339, 2, 1604, 109, 238),
(3340, 3, 1604, 113, 239),
(3341, 2, 1604, 112, 240),
(3342, 3, 1604, 111, 241),
(3343, 2, 1604, 114, 242),
(3344, 2, 1604, 97, 243),
(3345, 3, 1604, 104, 244),
(3346, 2, 1604, 103, 245),
(3347, 3, 1604, 113, 246),
(3348, 2, 1604, 113, 247),
(3349, 2, 1604, 107, 248),
(3350, 3, 1604, 109, 249),
(3351, 2, 1604, 114, 250),
(3352, 3, 1604, 115, 251),
(3353, 2, 1604, 114, 252),
(3354, 3, 1604, 113, 253),
(3355, 2, 1655, 2, 146),
(3356, 2, 1655, 3, 147),
(3357, 1, 1655, 4, 148),
(3358, 2, 1655, 6, 149),
(3359, 2, 1655, 9, 150),
(3360, 2, 1655, 8, 151),
(3361, 2, 1655, 10, 152),
(3362, 3, 1655, 11, 153),
(3363, 2, 1655, 15, 154),
(3364, 3, 1655, 11, 155),
(3365, 3, 1655, 11, 156),
(3366, 3, 1655, 17, 157),
(3367, 3, 1655, 17, 158),
(3368, 2, 1655, 17, 159),
(3369, 3, 1655, 17, 160),
(3370, 2, 1655, 12, 161),
(3371, 2, 1655, 13, 162),
(3372, 2, 1655, 14, 163),
(3373, 2, 1655, 14, 164),
(3374, 2, 1655, 14, 165),
(3375, 2, 1655, 16, 166),
(3376, 2, 1655, 22, 167),
(3377, 1, 1611, 37, 168),
(3378, 2, 1611, 39, 169),
(3379, 3, 1611, 40, 170),
(3380, 2, 1611, 41, 171),
(3381, 2, 1611, 33, 172),
(3382, 2, 1611, 34, 173),
(3383, 2, 1611, 25, 174),
(3384, 2, 1611, 35, 175),
(3385, 2, 1611, 36, 176),
(3386, 2, 1611, 64, 177),
(3387, 2, 1611, 32, 178),
(3388, 2, 1611, 57, 179),
(3389, 2, 1611, 57, 180),
(3390, 1, 1611, 92, 181),
(3391, 2, 1611, 48, 182),
(3392, 1, 1611, 66, 183),
(3393, 1, 1611, 66, 184),
(3394, 2, 1611, 17, 185),
(3395, 2, 1611, 55, 186),
(3396, 3, 1611, 42, 187),
(3397, 3, 1611, 42, 188),
(3398, 2, 1611, 22, 189),
(3399, 2, 1631, 37, 168),
(3400, 2, 1631, 39, 169),
(3401, 1, 1631, 40, 170),
(3402, 2, 1631, 41, 171),
(3403, 2, 1631, 33, 172),
(3404, 2, 1631, 34, 173),
(3405, 2, 1631, 25, 174),
(3406, 2, 1631, 35, 175),
(3407, 2, 1631, 36, 176),
(3408, 2, 1631, 64, 177),
(3409, 2, 1631, 32, 178),
(3410, 2, 1631, 57, 179),
(3411, 2, 1631, 57, 180),
(3412, 1, 1631, 92, 181),
(3413, 3, 1631, 48, 182),
(3414, 1, 1631, 66, 183),
(3415, 1, 1631, 66, 184),
(3416, 2, 1631, 17, 185),
(3417, 1, 1631, 55, 186),
(3418, 2, 1631, 42, 187),
(3419, 2, 1631, 42, 188),
(3420, 3, 1631, 22, 189),
(3421, 2, 1606, 37, 168),
(3422, 1, 1606, 39, 169),
(3423, 2, 1606, 40, 170),
(3424, 2, 1606, 41, 171),
(3425, 1, 1606, 33, 172),
(3426, 1, 1606, 34, 173),
(3427, 1, 1606, 25, 174),
(3428, 1, 1606, 35, 175),
(3429, 1, 1606, 36, 176),
(3430, 2, 1606, 64, 177),
(3431, 2, 1606, 32, 178),
(3432, 2, 1606, 57, 179),
(3433, 2, 1606, 57, 180),
(3434, 1, 1606, 92, 181),
(3435, 1, 1606, 48, 182),
(3436, 1, 1606, 66, 183),
(3437, 1, 1606, 66, 184),
(3438, 2, 1606, 17, 185),
(3439, 1, 1606, 55, 186),
(3440, 2, 1606, 42, 187),
(3441, 2, 1606, 42, 188),
(3442, 2, 1606, 22, 189),
(3443, 1, 1616, 37, 168),
(3444, 2, 1616, 39, 169),
(3445, 2, 1616, 40, 170),
(3446, 2, 1616, 41, 171),
(3447, 1, 1616, 33, 172),
(3448, 1, 1616, 34, 173),
(3449, 1, 1616, 25, 174),
(3450, 1, 1616, 35, 175),
(3451, 1, 1616, 36, 176),
(3452, 2, 1616, 64, 177),
(3453, 2, 1616, 32, 178),
(3454, 2, 1616, 57, 179),
(3455, 2, 1616, 57, 180),
(3456, 1, 1616, 92, 181),
(3457, 1, 1616, 48, 182),
(3458, 1, 1616, 66, 183),
(3459, 1, 1616, 66, 184),
(3460, 2, 1616, 17, 185),
(3461, 1, 1616, 55, 186),
(3462, 2, 1616, 42, 187),
(3463, 2, 1616, 42, 188),
(3464, 2, 1616, 22, 189),
(3465, 2, 1636, 37, 168),
(3466, 2, 1636, 39, 169),
(3467, 3, 1636, 40, 170),
(3468, 3, 1636, 41, 171),
(3469, 2, 1636, 33, 172),
(3470, 2, 1636, 34, 173),
(3471, 2, 1636, 25, 174),
(3472, 2, 1636, 35, 175),
(3473, 2, 1636, 36, 176),
(3474, 1, 1636, 64, 177),
(3475, 3, 1636, 32, 178),
(3476, 3, 1636, 57, 179),
(3477, 3, 1636, 57, 180),
(3478, 1, 1636, 92, 181),
(3479, 2, 1636, 48, 182),
(3480, 2, 1636, 66, 183),
(3481, 2, 1636, 66, 184),
(3482, 3, 1636, 17, 185),
(3483, 2, 1636, 55, 186),
(3484, 3, 1636, 42, 187),
(3485, 3, 1636, 42, 188),
(3486, 2, 1636, 22, 189),
(3509, 2, 1641, 37, 168),
(3510, 1, 1641, 39, 169),
(3511, 1, 1641, 40, 170),
(3512, 1, 1641, 41, 171),
(3513, 1, 1641, 33, 172),
(3514, 1, 1641, 34, 173),
(3515, 1, 1641, 25, 174),
(3516, 1, 1641, 35, 175),
(3517, 1, 1641, 36, 176),
(3518, 2, 1641, 64, 177),
(3519, 2, 1641, 32, 178),
(3520, 2, 1641, 57, 179),
(3521, 2, 1641, 57, 180),
(3522, 1, 1641, 92, 181),
(3523, 2, 1641, 48, 182),
(3524, 1, 1641, 66, 183),
(3525, 1, 1641, 66, 184),
(3526, 1, 1641, 17, 185),
(3527, 2, 1641, 55, 186),
(3528, 2, 1641, 42, 187),
(3529, 2, 1641, 42, 188),
(3530, 2, 1641, 22, 189),
(3531, 1, 1646, 37, 168),
(3532, 1, 1646, 39, 169),
(3533, 1, 1646, 40, 170),
(3534, 1, 1646, 41, 171),
(3535, 1, 1646, 33, 172),
(3536, 1, 1646, 34, 173),
(3537, 1, 1646, 25, 174),
(3538, 1, 1646, 35, 175),
(3539, 1, 1646, 36, 176),
(3540, 2, 1646, 64, 177),
(3541, 2, 1646, 32, 178),
(3542, 2, 1646, 57, 179),
(3543, 2, 1646, 57, 180),
(3544, 1, 1646, 92, 181),
(3545, 2, 1646, 48, 182),
(3546, 1, 1646, 66, 183),
(3547, 1, 1646, 66, 184),
(3548, 2, 1646, 17, 185),
(3549, 2, 1646, 55, 186),
(3550, 2, 1646, 42, 187),
(3551, 2, 1646, 42, 188),
(3552, 2, 1646, 22, 189),
(3553, 1, 1651, 37, 168),
(3554, 1, 1651, 39, 169),
(3555, 1, 1651, 40, 170),
(3556, 1, 1651, 41, 171),
(3557, 1, 1651, 33, 172),
(3558, 1, 1651, 34, 173),
(3559, 1, 1651, 25, 174),
(3560, 1, 1651, 35, 175),
(3561, 1, 1651, 36, 176),
(3562, 3, 1651, 64, 177),
(3563, 2, 1651, 32, 178),
(3564, 3, 1651, 57, 179),
(3565, 3, 1651, 57, 180),
(3566, 1, 1651, 92, 181),
(3567, 2, 1651, 48, 182),
(3568, 1, 1651, 66, 183),
(3569, 1, 1651, 66, 184),
(3570, 2, 1651, 17, 185),
(3571, 1, 1651, 55, 186),
(3572, 2, 1651, 42, 187),
(3573, 2, 1651, 42, 188),
(3574, 2, 1651, 22, 189),
(3593, 1, 1612, 58, 190),
(3594, 1, 1612, 59, 191),
(3595, 1, 1612, 75, 192),
(3596, 2, 1612, 76, 193),
(3597, 2, 1612, 85, 194),
(3598, 1, 1612, 85, 195),
(3599, 2, 1612, 43, 196),
(3600, 2, 1612, 50, 197),
(3601, 1, 1612, 97, 198),
(3602, 1, 1612, 74, 199),
(3603, 1, 1612, 73, 200),
(3604, NULL, 1612, 117, 201),
(3605, 1, 1612, 63, 202),
(3606, 1, 1612, 113, 203),
(3607, 1, 1612, 88, 204),
(3608, 1, 1612, 8, 205),
(3609, 1, 1612, 23, 206),
(3610, 2, 1612, 24, 207),
(3611, 3, 1612, 20, 208),
(3612, 2, 1612, 49, 209),
(3613, 2, 1612, 81, 210),
(3614, 2, 1612, 82, 211),
(3615, 1, 1612, 81, 212),
(3616, 3, 1612, 26, 213),
(3617, 1, 1612, 65, 214),
(3618, 1, 1612, 67, 215),
(3619, 1, 1612, 68, 216),
(3620, 1, 1612, 87, 217),
(3621, 1, 1632, 58, 190),
(3622, 1, 1632, 59, 191),
(3623, 2, 1632, 75, 192),
(3624, 2, 1632, 76, 193),
(3625, 2, 1632, 85, 194),
(3626, 1, 1632, 85, 195),
(3627, 2, 1632, 43, 196),
(3628, 2, 1632, 50, 197),
(3629, 2, 1632, 97, 198),
(3630, 2, 1632, 74, 199),
(3631, 2, 1632, 73, 200),
(3632, NULL, 1632, 117, 201),
(3633, 1, 1632, 63, 202),
(3634, 1, 1632, 113, 203),
(3635, 1, 1632, 88, 204),
(3636, 1, 1632, 8, 205),
(3637, 1, 1632, 23, 206),
(3638, 1, 1632, 24, 207),
(3639, 3, 1632, 20, 208),
(3640, 1, 1632, 49, 209),
(3641, 2, 1632, 81, 210),
(3642, 1, 1632, 82, 211),
(3643, 1, 1632, 81, 212),
(3644, 3, 1632, 26, 213),
(3645, 1, 1632, 65, 214),
(3646, 2, 1632, 67, 215),
(3647, 1, 1632, 68, 216),
(3648, 1, 1632, 87, 217),
(3649, 1, 1637, 58, 190),
(3650, 2, 1637, 59, 191),
(3651, 1, 1637, 75, 192),
(3652, 1, 1637, 76, 193),
(3653, 2, 1637, 85, 194),
(3654, 1, 1637, 85, 195),
(3655, 1, 1637, 43, 196),
(3656, 1, 1637, 50, 197),
(3657, 1, 1637, 97, 198),
(3658, 2, 1637, 74, 199),
(3659, 2, 1637, 73, 200),
(3660, NULL, 1637, 117, 201),
(3661, 1, 1637, 63, 202),
(3662, 3, 1637, 113, 203),
(3663, 1, 1637, 88, 204),
(3664, 1, 1637, 8, 205),
(3665, 1, 1637, 23, 206),
(3666, 1, 1637, 24, 207),
(3667, 3, 1637, 20, 208),
(3668, 3, 1637, 49, 209),
(3669, 2, 1637, 81, 210),
(3670, 2, 1637, 82, 211),
(3671, 1, 1637, 81, 212),
(3672, 2, 1637, 26, 213),
(3673, 2, 1637, 65, 214),
(3674, 1, 1637, 67, 215),
(3675, 2, 1637, 68, 216),
(3676, 1, 1637, 87, 217),
(3677, 1, 1617, 58, 190),
(3678, 1, 1617, 59, 191),
(3679, 1, 1617, 75, 192),
(3680, 1, 1617, 76, 193),
(3681, 1, 1617, 85, 194),
(3682, 1, 1617, 85, 195),
(3683, 1, 1617, 43, 196),
(3684, 1, 1617, 50, 197),
(3685, 1, 1617, 97, 198),
(3686, 1, 1617, 74, 199),
(3687, 1, 1617, 73, 200),
(3688, NULL, 1617, 117, 201),
(3689, 1, 1617, 63, 202),
(3690, 2, 1617, 113, 203),
(3691, 1, 1617, 88, 204),
(3692, 1, 1617, 8, 205),
(3693, 1, 1617, 23, 206),
(3694, 1, 1617, 24, 207),
(3695, 3, 1617, 20, 208),
(3696, 1, 1617, 49, 209),
(3697, 2, 1617, 81, 210),
(3698, 1, 1617, 82, 211),
(3699, 1, 1617, 81, 212),
(3700, 2, 1617, 26, 213),
(3701, 1, 1617, 65, 214),
(3702, 1, 1617, 67, 215),
(3703, 1, 1617, 68, 216),
(3704, NULL, 1617, 87, 217),
(3705, 1, 1607, 58, 190),
(3706, 1, 1607, 59, 191),
(3707, 1, 1607, 75, 192),
(3708, 1, 1607, 76, 193),
(3709, 1, 1607, 85, 194),
(3710, 1, 1607, 85, 195),
(3711, 1, 1607, 43, 196),
(3712, 1, 1607, 50, 197),
(3713, 1, 1607, 97, 198),
(3714, 1, 1607, 74, 199),
(3715, 1, 1607, 73, 200),
(3716, NULL, 1607, 117, 201),
(3717, 1, 1607, 63, 202),
(3718, 1, 1607, 113, 203),
(3719, 1, 1607, 88, 204),
(3720, 1, 1607, 8, 205),
(3721, 1, 1607, 23, 206),
(3722, 1, 1607, 24, 207),
(3723, 2, 1607, 20, 208),
(3724, 2, 1607, 49, 209),
(3725, 2, 1607, 81, 210),
(3726, 1, 1607, 82, 211),
(3727, 1, 1607, 81, 212),
(3728, 1, 1607, 26, 213),
(3729, 1, 1607, 65, 214),
(3730, 1, 1607, 67, 215),
(3731, 1, 1607, 68, 216),
(3732, 1, 1607, 87, 217),
(3733, 1, 1647, 58, 190),
(3734, 1, 1647, 59, 191),
(3735, 1, 1647, 75, 192),
(3736, 1, 1647, 76, 193),
(3737, 2, 1647, 85, 194),
(3738, 1, 1647, 85, 195),
(3739, 1, 1647, 43, 196),
(3740, 1, 1647, 50, 197),
(3741, 1, 1647, 97, 198),
(3742, 2, 1647, 74, 199),
(3743, 1, 1647, 73, 200),
(3744, NULL, 1647, 117, 201),
(3745, 1, 1647, 63, 202),
(3746, 2, 1647, 113, 203),
(3747, 1, 1647, 88, 204),
(3748, 1, 1647, 8, 205),
(3749, 2, 1647, 23, 206),
(3750, 1, 1647, 24, 207),
(3751, 3, 1647, 20, 208),
(3752, 1, 1647, 49, 209),
(3753, 2, 1647, 81, 210),
(3754, 1, 1647, 82, 211),
(3755, 1, 1647, 81, 212),
(3756, 2, 1647, 26, 213),
(3757, 2, 1647, 65, 214),
(3758, 1, 1647, 67, 215),
(3759, 1, 1647, 68, 216),
(3760, NULL, 1647, 87, 217),
(3761, 1, 1642, 58, 190),
(3762, 1, 1642, 59, 191),
(3763, 2, 1642, 75, 192),
(3764, 1, 1642, 76, 193),
(3765, 1, 1642, 85, 194),
(3766, 1, 1642, 85, 195),
(3767, 1, 1642, 43, 196),
(3768, 1, 1642, 50, 197),
(3769, 1, 1642, 97, 198),
(3770, 2, 1642, 74, 199),
(3771, 2, 1642, 73, 200),
(3772, NULL, 1642, 117, 201),
(3773, 1, 1642, 63, 202),
(3774, 2, 1642, 113, 203),
(3775, 1, 1642, 88, 204),
(3776, 1, 1642, 8, 205),
(3777, 1, 1642, 23, 206),
(3778, 1, 1642, 24, 207),
(3779, 3, 1642, 20, 208),
(3780, 2, 1642, 49, 209),
(3781, 2, 1642, 81, 210),
(3782, 1, 1642, 82, 211),
(3783, 1, 1642, 81, 212),
(3784, 2, 1642, 26, 213),
(3785, 1, 1642, 65, 214),
(3786, 2, 1642, 67, 215),
(3787, 2, 1642, 68, 216),
(3788, 1, 1642, 87, 217),
(3789, 1, 1652, 58, 190),
(3790, 1, 1652, 59, 191),
(3791, 2, 1652, 75, 192),
(3792, 2, 1652, 76, 193),
(3793, 2, 1652, 85, 194),
(3794, 1, 1652, 85, 195),
(3795, 1, 1652, 43, 196),
(3796, 1, 1652, 50, 197),
(3797, 1, 1652, 97, 198),
(3798, 2, 1652, 74, 199),
(3799, 2, 1652, 73, 200),
(3800, NULL, 1652, 117, 201),
(3801, 1, 1652, 63, 202),
(3802, 3, 1652, 113, 203),
(3803, 1, 1652, 88, 204),
(3804, 1, 1652, 8, 205),
(3805, 1, 1652, 23, 206),
(3806, 1, 1652, 24, 207),
(3807, 3, 1652, 20, 208),
(3808, 1, 1652, 49, 209),
(3809, 1, 1652, 81, 210),
(3810, 1, 1652, 82, 211),
(3811, 1, 1652, 81, 212),
(3812, 2, 1652, 26, 213),
(3813, 1, 1652, 65, 214),
(3814, 1, 1652, 67, 215),
(3815, 1, 1652, 68, 216),
(3816, 2, 1652, 87, 217),
(3817, 3, 1656, 37, 168),
(3818, 1, 1656, 39, 169),
(3819, 2, 1656, 40, 170),
(3820, 1, 1656, 41, 171),
(3821, 2, 1656, 33, 172),
(3822, 2, 1656, 34, 173),
(3823, 2, 1656, 25, 174),
(3824, 3, 1656, 35, 175),
(3825, 1, 1656, 36, 176),
(3826, 2, 1656, 64, 177),
(3827, 3, 1656, 32, 178),
(3828, 3, 1656, 57, 179),
(3829, 1, 1656, 57, 180),
(3830, 1, 1656, 92, 181),
(3831, 2, 1656, 48, 182),
(3832, 1, 1656, 66, 183),
(3833, 3, 1656, 66, 184),
(3834, 2, 1656, 17, 185),
(3835, 1, 1656, 55, 186),
(3836, 3, 1656, 42, 187),
(3837, 2, 1656, 42, 188),
(3838, 1, 1656, 22, 189),
(3839, NULL, 1665, 0, 0),
(3840, NULL, 1665, 0, 0),
(3841, NULL, 1665, 0, 0),
(3842, NULL, 1665, 0, 0),
(3843, 1, 1670, 2, 146),
(3844, 2, 1670, 3, 147),
(3845, 2, 1670, 4, 148),
(3846, 2, 1670, 6, 149),
(3847, 2, 1670, 9, 150),
(3848, 2, 1670, 8, 151),
(3849, 2, 1670, 10, 152),
(3850, 2, 1670, 11, 153),
(3851, 2, 1670, 15, 154),
(3852, 1, 1670, 11, 155),
(3853, 3, 1670, 11, 156),
(3854, 1, 1670, 17, 157),
(3855, 2, 1670, 17, 158),
(3856, 3, 1670, 17, 159),
(3857, 3, 1670, 17, 160),
(3858, 2, 1670, 12, 161),
(3859, 1, 1670, 13, 162),
(3860, 2, 1670, 14, 163),
(3861, 3, 1670, 14, 164),
(3862, 2, 1670, 14, 165),
(3863, 3, 1670, 16, 166),
(3864, 2, 1670, 22, 167),
(3865, 2, 1671, 37, 168),
(3866, 3, 1671, 39, 169),
(3867, 2, 1671, 40, 170),
(3868, 3, 1671, 41, 171),
(3869, 2, 1671, 33, 172),
(3870, 3, 1671, 34, 173),
(3871, 2, 1671, 25, 174),
(3872, 3, 1671, 35, 175),
(3873, 2, 1671, 36, 176),
(3874, 3, 1671, 64, 177),
(3875, 2, 1671, 32, 178),
(3876, 2, 1671, 57, 179),
(3877, 3, 1671, 57, 180),
(3878, 2, 1671, 92, 181),
(3879, 3, 1671, 48, 182),
(3880, 2, 1671, 66, 183),
(3881, 3, 1671, 66, 184),
(3882, 2, 1671, 17, 185),
(3883, 3, 1671, 55, 186),
(3884, 2, 1671, 42, 187),
(3885, 3, 1671, 42, 188),
(3886, 2, 1671, 22, 189),
(3887, 1, 1680, 2, 146),
(3888, 2, 1680, 3, 147),
(3889, 1, 1680, 4, 148),
(3890, 3, 1680, 6, 149),
(3891, 2, 1680, 9, 150),
(3892, 1, 1680, 8, 151),
(3893, 2, 1680, 10, 152),
(3894, 2, 1680, 11, 153),
(3895, 1, 1680, 15, 154),
(3896, 2, 1680, 11, 155),
(3897, 1, 1680, 11, 156),
(3898, 1, 1680, 17, 157),
(3899, 2, 1680, 17, 158),
(3900, 2, 1680, 17, 159),
(3901, 3, 1680, 17, 160),
(3902, 3, 1680, 12, 161),
(3903, 2, 1680, 13, 162),
(3904, 2, 1680, 14, 163),
(3905, 3, 1680, 14, 164),
(3906, 1, 1680, 14, 165),
(3907, 2, 1680, 16, 166),
(3908, 1, 1680, 22, 167),
(3909, NULL, 1675, 2, 146),
(3910, NULL, 1675, 3, 147),
(3911, NULL, 1675, 4, 148),
(3912, NULL, 1675, 6, 149),
(3913, NULL, 1675, 9, 150),
(3914, NULL, 1675, 8, 151),
(3915, NULL, 1675, 10, 152),
(3916, NULL, 1675, 11, 153),
(3917, NULL, 1675, 15, 154),
(3918, NULL, 1675, 11, 155),
(3919, NULL, 1675, 11, 156),
(3920, NULL, 1675, 17, 157),
(3921, NULL, 1675, 17, 158),
(3922, NULL, 1675, 17, 159),
(3923, NULL, 1675, 17, 160),
(3924, NULL, 1675, 12, 161),
(3925, NULL, 1675, 13, 162),
(3926, NULL, 1675, 14, 163),
(3927, NULL, 1675, 14, 164),
(3928, NULL, 1675, 14, 165),
(3929, NULL, 1675, 16, 166),
(3930, NULL, 1675, 22, 167),
(3931, NULL, 1674, 113, 236),
(3932, NULL, 1674, 115, 237),
(3933, NULL, 1674, 109, 238),
(3934, NULL, 1674, 113, 239),
(3935, NULL, 1674, 112, 240),
(3936, NULL, 1674, 111, 241),
(3937, NULL, 1674, 114, 242),
(3938, NULL, 1674, 97, 243),
(3939, NULL, 1674, 104, 244),
(3940, NULL, 1674, 103, 245),
(3941, NULL, 1674, 113, 246),
(3942, NULL, 1674, 113, 247),
(3943, NULL, 1674, 107, 248),
(3944, NULL, 1674, 109, 249),
(3945, NULL, 1674, 114, 250),
(3946, NULL, 1674, 115, 251),
(3947, NULL, 1674, 114, 252),
(3948, NULL, 1674, 113, 253),
(3971, 1, 1613, 85, 218),
(3972, 1, 1613, 89, 219),
(3973, 1, 1613, 94, 220),
(3974, 1, 1613, 90, 221),
(3975, 1, 1613, 92, 222),
(3976, 1, 1613, 93, 223),
(3977, 1, 1613, 96, 224),
(3978, 1, 1613, 95, 225),
(3979, 1, 1613, 130, 226),
(3980, 1, 1613, 109, 227),
(3981, 1, 1613, 93, 228),
(3982, 1, 1613, 97, 229),
(3983, 2, 1613, 103, 230),
(3984, 1, 1613, 102, 231),
(3985, 2, 1613, 107, 232),
(3986, 1, 1613, 113, 233),
(3987, 1, 1613, 104, 234),
(3988, 1, 1613, 108, 235),
(3989, 1, 1633, 85, 218),
(3990, 1, 1633, 89, 219),
(3991, 1, 1633, 94, 220),
(3992, 1, 1633, 90, 221),
(3993, 1, 1633, 92, 222),
(3994, 1, 1633, 93, 223),
(3995, 1, 1633, 96, 224),
(3996, 1, 1633, 95, 225),
(3997, 1, 1633, 130, 226),
(3998, 1, 1633, 109, 227),
(3999, 2, 1633, 93, 228),
(4000, 1, 1633, 97, 229),
(4001, 2, 1633, 103, 230),
(4002, 1, 1633, 102, 231),
(4003, 2, 1633, 107, 232),
(4004, 1, 1633, 113, 233),
(4005, 1, 1633, 104, 234),
(4006, 1, 1633, 108, 235),
(4007, 1, 1618, 85, 218),
(4008, 1, 1618, 89, 219),
(4009, 1, 1618, 94, 220),
(4010, 1, 1618, 90, 221),
(4011, 1, 1618, 92, 222),
(4012, 1, 1618, 93, 223),
(4013, 1, 1618, 96, 224),
(4014, 1, 1618, 95, 225),
(4015, 1, 1618, 130, 226),
(4016, 1, 1618, 109, 227),
(4017, 1, 1618, 93, 228),
(4018, 3, 1618, 97, 229),
(4019, 1, 1618, 103, 230),
(4020, 1, 1618, 102, 231),
(4021, 2, 1618, 107, 232),
(4022, 1, 1618, 113, 233),
(4023, 1, 1618, 104, 234),
(4024, 1, 1618, 108, 235),
(4025, 1, 1638, 85, 218),
(4026, 1, 1638, 89, 219),
(4027, 1, 1638, 94, 220),
(4028, 1, 1638, 90, 221),
(4029, 1, 1638, 92, 222),
(4030, 1, 1638, 93, 223),
(4031, 1, 1638, 96, 224),
(4032, 1, 1638, 95, 225),
(4033, 1, 1638, 130, 226),
(4034, 2, 1638, 109, 227),
(4035, 2, 1638, 93, 228),
(4036, 1, 1638, 97, 229),
(4037, 3, 1638, 103, 230),
(4038, 2, 1638, 102, 231),
(4039, 2, 1638, 107, 232),
(4040, 1, 1638, 113, 233),
(4041, 2, 1638, 104, 234),
(4042, 1, 1638, 108, 235),
(4043, 1, 1608, 85, 218),
(4044, 1, 1608, 89, 219),
(4045, 1, 1608, 94, 220),
(4046, 1, 1608, 90, 221),
(4047, 1, 1608, 92, 222),
(4048, 1, 1608, 93, 223),
(4049, 1, 1608, 96, 224),
(4050, 1, 1608, 95, 225),
(4051, 1, 1608, 130, 226),
(4052, 1, 1608, 109, 227),
(4053, 1, 1608, 93, 228),
(4054, 1, 1608, 97, 229),
(4055, 3, 1608, 103, 230),
(4056, 1, 1608, 102, 231),
(4057, 2, 1608, 107, 232),
(4058, 1, 1608, 113, 233),
(4059, 1, 1608, 104, 234),
(4060, 1, 1608, 108, 235),
(4061, 1, 1623, 85, 218),
(4062, 1, 1623, 89, 219),
(4063, 1, 1623, 94, 220),
(4064, 1, 1623, 90, 221),
(4065, 1, 1623, 92, 222),
(4066, 1, 1623, 93, 223),
(4067, 1, 1623, 96, 224),
(4068, 1, 1623, 95, 225),
(4069, 1, 1623, 130, 226),
(4070, 1, 1623, 109, 227),
(4071, 1, 1623, 93, 228),
(4072, 1, 1623, 97, 229),
(4073, 3, 1623, 103, 230),
(4074, 1, 1623, 102, 231),
(4075, 2, 1623, 107, 232),
(4076, 1, 1623, 113, 233),
(4077, 1, 1623, 104, 234),
(4078, 1, 1623, 108, 235),
(4079, 1, 1663, 85, 218),
(4080, 1, 1663, 89, 219),
(4081, 1, 1663, 94, 220),
(4082, 1, 1663, 90, 221),
(4083, 1, 1663, 92, 222),
(4084, 1, 1663, 93, 223),
(4085, 1, 1663, 96, 224),
(4086, 1, 1663, 95, 225),
(4087, 1, 1663, 130, 226),
(4088, 1, 1663, 109, 227),
(4089, 1, 1663, 93, 228),
(4090, 1, 1663, 97, 229),
(4091, 2, 1663, 103, 230),
(4092, 1, 1663, 102, 231),
(4093, 3, 1663, 107, 232),
(4094, 1, 1663, 113, 233),
(4095, 2, 1663, 104, 234),
(4096, 1, 1663, 108, 235),
(4097, 1, 1648, 85, 218),
(4098, 1, 1648, 89, 219),
(4099, 1, 1648, 94, 220),
(4100, 1, 1648, 90, 221),
(4101, 1, 1648, 92, 222),
(4102, 1, 1648, 93, 223),
(4103, 1, 1648, 96, 224),
(4104, 1, 1648, 95, 225),
(4105, 1, 1648, 130, 226),
(4106, 1, 1648, 109, 227),
(4107, 1, 1648, 93, 228),
(4108, 1, 1648, 97, 229),
(4109, 3, 1648, 103, 230),
(4110, 1, 1648, 102, 231),
(4111, 2, 1648, 107, 232),
(4112, 1, 1648, 113, 233),
(4113, 1, 1648, 104, 234),
(4114, 1, 1648, 108, 235),
(4115, 1, 1643, 85, 218),
(4116, 1, 1643, 89, 219),
(4117, 1, 1643, 94, 220),
(4118, 1, 1643, 90, 221),
(4119, 1, 1643, 92, 222),
(4120, 1, 1643, 93, 223),
(4121, 1, 1643, 96, 224),
(4122, 1, 1643, 95, 225),
(4123, 1, 1643, 130, 226),
(4124, 1, 1643, 109, 227),
(4125, 1, 1643, 93, 228),
(4126, 1, 1643, 97, 229),
(4127, 3, 1643, 103, 230),
(4128, 1, 1643, 102, 231),
(4129, 2, 1643, 107, 232),
(4130, 1, 1643, 113, 233),
(4131, 1, 1643, 104, 234),
(4132, 1, 1643, 108, 235),
(4133, 1, 1653, 85, 218),
(4134, 1, 1653, 89, 219),
(4135, 1, 1653, 94, 220),
(4136, 1, 1653, 90, 221),
(4137, 1, 1653, 92, 222),
(4138, 1, 1653, 93, 223),
(4139, 1, 1653, 96, 224),
(4140, 1, 1653, 95, 225),
(4141, 1, 1653, 130, 226),
(4142, 1, 1653, 109, 227),
(4143, 1, 1653, 93, 228),
(4144, 1, 1653, 97, 229),
(4145, 3, 1653, 103, 230),
(4146, 1, 1653, 102, 231),
(4147, 2, 1653, 107, 232),
(4148, 1, 1653, 113, 233),
(4149, 1, 1653, 104, 234),
(4150, 1, 1653, 108, 235),
(4151, 1, 1672, 58, 190),
(4152, 2, 1672, 59, 191),
(4153, 2, 1672, 75, 192),
(4154, 1, 1672, 76, 193),
(4155, NULL, 1672, 85, 194),
(4156, NULL, 1672, 85, 195),
(4157, NULL, 1672, 43, 196),
(4158, 2, 1672, 50, 197),
(4159, 1, 1672, 97, 198),
(4160, 2, 1672, 74, 199),
(4161, 4, 1672, 73, 200),
(4162, NULL, 1672, 117, 201),
(4163, NULL, 1672, 63, 202),
(4164, 2, 1672, 113, 203),
(4165, 1, 1672, 88, 204),
(4166, NULL, 1672, 8, 205),
(4167, 2, 1672, 23, 206),
(4168, 1, 1672, 24, 207),
(4169, 1, 1672, 20, 208),
(4170, NULL, 1672, 49, 209),
(4171, NULL, 1672, 81, 210),
(4172, 1, 1672, 82, 211),
(4173, NULL, 1672, 81, 212),
(4174, NULL, 1672, 26, 213),
(4175, NULL, 1672, 65, 214),
(4176, NULL, 1672, 67, 215),
(4177, NULL, 1672, 68, 216),
(4178, NULL, 1672, 87, 217),
(4179, 1, 1619, 113, 236),
(4180, 1, 1619, 115, 237),
(4181, 1, 1619, 109, 238),
(4182, 1, 1619, 113, 239),
(4183, 1, 1619, 112, 240),
(4184, 1, 1619, 111, 241),
(4185, 1, 1619, 114, 242),
(4186, 1, 1619, 97, 243),
(4187, 1, 1619, 104, 244),
(4188, 2, 1619, 103, 245),
(4189, 1, 1619, 113, 246),
(4190, 1, 1619, 113, 247),
(4191, 2, 1619, 107, 248),
(4192, 1, 1619, 109, 249),
(4193, 2, 1619, 114, 250),
(4194, 1, 1619, 115, 251),
(4195, 1, 1619, 114, 252),
(4196, 1, 1619, 113, 253),
(4197, 1, 1639, 113, 236),
(4198, 1, 1639, 115, 237),
(4199, 1, 1639, 109, 238),
(4200, 2, 1639, 113, 239),
(4201, 1, 1639, 112, 240),
(4202, 1, 1639, 111, 241),
(4203, 1, 1639, 114, 242),
(4204, 1, 1639, 97, 243),
(4205, 1, 1639, 104, 244),
(4206, 2, 1639, 103, 245),
(4207, 1, 1639, 113, 246),
(4208, 1, 1639, 113, 247),
(4209, 2, 1639, 107, 248),
(4210, 1, 1639, 109, 249),
(4211, 2, 1639, 114, 250),
(4212, 1, 1639, 115, 251),
(4213, 2, 1639, 114, 252),
(4214, 1, 1639, 113, 253),
(4215, 1, 1609, 113, 236),
(4216, 1, 1609, 115, 237),
(4217, 1, 1609, 109, 238),
(4218, 1, 1609, 113, 239),
(4219, 1, 1609, 112, 240),
(4220, 1, 1609, 111, 241),
(4221, 1, 1609, 114, 242),
(4222, 1, 1609, 97, 243),
(4223, 1, 1609, 104, 244),
(4224, 2, 1609, 103, 245),
(4225, 1, 1609, 113, 246),
(4226, 2, 1609, 113, 247),
(4227, 1, 1609, 107, 248),
(4228, 1, 1609, 109, 249),
(4229, 1, 1609, 114, 250),
(4230, 1, 1609, 115, 251),
(4231, 1, 1609, 114, 252),
(4232, 1, 1609, 113, 253),
(4233, 1, 1654, 113, 236),
(4234, 1, 1654, 115, 237),
(4235, 1, 1654, 109, 238),
(4236, 1, 1654, 113, 239),
(4237, 1, 1654, 112, 240),
(4238, 1, 1654, 111, 241),
(4239, 1, 1654, 114, 242),
(4240, 1, 1654, 97, 243),
(4241, 1, 1654, 104, 244),
(4242, 2, 1654, 103, 245),
(4243, 1, 1654, 113, 246),
(4244, 1, 1654, 113, 247),
(4245, 2, 1654, 107, 248),
(4246, 1, 1654, 109, 249),
(4247, 1, 1654, 114, 250),
(4248, 1, 1654, 115, 251),
(4249, 1, 1654, 114, 252),
(4250, 1, 1654, 113, 253),
(4251, 1, 1649, 113, 236),
(4252, 1, 1649, 115, 237),
(4253, 1, 1649, 109, 238),
(4254, 1, 1649, 113, 239),
(4255, 1, 1649, 112, 240),
(4256, 1, 1649, 111, 241),
(4257, 1, 1649, 114, 242),
(4258, 1, 1649, 97, 243),
(4259, 1, 1649, 104, 244),
(4260, 2, 1649, 103, 245),
(4261, 2, 1649, 113, 246),
(4262, 2, 1649, 113, 247),
(4263, 2, 1649, 107, 248),
(4264, 1, 1649, 109, 249),
(4265, 1, 1649, 114, 250),
(4266, 1, 1649, 115, 251),
(4267, 1, 1649, 114, 252),
(4268, 1, 1649, 113, 253),
(4269, 1, 1644, 113, 236),
(4270, 1, 1644, 115, 237),
(4271, 1, 1644, 109, 238),
(4272, 1, 1644, 113, 239),
(4273, 1, 1644, 112, 240),
(4274, 1, 1644, 111, 241),
(4275, 1, 1644, 114, 242),
(4276, 1, 1644, 97, 243),
(4277, 1, 1644, 104, 244),
(4278, 2, 1644, 103, 245),
(4279, 2, 1644, 113, 246),
(4280, 2, 1644, 113, 247),
(4281, 2, 1644, 107, 248),
(4282, 1, 1644, 109, 249),
(4283, 1, 1644, 114, 250),
(4284, 1, 1644, 115, 251),
(4285, 1, 1644, 114, 252),
(4286, 1, 1644, 113, 253),
(4287, 1, 1673, 85, 218),
(4288, 1, 1673, 89, 219),
(4289, 1, 1673, 94, 220),
(4290, 2, 1673, 90, 221),
(4291, 1, 1673, 92, 222),
(4292, 2, 1673, 93, 223),
(4293, 1, 1673, 96, 224),
(4294, 2, 1673, 95, 225),
(4295, 1, 1673, 130, 226),
(4296, 2, 1673, 109, 227),
(4297, 3, 1673, 93, 228),
(4298, 2, 1673, 97, 229),
(4299, 1, 1673, 103, 230),
(4300, 1, 1673, 102, 231),
(4301, 2, 1673, 107, 232),
(4302, 2, 1673, 113, 233),
(4303, 2, 1673, 104, 234),
(4304, 1, 1673, 108, 235),
(4305, 1, 1614, 113, 236),
(4306, 1, 1614, 115, 237),
(4307, 1, 1614, 109, 238),
(4308, 1, 1614, 113, 239),
(4309, 1, 1614, 112, 240),
(4310, 1, 1614, 111, 241),
(4311, 1, 1614, 114, 242),
(4312, 1, 1614, 97, 243),
(4313, 1, 1614, 104, 244),
(4314, 2, 1614, 103, 245),
(4315, 1, 1614, 113, 246),
(4316, 1, 1614, 113, 247),
(4317, 2, 1614, 107, 248),
(4318, 1, 1614, 109, 249),
(4319, 1, 1614, 114, 250),
(4320, 1, 1614, 115, 251),
(4321, 1, 1614, 114, 252),
(4322, 1, 1614, 113, 253),
(4323, 1, 1634, 113, 236),
(4324, 1, 1634, 115, 237),
(4325, 1, 1634, 109, 238),
(4326, 1, 1634, 113, 239),
(4327, 1, 1634, 112, 240),
(4328, 1, 1634, 111, 241),
(4329, 1, 1634, 114, 242),
(4330, 1, 1634, 97, 243),
(4331, 1, 1634, 104, 244),
(4332, 2, 1634, 103, 245),
(4333, 1, 1634, 113, 246),
(4334, 1, 1634, 113, 247),
(4335, 2, 1634, 107, 248),
(4336, 1, 1634, 109, 249),
(4337, 1, 1634, 114, 250),
(4338, 1, 1634, 115, 251),
(4339, 1, 1634, 114, 252),
(4340, 1, 1634, 113, 253),
(4341, NULL, 1690, 2, 146),
(4342, NULL, 1690, 3, 147),
(4343, NULL, 1690, 4, 148),
(4344, NULL, 1690, 6, 149),
(4345, NULL, 1690, 9, 150),
(4346, NULL, 1690, 8, 151),
(4347, NULL, 1690, 10, 152),
(4348, NULL, 1690, 11, 153),
(4349, NULL, 1690, 15, 154),
(4350, NULL, 1690, 11, 155),
(4351, NULL, 1690, 11, 156),
(4352, NULL, 1690, 17, 157),
(4353, NULL, 1690, 17, 158),
(4354, NULL, 1690, 17, 159),
(4355, NULL, 1690, 17, 160),
(4356, NULL, 1690, 12, 161),
(4357, NULL, 1690, 13, 162),
(4358, NULL, 1690, 14, 163),
(4359, NULL, 1690, 14, 164),
(4360, NULL, 1690, 14, 165),
(4361, NULL, 1690, 16, 166),
(4362, NULL, 1690, 22, 167),
(4363, NULL, 1625, 2, 146),
(4364, NULL, 1625, 3, 147),
(4365, NULL, 1625, 4, 148),
(4366, NULL, 1625, 6, 149),
(4367, NULL, 1625, 9, 150),
(4368, NULL, 1625, 8, 151),
(4369, NULL, 1625, 10, 152),
(4370, NULL, 1625, 11, 153),
(4371, NULL, 1625, 15, 154),
(4372, NULL, 1625, 11, 155),
(4373, NULL, 1625, 11, 156),
(4374, NULL, 1625, 17, 157),
(4375, NULL, 1625, 17, 158),
(4376, NULL, 1625, 17, 159),
(4377, NULL, 1625, 17, 160),
(4378, NULL, 1625, 12, 161),
(4379, NULL, 1625, 13, 162),
(4380, NULL, 1625, 14, 163),
(4381, NULL, 1625, 14, 164),
(4382, NULL, 1625, 14, 165),
(4383, NULL, 1625, 16, 166),
(4384, NULL, 1625, 22, 167),
(4385, NULL, 1621, 37, 168),
(4386, NULL, 1621, 39, 169),
(4387, NULL, 1621, 40, 170),
(4388, NULL, 1621, 41, 171),
(4389, NULL, 1621, 33, 172),
(4390, NULL, 1621, 34, 173),
(4391, NULL, 1621, 25, 174),
(4392, NULL, 1621, 35, 175),
(4393, NULL, 1621, 36, 176),
(4394, NULL, 1621, 64, 177),
(4395, NULL, 1621, 32, 178),
(4396, NULL, 1621, 57, 179),
(4397, NULL, 1621, 57, 180),
(4398, NULL, 1621, 92, 181),
(4399, NULL, 1621, 48, 182),
(4400, NULL, 1621, 66, 183),
(4401, NULL, 1621, 66, 184),
(4402, NULL, 1621, 17, 185),
(4403, NULL, 1621, 55, 186),
(4404, NULL, 1621, 42, 187),
(4405, NULL, 1621, 42, 188),
(4406, NULL, 1621, 22, 189),
(4407, NULL, 1622, 58, 190),
(4408, NULL, 1622, 59, 191),
(4409, NULL, 1622, 75, 192),
(4410, NULL, 1622, 76, 193),
(4411, NULL, 1622, 85, 194),
(4412, NULL, 1622, 85, 195),
(4413, NULL, 1622, 43, 196),
(4414, NULL, 1622, 50, 197),
(4415, NULL, 1622, 97, 198),
(4416, NULL, 1622, 74, 199),
(4417, NULL, 1622, 73, 200),
(4418, NULL, 1622, 117, 201),
(4419, NULL, 1622, 63, 202),
(4420, NULL, 1622, 113, 203),
(4421, NULL, 1622, 88, 204),
(4422, NULL, 1622, 8, 205),
(4423, NULL, 1622, 23, 206),
(4424, NULL, 1622, 24, 207),
(4425, NULL, 1622, 20, 208),
(4426, NULL, 1622, 49, 209),
(4427, NULL, 1622, 81, 210),
(4428, NULL, 1622, 82, 211),
(4429, NULL, 1622, 81, 212),
(4430, NULL, 1622, 26, 213),
(4431, NULL, 1622, 65, 214),
(4432, NULL, 1622, 67, 215),
(4433, NULL, 1622, 68, 216),
(4434, NULL, 1622, 87, 217);

-- --------------------------------------------------------

--
-- Table structure for table `student_drive_objectives`
--

CREATE TABLE `student_drive_objectives` (
  `student_drive_objective_id` int(11) NOT NULL,
  `standard_drive_objective_id` int(11) NOT NULL,
  `student_drive_id` int(11) NOT NULL,
  `drive_template_objective_id` int(11) NOT NULL
) ENGINE=InnoDB DEFAULT CHARSET=utf8 COLLATE=utf8_unicode_ci;

--
-- Dumping data for table `student_drive_objectives`
--

INSERT INTO `student_drive_objectives` (`student_drive_objective_id`, `standard_drive_objective_id`, `student_drive_id`, `drive_template_objective_id`) VALUES
(647, 1, 1498, 0),
(648, 3, 1498, 0),
(649, 4, 1498, 0),
(650, 5, 1498, 0),
(670, 1, 1506, 0),
(671, 3, 1506, 0),
(672, 4, 1506, 0),
(673, 5, 1506, 0),
(674, 7, 1507, 0),
(675, 10, 1507, 0),
(676, 13, 1507, 0),
(677, 14, 1507, 0),
(678, 15, 1507, 0),
(679, 1, 1511, 0),
(680, 3, 1511, 0),
(681, 4, 1511, 0),
(682, 5, 1511, 0),
(683, 1, 1516, 0),
(684, 3, 1516, 0),
(685, 4, 1516, 0),
(686, 5, 1516, 0),
(687, 1, 1524, 0),
(688, 3, 1524, 0),
(689, 4, 1524, 0),
(690, 5, 1524, 0),
(691, 16, 1508, 0),
(692, 17, 1508, 0),
(693, 18, 1508, 0),
(694, 19, 1508, 0),
(695, 20, 1508, 0),
(696, 21, 1508, 0),
(697, 22, 1508, 0),
(698, 23, 1508, 0),
(699, 1, 1537, 0),
(700, 3, 1537, 0),
(701, 4, 1537, 0),
(702, 5, 1537, 0),
(703, 7, 1512, 0),
(704, 10, 1512, 0),
(705, 13, 1512, 0),
(706, 14, 1512, 0),
(707, 15, 1512, 0),
(708, 1, 1532, 0),
(709, 3, 1532, 0),
(710, 4, 1532, 0),
(711, 5, 1532, 0),
(712, 1, 1545, 0),
(713, 3, 1545, 0),
(714, 4, 1545, 0),
(715, 5, 1545, 0),
(716, 7, 1546, 42),
(717, 10, 1546, 43),
(718, 13, 1546, 44),
(719, 14, 1546, 45),
(720, 15, 1546, 46),
(721, 1, 1550, 38),
(722, 3, 1550, 39),
(723, 4, 1550, 40),
(724, 5, 1550, 41),
(725, 1, 1555, 38),
(726, 3, 1555, 39),
(727, 4, 1555, 40),
(728, 5, 1555, 41),
(729, 1, 1560, 38),
(730, 3, 1560, 39),
(731, 4, 1560, 40),
(732, 5, 1560, 41),
(733, 1, 1565, 38),
(734, 3, 1565, 39),
(735, 4, 1565, 40),
(736, 5, 1565, 41),
(737, 1, 1570, 38),
(738, 3, 1570, 39),
(739, 4, 1570, 40),
(740, 5, 1570, 41),
(741, 1, 1575, 38),
(742, 3, 1575, 39),
(743, 4, 1575, 40),
(744, 5, 1575, 41),
(745, 1, 1580, 38),
(746, 3, 1580, 39),
(747, 4, 1580, 40),
(748, 5, 1580, 41),
(749, 1, 1585, 38),
(750, 3, 1585, 39),
(751, 4, 1585, 40),
(752, 5, 1585, 41),
(753, 1, 1590, 38),
(754, 3, 1590, 39),
(755, 4, 1590, 40),
(756, 5, 1590, 41),
(757, 1, 1595, 38),
(758, 3, 1595, 39),
(759, 4, 1595, 40),
(760, 5, 1595, 41),
(761, 1, 1600, 38),
(762, 3, 1600, 39),
(763, 4, 1600, 40),
(764, 5, 1600, 41),
(765, 14, 1601, 42),
(766, 13, 1601, 43),
(767, 18, 1601, 44),
(768, 11, 1601, 45),
(769, 15, 1601, 46),
(770, 1, 1610, 38),
(771, 3, 1610, 39),
(772, 4, 1610, 40),
(773, 5, 1610, 41),
(774, 1, 1615, 38),
(775, 3, 1615, 39),
(776, 4, 1615, 40),
(777, 5, 1615, 41),
(778, 1, 1620, 38),
(779, 3, 1620, 39),
(780, 4, 1620, 40),
(781, 5, 1620, 41),
(782, 1, 1625, 38),
(783, 3, 1625, 39),
(784, 4, 1625, 40),
(785, 5, 1625, 41),
(786, 1, 1630, 38),
(787, 3, 1630, 39),
(788, 4, 1630, 40),
(789, 5, 1630, 41),
(790, 1, 1605, 38),
(791, 3, 1605, 39),
(792, 4, 1605, 40),
(793, 5, 1605, 41),
(794, 1, 1635, 38),
(795, 3, 1635, 39),
(796, 4, 1635, 40),
(797, 5, 1635, 41),
(802, 1, 1640, 38),
(803, 3, 1640, 39),
(804, 4, 1640, 40),
(805, 5, 1640, 41),
(806, 1, 1645, 38),
(807, 3, 1645, 39),
(808, 4, 1645, 40),
(809, 5, 1645, 41),
(810, 1, 1650, 38),
(811, 3, 1650, 39),
(812, 4, 1650, 40),
(813, 5, 1650, 41),
(818, 20, 1602, 47),
(819, 21, 1602, 48),
(820, 22, 1602, 49),
(821, 24, 1602, 50),
(822, 23, 1602, 51),
(823, 30, 1603, 55),
(824, 31, 1603, 56),
(825, 32, 1603, 57),
(832, 34, 1604, 62),
(833, 41, 1604, 63),
(834, 42, 1604, 64),
(835, 1, 1655, 38),
(836, 3, 1655, 39),
(837, 4, 1655, 40),
(838, 5, 1655, 41),
(839, 14, 1611, 42),
(840, 13, 1611, 43),
(841, 18, 1611, 44),
(842, 11, 1611, 45),
(843, 15, 1611, 46),
(844, 14, 1631, 42),
(845, 13, 1631, 43),
(846, 18, 1631, 44),
(847, 11, 1631, 45),
(848, 15, 1631, 46),
(849, 14, 1606, 42),
(850, 13, 1606, 43),
(851, 18, 1606, 44),
(852, 11, 1606, 45),
(853, 15, 1606, 46),
(854, 14, 1616, 42),
(855, 13, 1616, 43),
(856, 18, 1616, 44),
(857, 11, 1616, 45),
(858, 15, 1616, 46),
(859, 14, 1636, 42),
(860, 13, 1636, 43),
(861, 18, 1636, 44),
(862, 11, 1636, 45),
(863, 15, 1636, 46),
(869, 14, 1641, 42),
(870, 13, 1641, 43),
(871, 18, 1641, 44),
(872, 11, 1641, 45),
(873, 15, 1641, 46),
(874, 14, 1646, 42),
(875, 13, 1646, 43),
(876, 18, 1646, 44),
(877, 11, 1646, 45),
(878, 15, 1646, 46),
(879, 14, 1651, 42),
(880, 13, 1651, 43),
(881, 18, 1651, 44),
(882, 11, 1651, 45),
(883, 15, 1651, 46),
(884, 30, 1633, 55),
(885, 31, 1633, 56),
(886, 32, 1633, 57),
(887, 20, 1612, 47),
(888, 21, 1612, 48),
(889, 22, 1612, 49),
(890, 24, 1612, 50),
(891, 23, 1612, 51),
(892, 20, 1632, 47),
(893, 21, 1632, 48),
(894, 22, 1632, 49),
(895, 24, 1632, 50),
(896, 23, 1632, 51),
(897, 20, 1637, 47),
(898, 21, 1637, 48),
(899, 22, 1637, 49),
(900, 24, 1637, 50),
(901, 23, 1637, 51),
(902, 20, 1617, 47),
(903, 21, 1617, 48),
(904, 22, 1617, 49),
(905, 24, 1617, 50),
(906, 23, 1617, 51),
(907, 20, 1607, 47),
(908, 21, 1607, 48),
(909, 22, 1607, 49),
(910, 24, 1607, 50),
(911, 23, 1607, 51),
(912, 20, 1647, 47),
(913, 21, 1647, 48),
(914, 22, 1647, 49),
(915, 24, 1647, 50),
(916, 23, 1647, 51),
(917, 20, 1642, 47),
(918, 21, 1642, 48),
(919, 22, 1642, 49),
(920, 24, 1642, 50),
(921, 23, 1642, 51),
(922, 20, 1652, 47),
(923, 21, 1652, 48),
(924, 22, 1652, 49),
(925, 24, 1652, 50),
(926, 23, 1652, 51),
(927, 14, 1656, 42),
(928, 13, 1656, 43),
(929, 18, 1656, 44),
(930, 11, 1656, 45),
(931, 15, 1656, 46),
(932, 1, 1665, 6),
(933, 3, 1665, 7),
(934, 4, 1665, 9),
(935, 5, 1665, 10),
(936, 1, 1670, 38),
(937, 3, 1670, 39),
(938, 4, 1670, 40),
(939, 5, 1670, 41),
(940, 14, 1671, 42),
(941, 13, 1671, 43),
(942, 18, 1671, 44),
(943, 11, 1671, 45),
(944, 15, 1671, 46),
(945, 1, 1680, 38),
(946, 3, 1680, 39),
(947, 4, 1680, 40),
(948, 5, 1680, 41),
(949, 1, 1675, 38),
(950, 3, 1675, 39),
(951, 4, 1675, 40),
(952, 5, 1675, 41),
(953, 34, 1674, 62),
(954, 41, 1674, 63),
(955, 42, 1674, 64),
(960, 30, 1613, 55),
(961, 31, 1613, 56),
(962, 32, 1613, 57),
(963, 30, 1618, 55),
(964, 31, 1618, 56),
(965, 32, 1618, 57),
(966, 30, 1638, 55),
(967, 31, 1638, 56),
(968, 32, 1638, 57),
(969, 30, 1608, 55),
(970, 31, 1608, 56),
(971, 32, 1608, 57),
(972, 30, 1623, 55),
(973, 31, 1623, 56),
(974, 32, 1623, 57),
(975, 30, 1663, 55),
(976, 31, 1663, 56),
(977, 32, 1663, 57),
(978, 30, 1648, 55),
(979, 31, 1648, 56),
(980, 32, 1648, 57),
(981, 30, 1643, 55),
(982, 31, 1643, 56),
(983, 32, 1643, 57),
(984, 30, 1653, 55),
(985, 31, 1653, 56),
(986, 32, 1653, 57),
(987, 20, 1672, 47),
(988, 21, 1672, 48),
(989, 22, 1672, 49),
(990, 24, 1672, 50),
(991, 23, 1672, 51),
(992, 34, 1619, 62),
(993, 41, 1619, 63),
(994, 42, 1619, 64),
(995, 34, 1639, 62),
(996, 41, 1639, 63),
(997, 42, 1639, 64),
(998, 34, 1609, 62),
(999, 41, 1609, 63),
(1000, 42, 1609, 64),
(1001, 34, 1654, 62),
(1002, 41, 1654, 63),
(1003, 42, 1654, 64),
(1004, 34, 1649, 62),
(1005, 41, 1649, 63),
(1006, 42, 1649, 64),
(1007, 34, 1644, 62),
(1008, 41, 1644, 63),
(1009, 42, 1644, 64),
(1010, 30, 1673, 55),
(1011, 31, 1673, 56),
(1012, 32, 1673, 57),
(1013, 34, 1614, 62),
(1014, 41, 1614, 63),
(1015, 42, 1614, 64),
(1016, 34, 1634, 62),
(1017, 41, 1634, 63),
(1018, 42, 1634, 64),
(1019, 1, 1690, 38),
(1020, 3, 1690, 39),
(1021, 4, 1690, 40),
(1022, 5, 1690, 41),
(1023, 1, 1625, 38),
(1024, 3, 1625, 39),
(1025, 4, 1625, 40),
(1026, 5, 1625, 41),
(1027, 14, 1621, 42),
(1028, 13, 1621, 43),
(1029, 18, 1621, 44),
(1030, 11, 1621, 45),
(1031, 15, 1621, 46),
(1032, 20, 1622, 47),
(1033, 21, 1622, 48),
(1034, 22, 1622, 49),
(1035, 24, 1622, 50),
(1036, 23, 1622, 51);

-- --------------------------------------------------------

--
-- Table structure for table `student_info`
--

CREATE TABLE `student_info` (
  `student_id` int(10) UNSIGNED NOT NULL,
  `person_id` int(11) NOT NULL,
  `permit_number` varchar(10) COLLATE utf8_unicode_ci NOT NULL,
  `corrective_lenses` tinyint(1) NOT NULL,
  `parent1_id` int(11) NOT NULL,
  `parent2_id` int(11) DEFAULT NULL,
  `total_hours_driven` decimal(10,0) DEFAULT NULL,
  `total_hours_observed` decimal(10,0) DEFAULT NULL,
  `total_parent_practice_hours` decimal(10,0) DEFAULT NULL
) ENGINE=InnoDB DEFAULT CHARSET=utf8 COLLATE=utf8_unicode_ci;

--
-- Dumping data for table `student_info`
--

INSERT INTO `student_info` (`student_id`, `person_id`, `permit_number`, `corrective_lenses`, `parent1_id`, `parent2_id`, `total_hours_driven`, `total_hours_observed`, `total_parent_practice_hours`) VALUES
(1, 1, '12345678', 0, 0, 0, 0, 0, 0),
(2, 3, '123123123', 0, 0, 0, 0, 0, 0),
(3, 4, '5555555', 1, 2, 0, 0, 0, 0),
(4, 7, '123456789', 1, 2, 0, 0, 0, 0),
(5, 14, '1000', 0, 26, 13, 0, 0, 0),
(6, 15, '1001', 0, 26, 0, 0, 0, 0),
(7, 16, '1002', 0, 2, 0, 0, 0, 0),
(8, 17, '1003', 0, 0, 0, 0, 0, 0),
(9, 18, '1004', 0, 0, 0, 0, 0, 0),
(10, 19, '1005', 0, 13, NULL, 0, 0, 0),
(11, 20, '1006', 0, 0, 0, 0, 0, 0),
(12, 21, '1007', 0, 2, 0, 0, 0, 0),
(13, 22, '1008', 0, 25, NULL, 0, 0, 0),
(14, 23, '1009', 0, 25, NULL, 0, 0, 0),
(15, 24, '1010', 0, 25, NULL, NULL, NULL, NULL),
(16, 6, '123123', 1, 0, NULL, NULL, NULL, NULL),
(17, 9, '123123', 1, 2, NULL, NULL, NULL, NULL);

-- --------------------------------------------------------

--
-- Table structure for table `users`
--

CREATE TABLE `users` (
  `user_id` int(11) NOT NULL,
  `username` varchar(30) COLLATE utf8_unicode_ci NOT NULL,
  `hashed_password` varchar(100) COLLATE utf8_unicode_ci NOT NULL,
  `salt` varchar(36) COLLATE utf8_unicode_ci NOT NULL,
  `person_id` int(11) NOT NULL,
  `password_last_updated` timestamp NOT NULL DEFAULT CURRENT_TIMESTAMP ON UPDATE CURRENT_TIMESTAMP,
  `security_class` int(11) DEFAULT NULL,
  `first_login` tinyint(1) DEFAULT NULL
) ENGINE=InnoDB DEFAULT CHARSET=utf8 COLLATE=utf8_unicode_ci;

--
-- Dumping data for table `users`
--

INSERT INTO `users` (`user_id`, `username`, `hashed_password`, `salt`, `person_id`, `password_last_updated`, `security_class`, `first_login`) VALUES
(1, 'sean', 'z>E', 'd821aa11-f47b-4f9f-8eed-cb2305e6f43f', 2, '2016-05-11 19:19:08', 1, 1),
(9, 'quark1519@hotmail.com', '@{C\n', 'ZBkUfuiUzbZqcNMbTadVeYUpLzLmiWY2', 13, '2016-06-09 17:21:54', NULL, 1),
(11, 'rich@driversbydesign.com', 'oBG(,', 'k7a1qHP6igSPmJltgIuoGL3AWzFeuOyl', 25, '2016-06-10 21:48:13', NULL, 1),
(12, 'sean@driversbydesign.com', '/	\ZG', 'oYC5XkGLUx1DIGRxwqdZeXuJW0Zxd9l4', 26, '2016-06-10 23:05:17', NULL, 1);

-- --------------------------------------------------------

--
-- Table structure for table `vehicles`
--

CREATE TABLE `vehicles` (
  `vehicle_id` int(10) UNSIGNED NOT NULL,
  `organization_id` int(11) NOT NULL,
  `registration_number` varchar(10) COLLATE utf8_unicode_ci NOT NULL,
  `vehicle_make` varchar(10) COLLATE utf8_unicode_ci NOT NULL,
  `vehicle_body_type` varchar(10) COLLATE utf8_unicode_ci NOT NULL,
  `license_number` varchar(10) COLLATE utf8_unicode_ci NOT NULL,
  `VIN` varchar(30) COLLATE utf8_unicode_ci NOT NULL
) ENGINE=InnoDB DEFAULT CHARSET=utf8 COLLATE=utf8_unicode_ci;

--
-- Dumping data for table `vehicles`
--

INSERT INTO `vehicles` (`vehicle_id`, `organization_id`, `registration_number`, `vehicle_make`, `vehicle_body_type`, `license_number`, `VIN`) VALUES
(1, 2, 'P680', 'Toyota', 'Prius', '123XYZ', '');

--
-- Indexes for dumped tables
--

--
-- Indexes for table `child_organizations`
--
ALTER TABLE `child_organizations`
  ADD PRIMARY KEY (`parent_child_organization_id`);

--
-- Indexes for table `courses`
--
ALTER TABLE `courses`
  ADD PRIMARY KEY (`course_id`);

--
-- Indexes for table `course_instructors`
--
ALTER TABLE `course_instructors`
  ADD PRIMARY KEY (`course_instructors_item_id`);

--
-- Indexes for table `course_students`
--
ALTER TABLE `course_students`
  ADD PRIMARY KEY (`course_students_item_id`);

--
-- Indexes for table `course_vehicles`
--
ALTER TABLE `course_vehicles`
  ADD PRIMARY KEY (`course_vehicles_item_id`);

--
-- Indexes for table `drive_templates`
--
ALTER TABLE `drive_templates`
  ADD PRIMARY KEY (`drive_template_id`);

--
-- Indexes for table `drive_template_behaviors`
--
ALTER TABLE `drive_template_behaviors`
  ADD PRIMARY KEY (`drive_template_behavior_id`);

--
-- Indexes for table `drive_template_objectives`
--
ALTER TABLE `drive_template_objectives`
  ADD PRIMARY KEY (`drive_template_objective_id`);

--
-- Indexes for table `final_drives`
--
ALTER TABLE `final_drives`
  ADD PRIMARY KEY (`final_drive_id`);

--
-- Indexes for table `final_drive_behaviors`
--
ALTER TABLE `final_drive_behaviors`
  ADD PRIMARY KEY (`final_drive_behavior_id`);

--
-- Indexes for table `final_drive_maneuvers`
--
ALTER TABLE `final_drive_maneuvers`
  ADD PRIMARY KEY (`final_drive_maneuver_id`);

--
-- Indexes for table `final_drive_standard_behaviors`
--
ALTER TABLE `final_drive_standard_behaviors`
  ADD PRIMARY KEY (`final_drive_standard_behavior_id`);

--
-- Indexes for table `final_drive_standard_maneuvers`
--
ALTER TABLE `final_drive_standard_maneuvers`
  ADD PRIMARY KEY (`final_drive_standard_maneuver_id`);

--
-- Indexes for table `final_drive_standard_maneuver_behavior_sets`
--
ALTER TABLE `final_drive_standard_maneuver_behavior_sets`
  ADD PRIMARY KEY (`final_drive_standard_maneuver_behavior_set_id`);

--
-- Indexes for table `final_drive_standard_maneuver_subtypes`
--
ALTER TABLE `final_drive_standard_maneuver_subtypes`
  ADD PRIMARY KEY (`final_drive_standard_maneuver_subtype_id`);

--
-- Indexes for table `final_drive_standard_maneuver_types`
--
ALTER TABLE `final_drive_standard_maneuver_types`
  ADD PRIMARY KEY (`final_drive_standard_maneuver_type_id`);

--
-- Indexes for table `final_drive_templates`
--
ALTER TABLE `final_drive_templates`
  ADD PRIMARY KEY (`final_drive_template_id`);

--
-- Indexes for table `final_drive_template_behaviors`
--
ALTER TABLE `final_drive_template_behaviors`
  ADD PRIMARY KEY (`final_drive_template_behavior_id`),
  ADD UNIQUE KEY `final_drive_template_behavior_id` (`final_drive_template_behavior_id`);

--
-- Indexes for table `final_drive_template_maneuvers`
--
ALTER TABLE `final_drive_template_maneuvers`
  ADD PRIMARY KEY (`final_drive_template_maneuver_id`);

--
-- Indexes for table `GIFs`
--
ALTER TABLE `GIFs`
  ADD PRIMARY KEY (`gif_item_id`);

--
-- Indexes for table `organizations`
--
ALTER TABLE `organizations`
  ADD PRIMARY KEY (`organization_id`);

--
-- Indexes for table `organization_affiliations`
--
ALTER TABLE `organization_affiliations`
  ADD PRIMARY KEY (`organization_affiliation_id`);

--
-- Indexes for table `organization_types`
--
ALTER TABLE `organization_types`
  ADD PRIMARY KEY (`organization_type_id`);

--
-- Indexes for table `people`
--
ALTER TABLE `people`
  ADD PRIMARY KEY (`person_id`);

--
-- Indexes for table `person_types`
--
ALTER TABLE `person_types`
  ADD PRIMARY KEY (`person_type_id`);

--
-- Indexes for table `rubric`
--
ALTER TABLE `rubric`
  ADD PRIMARY KEY (`rubric_item_id`);

--
-- Indexes for table `security_classes`
--
ALTER TABLE `security_classes`
  ADD PRIMARY KEY (`security_class_id`);

--
-- Indexes for table `security_questions`
--
ALTER TABLE `security_questions`
  ADD PRIMARY KEY (`security_question_id`);

--
-- Indexes for table `sessions`
--
ALTER TABLE `sessions`
  ADD PRIMARY KEY (`session_id`);

--
-- Indexes for table `standard_drive_behaviors`
--
ALTER TABLE `standard_drive_behaviors`
  ADD PRIMARY KEY (`standard_drive_behavior_id`);

--
-- Indexes for table `standard_drive_groups`
--
ALTER TABLE `standard_drive_groups`
  ADD PRIMARY KEY (`standard_drive_group_id`);

--
-- Indexes for table `standard_drive_objectives`
--
ALTER TABLE `standard_drive_objectives`
  ADD PRIMARY KEY (`standard_drive_objective_id`);

--
-- Indexes for table `states`
--
ALTER TABLE `states`
  ADD PRIMARY KEY (`state_id`);

--
-- Indexes for table `student_drives`
--
ALTER TABLE `student_drives`
  ADD PRIMARY KEY (`student_drive_id`);

--
-- Indexes for table `student_drive_behaviors`
--
ALTER TABLE `student_drive_behaviors`
  ADD PRIMARY KEY (`student_drive_behavior_id`);

--
-- Indexes for table `student_drive_objectives`
--
ALTER TABLE `student_drive_objectives`
  ADD PRIMARY KEY (`student_drive_objective_id`);

--
-- Indexes for table `student_info`
--
ALTER TABLE `student_info`
  ADD PRIMARY KEY (`student_id`);

--
-- Indexes for table `users`
--
ALTER TABLE `users`
  ADD PRIMARY KEY (`user_id`),
  ADD UNIQUE KEY `username` (`username`);

--
-- Indexes for table `vehicles`
--
ALTER TABLE `vehicles`
  ADD PRIMARY KEY (`vehicle_id`);

--
-- AUTO_INCREMENT for dumped tables
--

--
-- AUTO_INCREMENT for table `child_organizations`
--
ALTER TABLE `child_organizations`
  MODIFY `parent_child_organization_id` int(11) NOT NULL AUTO_INCREMENT, AUTO_INCREMENT=5;
--
-- AUTO_INCREMENT for table `courses`
--
ALTER TABLE `courses`
  MODIFY `course_id` int(10) UNSIGNED NOT NULL AUTO_INCREMENT, AUTO_INCREMENT=5;
--
-- AUTO_INCREMENT for table `course_instructors`
--
ALTER TABLE `course_instructors`
  MODIFY `course_instructors_item_id` int(10) UNSIGNED NOT NULL AUTO_INCREMENT, AUTO_INCREMENT=5;
--
-- AUTO_INCREMENT for table `course_students`
--
ALTER TABLE `course_students`
  MODIFY `course_students_item_id` int(10) UNSIGNED NOT NULL AUTO_INCREMENT, AUTO_INCREMENT=25;
--
-- AUTO_INCREMENT for table `course_vehicles`
--
ALTER TABLE `course_vehicles`
  MODIFY `course_vehicles_item_id` int(10) UNSIGNED NOT NULL AUTO_INCREMENT, AUTO_INCREMENT=2;
--
-- AUTO_INCREMENT for table `drive_templates`
--
ALTER TABLE `drive_templates`
  MODIFY `drive_template_id` int(11) NOT NULL AUTO_INCREMENT, AUTO_INCREMENT=19;
--
-- AUTO_INCREMENT for table `drive_template_behaviors`
--
ALTER TABLE `drive_template_behaviors`
  MODIFY `drive_template_behavior_id` int(11) NOT NULL AUTO_INCREMENT, AUTO_INCREMENT=254;
--
-- AUTO_INCREMENT for table `drive_template_objectives`
--
ALTER TABLE `drive_template_objectives`
  MODIFY `drive_template_objective_id` int(11) NOT NULL AUTO_INCREMENT, AUTO_INCREMENT=65;
--
-- AUTO_INCREMENT for table `final_drives`
--
ALTER TABLE `final_drives`
  MODIFY `final_drive_id` int(11) NOT NULL AUTO_INCREMENT, AUTO_INCREMENT=50;
--
-- AUTO_INCREMENT for table `final_drive_behaviors`
--
ALTER TABLE `final_drive_behaviors`
  MODIFY `final_drive_behavior_id` int(11) NOT NULL AUTO_INCREMENT, AUTO_INCREMENT=3296;
--
-- AUTO_INCREMENT for table `final_drive_maneuvers`
--
ALTER TABLE `final_drive_maneuvers`
  MODIFY `final_drive_maneuver_id` int(10) UNSIGNED NOT NULL AUTO_INCREMENT, AUTO_INCREMENT=781;
--
-- AUTO_INCREMENT for table `final_drive_standard_behaviors`
--
ALTER TABLE `final_drive_standard_behaviors`
  MODIFY `final_drive_standard_behavior_id` int(10) UNSIGNED NOT NULL AUTO_INCREMENT, AUTO_INCREMENT=156;
--
-- AUTO_INCREMENT for table `final_drive_standard_maneuvers`
--
ALTER TABLE `final_drive_standard_maneuvers`
  MODIFY `final_drive_standard_maneuver_id` int(10) UNSIGNED NOT NULL AUTO_INCREMENT, AUTO_INCREMENT=69;
--
-- AUTO_INCREMENT for table `final_drive_standard_maneuver_behavior_sets`
--
ALTER TABLE `final_drive_standard_maneuver_behavior_sets`
  MODIFY `final_drive_standard_maneuver_behavior_set_id` int(10) UNSIGNED NOT NULL AUTO_INCREMENT, AUTO_INCREMENT=340;
--
-- AUTO_INCREMENT for table `final_drive_standard_maneuver_subtypes`
--
ALTER TABLE `final_drive_standard_maneuver_subtypes`
  MODIFY `final_drive_standard_maneuver_subtype_id` int(10) UNSIGNED NOT NULL AUTO_INCREMENT, AUTO_INCREMENT=14;
--
-- AUTO_INCREMENT for table `final_drive_standard_maneuver_types`
--
ALTER TABLE `final_drive_standard_maneuver_types`
  MODIFY `final_drive_standard_maneuver_type_id` int(10) UNSIGNED NOT NULL AUTO_INCREMENT, AUTO_INCREMENT=21;
--
-- AUTO_INCREMENT for table `final_drive_templates`
--
ALTER TABLE `final_drive_templates`
  MODIFY `final_drive_template_id` int(11) NOT NULL AUTO_INCREMENT, AUTO_INCREMENT=3;
--
-- AUTO_INCREMENT for table `final_drive_template_behaviors`
--
ALTER TABLE `final_drive_template_behaviors`
  MODIFY `final_drive_template_behavior_id` int(11) NOT NULL AUTO_INCREMENT, AUTO_INCREMENT=141;
--
-- AUTO_INCREMENT for table `final_drive_template_maneuvers`
--
ALTER TABLE `final_drive_template_maneuvers`
  MODIFY `final_drive_template_maneuver_id` int(11) NOT NULL AUTO_INCREMENT, AUTO_INCREMENT=31;
--
-- AUTO_INCREMENT for table `GIFs`
--
ALTER TABLE `GIFs`
  MODIFY `gif_item_id` int(11) NOT NULL AUTO_INCREMENT, AUTO_INCREMENT=8;
--
-- AUTO_INCREMENT for table `organizations`
--
ALTER TABLE `organizations`
  MODIFY `organization_id` int(10) UNSIGNED NOT NULL AUTO_INCREMENT, AUTO_INCREMENT=5;
--
-- AUTO_INCREMENT for table `organization_affiliations`
--
ALTER TABLE `organization_affiliations`
  MODIFY `organization_affiliation_id` int(11) NOT NULL AUTO_INCREMENT, AUTO_INCREMENT=2;
--
-- AUTO_INCREMENT for table `organization_types`
--
ALTER TABLE `organization_types`
  MODIFY `organization_type_id` int(10) UNSIGNED NOT NULL AUTO_INCREMENT;
--
-- AUTO_INCREMENT for table `people`
--
ALTER TABLE `people`
  MODIFY `person_id` int(10) UNSIGNED NOT NULL AUTO_INCREMENT, AUTO_INCREMENT=27;
--
-- AUTO_INCREMENT for table `person_types`
--
ALTER TABLE `person_types`
  MODIFY `person_type_id` int(11) NOT NULL AUTO_INCREMENT, AUTO_INCREMENT=8;
--
-- AUTO_INCREMENT for table `rubric`
--
ALTER TABLE `rubric`
  MODIFY `rubric_item_id` int(11) NOT NULL AUTO_INCREMENT, AUTO_INCREMENT=5;
--
-- AUTO_INCREMENT for table `security_classes`
--
ALTER TABLE `security_classes`
  MODIFY `security_class_id` int(11) NOT NULL AUTO_INCREMENT, AUTO_INCREMENT=9;
--
-- AUTO_INCREMENT for table `security_questions`
--
ALTER TABLE `security_questions`
  MODIFY `security_question_id` int(11) NOT NULL AUTO_INCREMENT;
--
-- AUTO_INCREMENT for table `standard_drive_behaviors`
--
ALTER TABLE `standard_drive_behaviors`
  MODIFY `standard_drive_behavior_id` int(11) NOT NULL AUTO_INCREMENT, AUTO_INCREMENT=136;
--
-- AUTO_INCREMENT for table `standard_drive_groups`
--
ALTER TABLE `standard_drive_groups`
  MODIFY `standard_drive_group_id` int(11) NOT NULL AUTO_INCREMENT, AUTO_INCREMENT=2;
--
-- AUTO_INCREMENT for table `standard_drive_objectives`
--
ALTER TABLE `standard_drive_objectives`
  MODIFY `standard_drive_objective_id` int(11) NOT NULL AUTO_INCREMENT, AUTO_INCREMENT=43;
--
-- AUTO_INCREMENT for table `states`
--
ALTER TABLE `states`
  MODIFY `state_id` int(11) NOT NULL AUTO_INCREMENT, AUTO_INCREMENT=52;
--
-- AUTO_INCREMENT for table `student_drives`
--
ALTER TABLE `student_drives`
  MODIFY `student_drive_id` int(11) NOT NULL AUTO_INCREMENT, AUTO_INCREMENT=1700;
--
-- AUTO_INCREMENT for table `student_drive_behaviors`
--
ALTER TABLE `student_drive_behaviors`
  MODIFY `student_drive_behavior_id` int(11) NOT NULL AUTO_INCREMENT, AUTO_INCREMENT=4435;
--
-- AUTO_INCREMENT for table `student_drive_objectives`
--
ALTER TABLE `student_drive_objectives`
  MODIFY `student_drive_objective_id` int(11) NOT NULL AUTO_INCREMENT, AUTO_INCREMENT=1037;
--
-- AUTO_INCREMENT for table `student_info`
--
ALTER TABLE `student_info`
  MODIFY `student_id` int(10) UNSIGNED NOT NULL AUTO_INCREMENT, AUTO_INCREMENT=18;
--
-- AUTO_INCREMENT for table `users`
--
ALTER TABLE `users`
  MODIFY `user_id` int(11) NOT NULL AUTO_INCREMENT, AUTO_INCREMENT=13;
--
-- AUTO_INCREMENT for table `vehicles`
--
ALTER TABLE `vehicles`
  MODIFY `vehicle_id` int(10) UNSIGNED NOT NULL AUTO_INCREMENT, AUTO_INCREMENT=2;
--
-- Constraints for dumped tables
--

--
-- Constraints for table `student_info`
--
ALTER TABLE `student_info`
  ADD CONSTRAINT `fk_student` FOREIGN KEY (`student_id`) REFERENCES `people` (`person_id`);

/*!40101 SET CHARACTER_SET_CLIENT=@OLD_CHARACTER_SET_CLIENT */;
/*!40101 SET CHARACTER_SET_RESULTS=@OLD_CHARACTER_SET_RESULTS */;
/*!40101 SET COLLATION_CONNECTION=@OLD_COLLATION_CONNECTION */;
